 #,Song,Artist,BPM,Camelot,Energy,Added At,Duration,Popularity,Genres,Parent Genres,Album,Album Date,Dance,Acoustic,Instrumental,Valence,Speech,Live,Loud (Db),Key,Time Signature,Spotify Track Id,Label,ISRC,Explicit
1,"Could I Be You","Matchbox Twenty",95,8B,87,2020-08-20,03:43,38,"post-grunge","","More Than You Think You Are",2002-11-01,46,0,0,44,0,10,-5,C,4,24fMVsiXXPNuCHRlW88ZoU,"Atlantic Records",USAT20202660,no
2,"Put Your Hands Up","Matchbox Twenty",122,10B,80,2020-08-20,02:53,37,"post-grunge","","North (Deluxe Edition)",2012-08-28,64,0,0,86,0,0,-5,D,4,5CssLKLCmxLkxgmnv6rYDr,"Emblem/Atlantic",USAT21202742,no
3,"Solar Prestige A Gammon - Remastered 1995","Elton John",167,7B,36,2020-09-23,02:52,29,"glam rock, mellow gold, piano rock, rock","Rock","Caribou (Remastered 1995)",1974-06-28,55,30,0,73,0,0,-13,F,4,3UJk8PdILcCkBPFvN0Ox15,"EMI",GBAMB9500043,no
4,"Louie Louie","The Troggs",115,11B,87,2021-03-18,03:03,24,"proto-punk","Rock","From Nowhere",1966-07-25,54,14,3,54,0,10,-12,A,4,221zQFUkVDc0dP9H31jxgC,"UMC (Universal Music Catalogue)",GBF080400293,no
5,"RAIKI","Sawano Hiroyuki",138,6A,46,2021-03-18,04:48,0,"anime, soundtrack","Pop, Classical, Easy Listening","映画「彼岸島」オリジナル・サウンドトラック",2010-01-06,57,44,4,26,0,0,-18,G minor,4,7IkdFM1ult31WzKjukoAtF,"EMI MUSIC JAPAN INC.",JPTO00902774,no
6,"this is higanjima","Sawano Hiroyuki",79,3A,58,2021-03-19,02:09,0,"anime, soundtrack","Pop, Classical, Easy Listening","映画「彼岸島」オリジナル・サウンドトラック",2010-01-06,44,14,3,10,0,20,-14,A#/B♭ minor,3,1Fk86vLzprZvJiWynm3WXH,"EMI MUSIC JAPAN INC.",JPTO00902787,no
7,"CREAM","Cö shu Nie",140,1A,84,2021-03-21,02:39,26,"anime, j-rock, j-pop","Pop, Rock","PURE",2019-12-11,47,0,0,55,10,30,-4,G#/A♭ minor,4,0Ayp7Aew2TJewKKWQ9yaiR,"Sony Music Labels Inc.",JPU901902484,no
8,"Trust Me","Janis Joplin",93,4B,59,2021-03-25,03:17,40,"classic rock, acid rock, psychedelic rock","","Pearl (Legacy Edition)",1971-01-11,49,44,0,57,0,0,-10,G#/A♭,4,6EhE4bTkyFHzupV4bzG8Eu,"Columbia/Legacy",USSM17000792,no
9,"Pearl - Instrumental","Janis Joplin",63,10B,22,2021-03-25,04:27,27,"classic rock, acid rock, psychedelic rock","","Pearl (Legacy Edition)",1971-01-11,57,86,80,19,0,10,-17,D,4,6pJcXp7Q7GQCbAeUwm25x1,"Columbia/Legacy",USSM10412290,no
10,"悪魔様","物語シリーズ",152,4A,20,2021-03-27,02:44,6,"anime, j-pop","Pop","Hanamonogatari Gekihanongakushu (Original Soundtrack)",2018-11-02,41,99,90,4,0,10,-17,F minor,4,3PAU9mOy0WHWVxGSsoMSVS,"Aniplex Inc.",JPE301400830,no
11,"邪魔っけなあとがき","物語シリーズ",80,4A,9,2021-03-30,02:55,13,"anime, j-pop","Pop","Hanamonogatari Gekihanongakushu (Original Soundtrack)",2018-11-02,38,99,90,11,0,10,-18,F minor,4,5YfGYnsYWpucDUNzW7BNCH,"Aniplex Inc.",JPE301401026,no
12,"想定外","物語シリーズ",70,7A,17,2021-03-30,02:43,4,"anime, j-pop","Pop","Hanamonogatari Gekihanongakushu (Original Soundtrack)",2018-11-02,51,98,68,5,0,10,-17,D minor,4,7ItZG9lwcFYywqcQEQCYww,"Aniplex Inc.",JPE301401033,no
13,"CONQUEROR","Sawano Hiroyuki",80,6A,73,2021-04-01,02:09,5,"anime, soundtrack","Pop, Classical, Easy Listening","「戦国BASARA弐」音楽絵巻 弐 ～乱世、再び！～",2010-09-01,49,8,78,31,0,0,-10,G minor,4,5OylGattVcsdIJkmCBZtSk,"FlyingDog",JPG751000509,no
14,"Don't Want It Back","Sabrina Carpenter",98,2A,67,2021-05-08,03:01,45,"pop","Pop","EVOLution",2016-10-14,52,5,0,51,0,20,-4,D#/E♭ minor,4,2yqhHi9QfZ5INE13sS5Bva,"Hollywood Records",USHR11637550,no
15,"観念","物語シリーズ",110,7B,19,2021-06-16,01:44,18,"anime, j-pop","Pop","Bakemonogatari Gekihanongakushu (Original Soundtrack)",2018-11-02,62,91,84,4,0,0,-18,F,5,7KibibndZpp4bMGmSMednk,"Aniplex Inc.",JPE301000045,no
16,"逢う魔が刻","物語シリーズ",102,2A,34,2021-06-21,02:12,13,"anime, j-pop","Pop","Bakemonogatari Gekihanongakushu (Original Soundtrack)",2018-11-02,47,100,97,3,0,10,-17,D#/E♭ minor,1,71DT6mYDMlDKtZRmeQqdol,"Aniplex Inc.",JPE301103685,no
17,"Gonna Make You","The Troggs",115,8B,82,2021-07-06,05:08,2,"proto-punk","Rock","The Trogg Tapes",1976-04-08,44,0,81,50,10,10,-10,C,4,4j3t9zYGwUs3oisf4jiajM,"Private Stock Records",QM6MZ2175743,no
18,"I'll Buy You an Island","The Troggs",112,9B,60,2021-07-06,04:29,11,"proto-punk","Rock","The Trogg Tapes",1976-04-08,72,1,77,92,0,90,-12,G,4,5HwMKlHlambjxKWeMkH6gC,"Private Stock Records",QM6MZ2175745,no
19,"Marida","Sawano Hiroyuki",90,9A,26,2021-07-07,03:37,19,"anime, soundtrack","Pop, Classical, Easy Listening","MOBILE SUIT GUNDAM UNICORN Original Motion Picture Soundtrack 1",2010-09-09,20,51,15,15,0,0,-24,E minor,3,6qoWijGwgLgSit7FCfqMRw,"SUNRISE Music Label",JPP301000067,no
20,"Bring on a War","Sawano Hiroyuki",130,9A,76,2021-07-07,02:22,23,"anime, soundtrack","Pop, Classical, Easy Listening","MOBILE SUIT GUNDAM UNICORN Original Motion Picture Soundtrack 1",2010-09-09,59,8,80,48,0,0,-15,E minor,4,0jjc2YMps1wewef7AcVv6R,"SUNRISE Music Label",JPP301000074,no
21,"miracle - Instrumental","Cö shu Nie",77,8B,13,2021-07-13,06:08,7,"anime, j-rock, j-pop","Pop, Rock","give it back",2021-03-10,14,89,94,5,0,10,-19,C,4,1Ein1veHrueEqnLjCSwtpv,"Sony Music Labels Inc.",JPU902100282,no
22,"Friction","Imagine Dragons",104,4B,55,2021-07-15,03:21,48,"modern rock, pop, rock","Rock, Pop","Smoke + Mirrors (Deluxe)",2015-10-23,65,4,4,29,0,20,-9,G#/A♭,4,37ebs6hDGOWK8SDAB2kZG5,"Kid Ina Korner / Interscope",USUM71417933,no
23,"ニ・カズ・シオ・ハ・チュウ・エイ・ウ・ジョ","Sawano Hiroyuki",75,7B,45,2021-07-31,03:34,8,"anime, soundtrack","Pop, Classical, Easy Listening","青の祓魔師 Plugless",2011-00-00,46,0,81,5,0,10,-11,F,4,3gxf2nHXKTewARf23VwiFf,"Aniplex Inc.",JPE301203024,no
24,"IiMuRoYa-$.feat 1st-Mov.：M","Sawano Hiroyuki",85,6B,25,2021-07-31,06:03,12,"anime, soundtrack","Pop, Classical, Easy Listening","青の祓魔師 Plugless",2011-00-00,14,89,68,6,0,10,-12,A#/B♭,4,2n3FTU0owwyQbisybDp9xJ,"Aniplex Inc.",JPE301102625,no
25,"I Can't Stop Me","Sabrina Carpenter, Saweetie",140,3A,69,2021-07-31,03:42,47,"pop, cali rap, trap queen","Pop","Singular Act II",2019-07-19,68,29,0,55,0,10,-3,A#/B♭ minor,4,1AVVv4FgNLxQlV64j7dfP1,"Hollywood Records",USHR11838875,no
26,"Dancing In The Dark","Imagine Dragons",134,11B,31,2021-08-02,03:53,53,"modern rock, pop, rock","Rock, Pop","Evolve",2017-06-23,69,79,0,63,10,10,-10,A,4,3adVVrcE2KS26OL4rYd27O,"Kid Ina Korner / Interscope",USUM71704650,no
27,"白けた反応","物語シリーズ",134,6A,17,2021-08-03,02:31,19,"anime, j-pop","Pop","Koimonogatari Gekihanongakushu (Original Soundtrack)",2018-11-02,84,90,92,11,20,0,-18,G minor,4,0gzJAwv8hKEc8VSotUKLWn,"Aniplex Inc.",JPE301400440,no
28,"I Want You","The Troggs",101,10B,92,2021-08-05,02:13,34,"proto-punk","Rock","Hit Single Anthology",1991-04-29,53,14,4,75,0,0,-8,D,4,4ZCU2T7PxPAsSeMA7LXFOG,"UMC (Universal Music Catalogue)",GBF086600004,no
29,"money＜heart ??","Sawano Hiroyuki",128,9B,31,2021-08-07,03:05,0,"anime, soundtrack","Pop, Classical, Easy Listening","日本テレビ系火曜ドラマ「貧乏男子」オリジナル・サウンドトラック",2008-02-27,61,79,15,40,0,0,-9,G,4,4L4lqW7kFNufk0T7wowUO9,"VAP",JPVP00801613,no
30,"Bullet In A Gun","Imagine Dragons",130,4B,74,2021-08-09,03:24,54,"modern rock, pop, rock","Rock, Pop","Origins (Deluxe)",2018-11-09,82,16,0,48,0,0,-5,G#/A♭,4,3R4Xk37WTagjzODMNEQLvs,"Kid Ina Korner / Interscope",USUM71816163,no
31,"ブラック羽川","物語シリーズ",166,10B,34,2021-08-13,03:28,6,"anime, j-pop","Pop","Nekomonogatari (Kuro) Gekihanongakushu [Original Soundtrack]",2018-11-02,50,91,85,4,0,10,-12,D,4,32JwqATZZDVJjDA4gtuqJG,"Aniplex Inc.",JPE301300095,no
32,"憂さ晴らし","物語シリーズ",180,5A,57,2021-08-13,04:04,7,"anime, j-pop","Pop","Nekomonogatari (Kuro) Gekihanongakushu [Original Soundtrack]",2018-11-02,69,99,92,22,10,0,-13,C minor,3,1x7AZWJFjWeMSyzCUn4Nak,"Aniplex Inc.",JPE301300098,no
33,"7guy","Sawano Hiroyuki",120,10A,21,2021-08-15,05:58,8,"anime, soundtrack","Pop, Classical, Easy Listening","青の祓魔師 京都不浄王篇 オリジナル・サウンドトラック",2011-00-00,31,83,79,7,0,10,-17,B minor,3,3MA7bRpZVXJpNXXpt43Uqr,"Aniplex Inc.",JPE301601187,no
34,"Take On the World - From  Girl Meets World /Summer Remix/Music from the TV Series","Rowan Blanchard, Sabrina Carpenter",123,8B,73,2021-08-17,02:59,36,"movie tunes, pop","Pop","Take On the World (From “Girl Meets World”/Summer Remix)",2014-01-01,68,1,0,74,0,30,-8,C,4,7MK9eaTSGwGdKA4N7IPdDN,"Walt Disney Records",USWD11468206,no
35,"Almost Love - R3HAB Remix","Sabrina Carpenter, R3HAB",105,8B,77,2021-08-20,02:55,30,"pop, slap house, edm","Electronic, Pop","Almost Love (R3HAB Remix)",2018-07-13,66,6,0,37,0,50,-4,C,4,7GF0URC6CuIxq2fRcCCbrO,"Hollywood Records",USHR11838855,no
36,"Sue Me - KC Lights Remix","Sabrina Carpenter, KC Lights",125,3B,80,2021-08-20,03:22,24,"pop, house","Electronic, Pop","Sue Me (Remixes)",2019-01-18,63,0,20,15,0,20,-8,C♯/D♭,4,0Mtz5ZTbFSkhN4yCirMOIS,"Hollywood Records",USHR11838987,no
37,"Sue Me - 6am Remix","Sabrina Carpenter, KC Lights",125,2B,66,2021-08-20,02:53,26,"pop, house","Electronic, Pop","Sue Me (Remixes)",2019-01-18,66,0,0,35,0,0,-7,F#/G♭,4,4vjhSnvgxQPPg1G3ekSTBZ,"Hollywood Records",USHR11839032,no
38,"WOW (feat. Sabrina Carpenter) - Remix","Zara Larsson, Sabrina Carpenter",77,11A,74,2021-08-20,02:59,65,"pop, scandipop, swedish electropop, swedish pop","Pop, Electronic","WOW (feat. Sabrina Carpenter) [Remix]",2020-09-25,70,47,0,31,0,0,-4,F#/G♭ minor,4,5WokFKscrfGEGGLPTu3jgO,"Epic/Record Company TEN",USSM12005545,no
39,"WOUND","Sawano Hiroyuki",140,5A,51,2021-08-27,03:40,3,"anime, soundtrack","Pop, Classical, Easy Listening","連続ドラマW「マークスの山」オリジナルサウンドトラック",2011-01-05,40,22,51,4,0,10,-14,C minor,4,6YZbGobLZA89xYrGsAGwqP,"Legendoor",JPZ921011314,no
40,"SERIAL MURDERS","Sawano Hiroyuki",160,6A,72,2021-08-30,02:24,1,"anime, soundtrack","Pop, Classical, Easy Listening","連続ドラマW「マークスの山」オリジナルサウンドトラック",2011-01-05,20,3,92,15,0,0,-14,G minor,4,0Sc07hRfeTLHXzCD2ohYos,"Legendoor",JPZ921011324,no
41,"Shots - AtellaGali Remix","Imagine Dragons",102,10B,87,2021-09-02,03:07,25,"modern rock, pop, rock","Rock, Pop","Shots (AtellaGali Remix)",2015-05-26,66,1,55,30,0,10,-6,D,4,5TtvV94f5Kc2tjPglrfCo9,"Kid Ina Korner / Interscope",USUM71507052,no
42,"Thunder (With K.Flay) - Official Remix","Imagine Dragons, K.Flay",87,8B,69,2021-09-03,03:15,41,"modern rock, pop, rock, escape room, hip pop, modern alternative rock","Rock, Pop","Thunder (With K.Flay) [Official Remix]",2017-09-08,75,8,0,54,0,10,-6,C,4,2nNtzvg3ZybWW1Tjqi4NFf,"Kid Ina Korner / Interscope",USUM71709665,no
43,"相槌","物語シリーズ",188,8A,13,2021-09-11,02:16,24,"anime, j-pop","Pop","Nisemonogatari Gekihanongakushu (Original Soundtrack)",2018-11-02,45,84,98,8,10,10,-17,A minor,4,1N0TQee1qGmGx6oZntrN9h,"Aniplex Inc.",JPE301201211,no
44,"陰陽師","物語シリーズ",180,9B,6,2021-09-17,02:17,9,"anime, j-pop","Pop","Nisemonogatari Gekihanongakushu (Original Soundtrack)",2018-11-02,48,94,3,18,0,0,-13,G,4,2SNExuxa8gWSPzvrr9yUwZ,"Aniplex Inc.",JPE301201671,no
45,"Gone","The Weeknd",109,5A,48,2021-09-24,08:06,55,"canadian contemporary r&b, canadian pop, pop","R&B, Pop","Thursday (Original)",2011-08-18,47,43,0,26,0,0,-10,C minor,4,7xgYvziLsxNd0UznaEw8Oi,"The Weeknd/Lyric",USUM72111983,yes
46,"竜頭蛇尾","物語シリーズ",138,10A,22,2021-09-28,04:12,17,"anime, j-pop","Pop","Otorimonogatari Gekihanongakushu (Original Soundtrack)",2018-11-02,55,72,83,8,0,10,-15,B minor,3,5PkbbAGO5b1n213K21A1ln,"Aniplex Inc.",JPE301400166,no
47,"OMAKE-SUITE　　Memorial Dialogue “絆”","Sawano Hiroyuki",95,6A,86,2021-10-02,05:08,2,"anime, soundtrack","Pop, Classical, Easy Listening","「劇場版 戦国BASARA -The Last Party-」音楽絵巻 ～さらば、宿敵（とも）よ～",2011-06-08,44,27,0,37,30,0,-9,G minor,4,27JLEnpr9jh3kR5qT6vyjd,"FlyingDog",JPG751100197,no
48,"Till Dawn (Here Comes The Sun)","The Weeknd",100,8A,54,2021-10-05,05:19,57,"canadian contemporary r&b, canadian pop, pop","R&B, Pop","Trilogy",2012-11-13,70,82,0,55,0,10,-9,A minor,4,6Rqe6ghJ6t9SlQ2pRrt5tI,"CP Records",USUM71212149,no
49,"Just the Way You Are - Simon Steur Dub","Bruno Mars",127,2B,72,2021-10-08,05:37,23,"dance pop, pop","Electronic, Pop","Just the Way You Are (Remix)",2010-11-02,63,0,95,4,0,0,-6,F#/G♭,4,66ckS4bg3DD2kNQEPWX2m3,"Elektra Records",USAT21002324,no
50,"Just the Way You Are - Carl Louis & Martin Danielle Classic Mix","Bruno Mars, Carl Louis, Martin Danielle",127,7B,54,2021-10-08,05:17,44,"dance pop, pop, norwegian pop","Electronic, Pop","Just the Way You Are (Remix)",2010-11-02,72,2,0,45,0,0,-8,F,4,3dkuTvO5013XHxiofIW9Qg,"Elektra Records",USAT21002326,no
51,"Just the Way You Are - Manufactured Superstars and Jquintal Remix","Bruno Mars",128,8B,69,2021-10-08,07:24,28,"dance pop, pop","Electronic, Pop","Just the Way You Are (Remix)",2010-11-02,74,4,0,77,0,0,-7,C,4,04T47lGsiQU6x1cV9GhgDN,"Elektra Records",USAT21002327,no
52,"Locked out of Heaven - Paul Oakenfold Remix","Bruno Mars, Paul Oakenfold",130,7A,91,2021-10-08,05:17,32,"dance pop, pop, trance","Electronic, Pop","Locked out of Heaven (Remix)",2013-01-21,67,4,0,10,0,40,-5,D minor,4,03BpMAiFJ0b9c47Ntt8MRf,"Atlantic Records",USAT21207625,no
53,"Treasure - Robert DeLong Radio Edit","Bruno Mars",116,5B,65,2021-10-08,02:58,44,"dance pop, pop","Electronic, Pop","Treasure Remix EP",2013-08-13,72,1,0,78,10,30,-6,D#/E♭,4,3SReOm0IHFtzUGNEfpWH1V,"Atlantic Records",USAT21302476,no
54,"That's What I Like - Alan Walker Remix","Bruno Mars, Alan Walker",134,3B,90,2021-10-08,03:15,53,"dance pop, pop, electro house","Electronic, Pop","That's What I Like (Alan Walker Remix)",2017-04-20,69,1,0,80,0,20,-4,C♯/D♭,4,1KtU0WCq472KzqCXgMOxkS,"Atlantic Records",USAT21701039,no
55,"BGM的-suite 4th-Mov.：BOBOBOぼ～ん","Sawano Hiroyuki",130,7B,37,2021-10-16,03:39,8,"anime, soundtrack","Pop, Classical, Easy Listening","青の祓魔師 オリジナル・サウンドトラック II",2011-09-28,58,65,85,17,0,10,-15,F,4,0l6ReBNa4ktNE6QD43YVk7,"Aniplex Inc.",JPE301102624,no
56,"BGM的-suite 3rd-Mov.：Hyou×(依＋変)","Sawano Hiroyuki",130,3B,87,2021-10-16,04:39,7,"anime, soundtrack","Pop, Classical, Easy Listening","青の祓魔師 オリジナル・サウンドトラック II",2011-09-28,42,0,11,11,10,30,-10,C♯/D♭,4,3Lc0zVylyHJYfj1i2zWsLw,"Aniplex Inc.",JPE301102623,no
57,"My Funny Valentine from Babes in Arms, 1937 - Vocal","Kristin Chenoweth",84,10A,25,2021-10-30,04:12,9,"musicals","Classical, Easy Listening, Pop","Let Yourself Go",2001-01-31,18,97,3,15,0,30,-10,B minor,1,3cpyX04KCw7LN3QkzUNbeE,"Sony Classical",USSM10018386,no
58,"You'll Never Know from Hello Frisco, Hello, 1943 - Vocal","Kristin Chenoweth",75,6A,13,2021-10-30,04:27,12,"musicals","Classical, Easy Listening, Pop","Let Yourself Go",2001-01-31,40,97,1,20,0,10,-15,G minor,4,3Gld2NXVXCd1XgllMJSM8e,"Sony Classical",USSM10018397,no
59,"Ay Yar Kojai","Ghezaal Enayat",143,8B,70,2021-11-10,03:40,1,"afghan pop","Pop, Traditional Music","Bangri",2020-07-23,49,40,0,80,10,20,-6,C,5,65R9Bno5dsWgdaOH4bWJpv,"Hop Entertainment",DEXM82104019,no
60,"Ghame Tu","Ghezaal Enayat",110,4A,43,2021-11-11,03:48,1,"afghan pop","Pop, Traditional Music","Bangri",2020-07-23,45,83,0,60,0,30,-8,F minor,4,6vc8EBF6ZZ80nOYWl8mBRP,"Hop Entertainment",DEXM82104021,no
61,"Chi Meshud","Ghezaal Enayat",140,5A,79,2021-11-11,04:54,1,"afghan pop","Pop, Traditional Music","Bangri",2020-07-23,47,68,0,58,0,40,-7,C minor,4,4Eh2VHjJY29S5A22DtSxaF,"Hop Entertainment",DEXM82104025,no
62,"طول عمر","Ghezaal Enayat",105,11A,76,2021-11-11,04:09,8,"afghan pop","Pop, Traditional Music","Bangri",2020-07-23,68,73,0,92,0,50,-11,F#/G♭ minor,4,1AnwxZQX6lfMuvhEQnvtMP,"Hop Entertainment",DEXM82104030,no
63,"推","Sawano Hiroyuki",160,4A,66,2021-11-11,04:19,10,"anime, soundtrack","Pop, Classical, Easy Listening","連続ドラマＷ「推定有罪」オリジナルサウンドトラック",2012-04-11,54,3,86,38,0,0,-11,F minor,4,0QtuDxhzmUeUlnfVK44NNX,"Legendoor",JPZ921201957,no
64,"Nothing Without You","The Weeknd",110,3B,63,2021-11-14,03:18,60,"canadian contemporary r&b, canadian pop, pop","R&B, Pop","Starboy",2016-11-25,57,6,0,19,0,0,-8,C♯/D♭,4,57qiTKh8bVX0VtfUNTQqhw,"The Weeknd/Lyric",USUG11601009,no
65,"Sher_e_Asheqana","Ghezaal Enayat",70,6A,44,2021-11-20,05:41,0,"afghan pop","Pop, Traditional Music","فراموش",2020-10-12,40,29,0,57,0,0,-13,G minor,4,3QhKvHNaOOiG5ixFrbFjSh,"Hop Entertainment",DEXM82104004,no
66,"Gunjishkak","Ghezaal Enayat",133,11A,87,2021-11-20,02:27,5,"afghan pop","Pop, Traditional Music","فراموش",2020-10-12,76,41,0,96,0,60,-6,F#/G♭ minor,4,7A63r2raMug9VDHWoGfhoj,"Hop Entertainment",DEXM82104013,no
67,"Minovsky Particle","Sawano Hiroyuki",80,5A,54,2021-11-28,03:16,12,"anime, soundtrack","Pop, Classical, Easy Listening","MOBILE SUIT GUNDAM UNICORN Original Motion Picture Soundtrack 3",2012-11-08,58,2,56,11,0,0,-15,C minor,3,4Z5CsTTWIaPdRKiGA2ZHoX,"SUNRISE Music Label",JPP301200147,no
68,"Do You Hear What I Hear?","Kristin Chenoweth",123,10B,18,2021-11-29,04:07,0,"musicals","Classical, Easy Listening, Pop","A Lovely Way to Spend Christmas",2008-10-17,30,93,0,11,0,0,-12,D,3,52pgqIMcKjtxmQKBvmPJtf,"Sony Classical",USSM10802909,no
69,"Born On Christmas Day","Kristin Chenoweth",138,5B,30,2021-11-29,04:12,0,"musicals","Classical, Easy Listening, Pop","A Lovely Way to Spend Christmas",2008-10-17,35,57,0,20,0,0,-10,D#/E♭,4,1982D15M9aUIanRnf6Tvdv,"Sony Classical",USSM10802917,no
70,"Dunya","Ghezaal Enayat",125,9A,26,2021-12-03,04:12,0,"afghan pop","Pop, Traditional Music","Tabasoom",2021-02-04,39,71,0,24,0,40,-16,E minor,4,43fjnqF297bTSOshDYmZF8,"Ghezaal Enayat",USJ3V2044218,no
71,"Fathers and Daughters","Kristin Chenoweth",76,1B,23,2021-12-07,03:13,29,"musicals","Classical, Easy Listening, Pop","Some Lessons Learned",2011-09-09,45,85,0,27,0,10,-9,B,4,6edGb5NpmBfxkJAW5p6VdO,"Masterworks",USSM11103782,no
72,"Faith","The Weeknd",176,5A,60,2021-12-08,04:43,72,"canadian contemporary r&b, canadian pop, pop","R&B, Pop","After Hours",2020-03-20,37,61,4,13,0,10,-7,C minor,4,3orEOtd8CPL8GFlpRpKuoE,"Republic Records",USUG12000656,yes
73,"星の王子さま -Ouverture-","BURNOUT SYNDROMES",89,4B,67,2021-12-13,02:59,9,"anime, j-rock, j-pop","Pop, Rock","明星",2019-02-20,26,49,0,53,0,10,-8,G#/A♭,3,6vI6HEpz1KYNSM0MEYtclH,"Sony Music Labels Inc.",JPU901804381,no
74,"Chashm Namnak","Ghezaal Enayat",165,10B,72,2021-12-15,04:07,0,"afghan pop","Pop, Traditional Music","Attan",2021-05-26,60,45,0,78,20,10,-9,D,3,3VxuTBA1RnTrDw3GhqdZli,"Ghezaal Enayat",USJ3V2069049,no
75,"Titan♀～9chiku","Sawano Hiroyuki",100,10B,73,2021-12-17,05:15,40,"anime, soundtrack","Pop, Classical, Easy Listening","TV Anime  Attack on Titan  Original Soundtrack",2013-00-00,31,0,85,6,0,10,-11,D,4,1nkoSsb1AzR9Qe7XTBT9IO,"PONY CANYON INC.",JPPC01301139,no
76,"Sher e Asheqana","Ghezaal Enayat",70,6A,44,2021-12-24,05:41,0,"afghan pop","Pop, Traditional Music","Sher e Asheqana",2020-10-12,40,29,0,57,0,0,-13,G minor,4,28X5BpKowlXrgKSKRd5HEk,"Hop Entertainment",DEXM82104351,no
77,"追加発注型6☆極★服","Sawano Hiroyuki",130,10A,81,2021-12-28,04:15,17,"anime, soundtrack","Pop, Classical, Easy Listening","キルラキル コンプリートサウンドトラック",2013-00-00,30,1,71,13,0,10,-11,B minor,4,6iU64ciH7NXI2YDlnFKLfW,"Aniplex Inc.",JPE301400328,no
78,"MT変装型8☆極★服","Sawano Hiroyuki",123,12A,16,2021-12-28,04:51,18,"anime, soundtrack","Pop, Classical, Easy Listening","キルラキル コンプリートサウンドトラック",2013-00-00,26,62,82,5,0,0,-14,C♯/D♭ minor,4,6rhuRyXpEOKkcoEge9Fl8R,"Aniplex Inc.",JPE301400330,no
79,"Suck your blood:[nZk]ver.〈INST〉","Sawano Hiroyuki",150,10B,70,2021-12-29,03:44,13,"anime, soundtrack","Pop, Classical, Easy Listening","キルラキル コンプリートサウンドトラック",2013-00-00,53,0,83,69,0,30,-10,D,4,0lJRzXEDkmX30i8Heo2JDQ,"Aniplex Inc.",JPE301302983,no
80,"The Hills - RL Grime Remix","The Weeknd, RL Grime",140,5A,90,2021-12-31,04:31,52,"canadian contemporary r&b, canadian pop, pop, edm trap, future bass, edm","R&B, Pop, Electronic","The Hills (RL Grime Remix)",2015-11-06,57,11,24,44,0,10,-2,C minor,4,6SNUuxeg0NWXSEkFirAkAM,"The Weeknd/Lyric",USUG11501539,no
81,"Heartless - Remix","The Weeknd, Lil Uzi Vert",170,3A,77,2021-12-31,03:20,44,"canadian contemporary r&b, canadian pop, pop, melodic rap, rage rap","R&B, Pop, Hip Hop","After Hours (Remixes)",2020-04-02,55,4,0,28,10,10,-5,A#/B♭ minor,4,7wcoSs40brhyS3htaaDkgD,"Republic Records",USUG12001131,yes
82,"Blinding Lights - Chromatics Remix","The Weeknd, Chromatics, Johnny Jewel",171,4B,65,2021-12-31,04:21,32,"canadian contemporary r&b, canadian pop, pop, dream pop, dark jazz","R&B, Pop","After Hours (Remixes)",2020-04-02,62,1,0,73,0,0,-6,G#/A♭,4,3cyZJVssTbqeGAEF6DFqhc,"Republic Records",USUG12001115,no
83,"Smile (with The Weeknd)","Juice WRLD, The Weeknd",159,11A,69,2021-12-31,03:16,55,"melodic rap, emo rap, canadian contemporary r&b, canadian pop, pop","R&B, Pop, Hip Hop","Smile (with The Weeknd)",2020-08-07,69,22,0,31,10,10,-7,F#/G♭ minor,4,1EIsJed40cd7Bcv8SXVdqA,"Grade A Productions/Interscope Records",USUG12002597,yes
84,"Take My Breath - Instrumental","The Weeknd",121,3A,70,2022-01-01,03:40,35,"canadian contemporary r&b, canadian pop, pop","R&B, Pop","Take My Breath",2021-08-05,68,0,78,21,0,10,-9,A#/B♭ minor,4,3V8wDzLWWl1O1Hdldf3TsF,"XO / Republic Records",USUG12102078,no
85,"Or Nah (feat. The Weeknd, Wiz Khalifa & DJ Mustard) - Remix","Ty Dolla $ign, The Weeknd, Wiz Khalifa, DJ Mustard",122,12A,33,2022-01-01,04:02,65,"trap soul, canadian contemporary r&b, canadian pop, pop, hip hop, pittsburgh rap, pop rap, rap, southern hip hop, trap, kuduro","R&B, Pop, Hip Hop","Playlist: Hip Hop",2018-09-28,81,22,0,21,10,10,-9,C♯/D♭ minor,4,1Has1GQfJPjAxwKuyWHgu6,"Rhino",USAT21401391,yes
86,"Rambo (Last Blood) (feat. The Weeknd)","Bryson Tiller, The Weeknd",181,3A,69,2022-01-01,03:48,52,"trap soul, r&b, canadian contemporary r&b, canadian pop, pop","R&B, Pop","T R A P S O U L (Deluxe)",2020-09-25,51,23,0,40,10,10,-7,A#/B♭ minor,4,62itulOgU4flQFuI7f7JF8,"TrapSoul/RCA Records",USRC12003147,yes
87,"Price On My Head (feat. The Weeknd)","NAV, The Weeknd",75,11A,57,2022-01-01,03:37,55,"melodic rap, canadian contemporary r&b, canadian pop, pop","R&B, Pop, Hip Hop","Bad Habits (Deluxe)",2019-03-26,77,38,0,28,10,30,-6,F#/G♭ minor,4,4hqOmrCCJKyiuwDexd8c2t,"XO Records, LLC and Republic Records",USUM71904595,yes
88,"Comin Out Strong (feat. The Weeknd)","Future, The Weeknd",109,3B,48,2022-01-01,04:14,64,"rap, trap, canadian contemporary r&b, canadian pop, pop","R&B, Pop, Hip Hop","HNDRXX",2017-07-27,63,29,0,33,40,10,-8,C♯/D♭,5,1B87ZDrD3Pno9hS4stamWO,"Epic/Freebandz/A1",USSM11701719,yes
89,"Or Nah (feat. The Weeknd, Wiz Khalifa & DJ Mustard) - Remix","Ty Dolla $ign, The Weeknd, Wiz Khalifa, Mustard",122,12A,33,2022-01-02,04:02,83,"trap soul, canadian contemporary r&b, canadian pop, pop, hip hop, pittsburgh rap, pop rap, rap, southern hip hop, trap, cali rap","R&B, Pop, Hip Hop","Or Nah (feat. The Weeknd, Wiz Khalifa & DJ Mustard) [Remix]",2014-06-10,81,22,0,21,10,10,-9,C♯/D♭ minor,4,7t2bFihaDvhIrd2gn2CWJO,"Atlantic Records",USAT21401391,yes
90,"off the table (with The Weeknd)","Ariana Grande, The Weeknd",88,8B,52,2022-01-02,03:59,59,"pop, canadian contemporary r&b, canadian pop","R&B, Pop","Positions (Deluxe)",2021-02-19,41,52,0,38,10,40,-7,C,1,1qKdid2S9fZdSrzLaCcjcF,"Republic Records",USUM72020429,no
91,"Live It Up - Official Song 2018 FIFA World Cup Russia","Nicky Jam, Will Smith, Era Istrefi",144,7A,94,2022-01-04,03:27,69,"reggaeton, latin, hip hop, pop rap, albanian hip hop, albanian pop, kosovan pop","Hip Hop, Pop, Latin","Live It Up (Official Song 2018 FIFA World Cup Russia)",2018-05-25,58,1,0,80,10,50,-1,D minor,4,4DnHUy01jEA4b5ydC3HgsT,"Sony Music Latin",USSD11800241,no
92,"Selfish - Syn Cole Remix","Dimitri Vegas & Like Mike, Era Istrefi, Syn Cole",120,6A,84,2022-01-11,03:00,21,"big room, electronica, edm, albanian hip hop, albanian pop, kosovan pop, tropical house","Hip Hop, Pop, Electronic","Selfish (Syn Cole Remix)",2019-04-05,76,8,0,65,0,0,-3,G minor,4,3agCFxMhyXupdQOtu8Yb4N,"Epic Amsterdam",BEG851900054,no
93,"The Little Road To Bethlehem","Kristin Chenoweth",95,10B,19,2022-01-13,03:08,1,"musicals","Classical, Easy Listening, Pop","HAPPINESS is…Christmas!",2021-10-22,28,94,0,36,0,10,-12,D,4,6iJfigczdufzKbyFT1IhTU,"Concord Records",USRO22102657,no
94,"Cold","Post Malone",133,9A,57,2022-01-14,04:28,30,"dfw rap, melodic rap, pop, rap","Hip Hop, Pop","Stoney",2016-12-09,67,65,0,25,0,10,-7,E minor,4,1M97ctHDzQzyFJr2d61CAy,"Mercury Records/Republic Owned",USUM71614500,yes
95,"Selfish - Angemi Remix","Dimitri Vegas & Like Mike, Era Istrefi, Angemi",152,6A,85,2022-01-18,04:10,4,"big room, electronica, edm, albanian hip hop, albanian pop, kosovan pop, melbourne bounce, slap house","Hip Hop, Pop, Electronic","Selfish (The Remixes)",2019-04-19,51,1,0,25,10,10,-3,G minor,4,0oNtCcimKIg5K0deJByr6a,"Epic Amsterdam",BEG851900051,no
96,"Selfish - Maurice West Remix","Dimitri Vegas & Like Mike, Era Istrefi, Maurice West",128,4A,93,2022-01-18,03:29,20,"big room, electronica, edm, albanian hip hop, albanian pop, kosovan pop","Hip Hop, Pop, Electronic","Selfish (The Remixes)",2019-04-19,52,3,0,30,10,50,-3,F minor,4,5GKlNEPSP4ynnA5yLhW7aE,"Epic Amsterdam",BEG851900053,no
97,"Money Made Me Do It","Post Malone, 2 Chainz",83,9B,43,2022-01-25,03:44,33,"dfw rap, melodic rap, pop, rap, southern hip hop","Hip Hop, Pop","Stoney (Complete Edition)",2016-12-09,73,30,0,37,10,0,-7,G,4,5orbfMpQypTu4KGIOzGAq1,"Mercury Records/Republic Owned",USUM71614473,yes
98,"Broken Whiskey Glass - Instrumental","Post Malone",100,8B,46,2022-01-25,03:57,23,"dfw rap, melodic rap, pop, rap","Hip Hop, Pop","Stoney (Complete Edition)",2016-12-09,63,37,30,5,0,10,-12,C,4,1ClVFfFkdrHrLxVh8opspw,"Mercury Records/Republic Owned",USUM72121902,no
99,"104EYES-inter","Sawano Hiroyuki",109,8A,15,2022-02-08,06:33,19,"anime, soundtrack","Pop, Classical, Easy Listening","劇場版 七つの大罪 天空の囚われ人　オリジナル・サウンドトラック",2014-00-00,21,90,96,4,0,0,-21,A minor,3,7yHVhcxVCBvpwDtUDyuKch,"Aniplex Inc.",JPE301800244,no
100,"芽","NICO Touches the Walls",144,10B,90,2022-02-10,04:55,23,"anime, j-rock, j-pop","Pop, Rock","オーロラ",2009-11-25,37,0,0,27,0,0,-3,D,4,1xSzbgmjGrTCs5160zhnOx,"Sony Music Labels Inc.",JPKS00902563,no
101,"I Fall Apart - Instrumental","Post Malone",144,1A,37,2022-02-11,03:41,24,"dfw rap, melodic rap, pop, rap","Hip Hop, Pop","Stoney (Complete Edition)",2016-12-09,61,6,0,19,0,30,-9,G#/A♭ minor,4,4AgfO6WuXQeyyHhcDql5Zi,"Mercury Records/Republic Owned",USUM72121924,no
102,"Congratulations - Instrumental","Post Malone",123,2B,43,2022-02-11,03:40,35,"dfw rap, melodic rap, pop, rap","Hip Hop, Pop","Stoney (Complete Edition)",2016-12-09,59,2,82,32,0,20,-8,F#/G♭,5,5ZvIh9p9R0bxRbd3stk4oR,"Mercury Records/Republic Owned",USUM72121931,no
103,"十61yard","Sawano Hiroyuki",67,6A,19,2022-02-27,04:43,17,"anime, soundtrack","Pop, Classical, Easy Listening","アルドノア・ゼロ オリジナル・サウンドトラック",2014-09-10,24,89,89,4,0,10,-19,G minor,4,2FvsoNn2i0YqbN8ki9ikY0,"Aniplex Inc.",JPE301400792,no
104," What Is Your Name, Child?... ","Paula Leggett Chase, Kristin Chenoweth, Peter Gallagher",112,1B,29,2022-02-28,01:17,1,"musicals","Classical, Easy Listening, Pop","On the Twentieth Century (New Broadway Cast Recording)",2015-05-19,72,74,0,26,80,20,-14,B,5,5JYyvbPteY5PRiP1l3Yw2p,"PS Classics",USB961553209,no
105," Oscar Jaffee? He Meant Nothing to Me... ","Andy Karl, Kristin Chenoweth, Peter Gallagher",64,3B,14,2022-02-28,01:02,2,"musicals","Classical, Easy Listening, Pop","On the Twentieth Century (New Broadway Cast Recording)",2015-05-19,73,78,0,63,30,10,-20,C♯/D♭,3,2cm9S7ohFEIJRCG41ejEIc,"PS Classics",USB961553215,no
106," An Anthology of Womankind... ","Peter Gallagher, Kristin Chenoweth",85,11B,28,2022-02-28,02:44,1,"musicals","Classical, Easy Listening, Pop","On the Twentieth Century (New Broadway Cast Recording)",2015-05-19,64,82,0,69,40,40,-13,A,4,4msd0Beetp8dHjrG50u9Wo,"PS Classics",USB961553227,no
107," My Play by Somerset Maugham... ","Kristin Chenoweth, James Moye, Andy Karl",145,11A,34,2022-02-28,00:45,1,"musicals","Classical, Easy Listening, Pop","On the Twentieth Century (New Broadway Cast Recording)",2015-05-19,67,84,0,63,90,10,-15,F#/G♭ minor,5,4se7Ym3TmC1CXhMg9Zh149,"PS Classics",USB961553231,no
108,"Babette","Kristin Chenoweth, Peter Gallagher, On The Twentieth Century Company",117,10B,36,2022-02-28,06:10,4,"musicals","Classical, Easy Listening, Pop","On the Twentieth Century (New Broadway Cast Recording)",2015-05-19,54,85,0,43,0,10,-11,D,4,2r9Vw1FiBvPQjLPidXsdfP,"PS Classics",USB961553232,no
109," I Had to Do It to Save You... ","James Moye, Peter Gallagher, Kristin Chenoweth",106,11A,26,2022-02-28,01:10,1,"musicals","Classical, Easy Listening, Pop","On the Twentieth Century (New Broadway Cast Recording)",2015-05-19,71,78,0,60,80,30,-13,F#/G♭ minor,4,13UV3eAsUxUeLiClkWQPbs,"PS Classics",USB961553235,no
110,"All I Ask of You (feat. Kristin Chenoweth) - Track by Track","Andrew Lloyd Webber, Il Divo, Kristin Chenoweth, David Hernando",172,3B,12,2022-03-01,02:02,3,"musicals, classical crossover, opera","Classical, Easy Listening, Pop","A Musical Affair (Track by Track)",2013-12-10,47,95,0,54,30,10,-21,C♯/D♭,5,2A7VkJkdYFuydiYcFcAswX,"Syco Music",GBHMU1300547,no
111,"This Moment","John Bucchino, Kristin Chenoweth",130,10B,10,2022-03-06,02:26,5,"musicals","Classical, Easy Listening, Pop","Grateful - The Songs of John Bucchino",2000-04-17,41,96,0,9,0,0,-14,D,3,2DYp0VKsNsOEsGBaUS9YBv,"NITRON media",USBC10000257,no
112,"Beautiful Dreamer","Kristin Chenoweth",105,9B,9,2022-03-06,02:50,10,"","","Singing You Home - Children's Songs for Family Reunification",2018-10-26,40,98,0,22,0,10,-15,G,1,2feam8gBwkrO2MACYspHYs,"Ghostlight Records",USSK31877914,no
113,"Dear Old Shiz","Stephen Schwartz, John Powell, Kristin Chenoweth, Stephen Oremus",116,2A,15,2022-03-13,01:26,13,"score, contemporary classical, musicals","Classical, Easy Listening, Pop","Wicked (15th Anniversary Special Edition)",2019-02-08,39,97,0,10,0,10,-15,D#/E♭ minor,5,1a0abcQtFGNlehRhTOYZsm,"VDB - Verve Decca Broadway",USUMC0300212,no
114,"Pritem Se Po VI","Yll Limani",100,12B,88,2022-04-14,02:52,0,"albanian pop, kosovan pop","Pop","Pritem Se Po VI",2016-07-01,82,25,0,73,0,20,-3,E,4,5ARZ2wStGGFsFzou6LRcN9,"Yll Limani",ALA091800044,no
115,"Pray","Cricket, Yll Limani",119,4A,71,2022-04-25,02:50,0,"albanian pop, kosovan pop","Pop","Pray",2021-02-08,81,14,15,66,0,10,-7,F minor,4,7eJMHlkcXnPVIg1U1hNrTT,"Cricket Music",QZFZ32132281,no
116,"Besom","Yll Limani, DJ PM, DJ DAGZ",103,6A,64,2022-04-25,03:02,0,"albanian pop, kosovan pop","Pop","Besom",2022-01-12,71,3,0,51,0,0,-7,G minor,4,1jFTPOpRtx0nHTnY8Ezn3p,"ONIMA",ALA092100121,no
117,"dEvilGODfamily復活動","Sawano Hiroyuki",95,9A,51,2022-05-25,04:48,25,"anime, soundtrack","Pop, Classical, Easy Listening","七つの大罪 オリジナル・サウンドトラック",2014-12-24,35,2,37,15,0,10,-14,E minor,4,4y9zaPiFWLNDTeRjpcTnzV,"Aniplex Inc.",JPE301401278,no
118,"Lute Suite in G Minor, BWV 995: IV. Sarabande (Arr. For viola da gamba)","Johann Sebastian Bach, Sadao Udagawa",129,8B,0,2022-07-03,05:18,0,"baroque, classical, classical piano, concerto, early music, chamber music","Classical","Bach Suites",2015-00-00,17,95,80,4,0,10,-33,C,3,6HDI6LpoyjdCLKUpPORaVG,"Waon Records",JPM831700041,no
119,"Die For Me (feat. Future & Halsey)","Post Malone, Halsey, Future",145,8B,66,2022-07-03,04:05,70,"dfw rap, melodic rap, pop, rap, electropop, etherpop, indie poptimism, trap","Hip Hop, Electronic, Pop","Hollywood's Bleeding",2019-09-06,61,19,0,45,0,20,-3,C,4,2C6WXnmZ66tHhHlnvwePiK,"Republic Records",USUM71918728,yes
120,"I Will Be","Avril Lavigne",75,9B,67,2022-07-22,03:59,53,"canadian pop, candy pop, dance pop, pop","Pop, Electronic","The Best Damn Thing (Expanded Edition)",2007-04-17,41,4,0,14,0,10,-3,G,4,1ERza8JzFin9c3Keo8XQEX,"RCA Records Label",USRC10700189,no
121,"My Dreams Are Getting Better All the Time","Doris Day, Les Brown & His Orchestra",79,4B,18,2022-07-22,03:19,30,"adult standards, big band, swing music","Easy Listening, Jazz","Golden Girl (The Columbia Recordings 1944-1966)",1999-06-01,62,89,0,59,0,30,-13,G#/A♭,4,2ixI2AseWQYPt0ShxveH9Q,"Columbia/Legacy",USSM14500078,no
122,"Again (with The Mellomen)","Doris Day, The Mellomen",60,5B,2,2022-07-22,02:47,52,"adult standards, big band, movie tunes","Easy Listening, Jazz","Golden Girl (The Columbia Recordings 1944-1966)",1999-06-01,46,98,0,15,0,0,-21,D#/E♭,4,0qB213IfGN0JXXm9aRjldF,"Columbia/Legacy",USSM14900161,no
123,"You Can Have Him","Doris Day, Dinah Shore, Hugo Winterhalter And His Orchestra",114,3A,17,2022-07-22,03:26,21,"adult standards, big band, vocal jazz, jazz ballads, orchestral, easy listening","Easy Listening, Jazz, Classical","Golden Girl (The Columbia Recordings 1944-1966)",1999-06-01,48,89,0,30,0,10,-12,A#/B♭ minor,3,6AOkfgS3OGjZNtSO4PDd3k,"Columbia/Legacy",USSM14900163,no
124,"You're Getting to Be a Habit with Me","Doris Day, Frank Comstock & His Orchestra",78,8B,2,2022-07-27,02:54,13,"adult standards, big band","Easy Listening, Jazz","Golden Girl (The Columbia Recordings 1944-1966)",1999-06-01,59,94,0,30,0,0,-20,C,1,0xzA81ZcLR8Rarij0hulcX,"Columbia/Legacy",USSM15000131,no
125,"In a Shanty In Old Shanty Town (with The Buddy Cole Quartet)","Doris Day, The Buddy Cole Quartet",70,6B,2,2022-07-27,02:54,11,"adult standards, big band","Easy Listening, Jazz","Golden Girl (The Columbia Recordings 1944-1966)",1999-06-01,46,98,0,9,0,0,-22,A#/B♭,4,2fee9RasOPx0bNkUBj8Wqo,"Columbia/Legacy",USSM15000132,no
126,"On Moonlight Bay (with Paul Weston & His Orchestra & The Norman Luboff Choir)","Doris Day, Paul Weston And His Orchestra, The Norman Luboff Choir",92,3B,3,2022-07-27,02:30,18,"adult standards, big band, easy listening","Easy Listening, Jazz","Golden Girl (The Columbia Recordings 1944-1966)",1999-06-01,43,98,0,27,0,10,-18,C♯/D♭,4,2R7gDxRFglE5ZShFrHodd2,"Columbia/Legacy",USSM15100210,no
127,"There's a Rising Moon (with Percy Faith & His Orchestra) - 78rpm Version","Doris Day, Percy Faith & His Orchestra",81,8B,14,2022-07-27,03:05,9,"adult standards, big band, orchestral","Easy Listening, Jazz, Classical","Golden Girl (The Columbia Recordings 1944-1966)",1999-06-01,31,88,0,14,0,40,-13,C,4,1Mr3kRdum8REiC8XvAh4W1,"Columbia/Legacy",USSM15400088,no
128,"There Once Was a Man","Doris Day, John Raitt",166,3B,55,2022-07-27,03:17,10,"adult standards, big band, musicals","Easy Listening, Jazz, Classical, Pop","Golden Girl (The Columbia Recordings 1944-1966)",1999-06-01,45,83,0,66,10,40,-11,C♯/D♭,4,5AyFkD4rDlnTS0Mm1864Vc,"Columbia/Legacy",USSM15700475,no
129,"You're Good For Me (with The André Previn Trio)","Doris Day, André Previn, André Previn Trio",113,4B,44,2022-07-27,02:02,9,"adult standards, big band, ballet, classical, orchestral, french jazz","Easy Listening, Jazz, Classical","Golden Girl (The Columbia Recordings 1944-1966)",1999-06-01,60,83,0,89,0,10,-12,G#/A♭,4,0EeF4WdvZJDsZ1yn7BrprE,"Columbia/Legacy",USSM16101039,no
130,"My Romance","Doris Day",79,7B,5,2022-07-27,02:30,19,"adult standards, big band","Easy Listening, Jazz","Golden Girl (The Columbia Recordings 1944-1966)",1999-06-01,21,97,0,10,0,10,-17,F,1,0gO2OYFXnfJKGggUVw2G7i,"Columbia/Legacy",USSM19802842,no
131,"noname","Sawano Hiroyuki",134,9A,39,2022-07-28,04:39,14,"anime, soundtrack","Pop, Classical, Easy Listening","甲鉄城のカバネリ COMPLETE SOUNDTRACK",2019-04-24,23,76,46,3,0,10,-10,E minor,4,0b8gZ5c4nMJCQ6yv58hn6K,"Aniplex Inc.",JPE301600268,no
132,"Ktetsu上-abdli","Sawano Hiroyuki",82,5B,13,2022-07-28,03:39,6,"anime, soundtrack","Pop, Classical, Easy Listening","甲鉄城のカバネリ COMPLETE SOUNDTRACK",2019-04-24,29,94,87,4,0,10,-19,D#/E♭,4,3TEygCHKunWXJJLDDZIgFe,"Aniplex Inc.",JPE301600276,no
133,"Reputation","Post Malone",180,10B,44,2022-07-29,04:08,48,"dfw rap, melodic rap, pop, rap","Hip Hop, Pop","Twelve Carat Toothache (Deluxe)",2022-06-07,31,67,0,36,0,10,-6,D,4,5WedFiLoUyE1e9d5JpxMFl,"Mercury Records/Republic Records",USUM72208019,yes
134,"What The Hell - Instrumental","Avril Lavigne",150,10B,91,2022-08-17,03:38,28,"canadian pop, candy pop, dance pop, pop","Pop, Electronic","Goodbye Lullaby (Expanded Edition)",2011-03-08,59,0,92,94,0,10,-5,D,4,4UJy3KwUdJ4NOitSqOqAce,"Epic",USRC11000931,no
135,"I'll Be Home for Christmas","Doris Day",83,12B,18,2022-08-19,02:25,15,"adult standards, big band","Easy Listening, Jazz","Personal Christmas Collection",1994-08-23,13,96,9,10,0,20,-17,E,3,7dfN7KxBMzbHcdAwDf2PAa,"Legacy/Columbia",USSM10018217,no
136,"Toyland","Doris Day",125,6B,10,2022-08-19,02:59,10,"adult standards, big band","Easy Listening, Jazz","Personal Christmas Collection",1994-08-23,22,96,2,7,0,0,-21,A#/B♭,4,1vrZjaOYLsl6sQMDSqfqlk,"Legacy/Columbia",USSM10018219,no
137,"紅い爪","NICO Touches the Walls",104,8A,84,2022-08-24,05:16,10,"anime, j-rock, j-pop","Pop, Rock","Shout to the Walls!",2013-04-24,49,3,0,57,0,10,-5,A minor,4,1ZkJB1wJoLiHzTaqUEomKX,"Sony Music Labels Inc.",JPKS01300686,no
138,"(who)","NICO Touches the Walls",71,8B,53,2022-08-24,01:09,6,"anime, j-rock, j-pop","Pop, Rock","Shout to the Walls!",2013-04-24,32,88,57,58,80,40,-21,C,3,5pDbcFPWCEPdE0VlCpLgyz,"Sony Music Labels Inc.",JPKS01300689,no
139,"ウソツキ","NICO Touches the Walls",96,8B,26,2022-10-17,05:05,10,"anime, j-rock, j-pop","Pop, Rock","勇気も愛もないなんて",2016-03-16,67,84,0,30,0,30,-10,C,4,0DI43ceFj35WiSUbKbVjxA,"Sony Music Labels Inc.",JPU901600302,no
140,"3分ルール? (Acoustic ver.)","NICO Touches the Walls",97,1B,40,2022-10-18,01:39,5,"anime, j-rock, j-pop","Pop, Rock","Howdy!! We are ACO Touches the Walls 〜STAR SERIES〜",2019-06-12,79,64,0,86,20,0,-9,B,4,2El1ywsJQBowJdvxfakvyp,"Sony Music Labels Inc.",JPU901901257,no
141,"Aurora (Prelude)","NICO Touches the Walls",83,11B,31,2022-10-19,04:13,4,"anime, j-rock, j-pop","Pop, Rock","かけら〜総べての想いたちへ〜",2009-00-00,20,90,0,21,0,30,-10,A,5,43bMk5xfTvfS8Hf7Isq6FN,"Sony Music Labels Inc.",JPKS00902382,no
142,"カレキーズのテーマ","NICO Touches the Walls",85,10B,39,2022-10-20,01:51,3,"anime, j-rock, j-pop","Pop, Rock","OYSTER -EP-",2017-12-06,61,96,0,14,0,40,-18,D,4,2mcgEb4F6GKNEywDpcy2hb,"Sony Music Labels Inc.",JPU901703530,no
143,"O Holy Night","Avril Lavigne, Chantal Kreviazuk",64,9B,34,2022-12-16,04:19,0,"canadian pop, candy pop, dance pop, pop, ectofolk, lilith, new wave pop, piano rock","Pop, Electronic, Rock","O Holy Night",2004-10-05,24,92,0,17,0,10,-7,G,4,6ittoYLquIq6bvDceSmKBT,"Arista",USRC10700906,no
144,"Shingeki St 20130629 Kyojin","Sawano Hiroyuki",126,9B,35,2022-12-23,05:24,34,"anime, soundtrack","Pop, Classical, Easy Listening","TV Anime  Attack on Titan Season 2  (Original Soundtrack)",2017-06-07,38,10,90,4,0,10,-16,G,4,7zDGmIWojCTmcM2eaOQcSt,"PONY CANYON",JPPC01301497,no
145,"The Weight of Lives","Sawano Hiroyuki",129,7B,67,2022-12-23,07:18,46,"anime, soundtrack","Pop, Classical, Easy Listening","TV Anime  Attack on Titan Season 2  (Original Soundtrack)",2017-06-07,28,0,90,19,0,20,-10,F,4,3bPuKtywbjQHcjYyKrKDk2,"PONY CANYON",JPPC01502440,no
146,"Re:3$penS","Sawano Hiroyuki",97,11B,54,2023-02-01,04:29,13,"anime, soundtrack","Pop, Classical, Easy Listening","Re:CREATORS Original Soundtrack",2017-06-14,32,10,82,23,0,0,-11,A,4,571nNEgawqvB1X8HZrdDmU,"Aniplex Inc.",JPE301700405,no
147,"RE:3343","Sawano Hiroyuki",114,10A,26,2023-02-01,02:38,16,"anime, soundtrack","Pop, Classical, Easy Listening","Re:CREATORS Original Soundtrack",2017-06-14,30,52,14,4,0,10,-16,B minor,4,05iUuO5nV0cdznYDvWGmFW,"Aniplex Inc.",JPE301700408,no
148,"BRAVE THE OCEAN <RE:Instrumental>","Sawano Hiroyuki",135,8B,94,2023-02-05,04:24,12,"anime, soundtrack","Pop, Classical, Easy Listening","Re:CREATORS Original Soundtrack",2017-06-14,45,0,85,73,0,30,-7,C,4,4OIpMqOfqJ5vCZkXhNSiC5,"Aniplex Inc.",JPE301700436,no
149,"SymphonicsuiteNT No.2","Sawano Hiroyuki",140,11B,78,2023-02-05,05:37,17,"anime, soundtrack","Pop, Classical, Easy Listening","MOBILE SUIT GUNDAM NT (Narrative) Original Motion Picture Soundtrack",2018-11-28,24,0,70,12,0,30,-13,A,4,518685tZAhYpPrrdumscep,"SUNRISE Music Label",JPP301800590,no
150,"SymphonicsuiteNT No.3","Sawano Hiroyuki",85,8A,20,2023-02-05,05:20,13,"anime, soundtrack","Pop, Classical, Easy Listening","MOBILE SUIT GUNDAM NT (Narrative) Original Motion Picture Soundtrack",2018-11-28,15,3,78,4,0,10,-16,A minor,3,0hYcpr5YTxulXUIDRRvwuV,"SUNRISE Music Label",JPP301800591,no
151,"SynthenicsuiteNT No.2","Sawano Hiroyuki",138,8B,29,2023-02-06,03:59,9,"anime, soundtrack","Pop, Classical, Easy Listening","MOBILE SUIT GUNDAM NT (Narrative) Original Motion Picture Soundtrack",2018-11-28,33,25,69,3,0,0,-23,C,4,6YGkjWZChTaI8sWWxP0HqL,"SUNRISE Music Label",JPP301800596,no
152,"G1×2","Sawano Hiroyuki",95,7A,34,2023-02-13,02:09,25,"anime, soundtrack","Pop, Classical, Easy Listening","Mobile Suit Gundam Hathaway Original Motion Picture Soundtrack",2021-06-11,70,63,88,26,0,10,-14,D minor,4,6bx0fcuZ8Gj5d8BsE4Ci7e,"SUNRISE Music Label",JPG532102621,no
153,"UCNT0100","Sawano Hiroyuki",67,5B,1,2023-02-13,03:46,21,"anime, soundtrack","Pop, Classical, Easy Listening","Mobile Suit Gundam Hathaway Original Motion Picture Soundtrack",2021-06-11,42,99,89,17,0,0,-30,D#/E♭,4,5GjeddV5XxnsnYG5bQE0el,"SUNRISE Music Label",JPG532102626,no
154,"RE:g1-ON","Sawano Hiroyuki",146,6B,74,2023-02-14,04:58,31,"anime, soundtrack","Pop, Classical, Easy Listening","８６―エイティシックス― オリジナル・サウンドトラック",2021-07-07,22,0,78,19,0,70,-8,A#/B♭,4,5cfqlR08Io1fVHwq9uP8Id,"Aniplex Inc.",JPE302100511,no
155,"6eighty","Sawano Hiroyuki",148,10A,86,2023-02-14,05:09,25,"anime, soundtrack","Pop, Classical, Easy Listening","８６―エイティシックス― オリジナル・サウンドトラック",2021-07-07,47,3,78,38,0,0,-9,B minor,4,3LW4ICLbC0WOgjGqjuK6Ly,"Aniplex Inc.",JPE302100516,no
156,"!”#$%&’()0","Sawano Hiroyuki",174,3A,77,2023-02-14,06:15,27,"anime, soundtrack","Pop, Classical, Easy Listening","８６―エイティシックス― オリジナル・サウンドトラック",2021-07-07,23,0,80,25,0,30,-8,A#/B♭ minor,4,2GdzS9MX5SdE0Yfu9SkmUy,"Aniplex Inc.",JPE302100520,no
157,"KINGDOM - 従","Sawano Hiroyuki",156,8A,49,2023-02-15,04:31,24,"anime, soundtrack","Pop, Classical, Easy Listening","TVアニメ「キングダム」 -合従軍編- Original Sound Track",2021-07-21,18,3,78,4,0,10,-10,A minor,4,2vqxXZR8jhdFEqZS0ESpoB,"avex pictures",JPT552100763,no
158,"KINGDOM - DUE＜inst＞","Sawano Hiroyuki",89,8A,73,2023-02-15,04:20,19,"anime, soundtrack","Pop, Classical, Easy Listening","TVアニメ「キングダム」 -合従軍編- Original Sound Track",2021-07-21,45,1,84,5,0,10,-9,A minor,4,4VK1Vz4nMdMafKwu80mMmw,"avex pictures",JPT552100770,no
159,"PARKOUR","Sawano Hiroyuki",126,8B,95,2023-02-20,03:56,42,"anime, soundtrack","Pop, Classical, Easy Listening","「バブル」オリジナル・サウンドトラック (Extra Track ver.)",2022-05-11,63,1,4,59,0,30,-4,C,4,6Vs70VrnqYWogia4mjq9z6,"TOY'S FACTORY",JPTF02213011,no
160,"2ndBUBBLE","Sawano Hiroyuki",120,6A,47,2023-02-20,05:29,17,"anime, soundtrack","Pop, Classical, Easy Listening","「バブル」オリジナル・サウンドトラック (Extra Track ver.)",2022-05-11,41,3,79,4,0,0,-13,G minor,4,4inldTBYYa9L2rsEjubmbP,"TOY'S FACTORY",JPTF02213013,no
161,"NE-SAMA","Sawano Hiroyuki",119,8A,18,2023-02-20,02:20,28,"anime, soundtrack","Pop, Classical, Easy Listening","「バブル」オリジナル・サウンドトラック (Extra Track ver.)",2022-05-11,23,20,70,4,0,0,-14,A minor,4,4K07Z19peYAwbLEHgV8Y8p,"TOY'S FACTORY",JPTF02213015,no
162,"BUBBLE-cho.","Sawano Hiroyuki",120,8B,31,2023-02-22,06:49,30,"anime, soundtrack","Pop, Classical, Easy Listening","「バブル」オリジナル・サウンドトラック (Extra Track ver.)",2022-05-11,45,79,95,4,0,0,-11,C,4,3Jr76YAkAv7D4fYjvaXpQb,"TOY'S FACTORY",JPTF02213016,no
163,"BUBBLE-outtake5","Sawano Hiroyuki",66,12B,32,2023-02-22,00:23,0,"anime, soundtrack","Pop, Classical, Easy Listening","「バブル」オリジナル・サウンドトラック (Extra Track ver.)",2022-05-11,31,97,0,3,0,0,-17,E,3,5oUzeXmfKMso4u1nk1ZXjU,"TOY'S FACTORY",JPTF02213106,no
164,"BUBBLE-outtake7","Sawano Hiroyuki",79,8A,28,2023-02-22,03:00,15,"anime, soundtrack","Pop, Classical, Easy Listening","「バブル」オリジナル・サウンドトラック (Extra Track ver.)",2022-05-11,13,88,97,3,0,10,-18,A minor,1,3pshtP4jQ6BUXf18v78HFX,"TOY'S FACTORY",JPTF02213108,no
165,"Roads to Ride","Sawano Hiroyuki",128,7B,39,2023-02-23,02:25,21,"anime, soundtrack","Pop, Classical, Easy Listening","群青のファンファーレ オリジナル・サウンドトラック",2022-06-08,40,44,1,22,0,10,-9,F,4,7bXY0BK9Ideh6AyBQ0LspM,"Aniplex Inc.",JPE302200595,no
166,"YouSee-Power","Sawano Hiroyuki",62,8A,35,2023-02-23,04:17,36,"anime, soundtrack","Pop, Classical, Easy Listening","Attack On Titan The Final Season Original Soundtrack 02",2022-06-22,22,20,93,9,0,10,-10,A minor,4,6fx2tRc1ez4qCPySzRRx1m,"PONY CANYON INC.",JPPC02211252,no
167,"走れ　佐助！　（meditation -wander　より）","Sawano Hiroyuki",84,5A,57,2023-02-25,00:26,0,"anime, soundtrack","Pop, Classical, Easy Listening","「戦国BASARA」Director's Special Edition 2",2013-07-02,59,13,94,100,0,30,-17,C minor,4,2OlsF5ZA7zbLix6S61vobi,"FlyingDog",JPG750900483,no
168,"It's Magic (with Percy Faith & His Orchestra)","Doris Day, Percy Faith & His Orchestra",81,7B,10,2023-02-27,03:25,7,"adult standards, big band, orchestral","Easy Listening, Jazz, Classical","With A Smile And A Song",2012-03-30,22,91,0,16,0,10,-14,F,4,6E8sSqoHXpxcVmART3Dpwq,"Masterworks",USSM15200640,no
169,"Little Girl Blue","Doris Day",85,1B,13,2023-02-27,04:48,6,"adult standards, big band","Easy Listening, Jazz","With A Smile And A Song",2012-03-30,21,96,1,4,0,0,-16,B,1,5v8Ni83qMPCsfXqhGDo88Q,"Masterworks",USSM11001393,no
170,"But Beautiful (with Paul Weston & His Music From Hollywood)","Doris Day, Paul Weston And His Orchestra",127,3B,7,2023-02-27,03:21,8,"adult standards, big band","Easy Listening, Jazz","With A Smile And A Song",2012-03-30,35,95,0,11,0,10,-17,C♯/D♭,3,1X2XrrIBUUBMZdES4mkHzt,"Masterworks",USSM10703412,no
171,"If You Were the Only Girl (with Paul Weston & His Orchestra & The Norman Luboff Choir)","Doris Day, Paul Weston And His Orchestra, The Norman Luboff Choir",104,6B,17,2023-04-29,02:56,9,"adult standards, big band, easy listening","Easy Listening, Jazz","By The Light Of The Silvery Moon (with Paul Weston & His Orchestra & The Norman Luboff Choir)",1953-04-01,28,98,0,10,0,40,-11,A#/B♭,3,3c7pFfC5UMBwhBaCcVXX1r,"Columbia/Legacy",USSM11602104,no
172,"I'll Forget You (with Paul Weston & His Orchestra & The Norman Luboff Choir)","Doris Day, Paul Weston And His Orchestra, The Norman Luboff Choir",124,3B,15,2023-04-29,03:01,6,"adult standards, big band, easy listening","Easy Listening, Jazz","By The Light Of The Silvery Moon (with Paul Weston & His Orchestra & The Norman Luboff Choir)",1953-04-01,27,94,0,14,0,10,-14,C♯/D♭,3,6O9d47GbZLVo3jf5nOwvEj,"Columbia/Legacy",USSM11403135,no
173,"I've Only Myself to Blame (with George Sirava and His Orchestra)","Doris Day, George Sirava and His Orchestra",81,9B,6,2023-04-29,03:21,11,"adult standards, big band","Easy Listening, Jazz","Young At Heart (Bonus Tracks)",1954-04-01,30,93,0,10,0,10,-17,G,5,1Yjqxv4J425DislgCq9gdp,"Columbia/Legacy",USSM10315437,no
174,"Never Look Back (with Percy Faith & His Orchestra)","Doris Day, Percy Faith & His Orchestra",114,8B,2,2023-05-19,02:25,8,"adult standards, big band, orchestral","Easy Listening, Jazz, Classical","Love Me Or Leave Me",1955-05-02,34,86,0,19,0,30,-23,C,3,0Dk6NCGZtKJPJIvsMhoLXp,"Legacy/Columbia",USSM10111680,no
175,"I Remember You (with Paul Weston & His Music From Hollywood)","Doris Day, Paul Weston And His Orchestra",172,10B,6,2023-05-19,04:02,6,"adult standards, big band","Easy Listening, Jazz","Day By Day (with Paul Weston & His Music From Hollywood)",1956-12-17,20,97,0,11,0,20,-17,D,3,2Idubf6S8XK2bTYQZe8v9i,"Columbia/Legacy",USSM10703411,no
176,"Gone With the Wind (with Paul Weston & His Music From Hollywood)","Doris Day, Paul Weston And His Orchestra",90,4B,7,2023-05-19,02:48,6,"adult standards, big band","Easy Listening, Jazz","Day By Day (with Paul Weston & His Music From Hollywood)",1956-12-17,29,96,0,16,0,10,-20,G#/A♭,4,51j5bB6eTXIXjq3s1NQ7e7,"Columbia/Legacy",USSM10703416,no
177,"I See Your Face Before Me (with Paul Weston & His Music From Hollywood)","Doris Day, Paul Weston And His Orchestra",119,4B,13,2023-07-11,03:30,16,"adult standards, big band","Easy Listening, Jazz","Day By Night (with Paul Weston & His Music From Hollywood)",1957-11-11,29,88,0,5,0,10,-16,G#/A♭,1,2E7BmybamQ6Dl5SbgADeIk,"Columbia/Legacy",USSM10903312,no
178,"The Night We Called It a Day (with Paul Weston & His Music From Hollywood)","Doris Day, Paul Weston And His Orchestra",87,6A,12,2023-07-11,02:59,15,"adult standards, big band","Easy Listening, Jazz","Day By Night (with Paul Weston & His Music From Hollywood)",1957-11-11,25,89,0,8,0,20,-18,G minor,3,4z5WIO1KaHiab8r0QPquDW,"Columbia/Legacy",USSM10903319,no
179,"Under a Blanket of Blue (with Paul Weston & His Music From Hollywood)","Doris Day, Paul Weston And His Orchestra",66,9B,6,2023-07-11,03:02,17,"adult standards, big band","Easy Listening, Jazz","Day By Night (with Paul Weston & His Music From Hollywood)",1957-11-11,35,94,0,15,0,10,-19,G,4,6Z19hWp496a19Us6tbVDWB,"Columbia/Legacy",USSM10903320,no
180,"Stars Fell On Alabama (with Paul Weston & His Music From Hollywood)","Doris Day, Paul Weston And His Orchestra",113,7B,6,2023-07-11,03:29,15,"adult standards, big band","Easy Listening, Jazz","Day By Night (with Paul Weston & His Music From Hollywood)",1957-11-11,32,89,0,17,0,0,-17,F,4,45Dr56jl8uL8WwjyTWAeM0,"Columbia/Legacy",USSM10310129,no
181,"Moonglow (with Paul Weston & His Music From Hollywood)","Doris Day, Paul Weston And His Orchestra",70,6B,8,2023-07-11,03:49,24,"adult standards, big band","Easy Listening, Jazz","Day By Night (with Paul Weston & His Music From Hollywood)",1957-11-11,24,92,0,13,0,10,-19,A#/B♭,3,3vy8zyP9ovPgUJXjHEIdin,"Columbia/Legacy",USSM10701427,no
182,"I Feel Like a Feather In the Breeze (with Frank DeVol & His Orchestra)","Doris Day, Frank DeVol & His Orchestra",71,4B,6,2023-08-14,03:07,1,"adult standards, big band, man's orchestra","Easy Listening, Jazz","Cuttin' Capers (with Frank DeVol & His Orchestra)",1959-03-09,57,63,0,18,0,20,-18,G#/A♭,4,3f0tD4BwYcxDIYakdtYwJX,"Columbia/Legacy",USSM10306907,no
183,"Mood Indigo","Doris Day",112,9B,7,2023-09-02,03:51,4,"adult standards, big band","Easy Listening, Jazz","What Every Girl Should Know",1960-04-01,32,97,0,7,0,10,-21,G,4,75Oe3usjxAvrhVTsCvwolI,"Columbia/Legacy",USSM15901073,no
184,"Not Only Should You Love Him","Doris Day",126,7B,6,2023-09-02,03:03,1,"adult standards, big band","Easy Listening, Jazz","What Every Girl Should Know",1960-04-01,31,97,0,9,0,10,-21,F,4,04356JdgQn8NOYjwfWNbwD,"Columbia/Legacy",USSM15901080,no
185,"The Everlasting Arms (with Norman Luboff Choir)","Doris Day, The Norman Luboff Choir",176,9B,5,2023-09-02,03:10,2,"adult standards, big band, easy listening","Easy Listening, Jazz","What Every Girl Should Know",1960-04-01,17,97,0,7,0,10,-24,G,5,5bC85kbtYp6etEZOibMcqi,"Columbia/Legacy",USSM15000184,no
186,"The Lilac Tree (Perspicacity) (with Jimmy Joyce & His Children's Chorus)","Doris Day, Jimmy Joyce & His Children's Chorus",130,6B,15,2023-10-12,02:01,3,"adult standards, big band","Easy Listening, Jazz","With A Smile And A Song",1960-07-11,65,94,0,59,0,10,-13,A#/B♭,4,2FkirSR7qdq07BCse7J29p,"Columbia/Legacy",USSM10301663,no
187,"Sleepy Baby (with Jimmy Joyce & His Children's Chorus)","Doris Day, Jimmy Joyce & His Children's Chorus",125,6B,9,2023-10-12,03:22,14,"adult standards, big band","Easy Listening, Jazz","With A Smile And A Song",1960-07-11,25,95,0,10,0,20,-21,A#/B♭,5,4WOsS3vzkoPPuWXHT8RO2K,"Columbia/Legacy",USSM10301667,no
188,"Happy Talk (with Neal Hefti & His Orchestra)","Doris Day, Neal Hefti & His Orchestra",82,9A,11,2023-10-12,03:02,12,"adult standards, big band, exotica","Easy Listening, Jazz","Bright & Shiny (with Neal Hefti & His Orchestra)",1961-03-20,67,85,0,52,0,10,-18,E minor,4,2XFpnKYOtxtPFI3MgYjeYU,"Columbia/Legacy",USSM10307536,no
189,"Make Someone Happy (with Neal Hefti & His Orchestra)","Doris Day, Neal Hefti & His Orchestra",82,10A,7,2023-10-12,03:26,5,"adult standards, big band, exotica","Easy Listening, Jazz","Bright & Shiny (with Neal Hefti & His Orchestra)",1961-03-20,22,90,0,11,0,10,-21,B minor,5,6pGTlhuhptUX3mng7j4PvN,"Columbia/Legacy",USSM10307537,no
190,"Stay With the Happy People (with Neal Hefti & His Orchestra)","Doris Day, Neal Hefti & His Orchestra",140,11B,11,2023-10-12,02:15,2,"adult standards, big band, exotica","Easy Listening, Jazz","Bright & Shiny (with Neal Hefti & His Orchestra)",1961-03-20,66,81,0,53,0,30,-17,A,4,2t7B20WC6EQ0Za8i1QXOyu,"Columbia/Legacy",USSM10307540,no
191,"We'll Love Again (with Frank DeVol & His Orchestra)","Doris Day, Frank DeVol & His Orchestra",92,10B,7,2023-10-20,04:15,4,"adult standards, big band, man's orchestra","Easy Listening, Jazz","I Have Dreamed",1961-04-01,18,97,5,4,0,20,-19,D,4,7COi8C1sLrkZIDz2k8Ys2X,"Columbia/Legacy",USSM11500912,no
192,"I Have Dreamed","Doris Day",80,5B,6,2023-10-20,03:12,7,"adult standards, big band","Easy Listening, Jazz","I Have Dreamed",1961-04-01,23,97,3,7,0,10,-21,D#/E♭,4,2654wHszBMcjS3swma0UGQ,"Columbia/Legacy",USSM10605774,no
193,"Someday I'll Find You","Doris Day",96,9B,5,2023-10-20,03:01,6,"adult standards, big band","Easy Listening, Jazz","I Have Dreamed",1961-04-01,24,97,0,5,0,10,-22,G,1,5oPSRaTQSj2LFh2v9Sops7,"Columbia/Legacy",USSM19913901,no
194,"Julie (with Leith Stevens & His Orchestra)","Doris Day, Leith Stevens And His Orchestra",137,9A,22,2023-10-20,02:10,5,"adult standards, big band","Easy Listening, Jazz","Wonderful Day (Bonus Track Version)",1961-11-21,26,75,0,30,0,30,-12,E minor,1,0DFYIX2N55WQ7USYO63tez,"Columbia/Legacy",USSM10301658,no
195,"A Perfect Understanding (with Frank DeVol & His Orchestra)","Doris Day, Frank DeVol & His Orchestra",92,9B,19,2023-10-20,02:30,4,"adult standards, big band, man's orchestra","Easy Listening, Jazz","Wonderful Day (Bonus Track Version)",1961-11-21,42,37,0,22,0,50,-13,G,4,6LapbOmx087HlAzw7AjI33,"Columbia/Legacy",USSM10301659,no
196,"Yes (with The André Previn Trio)","Doris Day, André Previn, André Previn Trio",121,7B,9,2023-11-12,03:26,5,"adult standards, big band, ballet, classical, orchestral, french jazz","Easy Listening, Jazz, Classical","Duet",1962-02-22,45,97,0,14,0,10,-18,F,4,2Wvoc4oaA1tLDSexYayvLb,"Columbia",USSM19927355,no
197,"Nobody's Heart (with The André Previn Trio)","Doris Day, André Previn, André Previn Trio",94,6B,7,2023-11-12,03:55,5,"adult standards, big band, ballet, classical, orchestral, french jazz","Easy Listening, Jazz, Classical","Duet",1962-02-22,42,96,0,11,0,0,-19,A#/B♭,3,15f5tPZRzDWjGTMMF3X0PD,"Columbia",USSM19927356,no
198,"Remind Me (with The André Previn Trio)","Doris Day, André Previn, André Previn Trio",164,9B,8,2023-11-12,04:01,5,"adult standards, big band, ballet, classical, orchestral, french jazz","Easy Listening, Jazz, Classical","Duet",1962-02-22,39,99,1,7,0,10,-18,G,4,3e3nWtP8N0zmldrlqzF21p,"Columbia",USSM19927357,no
199,"Who Are We to Say (Obey Your Heart) (with The André Previn Trio)","Doris Day, André Previn, André Previn Trio",42,6B,7,2023-11-12,03:02,4,"adult standards, big band, ballet, classical, orchestral, french jazz","Easy Listening, Jazz, Classical","Duet",1962-02-22,41,99,0,10,0,0,-19,A#/B♭,4,3aOyYEPJmI7cgFvn8TYT4F,"Columbia",USSM19927358,no
200,"Give Me Time (with The André Previn Trio)","Doris Day, André Previn, André Previn Trio",93,8B,9,2023-11-12,03:29,4,"adult standards, big band, ballet, classical, orchestral, french jazz","Easy Listening, Jazz, Classical","Duet",1962-02-22,44,98,0,15,0,0,-18,C,4,61MWWaaFTkavZGtwLZhSrM,"Columbia",USSM19927360,no
201,"Wait Till You See Him (with The André Previn Trio)","Doris Day, André Previn, André Previn Trio",93,5A,10,2023-11-12,03:05,4,"adult standards, big band, ballet, classical, orchestral, french jazz","Easy Listening, Jazz, Classical","Duet",1962-02-22,37,99,0,17,0,10,-17,C minor,1,3BhPeag1UtLMYXWM9h9Xse,"Columbia",USSM19927362,no
202,"My One and Only Love (with The André Previn Trio)","Doris Day, André Previn, André Previn Trio",96,4A,11,2023-11-12,03:40,15,"adult standards, big band, ballet, classical, orchestral, french jazz","Easy Listening, Jazz, Classical","Duet",1962-02-22,45,95,0,18,0,10,-17,F minor,4,3asFxSLuW6R5EdzW9jEXvt,"Columbia",USSM19927363,no
203,"Nearer My God to Thee","Doris Day",94,8B,2,2023-11-12,03:29,7,"adult standards, big band","Easy Listening, Jazz","You'll Never Walk Alone",1962-09-17,17,99,4,4,0,10,-25,C,1,3QLWXSxFBkvgXioOBRycLP,"Columbia/Legacy",USSM10703418,no
204,"Abide with Me","Doris Day",93,6B,2,2023-11-12,02:34,3,"adult standards, big band","Easy Listening, Jazz","You'll Never Walk Alone",1962-09-17,21,99,2,6,0,10,-24,A#/B♭,4,3rLgurA4kvHxULuzDBEFEP,"Columbia/Legacy",USSM10703420,no
205,"You'll Never Walk Alone","Doris Day",86,7B,1,2023-11-12,02:31,12,"adult standards, big band","Easy Listening, Jazz","You'll Never Walk Alone",1962-09-17,29,99,7,6,0,10,-21,F,5,4RksXNuuyRWWGd6jjO6svH,"Columbia/Legacy",USSM10703422,no
206,"Walk with Him","Doris Day",84,9B,3,2023-11-12,02:56,3,"adult standards, big band","Easy Listening, Jazz","You'll Never Walk Alone",1962-09-17,31,99,0,7,0,0,-20,G,3,52ihnYWSBmUpkVk66S6Kti,"Columbia/Legacy",USSM10703424,no
207,"Be Still and Know","Doris Day",96,6B,1,2023-11-12,03:10,2,"adult standards, big band","Easy Listening, Jazz","You'll Never Walk Alone",1962-09-17,24,99,1,7,0,10,-27,A#/B♭,1,7arCgYNU5pvEUvrifxyIbf,"Columbia/Legacy",USSM10703426,no
208,"I Need the Ever Hour","Doris Day",122,3B,3,2023-11-12,03:02,3,"adult standards, big band","Easy Listening, Jazz","You'll Never Walk Alone",1962-09-17,24,99,3,6,0,10,-28,C♯/D♭,3,3lzfW6HkIDZnpQHKzgHMoG,"Columbia/Legacy",USSM10703427,no
209,"Night Life","Doris Day",62,11B,32,2023-11-12,04:29,5,"adult standards, big band","Easy Listening, Jazz","Love Him",1963-12-16,32,93,0,15,0,30,-15,A,4,5c07mE13EN8wjIG6ldHSCx,"Legacy Recordings",USSM10903368,no
210,"Softly, As I Leave You","Doris Day",146,4B,11,2023-11-12,03:07,10,"adult standards, big band","Easy Listening, Jazz","Love Him",1963-12-16,24,96,1,13,0,30,-17,G#/A♭,4,7MNpOYN9Jq3ZFthjRmNINR,"Legacy Recordings",USSM10903427,no
211,"Lollipops and Roses","Doris Day",73,6A,13,2023-11-12,02:54,5,"adult standards, big band","Easy Listening, Jazz","Love Him",1963-12-16,25,96,1,9,0,50,-18,G minor,3,51x66qAlbZ3OgccWmHniYe,"Legacy Recordings",USSM10300097,no
212,"Love Him","Doris Day",103,7B,21,2023-11-12,02:19,6,"adult standards, big band","Easy Listening, Jazz","Love Him",1963-12-16,28,94,0,10,0,10,-14,F,3,5oWx5iSJvob3wgHCA0Hjuw,"Legacy Recordings",USSM10313536,no
213,"Let No Walls Divide","Doris Day",130,7B,29,2023-11-12,03:05,6,"adult standards, big band","Easy Listening, Jazz","The Doris Day Christmas Album",1964-09-14,25,86,0,7,0,20,-10,F,5,3XyLS3Y5Ea29nWUaPSKBey,"Columbia",USSM10311107,no
214,"Be Mine Tonight (Noche de Ronda)","Doris Day",94,7B,19,2023-11-18,03:23,22,"adult standards, big band","Easy Listening, Jazz","Latin For Lovers",1965-03-22,52,80,0,18,0,10,-17,F,4,0bubj5tMtKyZvDK4sRAeYI,"Columbia/Legacy",USSM10304839,no
215,"At Last","Doris Day",127,7B,16,2023-11-18,04:28,13,"adult standards, big band","Easy Listening, Jazz","Sentimental Journey",1965-04-01,34,94,0,10,0,30,-14,F,4,5izd5rsrLfOKQ5OUcije74,"Columbia/Legacy",USSM16400929,no
216,"I'll Never Smile Again","Doris Day",177,4B,11,2023-11-18,02:59,17,"adult standards, big band","Easy Listening, Jazz","Sentimental Journey",1965-04-01,22,95,0,7,0,30,-15,G#/A♭,3,4KdBR604ZOeCZvY8rA3i2N,"Columbia/Legacy",USSM16400933,no
217,"Serenade In Blue","Doris Day",121,6B,16,2023-11-18,03:06,15,"adult standards, big band","Easy Listening, Jazz","Sentimental Journey",1965-04-01,36,94,0,7,0,20,-14,A#/B♭,4,7LD9dxv6pfQDyE2gwUtfWA,"Columbia/Legacy",USSM16400935,no
218,"My Dream Is Yours (with George Sirava and His Orchestra)","Doris Day, George Sirava and His Orchestra",64,5B,2,2023-11-26,03:07,30,"adult standards, big band","Easy Listening, Jazz","A Day At The Movies",1978-01-01,30,99,17,12,0,10,-25,D#/E♭,3,20CGhtP2hjNaGS0EzjPTN7,"Columbia",USSM10028006,no
219,"When I Fall In Love (with Paul Weston & His Orchestra & The Norman Luboff Choir)","Doris Day, Paul Weston And His Orchestra, The Norman Luboff Choir",139,8B,8,2023-12-06,02:57,23,"adult standards, big band, easy listening","Easy Listening, Jazz","16 Most Requested Songs",1992-09-29,24,97,0,6,0,30,-15,C,1,3A2PFQdZdpKOWQQyH1tsOk,"Legacy/Columbia",USSM10025070,no
220,"Please Don't Eat The Daisies","Doris Day, Bill Marx & His Orchestra",172,7B,17,2023-12-06,02:18,18,"adult standards, big band","Easy Listening, Jazz","16 Most Requested Songs - Encore!",1993-06-22,60,84,0,95,0,20,-12,F,3,7nP2nupnlfxVCeODZT0PNi,"Columbia/Legacy",USSM16000025,no
221,"Medley: Romance In High C/Romance On The High Seas - Romance On The High Seas (1948)","Doris Day",79,6B,35,2023-12-06,01:50,0,"adult standards, big band","Easy Listening, Jazz","It's Magic, Doris Day: Her early years at Warner Bros.",1998-00-00,25,76,0,53,0,50,-9,A#/B♭,4,3gnoB9xgpKUZ5185ZsUUnL,"Sony Classical",USRHD0284746,no
222,"It's You Or No One (Ballad) - Romance On The High Seas (1948)","Doris Day",98,1B,22,2023-12-06,01:44,0,"adult standards, big band","Easy Listening, Jazz","It's Magic, Doris Day: Her early years at Warner Bros.",1998-00-00,27,93,0,20,0,20,-9,B,3,2hDzE5oNOgNoRvR3uBXxvA,"Sony Classical",UST1C0101388,no
223,"I'll String Along With You - My Dream Is Yours (1949)","Doris Day",107,9B,8,2023-12-06,02:08,0,"adult standards, big band","Easy Listening, Jazz","It's Magic, Doris Day: Her early years at Warner Bros.",1998-00-00,39,95,0,27,0,10,-18,G,5,6aMzglGBUjlaGIhpuC2914,"Sony Classical",UST1C0101299,no
224,"Blame My Absent-Minded Heart - It's A Great Feeling (Main Title)","Doris Day",94,8B,22,2023-12-07,04:08,0,"adult standards, big band","Easy Listening, Jazz","It's Magic, Doris Day: Her early years at Warner Bros.",1998-00-00,26,97,0,29,0,30,-14,C,4,2bV47t875ZK6VsQFLmk2t1,"Sony Classical",UST1C0100549,no
225,"There's Nothing Rougher Than Love - It's A Great Feeling (Main Title)","Doris Day",144,9B,40,2023-12-07,03:22,0,"adult standards, big band","Easy Listening, Jazz","It's Magic, Doris Day: Her early years at Warner Bros.",1998-00-00,39,93,0,46,0,60,-10,G,4,2Kfh12vA7G4x6XOJmMFxCN,"Sony Classical",UST1C0102289,no
226,"You'll Never Know (with Frank DeVol & His Orchestra)","Doris Day, Frank DeVol & His Orchestra",95,1B,11,2023-12-07,03:10,5,"adult standards, big band, man's orchestra","Easy Listening, Jazz","Essential Love Songs",2008-10-28,23,94,0,12,0,0,-17,B,3,42MLWWhd6qIQue7EqxcyZg,"Columbia",USSM10009557,no
227,"This Too Shall Pass Away (with Paul Weston & His Orchestra)","Doris Day, Paul Weston And His Orchestra",98,3B,8,2023-12-07,03:00,0,"adult standards, big band","Easy Listening, Jazz","Essential Love Songs",2008-10-28,34,94,0,16,0,0,-13,C♯/D♭,4,0KhGPWfJh3aSrfmnI8njVS,"Columbia",USSM10009556,no
228,"Let's Face the Music and Dance (with Frank DeVol & His Orchestra)","Doris Day, Frank DeVol & His Orchestra",124,9B,8,2023-12-07,03:08,1,"adult standards, big band, man's orchestra","Easy Listening, Jazz","Doris Day - 41 Hollywood Greats",2002-04-04,46,89,0,26,0,10,-14,G,4,7fnunEJPjKnohUqy1XKazv,"Columbia",USSM19924786,no
229,"Pretty Baby (with George Sirava and His Orchestra) - Version 2 - 45-RPM Issue","Doris Day, George Sirava and His Orchestra",73,9B,20,2023-12-07,03:01,2,"adult standards, big band","Easy Listening, Jazz","Doris Day - 41 Hollywood Greats",2002-04-04,53,93,0,34,0,10,-12,G,4,2zdkhPR86c0nElAYXZf2gV,"Columbia",USSM14700165,no
230,"The Party's Over (with Frank DeVol & His Orchestra)","Doris Day, Frank DeVol & His Orchestra",105,6B,11,2023-12-12,02:54,2,"adult standards, big band, man's orchestra","Easy Listening, Jazz","Doris Day - 41 Hollywood Greats",2002-04-04,34,82,0,16,0,0,-13,A#/B♭,3,3WF8GqK8wjNn3tLJevtWMS,"Columbia",USSM19924480,no
231,"Caprice - Stereo","Doris Day",85,5B,37,2023-12-13,02:32,1,"adult standards, big band","Easy Listening, Jazz","Doris Day: Her Life In Music",2004-04-01,27,72,0,31,0,30,-10,D#/E♭,5,3zN1J0nwU6Rx4MXALvpTGi,"Columbia",USSM10403194,no
232,"A Very Precious Love","Doris Day",73,1B,13,2023-12-13,03:01,24,"adult standards, big band","Easy Listening, Jazz","Doris Day: Her Life In Music",2004-04-01,16,80,0,6,0,20,-18,B,4,7GbiBzHOUNarUG6lij3Kv5,"Columbia",USSM10111468,no
233,"Why Can't I?","Doris Day, Martha Raye",90,2B,3,2023-12-13,02:50,0,"adult standards, big band, vocal jazz, ragtime","Easy Listening, Jazz","Doris Day: Her Life In Music",2004-04-01,36,98,0,19,0,10,-18,F#/G♭,1,4ShAIIrXa2Ai5xyQjRqffk,"Columbia",USSM10400657,no
234,"The Way We Were","Doris Day",65,7B,23,2023-12-13,02:51,16,"adult standards, big band","Easy Listening, Jazz","The Magic Of Doris Day",2008-10-22,23,88,0,18,0,10,-14,F,4,2CRfnLfqsZ97G6FQturlWn,"SONY BMG Catalog",GBARL0700005,no
235,"Landmine","Post Malone",172,4B,56,2023-12-19,03:04,47,"dfw rap, melodic rap, pop, rap","Hip Hop, Pop","AUSTIN (Bonus)",2023-08-02,32,4,0,21,0,10,-7,G#/A♭,4,6RFQBhkNheX5McADjusfjB,"Mercury Records/Republic Records",USUM72306024,no
236,"The Meaning","FKi 1st, Post Malone",144,10A,46,2023-12-19,03:45,44,"atl trap, dfw rap, melodic rap, pop, rap","Hip Hop, Pop","First Time For Everything (Part 1)",2016-05-20,68,9,0,57,0,0,-10,B minor,4,6BC5qv70s01qQpFyKSsuLV,"Mad Decent",USZ4V1600057,yes
237,"V12 (feat. Post Malone)","Rich The Kid, Post Malone",89,4B,58,2023-12-21,03:02,34,"trap, dfw rap, melodic rap, pop, rap","Hip Hop, Pop","BOSS MAN",2020-04-01,78,2,0,31,0,0,-7,G#/A♭,4,3zTrrB3W7uja1TDQjdBEmw,"Republic Records",USUM72005280,yes
238,"Kickin' Incredibly Dope Shit (Intro)","Mac Miller",150,8B,78,2023-12-27,03:23,0,"hip hop, pittsburgh rap, rap","Hip Hop","K.I.D.S. (Deluxe)",2010-08-13,48,4,0,76,40,20,-7,C,4,4rnQeJA7kseeSsEy2rINAh,"Rostrum Records",USA2P2015956,yes
239,"Kool Aid & Frozen Pizza","Mac Miller",90,1B,85,2023-12-27,02:37,0,"hip hop, pittsburgh rap, rap","Hip Hop","K.I.D.S. (Deluxe)",2010-08-13,66,15,0,71,30,20,-5,B,4,6CyRC2YCCoMsRYlQWgIHja,"Rostrum Records",USQY51782508,yes
240,"Back In The Day","Mac Miller",82,2B,64,2023-12-27,04:06,0,"hip hop, pittsburgh rap, rap","Hip Hop","K.I.D.S. (Deluxe)",2010-08-13,69,12,0,41,20,10,-8,F#/G♭,4,3l5r1zd9EWibbvOhBM8sQR,"Rostrum Records",USA2P2027913,yes
241,"Love Me As I Have Loved You","Mac Miller",139,5A,15,2024-01-01,01:15,0,"hip hop, pittsburgh rap, rap","Hip Hop","Macadelic",2012-03-23,37,77,0,32,0,70,-25,C minor,4,339RnREljheLS4Wmw7pQp2,"Rostrum Records",USA2P1829652,no
242,"Fight the Feeling (feat. Kendrick Lamar & Iman Omari)","Mac Miller, Kendrick Lamar, Iman Omari",148,10A,88,2024-01-01,05:01,1,"hip hop, pittsburgh rap, rap, west coast hip hop, indie r&b, alternative r&b","Hip Hop","Macadelic",2012-03-23,57,11,0,81,30,60,-6,B minor,4,0jFxJ1US3dmwQn7DJi269h,"Rostrum Records",USA2P1829656,yes
243,"1 Threw 8","Mac Miller",80,9B,67,2024-01-01,03:57,0,"hip hop, pittsburgh rap, rap","Hip Hop","Macadelic",2012-03-23,44,1,0,26,30,10,-8,G,4,7inyKQK7gsIV7clakU7brh,"Rostrum Records",USA2P1829658,yes
244,"The Festival (feat. Little Dragon)","Mac Miller, Little Dragon",134,3B,49,2024-01-04,04:38,52,"hip hop, pittsburgh rap, rap, trip hop","Hip Hop","GO:OD AM",2015-09-18,57,81,0,39,10,20,-8,C♯/D♭,4,1cMIaPv3DTyOGeNe2h6igm,"Warner Records",USWB11508652,yes
245,"Down the Rabbit Hole","Mac Miller",144,10B,78,2024-01-10,03:13,0,"hip hop, pittsburgh rap, rap","Hip Hop","Best Day Ever (5th Anniversary Remastered Edition)",2016-06-03,62,42,0,31,10,20,-6,D,4,5KXcUEtac1FKM2CxW3OL8A,"Rostrum Records",QZ3GT1600006,yes
246,"Hands","Mac Miller",75,8B,63,2024-01-22,03:19,44,"hip hop, pittsburgh rap, rap","Hip Hop","Circles (Deluxe)",2020-03-19,74,5,0,54,10,10,-9,C,4,2oiKD8bPHTYNyCfj2nafJL,"Warner Records",USWB11801006,yes
247,"Right","Mac Miller",83,7B,28,2024-01-22,04:47,63,"hip hop, pittsburgh rap, rap","Hip Hop","Circles (Deluxe)",2020-03-19,68,80,36,48,10,10,-14,F,4,165cwz4wGlGz0uDBhxdKLY,"Warner Records",USWB12000002,no
248,"Friends (feat. ScHoolboy Q)","Mac Miller, ScHoolboy Q",148,3B,68,2024-01-24,06:38,51,"hip hop, pittsburgh rap, rap, gangster rap, pop rap, southern hip hop, trap","Hip Hop, Pop","Faces",2021-10-15,56,15,0,37,20,60,-6,C♯/D♭,4,4CLf6A64qIzDHoP5lOonsP,"Warner Records",USWB12103312,yes
249,"Malibu","Mac Miller",78,11A,58,2024-01-24,03:31,51,"hip hop, pittsburgh rap, rap","Hip Hop","Faces",2021-10-15,59,14,0,23,10,10,-6,F#/G♭ minor,4,7x88A9fiVvMLGBTG6UMJa4,"Warner Records",USWB12103314,yes
250,"What Do You Do (feat. Sir Michael Rocks)","Mac Miller, Sir Michael Rocks",88,6B,72,2024-01-24,03:52,48,"hip hop, pittsburgh rap, rap, soul flow, underground hip hop","Hip Hop","Faces",2021-10-15,67,85,0,44,40,10,-6,A#/B♭,4,6HQC66NOPyXDy4TEoO6WDE,"Warner Records",USWB12103315,yes
251,"Polo Jeans (feat. Earl Sweatshirt)","Mac Miller, Earl Sweatshirt",147,3B,64,2024-01-24,03:31,53,"hip hop, pittsburgh rap, rap, experimental hip hop, alternative hip hop","Hip Hop","Faces",2021-10-15,73,49,0,58,40,30,-8,C♯/D♭,4,367HmvU5MpsWZdAJ3QbGlZ,"Warner Records",USWB12103318,yes
252,"Colors and Shapes","Mac Miller",142,6A,46,2024-01-24,05:31,51,"hip hop, pittsburgh rap, rap","Hip Hop","Faces",2021-10-15,65,52,9,40,0,20,-9,G minor,4,3o6d1KG4HJGWNCP08frPM8,"Warner Records",USWB12100108,yes
253,"Family First (feat. Talib Kweli)","Mac Miller, Talib Kweli",87,8B,80,2024-01-25,02:08,0,"hip hop, pittsburgh rap, rap, east coast hip hop, jazz rap","Hip Hop","I Love Life, Thank You",2022-07-22,69,69,0,75,20,0,-3,C,4,0S3aJEDYwgwe8XKtOWtI5R,"Rostrum Records",USA2P2212496,yes
254,"Camera","DJ Drama, FKi 1st, Post Malone, Lil Uzi Vert, Mac Miller",100,4A,48,2024-02-06,05:28,40,"southern hip hop, atl trap, dfw rap, melodic rap, pop, rap, rage rap, hip hop, pittsburgh rap","Hip Hop, Pop","Quality Street Music 2",2016-07-22,53,11,0,30,20,10,-8,F minor,4,0NQ5NV58Ag5DHh16656l8i,"eOne Music",USKO11601263,yes
255,"Genius","Mc Melodee, Mac Miller",100,10B,86,2024-02-06,03:00,42,"hip hop, pittsburgh rap, rap","Hip Hop","Check Out Melodee",2012-05-24,76,10,0,51,20,10,-9,D,4,7kaIn88Hw1UA054Xy3mdJR,"La Melodia records",QZBRF1845807,no
256,"Monday","EARTHGANG, Mac Miller",76,12A,49,2024-02-06,05:36,38,"atl hip hop, indie hip hop, psychedelic hip hop, rap, underground hip hop, hip hop, pittsburgh rap","Hip Hop","Torba",2015-03-31,68,51,0,83,40,30,-13,C♯/D♭ minor,4,1xSRhbrcNp5Nhfq3wLbNVP,"Spillage Village Records",USUYG1065853,yes
257,"Malcom Interlude","Thelonious Martin, Mac Miller",82,4A,56,2024-02-08,02:11,42,"soul flow, hip hop, pittsburgh rap, rap","Hip Hop","Wünderkid",2014-12-02,49,10,0,55,10,40,-8,F minor,4,6PQcT3UDWcO58RoEI33VpM,"The Home Team Music Group",USUYG1056235,yes
258,"Guild (feat. Mac Miller)","Earl Sweatshirt, Mac Miller",108,3B,27,2024-02-08,03:53,46,"experimental hip hop, alternative hip hop, hip hop, pittsburgh rap, rap","Hip Hop","Doris",2013-08-16,73,33,0,17,40,10,-16,C♯/D♭,4,7y6EHdn8KFJUD2F6zWNWhZ,"Tan Cressida/Columbia",USQX91301285,yes
259,"Chikanorexika","Árbol",92,4A,91,2024-02-13,03:51,37,"argentine rock","Rock","GUAU!",2005-01-01,68,16,0,88,0,0,-3,F minor,4,2Vm4Uy2fsUcyRjViraNRPH,"Surco",USUM70506633,no
260,"Paloma","Árbol",137,9B,62,2024-02-15,03:49,9,"argentine rock","Rock","Hormigas",2007-11-11,37,0,0,28,0,10,-4,G,4,4Ur5oxGfZXgB0Fk7NCwzcN,"Pop Art",ARF470700327,no
261,"Comme un coeur froid","Céline Dion",114,4B,51,2024-03-09,05:12,22,"variété française","Pop","Incognito",1987-04-02,59,56,0,51,0,0,-13,G#/A♭,4,4frkZfv060TF9P5eUEjW5x,"Columbia",CAC228700025,no
262,"Real Emotion","Céline Dion",98,4A,86,2024-04-01,04:25,32,"variété française","Pop","The Colour Of My Love",1993-11-09,63,4,0,80,0,20,-6,F minor,4,5bFt9A14TrFu1FQqQskzSl,"Columbia",CAC220003032,no
263,"La mémoire d'Abraham","Céline Dion",120,4B,15,2024-04-14,03:49,12,"variété française","Pop","D'Eux",1995-03-27,41,90,0,13,0,10,-12,G#/A♭,4,0AvmX6FCD7CXBxXi1ca0Un,"Columbia",CAC229500006,no
264,"J'attendais","Céline Dion",127,8B,20,2024-04-14,04:23,14,"variété française","Pop","D'Eux",1995-03-27,41,79,0,7,0,10,-14,C,4,3WjGs9JgOrN3uCX06glf4c,"Columbia",CAC229500011,no
265,"Vole","Céline Dion",113,12B,7,2024-04-14,02:56,17,"variété française","Pop","D'Eux",1995-03-27,32,89,0,9,0,0,-16,E,4,6OthNPtCybxL02z2V9o7Y8,"Columbia",CAC229500013,no
266,"Fly","Céline Dion",86,12B,13,2024-04-28,02:58,45,"variété française","Pop","Falling into You",1996-03-11,23,92,0,7,0,0,-17,E,1,0LsWdE6bcHILiIRfCytDJC,"Columbia",CAC229800157,no
267,"Where Is the Love","Céline Dion",153,9B,29,2024-05-04,04:55,45,"variété française","Pop","Let's Talk About Love",1997-11-14,42,64,0,11,0,10,-12,G,4,5IDjeYet2H8pc0p7EV2Hkz,"Columbia",CAC229700116,no
268,"Papillon","Céline Dion",80,4B,23,2024-05-26,04:01,29,"variété française","Pop","S'il suffisait d'aimer",1998-09-07,25,95,0,14,0,10,-12,G#/A♭,4,0JSzBZTyTnpUspm72KkBtf,"Columbia",CAC229800089,no
269,"O Holy Night","Céline Dion",77,9B,30,2024-06-03,05:20,48,"variété française","Pop","These are Special Times",1998-10-30,16,72,0,6,0,0,-9,G,4,5547x0ZawobhfSeh2QKAca,"Columbia",CAC229800213,no
270,"Ave Maria","Céline Dion",79,9B,19,2024-06-03,04:55,49,"variété française","Pop","These are Special Times",1998-10-30,26,89,0,7,0,10,-12,G,3,7v6DvsyQHmsQQhmVDmrnZg,"Columbia",CAC229800212,no
271,"Adeste Fideles (O Come All Ye Faithful)","Céline Dion",44,4B,27,2024-06-03,04:43,29,"variété française","Pop","These are Special Times",1998-10-30,25,79,0,9,0,10,-10,G#/A♭,4,6TMU5eYoP5ClfP27GVo1Hg,"Columbia",CAC229800223,no
272,"The Christmas Song (Chestnuts Roasting on an Open Fire)","Céline Dion",135,7B,21,2024-06-03,04:13,20,"variété française","Pop","These are Special Times",1998-10-30,28,84,0,10,0,0,-16,F,5,6yVEWpvsGAawrbBDZRrmmZ,"Columbia",CAC229800256,no
273,"Happy Xmas (War Is Over)","Céline Dion",172,5B,60,2024-06-03,04:14,47,"variété française","Pop","These are Special Times",1998-10-30,35,45,0,16,0,20,-5,D#/E♭,4,2ohR9Qj4TgZafZCptO9cly,"Columbia",CAC229800219,no
274,"Prayer","Céline Dion",139,7B,42,2024-07-21,05:33,40,"variété française","Pop","A New Day Has Come",2002-03-22,33,75,0,13,0,10,-8,F,4,2lyEpzvG4FYRceylNBlEug,"Columbia",CAC220200019,no
275,"At Last","Céline Dion",177,2B,41,2024-07-21,04:17,38,"variété française","Pop","A New Day Has Come",2002-03-22,40,35,0,23,0,10,-9,F#/G♭,3,3nAAhVDuy5n7laI8DzU4fD,"Columbia",CAC220200013,no
276,"A New Day Has Come","Céline Dion",119,2B,33,2024-07-21,05:41,61,"variété française","Pop","A New Day Has Come",2002-03-22,44,72,0,6,0,10,-10,F#/G♭,3,6LefIBy3hzTN6Yd1m81gpC,"Columbia",CAC220100155,no
277,"Miracle","Céline Dion",126,2B,25,2024-08-01,03:37,34,"variété française","Pop","Miracle",2004-10-11,32,85,0,15,0,10,-11,F#/G♭,4,786KWDemdMma8tZKYoHY4w,"Columbia",CAC220400136,no
278,"Tant de Temps - duo Henri Salvador","Céline Dion, Henri Salvador",114,9A,26,2024-08-03,04:05,26,"variété française, french jazz, chanson, french pop","Pop","Sans attendre",2012-11-02,31,89,0,8,0,10,-10,E minor,4,1Mb7jvNzGEptesBN8bwRmZ,"Columbia",CAC221200008,no
279,"Lying Down","Céline Dion",75,2A,50,2024-08-11,03:58,47,"variété française","Pop","Courage (Deluxe Edition)",2019-11-15,45,34,0,16,0,20,-6,D#/E♭ minor,4,3RcmQ6DdLqwp38tFsWx0mj,"Columbia",CAC221900019,no
280,"Ashes - Riddler Remix Radio Edit","Céline Dion, Riddler",120,4B,83,2024-08-17,03:34,27,"variété française, aor, arena rock","Pop","Ashes (Riddler Remix Radio Edit)",2018-08-03,64,1,0,31,0,10,-5,G#/A♭,4,693dyscDUPyQvoLglbsQhZ,"Columbia",CAC221800025,no
281,"SCOOP (feat. Doja Cat)","Lil Nas X, Doja Cat",164,2B,53,2024-08-21,02:54,57,"lgbtq+ hip hop, dance pop, pop","Electronic, Pop","MONTERO",2021-09-17,84,4,0,58,10,10,-8,F#/G♭,4,6bpq1jGkVz66Q3LYeoXdjZ,"Columbia",USSM12105734,yes
282,"THE ART OF REALIZATION","Lil Nas X",110,3A,46,2024-08-21,00:24,7,"lgbtq+ hip hop","","MONTERO",2021-09-17,52,91,0,29,50,40,-19,A#/B♭ minor,4,1BMu5TWvalAGpi5jlhFEBb,"Columbia",USSM12105733,no
283,"Bring U Down","Lil Nas X",120,8A,51,2024-08-27,02:11,43,"lgbtq+ hip hop","","7",2019-06-21,68,8,0,48,0,10,-7,A minor,4,3fsH9s00dbn9mSgUu7Yi9D,"Columbia",USSM11903952,no
284,"サヨナラ (Remaster)","Bonjour Suzuki",187,11A,89,2024-09-01,04:16,4,"shibuya-kei","Electronic, Pop","Lollipopシンドローム (Remaster)",2017-08-09,36,0,0,52,0,0,-6,F#/G♭ minor,4,4QfN3Ovkvp6HzTw2VN3lhn,"2.5D PRODUCTION",JPS809919158,no
285,"甘い声でちくっとして (Remaster)","Bonjour Suzuki",122,9B,92,2024-09-01,05:07,4,"shibuya-kei","Electronic, Pop","さよなら。また来世で (Remaster)",2017-08-09,67,26,0,57,0,10,-5,G,4,2cshKPdTKcKmfsvNVkLKl7,"2.5D PRODUCTION",JPS809919142,no
286,"キミと恋したいのです (Remaster)","Bonjour Suzuki",112,2B,94,2024-09-01,04:40,8,"shibuya-kei","Electronic, Pop","さよなら。また来世で (Remaster)",2017-08-09,57,3,0,41,0,40,-6,F#/G♭,4,5p0j7NJVaycESnQ95MRINq,"2.5D PRODUCTION",JPS809919146,no
287,"Je ne sais pas pourquoi (Remaster)","Bonjour Suzuki",166,12B,85,2024-09-02,03:42,2,"shibuya-kei","Electronic, Pop","さよなら。また来世で (Remaster)",2017-08-09,46,0,0,22,0,50,-9,E,4,7FgHbhfhDWsNLh5gCHhYQc,"2.5D PRODUCTION",JPS809919150,no
288,"木曜日、移動遊園地 (Remaster)","Bonjour Suzuki",83,5A,66,2024-09-04,04:20,3,"shibuya-kei","Electronic, Pop","私こぶたちっく (Remaster)",2017-08-09,55,9,0,83,10,30,-8,C minor,4,17C4zXjbzT4ZoLfb6t3Ibp,"2.5D PRODUCTION",JPS809918857,no
289,"Pipo Password","TeddyLoid, Bonjour Suzuki",180,12B,95,2024-09-05,04:25,27,"vocaloid, shibuya-kei","Electronic, Pop","Pipo Password",2016-06-22,41,29,0,44,10,0,-1,E,4,4MxL1VijbxrUGBu39TgzMY,"FlyingDog",JPVI01610390,no
290,"Sleeping Forest feat. Bonjour Suzuki - French Touch Remix","TeddyLoid, Bonjour Suzuki",118,4B,98,2024-09-05,04:00,2,"vocaloid, shibuya-kei","Electronic, Pop","Silent Planet 2 Ep Vol. 2 feat. Bonjour Suzuki",2016-09-16,59,1,0,59,20,0,0,G#/A♭,4,5u0U2Xc95e87Y3h3LRthVU,"KING RECORDS",JPKI01616760,no
291,"Pipo Password (Bonjour Suzuki Fuwa Fuwa Remix)","TeddyLoid, Bonjour Suzuki",97,12B,90,2024-09-05,04:14,2,"vocaloid, shibuya-kei","Electronic, Pop","Silent Planet 2 Ep Vol. 2 feat. Bonjour Suzuki",2016-09-16,30,8,0,30,10,10,-3,E,4,3CBUQiROMzrGtscsHf5xYl,"KING RECORDS",JPKI01616762,no
292,"Tomato Soup - Instrumental","Nakanojojo, Bonjour Suzuki",170,1A,86,2024-09-05,03:33,0,"future bass, shibuya-kei","Electronic, Pop","Tomato Soup",2019-10-04,59,3,92,40,0,0,-8,G#/A♭ minor,4,2vABpuCFjqxZoZMfgMov56,"Nakanojojo & Friends",TCJPJ1974033,no
293,"Ici - instrumental","Bonjour Suzuki",124,9B,80,2024-09-05,03:17,0,"shibuya-kei","Electronic, Pop","Ici",2021-03-03,60,0,29,32,0,30,-9,G,4,22VqLOahvsBYrXnqISUxgb,"FABTONE Inc.",JPV752004029,no
294,"Pipo Password（Luluco on SILENT PLANET Remix）","TeddyLoid, Bonjour Suzuki",128,12A,96,2024-09-05,04:41,8,"vocaloid, shibuya-kei","Electronic, Pop","Pipo Password",2016-06-22,61,1,0,70,0,0,-1,C♯/D♭ minor,4,5QiHTk4dBPd7VeZA3j35WJ,"FlyingDog",JPVI01610410,no
295,"It Had To Be You","Billie Holiday",66,4B,12,2024-11-27,04:03,46,"jazz, vocal jazz, big band, swing music","Jazz","Music For Torching",1955-01-01,45,69,0,33,0,10,-12,G#/A♭,4,1l3tnchl5noYMXhMjjTvhf,"Verve Reissues",USPR35500125,no
296,"Some Other Spring","Billie Holiday",91,3A,15,2024-11-28,03:35,26,"jazz, vocal jazz, big band, swing music","Jazz","Lady Sings The Blues",1956-01-01,40,97,0,14,0,10,-14,A#/B♭ minor,3,5f2pQGEkGP9deaYwuzCgAF,"Verve Reissues",USF095625410,no
297,"God Bless The Child","Billie Holiday",138,4B,16,2024-11-28,03:58,35,"jazz, vocal jazz, big band, swing music","Jazz","Lady Sings The Blues",1956-01-01,48,96,0,32,0,10,-13,G#/A♭,4,6rX7Rgi2O5csTzLan7rL0c,"Verve Reissues",USPR35600064,no
298,"I Thought About You","Billie Holiday",81,6B,4,2024-11-28,02:46,25,"jazz, vocal jazz, big band, swing music","Jazz","Lady Sings The Blues",1956-01-01,45,98,0,17,0,10,-18,A#/B♭,4,3j3OqS6eOAepLwcCgXsz5h,"Verve Reissues",USF095425100,no
299,"You Go To My Head","Billie Holiday",68,4B,10,2024-12-03,02:54,55,"jazz, vocal jazz, big band, swing music","Jazz","Solitude",1956-01-01,55,99,0,21,0,10,-16,G#/A♭,4,78MIFwIW5oUNdaL6Sj8hTB,"Verve Reissues",USPR35200097,no
300,"You Turned The Tables On Me","Billie Holiday",82,8B,10,2024-12-03,03:26,47,"jazz, vocal jazz, big band, swing music","Jazz","Solitude",1956-01-01,58,99,0,36,0,10,-14,C,4,1Aa2phci2wSI0PWyoESUJA,"Verve Reissues",USPR35200098,no
301,"Easy To Love","Billie Holiday",134,4A,16,2024-12-03,02:59,46,"jazz, vocal jazz, big band, swing music","Jazz","Solitude",1956-01-01,61,98,0,49,0,10,-14,F minor,3,5FVAdaE6kYzs49jpQviM05,"Verve Reissues",USF095225380,no
302,"Solitude","Billie Holiday",98,4B,15,2024-12-03,03:27,67,"jazz, vocal jazz, big band, swing music","Jazz","Solitude",1956-01-01,46,98,0,19,0,10,-14,G#/A♭,3,30QD4VRP9yEneOh0eGTrtJ,"Verve Reissues",USPR35200072,no
303,"Everything I Have Is Yours - 10'' Version","Billie Holiday",75,6B,9,2024-12-07,03:44,33,"jazz, vocal jazz, big band, swing music","Jazz","Solitude",1956-01-01,50,98,0,28,0,10,-13,A#/B♭,3,7klsJBCrYh6iX2sYqz4ZaQ,"Verve Reissues",USGR10201146,no
304,"You Better Go Now","Billie Holiday",77,6A,20,2024-12-07,02:32,29,"jazz, vocal jazz, big band, swing music","Jazz","The Lady Sings",1956-01-01,45,97,0,42,0,10,-15,G minor,1,1Yet22lDcDMLA087llhmv3,"Verve Reissues",USMC14573008,no
305,"I'll Look Around","Billie Holiday",70,8B,9,2024-12-08,03:15,53,"jazz, vocal jazz, big band, swing music","Jazz","The Lady Sings",1956-01-01,44,98,0,32,0,10,-17,C,4,1wAURZCIA0k5RNwaJN3dH3,"Verve Reissues",USMC14673498,no
306,"What's New","Billie Holiday",67,3A,9,2024-12-15,04:18,18,"jazz, vocal jazz, big band, swing music","Jazz","Velvet Mood",1956-01-01,50,91,0,14,0,10,-15,A#/B♭ minor,4,3AR5oK5rzi6wr7Br7UPshj,"Verve Reissues",USPR35500124,no
307,"How Am I To Know?","Billie Holiday",133,8B,8,2024-12-17,02:44,29,"jazz, vocal jazz, big band, swing music","Jazz","Billie Holiday",1957-01-01,35,99,7,14,0,10,-16,C,4,3oLhPSpYjNg8zfWiHlc9y2,"Verve Reissues",USMC14448341,no
308,"Embraceable You","Billie Holiday",178,2A,9,2024-12-18,06:45,36,"jazz, vocal jazz, big band, swing music","Jazz","Body and Soul",1957-01-01,40,75,0,21,0,10,-16,D#/E♭ minor,3,6gMSKtyc2OXAh7qvMoMVKs,"Verve Reissues",USPR35700086,no
309,"Comes Love - False Start / Take 3","Billie Holiday",79,6B,21,2024-12-18,00:20,0,"jazz, vocal jazz, big band, swing music","Jazz","Body and Soul",1957-01-01,75,40,0,0,30,10,-18,A#/B♭,3,2J4zf0ChHA4V63oZXjkkYf,"Verve Reissues",USGR10111038,no
310,"Do Nothin' Till You Hear From Me - 1956 Version","Billie Holiday",135,5A,23,2024-12-28,04:16,2,"jazz, vocal jazz, big band, swing music","Jazz","All Or Nothing At All",1958-01-01,57,79,0,38,0,20,-12,C minor,4,7ueJIjtiVTKmYmDpvQokdG,"Verve Reissues",USPR35602792,no
311,"Ill Wind","Billie Holiday",124,10B,13,2024-12-28,06:18,0,"jazz, vocal jazz, big band, swing music","Jazz","All Or Nothing At All",1958-01-01,55,98,0,19,0,10,-14,D,4,4hPJ9QCAz1vO1YNi5PV77x,"Verve Reissues",USPR35600078,no
312,"Sophisticated Lady","Billie Holiday",179,1B,11,2024-12-28,04:52,0,"jazz, vocal jazz, big band, swing music","Jazz","All Or Nothing At All",1958-01-01,43,95,0,16,0,10,-16,B,3,6optFj94CpC71LGxwld1Lf,"Verve Reissues",USPR35600053,no
313,"April In Paris","Billie Holiday",75,8B,13,2024-12-28,03:05,5,"jazz, vocal jazz, big band, swing music","Jazz","All Or Nothing At All",1958-01-01,50,93,0,21,0,10,-14,C,4,34zhjduFdQFhkRUJ230h9T,"Verve Reissues",USPR35600073,no
314,"You're My Thrill","Billie Holiday",79,11B,23,2024-12-31,03:24,32,"jazz, vocal jazz, big band, swing music","Jazz","Lover Man",1958-01-01,28,61,0,12,0,20,-14,A,4,3qligHT0ZCI1a9MoCcIjwP,"Verve Reissues",USMC14975421,no
315,"Weep No More","Billie Holiday, The Stardusters",115,6B,6,2024-12-31,03:21,25,"jazz, vocal jazz, big band, swing music","Jazz","Lover Man",1958-01-01,54,98,0,21,0,10,-18,A#/B♭,3,4UZpWrfWMhvf4RRiJtvSLQ,"Verve Reissues",USMC14874650,no
316,"There Is No Greater Love","Billie Holiday",108,7A,5,2024-12-31,02:59,39,"jazz, vocal jazz, big band, swing music","Jazz","Lover Man",1958-01-01,46,98,0,19,0,0,-17,D minor,1,2fSlY7Sv6ZKcTOkp1ki9xL,"Verve Reissues",USMC14773793,no
317,"Everything Happens To Me","Billie Holiday",179,5A,13,2025-01-01,06:21,17,"jazz, vocal jazz, big band, swing music","Jazz","Stay With Me",1958-01-01,43,95,0,22,0,0,-16,C minor,3,4D8XXlckg2OTG1qt96sjqM,"Verve Reissues",USPR35502408,no
318,"You Don't Know What Love Is","Billie Holiday",86,8A,25,2025-01-12,03:50,35,"jazz, vocal jazz, big band, swing music","Jazz","Lady In Satin",1958-06,22,82,0,8,0,30,-15,A minor,3,5UPJdlkMWG2G2UwTfGSjOe,"OKEH",USSM15800229,no
319,"For All We Know","Billie Holiday",107,7B,19,2025-01-12,02:55,27,"jazz, vocal jazz, big band, swing music","Jazz","Lady In Satin",1958-06,27,76,0,19,0,20,-18,F,3,07Tc9WvSJBx5Y6I9VXQVJD,"OKEH",USSM15800231,no
320,"Violets for Your Furs","Billie Holiday",173,6B,20,2025-01-12,03:26,26,"jazz, vocal jazz, big band, swing music","Jazz","Lady In Satin",1958-06,26,78,0,33,0,30,-18,A#/B♭,3,78bQ9c4Cu0FFrQXYUVJ41z,"OKEH",USSM15800232,no
321,"It's Easy to Remember","Billie Holiday",114,9B,17,2025-01-12,04:03,25,"jazz, vocal jazz, big band, swing music","Jazz","Lady In Satin",1958-06,31,67,0,36,0,30,-19,G,4,302SryqDEpWkEFiHJFn3wF,"OKEH",USSM15800234,no
322,"Glad to Be Unhappy","Billie Holiday",71,5B,27,2025-01-12,04:08,25,"jazz, vocal jazz, big band, swing music","Jazz","Lady In Satin",1958-06,29,48,0,36,0,20,-18,D#/E♭,3,0e3JeTAg6R4C659PjpMDCR,"OKEH",USSM15800236,no
323,"I'll Be Around","Billie Holiday",73,6A,20,2025-01-12,03:25,24,"jazz, vocal jazz, big band, swing music","Jazz","Lady In Satin",1958-06,28,88,0,21,0,0,-17,G minor,4,26jR40IsdTesLrckDVGm18,"OKEH",USSM15800237,no
324,"I'll Be Around - Takes 1 & 2","Billie Holiday",68,6B,28,2025-01-13,03:55,3,"jazz, vocal jazz, big band, swing music","Jazz","Lady In Satin: The Centennial Edition",1958-06,19,94,1,15,0,20,-13,A#/B♭,5,4BQOi37ET0JJZ9XUzuA0rI,"OKEH",USSM11500351,no
325,"I'll Be Around - Takes 3 & 4","Billie Holiday",92,6A,24,2025-01-13,06:29,3,"jazz, vocal jazz, big band, swing music","Jazz","Lady In Satin: The Centennial Edition",1958-06,29,94,0,11,0,10,-14,G minor,3,2UNtgeQYaqZIWedboq8uqg,"OKEH",USSM11500352,no
326,"But Beautiful - Take 1","Billie Holiday",106,6B,27,2025-01-13,01:03,3,"jazz, vocal jazz, big band, swing music","Jazz","Lady In Satin: The Centennial Edition",1958-06,35,84,0,48,0,30,-17,A#/B♭,4,7zKx4kKfGwan5gPybMg27F,"OKEH",USSM11500354,no
327,"For All We Know - Take 1","Billie Holiday",170,6B,32,2025-01-13,03:19,3,"jazz, vocal jazz, big band, swing music","Jazz","Lady In Satin: The Centennial Edition",1958-06,21,93,1,14,0,10,-11,A#/B♭,1,4SSg25sKUUSGILoRGOXbeY,"OKEH",USSM11500355,no
328,"For All We Know - Take 2","Billie Holiday",76,6B,35,2025-01-13,03:09,2,"jazz, vocal jazz, big band, swing music","Jazz","Lady In Satin: The Centennial Edition",1958-06,21,93,1,21,0,0,-10,A#/B♭,1,71TwPjpuOOqWhcoQriCXx0,"OKEH",USSM11500356,no
329,"It's Easy to Remember - Takes 3-7","Billie Holiday",141,9B,21,2025-01-13,04:24,2,"jazz, vocal jazz, big band, swing music","Jazz","Lady In Satin: The Centennial Edition",1958-06,31,87,0,14,0,40,-16,G,5,6WMcojfYYdnyp1Amax2qyG,"OKEH",USSM11500359,no
330,"The End of a Love Affair - Takes 1-4","Billie Holiday",67,6B,30,2025-01-13,08:09,2,"jazz, vocal jazz, big band, swing music","Jazz","Lady In Satin: The Centennial Edition",1958-06,16,87,7,25,0,30,-14,A#/B♭,4,69hkDhyKJAM8ity3NhkCKs,"OKEH",USSM11500362,no
331,"The End of a Love Affair - Composite Takes 1-4","Billie Holiday",81,6B,30,2025-01-14,05:14,2,"jazz, vocal jazz, big band, swing music","Jazz","Lady In Satin: The Centennial Edition",1958-06,30,78,0,32,0,50,-13,A#/B♭,4,06k9trSrMxUZKNYQrPZ1wv,"OKEH",USSM11500363,no
332,"Glad to Be Unhappy - Take 3","Billie Holiday",61,6B,40,2025-01-14,04:16,2,"jazz, vocal jazz, big band, swing music","Jazz","Lady In Satin: The Centennial Edition",1958-06,18,88,1,30,0,20,-10,A#/B♭,3,0pcYMGpRFoOKR9D7njyybM,"OKEH",USSM11500367,no
333,"Glad to Be Unhappy - Takes 4-7","Billie Holiday",93,6B,36,2025-01-14,04:01,2,"jazz, vocal jazz, big band, swing music","Jazz","Lady In Satin: The Centennial Edition",1958-06,28,86,0,22,0,20,-11,A#/B♭,4,0VXBgkBwPl4mr5v5IvAC0X,"OKEH",USSM11500368,no
334,"I Get Along Without You Very Well - Take 5","Billie Holiday",84,5B,41,2025-01-14,03:12,2,"jazz, vocal jazz, big band, swing music","Jazz","Lady In Satin: The Centennial Edition",1958-06,29,87,0,31,0,10,-10,D#/E♭,3,2FMv6TD627S8wAfJngbudC,"OKEH",USSM11500372,no
335,"Violets for Your Furs - Takes 1-3","Billie Holiday",101,7B,33,2025-01-14,02:56,2,"jazz, vocal jazz, big band, swing music","Jazz","Lady In Satin: The Centennial Edition",1958-06,24,93,2,8,0,20,-19,F,3,10iOtEtCwXf4XtYXincsx8,"OKEH",USSM11500373,no
336,"Don't Worry 'Bout Me","Billie Holiday",83,8B,10,2025-01-18,03:10,17,"jazz, vocal jazz, big band, swing music","Jazz","Billie Holiday With Ray Ellis And His Orchestra",1959-07-01,40,87,0,27,0,10,-14,C,3,6yATBI99X6dbZBHGLJj5y9,"Verve Reissues",USF095925560,no
337,"All The Way","Billie Holiday, Ray Ellis And His Orchestra",57,6B,21,2025-01-18,03:25,19,"jazz, vocal jazz, big band, swing music","Jazz","Billie Holiday With Ray Ellis And His Orchestra",1959-07-01,37,79,0,14,0,10,-12,A#/B♭,4,4sohe3KjwoCYQDbEaC81cd,"Verve Reissues",USF095925570,no
338,"Just One More Chance","Billie Holiday, Ray Ellis And His Orchestra",172,7A,20,2025-01-18,03:46,22,"jazz, vocal jazz, big band, swing music","Jazz","Billie Holiday With Ray Ellis And His Orchestra",1959-07-01,26,61,0,17,0,10,-12,D minor,3,3dIDtJyRMqwEgTYmRqW5DM,"Verve Reissues",USF095925580,no
339,"It's Not For Me To Say","Billie Holiday",106,8B,13,2025-01-18,02:28,16,"jazz, vocal jazz, big band, swing music","Jazz","Billie Holiday With Ray Ellis And His Orchestra",1959-07-01,29,77,0,10,0,30,-13,C,4,4vJdaiRxvXSOaEw6SYhSQG,"Verve Reissues",USF095925590,no
340,"I'll Never Smile Again","Billie Holiday, Ray Ellis And His Orchestra",179,4B,15,2025-01-18,03:26,16,"jazz, vocal jazz, big band, swing music","Jazz","Billie Holiday With Ray Ellis And His Orchestra",1959-07-01,18,79,1,27,0,10,-14,G#/A♭,3,1LRVJ8JbOWeSZZwmOMaMH0,"Verve Reissues",USF095925600,no
341,"Be Fair To Me","Billie Holiday",67,8B,27,2025-01-25,02:34,10,"jazz, vocal jazz, big band, swing music","Jazz","Lady Love (Billie's Blues)",1962-01-01,47,98,1,33,10,10,-13,C,4,2u8MfBNvnKfA5RGLPnBd1Q,"CM BLUE NOTE (A92)",USBN28800034,no
342,"Detour Ahead","Billie Holiday",72,4B,7,2025-01-25,03:02,9,"jazz, vocal jazz, big band, swing music","Jazz","Lady Love (Billie's Blues)",1962-01-01,52,98,0,38,0,10,-16,G#/A♭,3,1RZFk00UmFELcOSQfHo8pA,"CM BLUE NOTE (A92)",USBN28800040,no
343,"Niagara Falls","The Weeknd",97,11A,56,2025-02-14,04:37,74,"canadian contemporary r&b, canadian pop, pop","R&B, Pop","Hurry Up Tomorrow",2025-01-31,57,7,0,18,0,10,-7,F#/G♭ minor,4,2v0AG62ZHtD3I4YmTb3WYM,"XO / Republic Records",USUG12501139,yes
344,"Big Sleep (feat. Giorgio Moroder)","The Weeknd, Giorgio Moroder",109,5A,34,2025-02-14,03:45,61,"canadian contemporary r&b, canadian pop, pop, italo disco, disco","R&B, Pop","Hurry Up Tomorrow",2025-01-31,32,47,0,17,0,40,-10,C minor,4,4sWQbsLLH2NEbO79DSZCL9,"XO / Republic Records",USUG12501141,no
345,"Some Gave All","Billy Ray Cyrus",122,9B,30,2025-02-16,04:05,10,"country rock","Country, Rock","Some Gave All",1992-01-01,63,4,0,23,0,0,-14,G,4,6SNeggqvsGIHx8tK33t3SG,"Island Mercury",USPG19290121,no
346,"One Last Thrill","Billy Ray Cyrus",113,7B,27,2025-02-18,03:38,17,"country rock","Country, Rock","Storm In The Heartland",1994-01-01,63,44,0,32,0,0,-12,F,4,1m6TUGfgKAYwkEZw6XuCdx,"Island Mercury",USPR39402494,no
347,"I Love You This Much","Billy Ray Cyrus",128,1B,43,2025-02-20,03:30,7,"country rock","Country, Rock","The Other Side",2003-10-28,56,35,0,23,0,20,-9,B,4,6oZ1bkmWvaV5Ie5zt5Wchr,"Word",USWR60300965,no
348,"The Other Side","Billy Ray Cyrus",102,10B,61,2025-02-20,03:58,5,"country rock","Country, Rock","The Other Side",2003-10-28,63,3,0,56,0,20,-10,D,4,7lblHAIz0OugvGOGcUvV6I,"Word",USWR60300958,no
349,"Give My Heart To You","Billy Ray Cyrus",128,10B,39,2025-02-23,03:47,12,"country rock","Country, Rock","The Definitive Collection",2004-01-01,57,19,0,19,0,10,-11,D,4,1WbfoKQ83tzVBugrxc95dB,"Mercury Nashville",USMR19889212,no
350,"You Can't Lose Me","Billy Ray Cyrus",102,8A,80,2025-02-24,04:00,8,"country rock","Country, Rock","Home At Last",2007-10-09,51,1,0,52,0,0,-6,A minor,4,5S6sXKn549KyXQgCJYU3fD,"Walt Disney Records",USWD10732367,no
351,"My Everything","Billy Ray Cyrus",143,10B,44,2025-02-24,03:28,8,"country rock","Country, Rock","Home At Last",2007-10-09,47,27,0,32,0,10,-8,D,3,5DsR5btsZQkZsMiFzwPAEU,"Walt Disney Records",USWD10732007,no
352,"I Am Here Now","Billy Ray Cyrus",98,11B,28,2025-03-08,03:28,4,"country rock","Country, Rock","Love Songs",2008-01-01,59,71,0,17,0,10,-12,A,4,7EKr23KygvwIerEPKVUZyH,"Mercury Nashville",USMR19607250,no
353,"That's What Daddys Do","Billy Ray Cyrus",79,5B,55,2025-03-28,04:08,3,"country rock","Country, Rock","Change My Mind (Deluxe Edition)",2016-09-09,48,17,3,31,0,10,-8,D#/E♭,4,34eSSe0ddmwkRNcjjHttR4,"BCM",QMFMG1590998,no
354,"Two Little Words","Kristin Chenoweth, Gregory Harrison, Daniel McDonald, Karen Ziemba, Adam Pelty, Steel Pier Ensemble",108,9B,26,2025-04-09,04:10,8,"musicals","Classical, Easy Listening, Pop","Steel Pier (Original Broadway Cast Recording)",1997-07-29,43,92,0,27,0,10,-11,G,3,4osfReC5RUfowOvGSfeOoD,"Masterworks Broadway",USBC19704644,no
355,"The Rose Of Laura Nyro","Elton John, Brandi Carlile",147,6B,85,2025-04-10,06:39,20,"glam rock, mellow gold, piano rock, rock, folk, americana","Rock","Who Believes In Angels?",2025-04-04,24,0,0,31,0,0,-5,A#/B♭,4,5Pgii9kvikuOEKGe9FCUrl,"EMI",GBUM72401774,no
356,"Worry","Billy Ray Cyrus",104,11B,32,2025-04-15,04:27,2,"country rock","Country, Rock","Set The Record Straight",2017-11-10,71,36,0,67,10,20,-9,A,4,6EicfZpDOYmiVNboAbMZcu,"Flatwoods Records",QMDPP1700550,no
357,"Barely Enough","Billy Ray Cyrus",126,10B,47,2025-04-30,04:57,7,"country rock","Country, Rock","The SnakeDoctor Circus",2019-05-24,59,33,12,37,0,10,-7,D,4,0F1FF6mUzIRRLJTsZMHOL2,"Broken Bow Records",QMRSZ1900371,no
358,"Ghost Dance","Billy Ray Cyrus",75,9B,50,2025-05-16,03:36,7,"country rock","Country, Rock","The Singin’ Hills Sessions – Mojave",2020-11-06,53,65,0,47,0,10,-10,G,4,6IRk8TakU4yZEIxoIJmS2r,"Broken Bow Records",QMRSZ2002279,no
359,"Silent Night","Billy Ray Cyrus, Firerose",91,11B,32,2025-05-16,02:42,0,"country rock","Country, Rock","Christmas in Paradise (Original Motion Picture Soundtrack)",2022-12-16,38,65,4,18,0,10,-10,A,4,7dhulbnVH384cHpE0Q2eEk,"Lions Gate Records",USA2P2251648,no
360,"Oh What A Dream We Had","Il Divo, Lara Fabian, Noah Cyrus, Michal David, Richard Marx, Billion Streams For Charity, Braison Cyrus, Lauri Ylönen, Marcelito Pomoy, Kimbra, Billy Ray Cyrus",76,9B,67,2025-05-18,03:41,27,"classical crossover, opera, variété française, chanson, chanson québécoise, alt z, pop, classic czech pop, soft rock, nashville americana, finnish pop, iskelmä, finnish rock, bergen indie, electropop, nz pop, country rock","Pop, Country, Rock, Electronic","Oh What A Dream We Had",2025-02-14,45,48,0,50,0,30,-5,G,4,2yqX8ZMavDvI1YjpSXjAbN,"Billion Streams Entertainment",CZEE52400018,no
361,"Blues de la Ventana","Ciro y los Persas",159,8B,52,2025-05-23,04:58,18,"argentine rock","Rock","Espejos",2009-01-01,44,55,0,19,0,0,-7,C,3,78vKCsze9BCz118p2r9pTs,"300 Producciones",ARG601000065,no
362,"Hoy Te Vas","Ciro y los Persas",170,9B,44,2025-06-02,06:05,19,"argentine rock","Rock","Naranja Persa",2016-09-27,39,23,0,23,0,0,-9,G,3,0aEs6QBHOX3oQQOPpAbTHA,"300 Producciones",ARG601600251,no
363,"Un Hombre Más","Ciro y los Persas",166,7B,62,2025-06-04,05:01,12,"argentine rock","Rock","Naranja Persa 2",2018-04-14,45,36,0,32,0,0,-7,F,4,4BEm3XmwGCobItYNk9lTIz,"300 Producciones",ARG601800031,no
364,"Agradecimiento","Ciro y los Persas",103,8A,4,2025-06-11,00:54,11,"argentine rock","Rock","Guerras (Un Viaje en el Tiempo)",2020-11-20,60,40,0,42,90,30,-32,A minor,5,5pQPTarIbvoXdQGEdONxko,"300 Producciones",AR3692000056,no
365,"seas of blood","Sawano Hiroyuki",140,9B,56,2025-07-02,04:28,0,"anime, soundtrack","Pop, Classical, Easy Listening","映画「彼岸島」オリジナル・サウンドトラック",2010-01-06,35,5,86,11,0,10,-16,G,1,3tPwIRLYxlYqXLyW6NXJoK,"EMI MUSIC JAPAN INC.",JPTO00902786,no
366,"al-door0","Sawano Hiroyuki",160,3B,61,2025-07-02,04:17,14,"anime, soundtrack","Pop, Classical, Easy Listening","アルドノア・ゼロ オリジナル・サウンドトラック",2014-09-10,31,17,89,12,0,10,-12,C♯/D♭,4,158ApqlSiX6UWZIYj40oFe,"Aniplex Inc.",JPE301400796,no
367,"GROOVY GROOVY GROOVY","UVERworld",115,8A,88,2025-07-10,03:28,27,"anime, j-rock, j-pop","Pop, Rock","PROGLUTION",2008-01-16,55,0,0,53,10,10,-6,A minor,4,3rUWXc0JCR5JlkYPr4SPEU,"Sony Music Labels Inc.",JPSR00703807,no
368,"expod -digital","UVERworld",130,3B,83,2025-07-10,03:22,23,"anime, j-rock, j-pop","Pop, Rock","PROGLUTION",2008-01-16,59,0,54,80,0,20,-7,C♯/D♭,4,7HRG21WmgTfBP6KEzhZjO4,"Sony Music Labels Inc.",JPSR00703809,no
369,"-妙策号外ORCHESTRA-","UVERworld",140,3A,42,2025-07-10,00:54,22,"anime, j-rock, j-pop","Pop, Rock","PROGLUTION",2008-01-16,57,61,83,38,0,30,-18,A#/B♭ minor,4,1oFcoUTBLhLTi991j0wRo4,"Sony Music Labels Inc.",JPSR00703810,no
370,"ace of ace","UVERworld",101,9A,96,2025-08-16,03:20,35,"anime, j-rock, j-pop","Pop, Rock","LIFE 6 SENSE",2011-06-01,60,0,0,64,10,20,-4,E minor,4,5OWhRhguQVJ51KjlqDBxtS,"Sony Music Labels Inc.",JPSR01101183,no
371,"Brother (with Post Malone & YoungBoy Never Broke Again)","DJ Khaled, Post Malone, YoungBoy Never Broke Again",75,10B,72,2025-09-06,03:37,51,"hip hop, miami hip hop, pop rap, rap, dfw rap, melodic rap, pop, baton rouge rap","Hip Hop, Pop","Brother",2025-08-29,66,15,0,58,10,40,-3,D,4,6mGzRR8T7NQouNu7V37XMp,"DJ Khaled",USUG12507794,no
372,"Hands","Mike Perry, The Vamps, Sabrina Carpenter",100,5A,71,2025-09-25,02:47,0,"tropical house, boy band, pop","Pop","Hands",2017-05-19,72,2,0,60,0,30,-5,C minor,4,5153LWKMJiMNIRCChGN4Ja,"DF Records",GBUM71701851,yes
373,"Aliens Fighting Robots (feat. Sir Michael Rocks)","Mac Miller, Sir Michael Rocks",146,11B,80,2025-09-25,04:39,0,"hip hop, pittsburgh rap, rap, soul flow, underground hip hop","Hip Hop","Macadelic",2012-03-23,65,26,0,55,20,20,-5,A,4,22V5hJrB2N3tHYPbWmklBu,"Rostrum Records",USA2P1829654,yes
374,"OMAKE-SUITE　　Ver.","Sawano Hiroyuki",135,3A,4,2025-09-25,03:04,2,"anime, soundtrack","Pop, Classical, Easy Listening","「劇場版 戦国BASARA -The Last Party-」音楽絵巻 ～さらば、宿敵（とも）よ～",2011-06-08,55,97,65,5,0,0,-18,A#/B♭ minor,4,3bhCroXFkrF6nN4suaT2l7,"FlyingDog",JPG751100195,no
375,"NEVER ENDING WORLD","UVERworld",140,10B,17,2025-09-27,01:41,24,"anime, j-rock, j-pop","Pop, Rock","30",2021-12-22,37,0,73,4,0,10,-11,D,4,5xqqRVRVFXI0rL7CGoIcTd,"Sony Music Labels Inc.",JPU902105253,no
376,"AFTER LIFE - Instrumental","UVERworld",75,10A,49,2025-09-27,05:13,5,"anime, j-rock, j-pop","Pop, Rock","INSTRUMENTALS-∞",2022-07-20,46,0,91,7,0,10,-7,B minor,4,5nOsoBWAXepZRQ5yw5X1bT,"Sony Music Labels Inc.",JPU902202193,no
377,"I LOVE THE WORLD - Instrumental","UVERworld",137,3B,65,2025-09-27,04:36,5,"anime, j-rock, j-pop","Pop, Rock","INSTRUMENTALS-∞",2022-07-20,60,0,86,33,0,10,-8,C♯/D♭,4,21ZlSnaYLNCXP4omDdQx5z,"Sony Music Labels Inc.",JPU902202196,no
378,"NO.1 - Instrumental","UVERworld",133,10B,83,2025-10-04,05:30,5,"anime, j-rock, j-pop","Pop, Rock","INSTRUMENTALS-∞",2022-07-20,29,0,74,27,0,10,-8,D,4,3Oti8m21OjcVVzzSswlID0,"Sony Music Labels Inc.",JPU902202205,no
379,"IMPACT - Instrumental","UVERworld",137,9B,89,2025-10-04,04:28,4,"anime, j-rock, j-pop","Pop, Rock","INSTRUMENTALS-∞",2022-07-20,48,0,79,19,0,0,-8,G,4,3lfvqYm7EwtDLmP85R22ny,"Sony Music Labels Inc.",JPU902202208,no
380,"HOURGLASS - Instrumental","UVERworld",154,1B,72,2025-10-04,04:00,4,"anime, j-rock, j-pop","Pop, Rock","INSTRUMENTALS-∞",2022-07-20,51,0,49,49,0,10,-7,B,4,2Jk8UPVqJ7f9y2xwG4dJhU,"Sony Music Labels Inc.",JPU902100397,no
381,"FINALIST","UVERworld, ANARCHY",95,3A,83,2025-10-07,03:19,31,"anime, j-rock, j-pop, j-rap, hip hop","Pop, Hip Hop, Rock","ENIGMASIS",2023-07-19,53,0,0,67,10,30,-5,A#/B♭ minor,4,49pKb9kKhbA5rYA8hEZZBd,"Sony Music Labels Inc.",JPU902302753,no
382,"WICKED boy","UVERworld",88,7B,59,2025-10-07,01:56,30,"anime, j-rock, j-pop","Pop, Rock","EPIPHANY",2025-07-02,57,1,22,4,10,10,-7,F,4,0XMYF0XKZW8IdxTelseVBF,"Sony Music Labels Inc.",JPU902502183,no
383,"SHINE","UVERworld",94,11A,81,2025-10-12,04:27,24,"anime, j-rock, j-pop","Pop, Rock","CHANCE!",2005-00-00,41,0,0,56,0,0,-6,F#/G♭ minor,4,2c2TZsqcVbZTHTLLyTICWp,"Sony Music Labels Inc.",JPSR00502183,no
384,"sorrow　[file named “moment”]","UVERworld",99,9A,33,2025-10-12,07:06,19,"anime, j-rock, j-pop","Pop, Rock","シャカビーチ〜Laka Laka La〜",2007-00-00,45,15,1,20,10,30,-15,E minor,3,0o1BvC1UvR54FhBG4eC3GZ,"Sony Music Labels Inc.",JPSR00702162,no
385,"core ability +81","UVERworld",130,4B,84,2025-10-12,04:14,20,"anime, j-rock, j-pop","Pop, Rock","激動/Just break the limit!",2008-00-00,61,0,20,45,0,10,-8,G#/A♭,4,1djZ9uOEz463nKlohl7h2X,"Sony Music Labels Inc.",JPSR00801483,no
386,"超大作＋81","UVERworld",135,10B,79,2025-10-12,05:30,21,"anime, j-rock, j-pop","Pop, Rock","NO.1",2010-11-24,40,13,0,34,30,10,-9,D,4,2y33yHVuiR47NEwFqm7pWl,"Sony Music Labels Inc.",JPSR01003969,no
387,"ROB THE FRONTIER(instrumental)","UVERworld",110,6B,97,2025-10-14,03:51,8,"anime, j-rock, j-pop","Pop, Rock","ROB THE FRONTIER",2019-10-16,47,0,87,40,0,20,-3,A#/B♭,4,3yGU02l5iOM1XeDFKS8fz0,"Sony Music Labels Inc.",JPU901902494,no
388,"Spreadown","UVERworld",95,8B,92,2025-10-14,03:12,23,"anime, j-rock, j-pop","Pop, Rock","AS ONE",2020-03-04,48,0,78,19,0,20,-6,C,4,5nJWsL74fUEKtX7mNSehpI,"Sony Music Labels Inc.",JPU902000288,no
389,"NAMELY (instrumental)","UVERworld",105,6B,65,2025-10-14,04:06,5,"anime, j-rock, j-pop","Pop, Rock","NAMELY",2021-06-02,53,0,84,10,0,10,-9,A#/B♭,4,7juDI2GIFKwJJMNP3LftQa,"Sony Music Labels Inc.",JPU902101142,no
390,"PHOENIX (Instrumental)","UVERworld",162,4B,84,2025-10-15,03:01,5,"anime, j-rock, j-pop","Pop, Rock","PHOENIX",2024-12-04,53,0,84,30,0,20,-7,G#/A♭,4,0jWbiKfnvlq1sr09zj21ok,"Sony Music Labels Inc.",JPU902403996,no
391,"ONE LIFE (feat. UVERworld)","AK-69, UVERworld",94,10B,80,2025-10-15,03:39,9,"j-rap, j-pop, hip hop, anime, j-rock","Pop, Hip Hop, Rock","Musou collaborations -The undefeated-",2018-06-20,59,1,0,69,0,10,-4,D,4,3dfqNa6kYNHJhbPujdNRG3,"Flying B Entertainment Inc.",QT66K2504557,no
392,"El Diluvio y la Pasajera","Invisible",135,12B,32,2025-10-18,08:42,32,"argentine rock, progressive rock, latin rock","Rock","Invisible",1974-00-00,46,39,36,16,0,10,-12,E,3,2ctkuXnuM2mXRqyYA3xdsg,"Microfon",ARF109902855,no
393,"Monadnock","Cö shu Nie",155,4B,36,2025-11-05,04:03,16,"anime, j-rock, j-pop","Pop, Rock","Org",2013-12-18,56,36,0,36,0,20,-7,G#/A♭,4,2wAIAU9QWa0CWWzAO8YbPV,"Cö shu Nie",TCJPV2364941,no
394,"inertia - From THE FIRST TAKE","Cö shu Nie",76,12A,9,2025-11-05,03:13,20,"anime, j-rock, j-pop","Pop, Rock","inertia - From THE FIRST TAKE",2021-11-16,40,71,0,28,20,30,-25,C♯/D♭ minor,4,0TgmjshkbOivEeuuiL188j,"THE FIRST TAKE MUSIC",JPU902104388,no
395,"迷路 ～序章～","Cö shu Nie",88,3B,19,2025-11-05,01:55,25,"anime, j-rock, j-pop","Pop, Rock","Flos Ex Machina",2022-03-16,78,15,0,36,0,10,-12,C♯/D♭,4,1512hgpHVWvkdsctmE6ECD,"Sony Music Labels Inc.",JPU902200401,no
396,"Labyrinth","Cö shu Nie",130,3B,62,2025-11-05,01:14,20,"anime, j-rock, j-pop","Pop, Rock","7 Deadly Guilt",2024-09-04,52,0,39,52,20,20,-13,C♯/D♭,4,28nqfzlwvUbojYDaQYB6pz,"Sony Music Labels Inc.",JPU902402607,no
397,"MAISIE -Instrumental-","Cö shu Nie, HYDE",125,12A,87,2025-11-05,03:13,11,"anime, j-rock, j-pop, visual kei","Pop, Rock","MAISIE",2025-06-11,60,0,86,47,0,0,-6,C♯/D♭ minor,4,4Nd0Jo4UfNeA8o8tOBhM1O,"Sony Music Labels Inc.",JPU902501846,no
398,"Change -Instrumental-","Cö shu Nie",137,11B,79,2025-11-05,02:42,8,"anime, j-rock, j-pop","Pop, Rock","MAISIE",2025-06-11,55,0,76,46,0,20,-7,A,4,2nG7OJPD5xMTqNslheY3Dz,"Sony Music Labels Inc.",JPU902501847,no
399,"Scarecrow - Piano/Tambourine Demo","Elton John",94,7B,24,2025-11-15,03:12,14,"glam rock, mellow gold, piano rock, rock","Rock","Jewel Box",2020-11-13,43,84,0,34,0,0,-16,F,4,2bz2cpm4hAU2XclXLJYQj1,"UMC (Universal Music Catalogue)",GBUM72003255,no
400,"Cold Heart - PS1 Remix","Elton John, Dua Lipa, PS1",122,3A,88,2025-11-15,02:46,57,"glam rock, mellow gold, piano rock, rock, pop, piano house, uk dance","Rock, Pop, Electronic","Cold Heart (PS1 Remix)",2021-09-17,66,0,0,63,0,10,-6,A#/B♭ minor,4,5hw7bUv7NtrsepLROgIxLl,"EMI",GBUM72106292,no
401,"Cold Heart - Claptone Remix","Elton John, Dua Lipa, Claptone",125,3A,89,2025-11-15,03:03,60,"glam rock, mellow gold, piano rock, rock, pop, german house, german techno, progressive house","Rock, Pop, Electronic","Cold Heart (Claptone Remix)",2021-10-08,80,2,0,93,0,0,-5,A#/B♭ minor,4,3ck2KxuP99yTwWzdf8piiC,"EMI",GBUM72105701,no
402,"Orbit","Elton John, SG Lewis",114,4B,80,2025-11-15,03:28,18,"glam rock, mellow gold, piano rock, rock, electropop, indie soul, nu disco, uk dance, vapor soul","Electronic, Pop, Rock","The Lockdown Sessions",2021-10-22,72,0,14,82,0,10,-4,G#/A♭,4,6v45K2PJJpPYGY4vwkRmsd,"EMI",GBUM72105136,no
403,"100% Endurance - Elton John Version","Yard Act, Elton John",115,7B,51,2025-11-15,04:23,29,"post-punk, glam rock, mellow gold, piano rock, rock","Rock","100% Endurance (Elton John Version)",2022-07-01,66,45,0,52,0,10,-9,F,4,6zyFMERNIyF0EDEVPC9Ck8,"Universal-Island Records Ltd.",GBUM72203773,yes
404,"Hold Me Closer - Purple Disco Machine Remix","Elton John, Britney Spears, Purple Disco Machine",126,8B,85,2025-11-15,03:38,47,"glam rock, mellow gold, piano rock, rock, pop, disco house, nu disco, funky house, house","Electronic, Rock, Pop","Hold Me Closer (Purple Disco Machine Remix)",2022-10-21,69,4,0,77,10,10,-5,C,4,4uNG9ER2pDOayDd1Wq8Cjq,"EMI",GBUM72206622,no
405,"Hold Me Closer - Purple Disco Machine Extended Mix","Elton John, Britney Spears, Purple Disco Machine",126,8B,70,2025-11-15,05:54,41,"glam rock, mellow gold, piano rock, rock, pop, disco house, nu disco, funky house, house","Electronic, Rock, Pop","Hold Me Closer (Purple Disco Machine Remix)",2022-10-21,86,1,0,74,0,0,-6,C,4,3zbKrkqZyv2TnL8kwv9UjO,"EMI",GBUM72206623,no
406,"Hold Me Closer - Pink Panda Extended Mix","Elton John, Britney Spears, Pink Panda",126,8A,75,2025-11-15,03:52,19,"glam rock, mellow gold, piano rock, rock, pop, uk dance","Rock, Pop, Electronic","Hold Me Closer (Pink Panda Remix)",2022-11-04,75,1,1,67,0,10,-6,A minor,4,7674HYxw34rJ4fNCSshMiP,"EMI",GBUM72207373,no
407,"Don’t Worry I’ll Make You Worry","Sabrina Carpenter",90,3B,44,2025-11-22,03:42,73,"pop","Pop","Man’s Best Friend",2025-08-29,46,46,0,28,0,10,-7,C♯/D♭,4,21IVPfi81m6ywNgOvqTj1i,"Island Records",USUM72504448,yes
408,"Tornado Warnings","Sabrina Carpenter",115,5B,57,2025-11-22,03:24,66,"pop","Pop","emails i can't send",2022-07-15,70,17,0,58,0,0,-8,D#/E♭,4,5kcuHw8WtxauIWI5crMcLM,"Island Records",USUM72210696,yes
409,"how many things","Sabrina Carpenter",81,1B,23,2025-11-22,04:03,58,"pop","Pop","emails i can't send",2022-07-15,52,90,0,57,0,30,-9,B,4,4yC3v03vIGfmV6Rag568mV,"Island Records",USUM72210705,yes
410,"Lie for Love","Sabrina Carpenter",126,11A,82,2025-11-23,03:05,33,"pop","Pop","Sierra Burgess Is a Loser (Original Netflix Sound Track)",2018-09-07,70,11,0,48,0,0,-7,F#/G♭ minor,4,6MrYbA2BABupgYu3eONu7G,"Good Pop/Sony/ATV Music Publishing/Black Label Media/Human Re Sources",QM24S1831777,no
411,"Espresso - Mark Ronson x FNZ Working Late Remix","Sabrina Carpenter, Mark Ronson, FNZ",112,3A,87,2025-12-12,03:04,63,"pop, pop soul","Pop","Espresso (Working Late Remixes)",2024-05-31,72,1,12,91,0,10,-5,A#/B♭ minor,4,2rHUyJioDOKDshDDxzbISl,"Island Records",USUM72406245,yes
412,"Perdonado (Niño Condenado)","Invisible",137,9B,42,2025-12-14,07:04,43,"argentine rock, progressive rock, latin rock","Rock","El Jardin de los Presentes",1976-05-27,44,22,1,17,0,10,-8,G,4,4K5ZDxu6eeAXUXhbkJRXXA,"Columbia",ARF100300032,no
413,"What Are You Doing The Rest Of Your Life","Diana Ross",135,4A,26,2026-01-09,03:23,7,"motown, disco","Pop, R&B","Everything Is Everything (Expanded Edition)",1970-11-03,38,51,0,15,0,10,-11,F minor,3,6agFwxD9556n3WsfsvKoq6,"Hip-O Select",USUM70809641,no
414,"The Arrest","Diana Ross",77,5B,40,2026-01-24,00:15,0,"motown, disco","Pop, R&B","Lady Sings The Blues",1972-10-01,68,53,0,60,50,60,-18,D#/E♭,4,18jxJoPScdprMehZxtFJUx,"UNI/MOTOWN",USMO10000729,no
415,"Baltimore Brothel","Diana Ross",131,3B,40,2026-01-24,00:26,0,"motown, disco","Pop, R&B","Lady Sings The Blues",1972-10-01,70,96,0,29,90,50,-15,C♯/D♭,3,3b0b9SyRI5G3fqnqTLONom,"UNI/MOTOWN",USMO10000730,no
416,"Billie Sneaks Into Dean & Dean's / Swingin' Uptown","Diana Ross",123,8B,86,2026-01-24,00:53,7,"motown, disco","Pop, R&B","Lady Sings The Blues",1972-10-01,58,91,0,90,50,90,-10,C,1,4oTxzEwfX3TUfim9lhAx9C,"UNI/MOTOWN",USMO10000731,no
417,"Big Ben / C.C. Rider","Diana Ross",104,6B,49,2026-01-24,02:32,7,"motown, disco","Pop, R&B","Lady Sings The Blues",1972-10-01,69,90,0,60,80,70,-13,A#/B♭,4,3VD6qO6dHcOZ1n9hCool6c,"UNI/MOTOWN",USMO10000732,no
418,"Them There Eyes","Diana Ross",80,4B,47,2026-01-24,01:04,13,"motown, disco","Pop, R&B","Lady Sings The Blues",1972-10-01,58,65,0,92,0,90,-10,G#/A♭,4,2Dv5B4sHBNBbNAUh4RLQlA,"UNI/MOTOWN",USMO10000736,no
419,"Any Happy Home","Diana Ross",122,10B,68,2026-01-24,00:37,6,"motown, disco","Pop, R&B","Lady Sings The Blues",1972-10-01,64,58,0,94,30,80,-10,D,4,4PdwjVhzzCstkTzQliQ34T,"UNI/MOTOWN",USMO10000739,no
420,"Billie & Harry / Don't Explain","Diana Ross",137,5A,33,2026-01-24,02:12,6,"motown, disco","Pop, R&B","Lady Sings The Blues",1972-10-01,49,80,9,24,30,30,-15,C minor,4,1leLsO4Wy5aKFpOz7PRNG0,"UNI/MOTOWN",USMO10000741,no
421,"Fine And Mellow - Pt. 1","Diana Ross",138,8A,55,2026-01-24,00:45,8,"motown, disco","Pop, R&B","Lady Sings The Blues",1972-10-01,48,27,0,96,10,90,-11,A minor,4,6M0NFR3kofezjpCUocP7IQ,"UNI/MOTOWN",USMO10000743,no
422,"Louis Visits Billie On Tour / Love Theme","Diana Ross",141,4B,37,2026-01-24,03:47,5,"motown, disco","Pop, R&B","Lady Sings The Blues",1972-10-01,48,46,0,50,60,10,-17,G#/A♭,4,4S9AwNxNpxB8pKmPW37pgl,"UNI/MOTOWN",USMO10000745,no
423,"Cafe Manhattan Party","Diana Ross",94,2B,34,2026-01-24,01:38,5,"motown, disco","Pop, R&B","Lady Sings The Blues",1972-10-01,56,68,0,74,80,80,-19,F#/G♭,1,18fb2sMt1ahcVaq3oqbRIj,"UNI/MOTOWN",USMO10000746,no
424,"Agent's Office","Diana Ross",137,1B,31,2026-01-24,01:08,5,"motown, disco","Pop, R&B","Lady Sings The Blues",1972-10-01,63,72,0,42,80,70,-21,B,3,0sEhU7Evi4M4eOFoo3aQlh,"UNI/MOTOWN",USMO10000748,no
425,"Don't Explain","Diana Ross",70,5A,10,2026-01-24,02:10,15,"motown, disco","Pop, R&B","Lady Sings The Blues",1972-10-01,52,69,0,39,0,10,-14,C minor,4,6EN7Jr3cgkiWaRS1EBNKt6,"UNI/MOTOWN",USMO10000757,no
426,"Strange Fruit","Diana Ross",149,5A,9,2026-01-24,03:35,10,"motown, disco","Pop, R&B","Lady Sings The Blues",1972-10-01,34,90,0,17,0,20,-18,C minor,4,3xRNadsh9VxVICZsFnasHe,"UNI/MOTOWN",USMO10000759,no
427,"EVER (Instrumental)","UVERworld",93,11B,65,2026-02-27,04:02,20,"anime, j-rock, j-pop","Pop, Rock","EVER",2026-02-25,63,0,83,6,0,20,-9,A,4,2b774sEbHm8WIufq2h5kyr,"Sony Music Labels Inc.",JPU902600359,no
428,"ZERO BREAKOUT POINT (Instrumental)","UVERworld",165,11A,83,2026-02-27,03:32,16,"anime, j-rock, j-pop","Pop, Rock","EVER",2026-02-25,48,0,81,17,0,0,-5,F#/G♭ minor,4,6FEZlvnUO9L33i0Bdk20LL,"Sony Music Labels Inc.",JPU902600360,no
429,"Too Shy To Say","Diana Ross",124,7A,14,2026-03-02,03:15,12,"motown, disco","Pop, R&B","Baby It's Me",1977-09-16,32,96,1,5,0,10,-17,D minor,4,3eDRCmApQqXO86RsxXTQnt,"UNI/MOTOWN",USMO10200998,no
430,"To Love Again","Diana Ross",152,10B,34,2026-03-11,04:06,13,"motown, disco","Pop, R&B","Ross",1978-09-03,26,40,0,12,0,20,-13,D,4,2RLrWdQYgPJOa6m0Np1JWU,"UNI/MOTOWN",USMO10200996,no
431,"Share Some Love","Diana Ross",68,4A,41,2026-03-23,04:05,2,"motown, disco","Pop, R&B","To Love Again (Expanded Edition)",1981-02-17,32,65,0,26,0,10,-12,F minor,3,133asKtbe1E0PVfK0R3cgf,"UNI/MOTOWN",USMO10200995,no
432,"In Your Arms","Diana Ross",128,12B,27,2026-03-29,04:07,10,"motown, disco","Pop, R&B","Silk Electric",1982-09-01,29,75,0,10,0,10,-18,E,4,3F7wQ3qWLt5ewXcX7gMpAl,"Parlophone UK",GBAYE8200259,no
433,"Telephone","Diana Ross",91,5A,43,2026-04-05,04:12,15,"motown, disco","Pop, R&B","Swept Away",1984-09-13,74,47,0,86,10,0,-13,C minor,4,11bmbKhqk58ehJhvnLeDup,"Parlophone UK",GBAYE8400302,no
434,"Summertime","Diana Ross",77,9A,16,2026-04-08,04:05,11,"motown, disco","Pop, R&B","Red Hot Rhythm and Blues",1987-05-01,32,49,0,13,0,0,-19,E minor,4,2diT8KZPZY0eJAmTbssFWr,"Parlophone UK",GBAYE8700339,no
435,"Stille Nacht","Franz Xaver Gruber, José Carreras, Plácido Domingo, Diana Ross, Vjekoslav Sutej, Wiener Symphoniker, Gumpoldskirchner Spatzen Children's Choir",117,8B,18,2026-04-23,03:54,3,"christmas, opera, classical, classical crossover, motown, disco, villancicos, orchestral","Pop, R&B, Classical","Christmas in Vienna",1993-10-05,21,99,43,7,0,60,-23,C,5,5tYs7knwrDcn3aOWyyGzTE,"Sony Classical",USSM19601113,no
436,"Blame It on the Sun","Diana Ross",72,12B,37,2026-04-21,03:55,14,"motown, disco","Pop, R&B","The Force Behind the Power",1991-09-01,47,37,0,11,0,10,-13,E,4,1zAWsCkpsKLSEgv0v9G49d,"Parlophone UK",GBAYE9100064,no
437,"No Matter What You Do","Diana Ross",171,9A,40,2026-04-21,05:09,9,"motown, disco","Pop, R&B","The Force Behind the Power",1991-09-01,57,21,0,32,0,0,-14,E minor,3,1TTNjBVrkFwaAUVhr60kHF,"Parlophone UK",GBAYE9100065,no
438,"Silent Night","Diana Ross",53,4B,11,2026-04-25,05:01,1,"motown, disco","Pop, R&B","A Very Special Season",1994-11-14,12,98,12,5,0,10,-19,G#/A♭,4,024lYkquPLNqGNQbBEmaO1,"Rhino",GBAYE9400733,no
439,"O Holy Night","Diana Ross",87,11B,20,2026-04-25,04:44,1,"motown, disco","Pop, R&B","A Very Special Season",1994-11-14,23,97,20,7,0,20,-14,A,3,1lCaAxHkapcbYIIuytPC7a,"Rhino",GBAYE9400736,no
440,"Take Me Higher (Nush Club Vocal)","Diana Ross, Nush",126,2A,99,2026-04-26,06:35,2,"motown, disco, acid house","Pop, R&B","Take Me Higher (Remixes)",1995-01-01,78,2,13,42,10,0,-5,D#/E♭ minor,4,3ejGOF5iibv6YE2Qk4CUAk,"Parlophone Records Ltd, a Warner Music Group company",GBAYE9500579,no
441,"Take Me Higher (Reverend Jefferson's Phat Sausage Dub)","Diana Ross, Reverend Jefferson",126,4B,90,2026-04-26,06:33,1,"motown, disco","Pop, R&B","Take Me Higher (Remixes)",1995-01-01,64,0,44,34,0,10,-8,G#/A♭,4,4QSVr3h4QzjoPYP2z0KfTU,"Parlophone Records Ltd, a Warner Music Group company",GBAYE9500583,no
442,"I Will Survive - Roger Sanchez Atmospheric Mix","Diana Ross, Roger Sanchez",122,8A,46,2026-05-01,04:30,6,"motown, disco, tribal house, disco house","Pop, Electronic, R&B","I Will Survive",1996-02-05,69,78,0,60,0,50,-13,A minor,4,1gFzJNQpCK8GKTmrhS3T3B,"Parlophone Records Ltd, a Warner Music Group company",GBAYE9500333,no
443,"Solitude","Diana Ross",70,4B,11,2026-05-05,02:02,8,"motown, disco","Pop, R&B","Blue",2006-06-20,58,82,0,42,0,10,-13,G#/A♭,4,4Ri1yW9rTJPxCUtmayOW1r,"Motown",USUM70600305,no
444,"The Look of Love","Diana Ross",182,12A,50,2026-05-06,04:28,33,"motown, disco","Pop, R&B","I Love You",2006-08-28,46,73,0,41,0,10,-9,C♯/D♭ minor,4,3rlNtMNFL7CbCz4UmPfdwb,"Parlophone UK",GBAYE0600932,no
445,"Ain't No Mountain High Enough - StoneBridge Retro Classic Mix - Main","Diana Ross",126,4B,95,2026-05-16,04:58,18,"motown, disco","Pop, R&B","Ain't No Mountain High Enough: The Remix Album",2018-03-23,73,0,56,96,0,20,-3,G#/A♭,4,4b5k5ywNf1eXkDSFHJOc7u,"UNI/MOTOWN",USUM71802032,no
446,"I'm Coming Out / Upside Down - StoneBridge Remix Radio Edit","Diana Ross, StoneBridge",126,7B,97,2026-05-17,02:31,8,"motown, disco, disco house, funky house","Pop, Electronic, R&B","I'm Coming Out / Upside Down",2018-08-10,72,4,0,90,0,30,-3,F,4,1BofvsU19XZsWxRKikN7m8,"UNI/MOTOWN",USUM71811089,no
447,"I'm Coming Out / Upside Down - Chris Cox Remix","Diana Ross, Chris Cox",124,7B,95,2026-05-17,05:09,23,"motown, disco, tribal house","Pop, R&B","I'm Coming Out / Upside Down",2018-08-10,74,0,26,92,0,0,-2,F,4,64igMDtLNa8VaeQCnkl2eo,"UNI/MOTOWN",USUM71811148,no
448,"O Little Town Of Bethlehem","Diana Ross, London Symphony Orchestra",79,9B,16,2026-05-19,04:24,1,"motown, disco, classical, orchestral, ballet, opera","Pop, R&B, Classical","Wonderful Christmas Time",2018-10-26,16,95,0,5,0,0,-15,G,4,4hURzcHScNwZ4eLVVngDSq,"UNI/MOTOWN",USUG11801928,no
449,"Go Tell It On The Mountain","Diana Ross, London Symphony Orchestra",81,8B,24,2026-05-19,05:05,1,"motown, disco, classical, orchestral, ballet, opera","Pop, R&B, Classical","Wonderful Christmas Time",2018-10-26,27,86,0,18,0,20,-13,C,4,2wqPxz0fMmSJ6pOcbJx1Tw,"UNI/MOTOWN",USUG11801927,no
450,"The First Noel","Diana Ross, London Symphony Orchestra",87,11B,17,2026-05-19,03:28,1,"motown, disco, classical, orchestral, ballet, opera","Pop, R&B, Classical","Wonderful Christmas Time",2018-10-26,26,96,0,27,0,30,-14,A,3,7KjSDwTTi75CUDumIpJmhz,"UNI/MOTOWN",USUG11801925,no
451,"The Boss - Eric Kupper Mix / Long Version","Diana Ross, Eric Kupper",124,9B,84,2026-05-20,07:21,24,"motown, disco, chicago house, disco house, funky house","Pop, Electronic, R&B","The Boss Remixes",2019-03-26,66,0,0,60,0,10,-8,G,4,7psqPuyF1SY0thjzcZWttz,"UNI/MOTOWN",USUM71904468,no
452,"The Boss - Eric Kupper Mix / Instrumental","Diana Ross, Eric Kupper",124,9B,84,2026-05-20,07:21,8,"motown, disco, chicago house, disco house, funky house","Pop, Electronic, R&B","The Boss Remixes",2019-03-26,66,0,1,57,0,10,-8,G,4,0ndhvUnhNkAqB7XXcychLn,"UNI/MOTOWN",USUM71904469,no
453,"Just In Case","Diana Ross",93,3B,36,2026-05-24,03:09,18,"motown, disco","Pop, R&B","Thank You",2021-11-05,32,81,0,33,0,30,-7,C♯/D♭,4,68UUqIbFxibjb3Zuz8djvM,"Decca (UMO)",GBUM72103474,no
454,"Houstatlantavegas","Drake",135,12A,70,2026-06-01,04:50,72,"rap","Hip Hop","So Far Gone",2009-00-00,68,39,0,41,0,10,-7,C♯/D♭ minor,4,3XLSlQLJf3Ut0zvMUxnF1h,"Young Money/Cash Money Records",USCM51900159,yes
455,"Uptown (feat. Bun B & Lil Wayne)","Drake, Bun B, Lil Wayne",85,3B,82,2026-06-01,06:22,62,"rap, southern hip hop, hip hop","Hip Hop","So Far Gone",2009-00-00,42,0,0,42,30,10,-3,C♯/D♭,5,0q7LGcVSpsIoSbjChtZ8lI,"Young Money/Cash Money Records",USCM51900145,yes
456,"The Calm","Drake",161,10A,78,2026-06-01,04:03,54,"rap","Hip Hop","So Far Gone",2009-00-00,47,82,0,26,80,10,-8,B minor,4,6MlGqWzDiLkZ0vmAEsisEk,"Young Money/Cash Money Records",USCM51900149,yes
457,"I'm Goin In","Drake, Lil Wayne, Jeezy",170,3B,76,2026-06-03,03:45,66,"rap, hip hop, southern hip hop, crunk, gangster rap","Hip Hop","I'm Goin In",2009-09-15,66,4,0,57,30,10,-8,C♯/D♭,4,5aooThgj87ID0vgiyvcjPM,"Republic Records",USCM50900320,yes
458,"Karaoke","Drake",151,8B,66,2026-06-03,03:47,55,"rap","Hip Hop","Thank Me Later (Int'l Version)",2010-01-01,76,1,2,95,10,0,-7,C,4,3bnVNMCk5FJulcpS7aXJbY,"Cash Money Records/Young Money Ent./Universal Rec.",USCM51000252,no
459,"Fancy","Drake, T.I., Swizz Beatz",87,7A,88,2026-06-08,05:19,75,"rap, southern hip hop, battle rap, dirty south rap, trap","Hip Hop","Thank Me Later (Int'l Version)",2010-01-01,52,33,0,28,40,30,-6,D minor,4,238Sekyg7DyN2XDm0z4oWY,"Cash Money Records/Young Money Ent./Universal Rec.",USCM51000256,yes
460,"Shut It Down","Drake, THE-DREAM",120,8A,44,2026-06-08,06:59,77,"rap, r&b","Hip Hop","Thank Me Later (Int'l Version)",2010-01-01,58,41,0,40,0,10,-9,A minor,4,4BDgGQXx7jO2JgC7bpFsIv,"Cash Money Records/Young Money Ent./Universal Rec.",USCM51000257,yes
461,"She Will - Instrumental","Lil Wayne, Drake",76,4B,60,2026-06-09,05:06,43,"rap, hip hop","Hip Hop","She Will",2011-08-16,56,0,86,15,0,20,-8,G#/A♭,4,3BQlpg7hRdTmakWbX89m1i,"CM/Republic",USCM52500002,no
462,"The Real Her","Drake, Lil Wayne, André 3000",65,4B,31,2026-06-14,05:21,66,"rap, hip hop, ambient jazz","Hip Hop","Take Care (Deluxe)",2011-11-15,57,17,0,51,30,10,-14,G#/A♭,4,74atKkOasLOVzvqB6mYgga,"Cash Money Records/Young Money Ent./Universal Rec.",USCM51100566,yes
463,"305 To My City","Drake, Detail",68,9A,50,2026-06-15,04:15,45,"rap","Hip Hop","Nothing Was The Same",2013-01-01,42,6,0,13,30,10,-9,E minor,5,5ThJAPtuOCTV8owZUop495,"Cash Money Records/Young Money Ent./Universal Rec.",USCM51300750,yes
464,"Legend","Drake",100,3B,56,2026-06-18,04:01,66,"rap","Hip Hop","If You're Reading This It's Too Late",2015-02-12,71,3,0,31,0,0,-8,C♯/D♭,4,1ID1QFSNNxi0hiZCNcwjUC,"Cash Money Records/Young Money Ent./Universal Rec.",USCM51500010,yes
465,"Preach","Drake, PARTYNEXTDOOR",65,10A,51,2026-06-18,03:56,68,"rap, dark r&b, r&b, trap soul","Hip Hop","If You're Reading This It's Too Late",2015-02-12,61,17,0,39,40,10,-8,B minor,4,1OHoBC4icbuNhpSxP400sv,"Cash Money Records/Young Money Ent./Universal Rec.",USCM51500025,yes
466,"Charged Up","Drake",174,11A,70,2026-06-22,03:09,50,"rap","Hip Hop","Charged Up",2015-07-31,46,91,0,38,50,10,-7,F#/G♭ minor,4,4pc01CAhGKx15PY23uPjHp,"Cash Money Records/Young Money Ent./Universal Rec.",USCM51500239,yes
467,"Big Rings","Drake, Future",132,1A,68,2026-06-23,03:37,59,"rap, trap","Hip Hop","What A Time To Be Alive",2015-09-20,78,0,0,27,20,20,-6,G#/A♭ minor,4,7jslhIiELQkgW9IHeYNOWE,"Cash Money Records Inc.",USCM51500293,yes
468,"I'm The Plug","Drake, Future",160,7B,55,2026-06-23,03:00,60,"rap, trap","Hip Hop","What A Time To Be Alive",2015-09-20,83,0,0,25,20,10,-9,F,4,6bqtKURdSWkInAJHDkuaL0,"Cash Money Records Inc.",USCM51500298,yes
469,"Fire & Desire","Drake",80,12A,25,2026-07-04,03:58,76,"rap","Hip Hop","Views",2016-05-06,72,7,0,28,0,0,-14,C♯/D♭ minor,4,4BhGTc3Cgay2U1QcTS7vQe,"Cash Money Records/Young Money Ent./Universal Rec.",USCM51600092,yes
470,"Survival","Drake",77,8A,60,2026-07-20,02:16,61,"rap","Hip Hop","Scorpion",2018-06-29,56,13,0,14,30,10,-9,A minor,4,2yg9UN4eo5eMVJ7OB4RWj3,"Cash Money/Drake LP6",USCM51800189,yes
471,"Ratchet Happy Birthday","Drake",168,10B,57,2026-07-24,03:27,53,"rap","Hip Hop","Scorpion",2018-06-29,66,11,0,62,10,0,-13,D,4,4SUwJA3eUVNHExxMPEUhQe,"Cash Money/Drake LP6",USCM51800188,yes
472,"Days in The East","Drake",95,3B,36,2026-07-27,05:53,63,"rap","Hip Hop","Care Package",2019-08-02,73,35,0,4,10,0,-11,C♯/D♭,4,4czcw3NVLY0of5hTD7OufN,"OVO",USUG11902747,yes
473,"My Side","Drake",81,11A,50,2026-07-27,04:54,54,"rap","Hip Hop","Care Package",2019-08-02,55,60,0,39,10,10,-6,F#/G♭ minor,4,4alHkxxwAhvoGg3dJCATKV,"OVO",USUG11902752,yes
474,"Heat Of The Moment","Drake",78,4A,45,2026-07-27,05:43,54,"rap","Hip Hop","Care Package",2019-08-02,64,18,0,30,10,0,-8,F minor,4,27Tqjd2nMW2mIp6Yk1ovwY,"OVO",USUG11902756,yes
475,"LOYAL (feat. Drake)","PARTYNEXTDOOR, Drake",105,5A,53,2026-08-02,03:17,37,"dark r&b, r&b, trap soul, rap","Hip Hop","LOYAL (feat. Drake)",2019-11-22,87,51,0,20,0,0,-6,C minor,4,13NAmCCRYxRcr2NEtiWGa8,"OVO Sound",USWB11902978,no
476,"War","Drake",144,3A,79,2026-08-03,03:00,61,"rap","Hip Hop","Dark Lane Demo Tapes",2020-05-01,75,29,0,24,0,10,-4,A#/B♭ minor,4,1I55Ea0zVoSKs6MqW7DQ3i,"OVO",USUG12001409,yes
477,"TWIST & TURN (feat. Drake & PARTYNEXTDOOR)","Popcaan, Drake, PARTYNEXTDOOR",106,9B,75,2026-08-06,04:19,41,"dancehall, soca, riddim, afrobeats, reggae, rap, dark r&b, r&b, trap soul","Hip Hop","TWIST & TURN (feat. Drake & PARTYNEXTDOOR)",2020-08-06,57,48,0,64,10,10,-5,G,4,6R1eAccx1fnh8P5HhFzn84,"OVO Sound",USWB12002918,no
478,"Girls Want Girls (with Lil Baby)","Drake, Lil Baby",87,6A,44,2026-08-07,03:41,78,"rap, atl hip hop, atl trap, trap","Hip Hop","Certified Lover Boy",2021-09-03,77,18,0,38,20,10,-9,G minor,4,37Nqx7iavZpotJSDXZWbJ3,"OVO",USUG12104399,yes
479,"TSU","Drake",130,11B,56,2026-08-07,05:08,75,"rap","Hip Hop","Certified Lover Boy",2021-09-03,57,23,0,25,40,30,-9,A,4,4s7QLoImIwmPi9L6dq1nVW,"OVO",USUG12104404,yes
480,"N 2 Deep","Drake, Future",91,10B,43,2026-08-07,04:33,70,"rap, trap","Hip Hop","Certified Lover Boy",2021-09-03,51,5,0,7,30,10,-8,D,3,34D6FJysnQioVingDKufuf,"OVO",USUG12104405,yes
481,"F*****g Fans","Drake",87,9A,42,2026-08-07,04:05,68,"rap","Hip Hop","Certified Lover Boy",2021-09-03,78,21,0,17,10,10,-10,E minor,4,3RkNXZvOSMMElmmXztDc94,"OVO",USUG12104414,yes
482,"Liability","Drake",105,8B,71,2026-08-08,03:57,63,"rap","Hip Hop","Honestly, Nevermind",2022-06-17,56,27,0,58,0,10,-7,C,4,2vy9Ry1TNjCD85TiCbTz0r,"OVO",USUG12204895,yes