 #,Song,Artist,BPM,Camelot,Energy,Added At,Duration,Popularity,Genres,Parent Genres,Album,Album Date,Dance,Acoustic,Instrumental,Valence,Speech,Live,Loud (Db),Key,Time Signature,Spotify Track Id,Label,ISRC,Explicit
1,"Red Floors","Prague",72,8B,49,2026-09-02,05:30,0,"anime, j-rock","Pop, Rock","You Hear The Song And It Is Long Ago",2003-10-01,56,75,69,17,0,0,-11,C,4,09TWrPFl6MfHERkCPibHfr,"Suiteside",ITL910700907,no
2,"Too Far","Prague",80,8B,64,2026-09-02,03:47,0,"anime, j-rock","Pop, Rock","You Hear The Song And It Is Long Ago",2003-10-01,45,2,3,26,0,0,-6,C,4,38arPbEMtW4vHjaDNAVXO8,"Suiteside",ITL910700906,no
3,"Bad Things Happen","Prague",105,7A,63,2026-09-02,03:39,0,"anime, j-rock","Pop, Rock","You Hear The Song And It Is Long Ago",2003-10-01,59,63,0,15,0,10,-8,D minor,4,4LuP90jGNgsI2RAryQeK80,"Suiteside",ITL910700904,no
4,"C","Prague",184,8B,82,2026-09-02,04:22,0,"anime, j-rock","Pop, Rock","You Hear The Song And It Is Long Ago",2003-10-01,7,0,79,19,0,10,-6,C,4,1bSCXj5SiAYa9ed2xqz97D,"Suiteside",ITL910700903,no
5,"Needless Talks","Prague",206,9A,81,2026-09-02,03:30,0,"anime, j-rock","Pop, Rock","You Hear The Song And It Is Long Ago",2003-10-01,27,12,25,37,0,10,-8,E minor,4,6jSNawCwdXQ8RVcTyYFXmt,"Suiteside",ITL910700902,no
6,"Impassion","Polyphia",150,11B,90,2026-09-02,04:48,39,"math rock, djent, progressive metal, progressive rock","Rock","Inspire",2013-04-21,43,0,88,26,0,0,-4,A,3,4UmEuKMeh8hMRTlJVVsr5K,"Polyphia",uscgj1372059,no
7,"Inspire","Polyphia",175,6A,95,2026-09-02,05:25,31,"math rock, djent, progressive metal, progressive rock","Rock","Inspire",2013-04-21,43,0,86,12,10,10,-5,G minor,3,5f07SlGqb3uEmn1s3KtSVj,"Polyphia",uscgj1372057,no
8,"Ignite","Polyphia",120,11A,82,2026-09-02,01:52,39,"math rock, djent, progressive metal, progressive rock","Rock","Inspire",2013-04-21,53,0,91,21,0,10,-6,F#/G♭ minor,4,4o6Uwrxpqa9zLxoLUvtQ4Z,"Polyphia",uscgj1372055,no
9,"Eyes Wide Shut","ILLENIUM, Avril Lavigne, Travis Barker",90,12B,85,2026-09-02,02:32,28,"melodic bass, future bass, edm, canadian pop, candy pop, dance pop, pop, rap rock","Pop, Electronic, Hip Hop, Rock","Eyes Wide Shut (feat. Travis Barker) [Culture Code Remix]",2023-07-21,57,1,0,42,0,40,-3,E,4,2MYdY1OO3zcxmonbWazq4s,"Warner Records",USWB12207321,no
10,"Fake As Hell (with Avril Lavigne)","All Time Low, Avril Lavigne",164,12A,91,2026-09-02,02:59,60,"pop punk, emo, punk, canadian pop, candy pop, dance pop, pop","Pop, Electronic","Fake As Hell (with Avril Lavigne)",2023-09-15,46,0,0,62,0,30,-3,C♯/D♭ minor,4,7bbhu051CI6krV0M6lv7tl,"Fueled By Ramen",USAT22308653,yes
11,"Bulletproof (feat. Avril Lavigne)","Nate Smith, Avril Lavigne",80,9B,76,2026-09-02,03:03,54,"country, canadian pop, candy pop, dance pop, pop","Pop, Country, Electronic","Bulletproof (feat. Avril Lavigne)",2024-05-16,51,8,0,49,0,0,-5,G,4,3Hns0fETEXY84fGjboAbT7,"RCA Records Label Nashville",QZZVQ2400065,no
12,"What's My Name?","Rihanna, Drake",100,10B,78,2026-09-02,04:23,83,"barbadian pop, pop, urban contemporary, rap","Pop, Hip Hop","Loud",2010-01-01,69,18,0,56,0,0,-3,D,4,6DkXLzBQT7cwXmTyzAB1DJ,"Def Jam Recordings",USUM71025031,yes
13,"Off That","JAŸ-Z, Drake",111,3B,93,2026-09-02,04:06,47,"hip hop, east coast hip hop, rap","Hip Hop","The Blueprint 3",2009-09-08,56,28,0,81,20,10,-4,C♯/D♭,4,637A7SaHyjxQEHyUMb30hx,"Roc Nation / Jay-Z",USJZ10900034,yes
14,"Recognize (feat. Drake)","PARTYNEXTDOOR, Drake",120,10B,54,2026-09-02,05:11,78,"dark r&b, r&b, trap soul, rap","R&B, Hip Hop","PARTYNEXTDOOR TWO",2014-07-29,64,1,0,17,0,10,-6,D,4,1DMYEiuAgz1OKvANXiNFrN,"OVO Sound",USWB11401866,yes
15,"Love Me","Lil Wayne, Drake, Future",125,1B,63,2026-09-02,04:15,89,"rap, hip hop, trap","Hip Hop","I Am Not A Human Being II (Deluxe)",2013-01-01,67,1,0,50,0,0,-6,B,4,2XHzzp1j4IfTNp1FTn7YFg,"CM/Republic",USCM51300001,yes
16,"Mine (feat. Drake)","Beyoncé, Drake",103,7B,43,2026-09-02,06:18,62,"pop, r&b, rap","Pop, R&B, Hip Hop","BEYONCÉ [Platinum Edition]",2014-11-24,56,7,0,10,10,10,-11,F,4,63FrXif0Pdu4NAPvTh87mw,"Parkwood Entertainment/Columbia",USSM11307806,yes
17,"WASTING TIME (FEAT. DRAKE & THE NEPTUNES)","Brent Faiyaz, Drake, The Neptunes",89,6A,72,2026-09-02,05:01,61,"r&b, rap","R&B, Hip Hop","WASTELAND",2022-07-08,44,7,0,37,0,0,-4,G minor,4,6N9U1wkWniSXD4TKD4ln0h,"Lost Kids LLC., Marketed by Venice / Stem",QM24S2103302,yes
18,"No Complaints (feat. Offset & Drake) (Bonus)","Metro Boomin, Offset, Drake",124,10B,57,2026-09-02,04:25,69,"rap, atl hip hop, hip hop, pop rap, trap","Hip Hop, Pop","NOT ALL HEROES WEAR CAPES (Deluxe)",2018-11-06,91,7,0,20,10,0,-9,D,4,156LzfvMNKuXuiot4uzhGD,"Republic Records",USUG11700928,yes
19,"Where Ya At (feat. Drake)","Future, Drake",162,3B,45,2026-09-02,03:28,67,"rap, trap","Hip Hop","DS2 (Deluxe)",2015-07-17,81,9,0,19,30,10,-7,C♯/D♭,4,5nN8BwAQDJDguq7Dpd3JQQ,"Epic/Freebandz/A1",USSM11505577,yes
20,"Life Is Good (feat. Drake, DaBaby & Lil Baby) - Remix","Future, Drake, DaBaby, Lil Baby",142,7B,57,2026-09-02,05:14,53,"rap, trap, hip hop, north carolina hip hop, pop rap, atl hip hop, atl trap","Hip Hop, Pop","High Off Life",2020-05-15,79,11,0,59,40,10,-8,F,4,4Qd0pa3JO76UEwhos9JmN0,"Epic/Freebandz",USSM12001024,yes
21,"Yes Indeed","Lil Baby, Drake",120,4A,35,2026-09-02,02:22,79,"atl hip hop, atl trap, rap, trap","Hip Hop","Harder Than Ever",2018-05-18,96,4,0,56,50,10,-9,F minor,4,6vN77lE9LK6HP2DewaN6HZ,"Quality Control Music, LLC",USUM71806749,yes
22,"No Guidance (feat. Drake)","Chris Brown, Drake",93,12A,45,2026-09-02,04:20,81,"r&b, rap","R&B, Hip Hop","Indigo",2019-06-28,70,12,0,14,10,10,-7,C♯/D♭ minor,4,6XHVuErjQ4XNm6nDPVCxVX,"Chris Brown Entertainment/RCA Records",USRC11901583,yes
23,"Outta Time (feat. Drake)","Bryson Tiller, Drake",93,4A,58,2026-09-02,03:18,69,"trap soul, r&b, rap","R&B, Hip Hop","A N N I V E R S A R Y",2020-10-02,71,1,0,34,0,0,-7,F minor,4,4SCnCPOUOUXUmCX2uHb3r7,"TrapSoul/RCA Records",USRC12003234,no
24,"Blessings","Big Sean, Drake",119,3B,62,2026-09-02,04:12,66,"detroit hip hop, hip hop, pop rap, r&b, rap, southern hip hop, trap","Hip Hop, Pop, R&B","Dark Sky Paradise",2015-02-23,79,33,0,15,20,10,-8,C♯/D♭,4,1bzM1cd6oqFozdr4wK6HdR,"Getting Out Our Dreams Inc. (G.O.O.D.) Music / IDJ",USUM71501153,yes
25,"Churchill Downs (feat. Drake)","Jack Harlow, Drake",96,1B,52,2026-09-02,05:09,72,"deep underground hip hop, hip hop, kentucky hip hop, pop rap, rap","Hip Hop, Pop","Come Home The Kids Miss You",2022-05-06,71,62,0,37,30,10,-9,B,4,3EMp20j5E42MxfFbsEsIvD,"Generation Now/Atlantic",USAT22203487,yes
26,"Solid (feat. Drake)","Young Stoner Life, Young Thug, Gunna, Drake",126,10A,49,2026-09-02,03:35,74,"pop rap, rap, melodic rap, trap","Hip Hop, Pop","Slime Language 2",2021-04-16,89,4,0,33,20,10,-9,B minor,4,6rTInqW3YECMkQsBEHw4sd,"300 Entertainment",QMCE32100237,yes
27,"It's Good","Lil Wayne, Drake, Jadakiss",85,4B,72,2026-09-02,04:01,40,"rap, hip hop, east coast hip hop","Hip Hop","Tha Carter IV (Explicit Version)",2011-01-01,67,2,0,11,10,10,-7,G#/A♭,5,4Js8nxfvkO1oKyFxZXpQHX,"CM/Republic",USCM51100321,yes
28,"R.I.C.O. (feat. Drake)","Meek Mill, Drake",168,3B,60,2026-09-02,03:17,70,"rap","Hip Hop","Dreams Worth More Than Money",2015-06-29,73,32,0,39,30,20,-7,C♯/D♭,3,0Y0TOsE1q11qgbi7c5WZsG,"MMG/Atlantic",USAT21501693,yes
29,"Only","Nicki Minaj, Drake, Lil Wayne, Chris Brown",179,1A,50,2026-09-02,05:12,64,"hip pop, pop, queens hip hop, rap, hip hop, r&b","Hip Hop, Pop, R&B","The Pinkprint (International Deluxe Explicit)",2014-12-12,57,41,0,26,50,10,-7,G#/A♭ minor,3,1UZ25gykR30Oewh3dBRtVZ,"Nicki Minaj/Cash Money",USCM51400340,yes
30,"Make Them Know","Drake",120,3B,56,2026-09-02,04:08,79,"rap","Hip Hop","ICEMAN",2026-05-15,70,57,0,23,30,10,-8,C♯/D♭,4,1xO3PpGchMqMmmF6OEtH5Y,"OVO/Republic",USUG12604777,yes
31,"Firm Friends","Drake",80,7B,70,2026-09-02,05:02,75,"rap","Hip Hop","ICEMAN",2026-05-15,68,45,0,87,20,10,-7,F,4,3rssNOLucK9fzsRcKonhYu,"OVO/Republic",USUG12604776,yes
32,"Don’t Worry","Drake",150,7B,58,2026-09-02,04:06,79,"rap","Hip Hop","ICEMAN",2026-05-15,68,1,0,25,0,0,-9,F,4,6cYGpGmnMeK9qWhRpaZOZ5,"OVO/Republic",USUG12604775,yes
33,"Little Birdie","Drake",94,6A,63,2026-09-02,02:56,77,"rap","Hip Hop","ICEMAN",2026-05-15,85,65,0,74,10,10,-6,G minor,4,2XcmjSdYqdhFjyWFdbnBaY,"OVO/Republic",USUG12604774,yes
34,"Make Them Remember","Drake",86,3B,88,2026-09-02,05:23,76,"rap","Hip Hop","ICEMAN",2026-05-15,61,17,0,49,20,20,-4,C♯/D♭,4,73ycOMnODtUc2Ggj6EfCpO,"OVO/Republic",USUG12604773,yes
35,"Plot Twist","Drake",123,3B,52,2026-09-02,03:15,84,"rap","Hip Hop","ICEMAN",2026-05-15,83,12,0,61,0,50,-7,C♯/D♭,4,3cLCA9LSb6UiOeNvTZoaav,"OVO/Republic",USUG12604770,yes
36,"Shabang","Drake",117,1A,53,2026-09-02,03:08,88,"rap","Hip Hop","ICEMAN",2026-05-15,86,11,0,64,10,10,-6,G#/A♭ minor,4,6vjpQIdABqntoe3zPazPec,"OVO/Republic",USUG12604765,yes
37,"Ran To Atlanta (feat. Future & Molly Santana)","Drake, Future, Molly Santana",140,3B,58,2026-09-02,04:07,86,"rap, trap, rage rap, underground hip hop","Hip Hop","ICEMAN",2026-05-15,56,3,0,28,20,10,-7,C♯/D♭,4,3DK90400cDlV5WUJPraMph,"OVO/Republic",USUG12604764,yes
38,"Janice STFU","Drake",126,3B,48,2026-09-02,03:57,94,"rap","Hip Hop","ICEMAN",2026-05-15,79,8,0,19,0,10,-8,C♯/D♭,4,514joG57v4yKTsfQmz7stz,"OVO/Republic",USUG12604763,yes
39,"Dust","Drake",138,6A,56,2026-09-02,03:09,80,"rap","Hip Hop","ICEMAN",2026-05-15,73,3,0,18,10,10,-5,G minor,4,4eE16RJFDKf2WxBTqqfylu,"OVO/Republic",USUG12602488,yes
40,"Make Them Cry","Drake",80,3B,66,2026-09-02,05:07,79,"rap","Hip Hop","ICEMAN",2026-05-15,50,35,0,40,40,10,-7,C♯/D♭,4,55wlsNYqcfiQsHuX8l0jmF,"OVO/Republic",USUG12602487,yes
41,"Prioritizing","Drake",178,8B,45,2026-09-02,03:53,68,"rap","Hip Hop","HABIBTI",2026-05-15,34,84,0,30,0,10,-8,C,4,5BRkZvrogjXJlvPEzb4POg,"OVO/Republic",USUG12602445,yes
42,"White Bone","Drake",118,4A,35,2026-09-02,04:57,74,"rap","Hip Hop","HABIBTI",2026-05-15,49,84,0,4,0,10,-11,F minor,4,6o6cIHT9YvlrUD2bOHo4hB,"OVO/Republic",USUG12602443,yes
43,"I'm Spent (feat. Loe Shimmy)","Drake, Loe Shimmy",81,11A,45,2026-09-02,02:24,79,"rap, sexy drill","Hip Hop","HABIBTI",2026-05-15,71,41,0,30,0,0,-8,F#/G♭ minor,4,0SeTP12t4EwBJ6zsjHn9Wa,"OVO/Republic",USUG12602440,yes
44,"Hurrr Nor Thurr (feat. Sexyy Red)","Drake, Sexyy Red",134,6A,40,2026-09-02,03:08,69,"rap, trap queen","Hip Hop","HABIBTI",2026-05-15,65,67,0,26,10,10,-9,G minor,4,3raBR3SY78nNv4uGEv3CNY,"OVO/Republic",USUG12602385,yes
45,"Slap The City (feat. Qendresa)","Drake, Qendresa",124,11A,47,2026-09-02,03:22,77,"rap, alternative r&b","Pop, R&B, Hip Hop","HABIBTI",2026-05-15,82,71,0,42,20,10,-8,F#/G♭ minor,4,3nwcQXP0mBmXmlrirQxCkz,"OVO/Republic",USUG12602383,yes
46,"WNBA","Drake",118,4B,48,2026-09-02,02:58,80,"rap","Hip Hop","HABIBTI",2026-05-15,45,25,0,7,0,10,-12,G#/A♭,4,6zZvy88xp6FIjJKhqwnJeQ,"OVO/Republic",USUG12602382,yes
47,"Rusty Intro","Drake",151,9B,57,2026-09-02,01:02,64,"rap","Hip Hop","HABIBTI",2026-05-15,51,58,0,49,0,10,-7,G,4,41DHDnlRXQiNJf3GbisIYk,"OVO/Republic",USUG12602381,yes
48,"Princess","Drake",168,8B,43,2026-09-02,03:13,69,"rap","Hip Hop","MAID OF HONOUR",2026-05-15,45,51,0,23,0,30,-9,C,4,2OrkG4TIWdm5ZhBwpbr3o0,"OVO/Republic",USUG12602471,yes
49,"Goose and The Juice","Drake",118,4A,56,2026-09-02,04:23,67,"rap","Hip Hop","MAID OF HONOUR",2026-05-15,78,1,0,47,0,10,-9,F minor,4,25vFrwbvXqZpzu03R5Lzjq,"OVO/Republic",USUG12602470,yes
50,"Q&A","Drake",129,11A,45,2026-09-02,03:43,69,"rap","Hip Hop","MAID OF HONOUR",2026-05-15,49,23,0,15,0,10,-9,F#/G♭ minor,4,7ppIKUHCFQGCQny1Se2jLV,"OVO/Republic",USUG12602468,yes
51,"New Bestie","Drake",125,4A,58,2026-09-02,04:19,74,"rap","Hip Hop","MAID OF HONOUR",2026-05-15,86,8,0,55,20,10,-8,F minor,4,5dYyoRxPWVaV36XSD49yGS,"OVO/Republic",USUG12602467,yes
52,"Amazing Shape (feat. Popcaan)","Drake, Popcaan",119,3B,33,2026-09-02,02:56,68,"rap, dancehall, soca, riddim, afrobeats, reggae, ragga","Reggae, Hip Hop","MAID OF HONOUR",2026-05-15,77,7,0,21,30,10,-10,C♯/D♭,3,6hFjD546JTuTsUS6GawtVF,"OVO/Republic",USUG12602463,yes
53,"Road Trips","Drake",126,12A,68,2026-09-02,04:03,78,"rap","Hip Hop","MAID OF HONOUR",2026-05-15,72,2,0,11,0,0,-8,C♯/D♭ minor,4,6p0Ai6wRjz9CmjqkhoKOwf,"OVO/Republic",USUG12602460,yes
54,"Hoe Phase","Drake",130,8A,53,2026-09-02,03:23,78,"rap","Hip Hop","MAID OF HONOUR",2026-05-15,53,24,0,33,10,0,-10,A minor,4,0O6lm9N6qJclxNFHl51nkr,"OVO/Republic",USUG12602459,yes
55,"What Did I Miss?","Drake",126,5A,80,2026-09-02,03:14,76,"rap","Hip Hop","What Did I Miss?",2025-07-05,75,18,0,46,0,30,-4,C minor,4,57GsLpRtEtrzcPGPop20rS,"OVO/Republic",USUG12505774,yes
56,"GLORIOUS","PARTYNEXTDOOR, Drake",152,9B,55,2026-09-02,03:25,59,"dark r&b, r&b, trap soul, rap","R&B, Hip Hop","$ome $exy $ongs 4 U",2025-02-14,56,15,0,51,30,10,-9,G,4,1mKNJs35ede94bTPWveVOo,"OVO Sound",USLD91772037,yes
57,"CELIBACY","PARTYNEXTDOOR, Drake",120,6A,36,2026-09-02,03:55,66,"dark r&b, r&b, trap soul, rap","R&B, Hip Hop","$ome $exy $ongs 4 U",2025-02-14,49,35,0,15,0,0,-10,G minor,4,578CwfxpfH2HxlENOCHc2n,"OVO Sound",USLD91772035,yes
58,"SOMEBODY LOVES ME","PARTYNEXTDOOR, Drake",77,11B,51,2026-09-02,03:02,80,"dark r&b, r&b, trap soul, rap","R&B, Hip Hop","$ome $exy $ongs 4 U",2025-02-14,37,51,0,22,0,70,-6,A,3,2kZoOj1n5vk9BuF0sih58M,"OVO Sound",USLD91772034,yes
59,"MEET YOUR PADRE","PARTYNEXTDOOR, Drake, Chino Pacas",128,10A,60,2026-09-02,04:31,61,"dark r&b, r&b, trap soul, rap, corrido, corridos tumbados, corridos bélicos, música mexicana","R&B, Hip Hop","$ome $exy $ongs 4 U",2025-02-14,71,67,0,72,0,10,-9,B minor,4,0o5p5zzRN84q6qVbOVONPM,"OVO Sound",USLD91772031,no
60,"LASERS","PARTYNEXTDOOR, Drake",119,5A,49,2026-09-02,03:18,63,"dark r&b, r&b, trap soul, rap","R&B, Hip Hop","$ome $exy $ongs 4 U",2025-02-14,55,64,0,18,0,10,-5,C minor,4,2vjFTjmvpFjFM01cNdG2ik,"OVO Sound",USLD91772030,yes
61,"BRIAN STEEL","Drake",147,9A,56,2026-09-02,01:51,62,"rap","Hip Hop","$ome $exy $ongs 4 U",2025-02-14,76,10,0,47,10,20,-8,E minor,4,3FHO87BSOEVAsedSnCTnvz,"OVO Sound",USLD91772027,yes
62,"CRYING IN CHANEL","Drake",113,10B,41,2026-09-02,03:19,63,"rap","Hip Hop","$ome $exy $ongs 4 U",2025-02-14,60,22,0,12,0,10,-9,D,4,5aIEFCKhVUM5sKkwOSdFiM,"OVO Sound",USLD91772022,yes
63,"SOMETHING ABOUT YOU","PARTYNEXTDOOR, Drake",136,6A,49,2026-09-02,03:38,76,"dark r&b, r&b, trap soul, rap","R&B, Hip Hop","$ome $exy $ongs 4 U",2025-02-14,51,24,0,8,10,30,-9,G minor,4,1F6nHHDJyTHLgDDFj1ZZDt,"OVO Sound",USLD91772021,yes
64,"CN TOWER","PARTYNEXTDOOR, Drake",127,2A,41,2026-09-02,04:01,73,"dark r&b, r&b, trap soul, rap","R&B, Hip Hop","$ome $exy $ongs 4 U",2025-02-14,67,32,0,22,10,10,-7,D#/E♭ minor,4,4u43I0LP2Xf85OAS85eG0R,"OVO Sound",USLD91772019,yes
65,"No Face","Drake",126,6B,69,2026-09-02,02:17,76,"rap","Hip Hop","No Face",2024-08-31,85,8,0,47,0,0,-6,A#/B♭,4,1560osUcXrnov6yuOjXvc1,"OVO",USUG12405322,yes
66,"It's Up (feat. Young Thug & 21 Savage)","Drake, Young Thug, 21 Savage",140,3B,72,2026-09-02,04:38,74,"rap, melodic rap, trap, atl hip hop, hip hop","Hip Hop","100 GIGS",2024-08-30,78,3,0,29,10,10,-5,C♯/D♭,4,1qIwin7JMVuX70qN6wD8ww,"OVO/Republic",USUG12405316,yes
67,"Circadian Rhythm","Drake",146,12A,57,2026-09-02,02:06,77,"rap","Hip Hop","100 GIGS",2024-08-30,69,19,0,29,0,0,-6,C♯/D♭ minor,4,1eroCliWpJrEu1V7VSObcO,"OVO/Republic",USUG12405324,yes
68,"Sideways","Gordo, Drake",122,4A,57,2026-09-02,04:13,56,"techengue, afro house, latin house, rap","Hip Hop","Sideways",2024-07-26,66,53,43,49,0,10,-11,F minor,4,3OGlklVPmFmu6Tm0fQ1JpB,"Ultra Records, LLC",USUS12400451,no
69,"You Broke My Heart","Drake",121,3A,70,2026-09-02,03:50,77,"rap","Hip Hop","For All The Dogs Scary Hours Edition",2023-11-17,47,20,0,28,0,30,-5,A#/B♭ minor,4,5Se32hEA9raeboZerywxka,"OVO/Republic",USUG12309646,yes
70,"Evil Ways (feat. J. Cole)","Drake, J. Cole",78,3B,78,2026-09-02,03:47,61,"rap","Hip Hop","For All The Dogs Scary Hours Edition",2023-11-17,56,5,0,25,30,20,-5,C♯/D♭,4,2ut4BOQSqxLpcX5MtPjzYa,"OVO/Republic",USUG12306120,yes
71,"Wick Man","Drake",86,10B,93,2026-09-02,03:01,57,"rap","Hip Hop","For All The Dogs Scary Hours Edition",2023-11-17,48,35,0,52,40,20,-7,D,4,4ASBfwBwwo7DTT2zq9YSLP,"OVO/Republic",USUG12306118,yes
72,"Stories About My Brother","Drake",87,1A,84,2026-09-02,04:24,66,"rap","Hip Hop","For All The Dogs Scary Hours Edition",2023-11-17,65,57,0,85,10,20,-4,G#/A♭ minor,4,0ZB5pdrM1leH58IgokDPZM,"OVO/Republic",USUG12306114,yes
73,"Red Button","Drake",114,8B,71,2026-09-02,02:40,61,"rap","Hip Hop","For All The Dogs Scary Hours Edition",2023-11-17,46,16,0,39,10,10,-6,C,5,5Mc8XDfGQCMkOEZm9rS1cE,"OVO/Republic",USUG12306112,yes
74,"You Broke My Heart - Instrumental","Drake",124,3B,58,2026-09-02,03:50,32,"rap","Hip Hop","For All The Dogs Scary Hours Edition (Instrumental)",2023-11-16,52,1,84,26,0,30,-10,C♯/D♭,4,0LukDtOZSbHMxt69F4AZHO,"OVO/Republic",USUG12309656,no
75,"Evil Ways (feat. J. Cole) - Instrumental","Drake, J. Cole",156,3B,58,2026-09-02,03:47,31,"rap","Hip Hop","For All The Dogs Scary Hours Edition (Instrumental)",2023-11-16,62,0,0,37,0,10,-9,C♯/D♭,4,0Mt4kFSqMDBX4jezEUtujl,"OVO/Republic",USUG12309655,no
76,"The Shoe Fits - Instrumental","Drake",77,9A,52,2026-09-02,06:14,31,"rap","Hip Hop","For All The Dogs Scary Hours Edition (Instrumental)",2023-11-16,50,10,83,63,10,30,-9,E minor,4,6BCDS43QqQkK6TWg9F2YhO,"OVO/Republic",USUG12309653,no
77,"Stories About My Brother - Instrumental","Drake",88,1A,39,2026-09-02,04:24,33,"rap","Hip Hop","For All The Dogs Scary Hours Edition (Instrumental)",2023-11-16,55,52,80,90,0,20,-6,G#/A♭ minor,4,7yoHYSunDSmdYrORIOYVHX,"OVO/Republic",USUG12309652,no
78,"Red Button - Instrumental","Drake",168,8B,55,2026-09-02,02:40,36,"rap","Hip Hop","For All The Dogs Scary Hours Edition (Instrumental)",2023-11-16,29,4,83,19,0,10,-11,C,4,49PBvg9QELHDx3bMHRTA2s,"OVO/Republic",USUG12309651,no
79,"Polar Opposites","Drake",77,4A,27,2026-09-02,04:17,67,"rap","Hip Hop","For All The Dogs",2023-10-06,44,9,0,34,0,10,-14,F minor,4,3oZZfVvLJuDYc4Vn3A63Fw,"OVO/Republic",USUG12306088,yes
80,"Away From Home","Drake",93,3B,63,2026-09-02,04:18,68,"rap","Hip Hop","For All The Dogs",2023-10-06,85,2,0,23,0,10,-8,C♯/D♭,4,4IcbUXrAzBtn6iUO1LP471,"OVO/Republic",USUG12306087,yes
81,"Another Late Night (feat. Lil Yachty)","Drake, Lil Yachty",158,4A,71,2026-09-02,02:50,64,"rap, atl hip hop, melodic rap, trap","Hip Hop","For All The Dogs",2023-10-06,70,1,0,28,0,10,-5,F minor,4,17IBDpAl3J39swaoPlfGpp,"OVO/Republic",USUG12306086,yes
82,"Rich Baby Daddy (feat. Sexyy Red & SZA)","Drake, Sexyy Red, SZA",146,10B,73,2026-09-02,05:19,81,"rap, trap queen, r&b","R&B, Hip Hop","For All The Dogs",2023-10-06,64,5,0,14,0,30,-4,D,4,1yeB8MUNeLo9Ek1UEpsyz6,"OVO/Republic",USUG12306085,yes
83,"Gently (feat. Bad Bunny)","Drake, Bad Bunny",108,6A,45,2026-09-02,02:13,70,"rap, reggaeton, trap latino, latin, urbano latino","Latin, Hip Hop","For All The Dogs",2023-10-06,87,5,0,24,30,10,-7,G minor,4,6ZprqcYFC6D9eIZaCoqrSn,"OVO/Republic",USUG12306084,yes
84,"All The Parties (feat. Chief Keef)","Drake, Chief Keef",125,5A,41,2026-09-02,03:38,65,"rap, chicago drill, drill","Hip Hop","For All The Dogs",2023-10-06,57,54,0,23,30,10,-10,C minor,4,1PIgY9ybyFT9uWLM5POYGY,"OVO/Republic",USUG12306081,yes
85,"Members Only (feat. PARTYNEXTDOOR)","Drake, PARTYNEXTDOOR",92,7A,34,2026-09-02,04:37,70,"rap, dark r&b, r&b, trap soul","R&B, Hip Hop","For All The Dogs",2023-10-06,65,25,0,18,0,10,-9,D minor,4,24FUBxaAYSBlWsbSnEzDcn,"OVO/Republic",USUG12306079,yes
86,"Drew A Picasso","Drake",128,9B,38,2026-09-02,04:22,70,"rap","Hip Hop","For All The Dogs",2023-10-06,71,33,0,15,20,10,-11,G,4,03rwnftfgpYVO6QDWOZcG6,"OVO/Republic",USUG12306078,yes
87,"Screw The World - Interlude","Drake",147,3B,64,2026-09-02,01:52,51,"rap","Hip Hop","For All The Dogs",2023-10-06,82,6,71,63,20,10,-6,C♯/D♭,4,0ArVfVP8B5svkfj8clHNzB,"OVO/Republic",USUG12306077,yes
88,"Bahamas Promises","Drake",118,3B,31,2026-09-02,03:04,68,"rap","Hip Hop","For All The Dogs",2023-10-06,63,85,0,37,0,10,-10,C♯/D♭,4,3JZjcKImHcmOI9ylL4zrSc,"OVO/Republic",USUG12306074,yes
89,"7969 Santa","Drake",141,3A,49,2026-09-02,04:19,64,"rap","Hip Hop","For All The Dogs",2023-10-06,49,55,0,33,0,10,-9,A#/B♭ minor,4,1GpWY5RiInhezB8wGWs6oN,"OVO/Republic",USUG12306073,yes
90,"Daylight","Drake",140,3A,56,2026-09-02,02:44,63,"rap","Hip Hop","For All The Dogs",2023-10-06,57,1,0,7,20,10,-8,A#/B♭ minor,4,4ZT0wGKwlJRjpMUuwZVy3p,"OVO/Republic",USUG12306070,yes
91,"Fear Of Heights","Drake",137,6A,32,2026-09-02,02:35,63,"rap","Hip Hop","For All The Dogs",2023-10-06,70,1,0,7,20,10,-9,G minor,4,53KaP77tkliz36LPxWGlWK,"OVO/Republic",USUG12306069,yes
92,"Calling For You (feat. 21 Savage)","Drake, 21 Savage",121,8B,55,2026-09-02,04:45,63,"rap, atl hip hop, hip hop","Hip Hop","For All The Dogs",2023-10-06,57,5,0,10,10,10,-7,C,4,2nibvvDdAQkVraYP00z2RS,"OVO/Republic",USUG12306068,yes
93,"Amen (feat. Teezo Touchdown)","Drake, Teezo Touchdown",90,8B,61,2026-09-02,02:21,60,"rap, indie hip hop","Hip Hop, Rock","For All The Dogs",2023-10-06,65,6,0,31,10,20,-8,C,3,0Mrnt1YqVuW2bqmwu4VxDt,"OVO/Republic",USUG12306067,yes
94,"On The Radar Freestyle","Drake, Central Cee",150,3B,63,2026-09-02,04:35,67,"rap, uk drill, drill, uk grime","Hip Hop","On The Radar Freestyle",2023-07-26,62,11,0,19,20,10,-9,C♯/D♭,4,1L0OmJV0LnPDWuHCIGmBV6,"OVO Sound",USLD91749183,yes
95,"Who Told You (feat. Drake)","J Hus, Drake",77,10A,74,2026-09-02,03:28,68,"afroswing, grime, uk grime, rap","Hip Hop","Who Told You (feat. Drake)",2023-06-08,73,16,0,87,30,10,-5,B minor,5,40EXFgNMOIQRQOwJZ8mJkC,"Black Butter",GBARL2300716,yes
96,"Search & Rescue","Drake",140,3A,44,2026-09-02,04:32,76,"rap","Hip Hop","Search & Rescue",2023-04-07,83,8,0,53,0,30,-9,A#/B♭ minor,4,7aRCf5cLOFN1U7kvtChY1G,"OVO/Republic Records",USUG12301601,yes
97,"We Caa Done (feat. Drake)","Popcaan, Drake",100,12A,76,2026-09-02,04:05,62,"dancehall, soca, riddim, afrobeats, reggae, ragga, rap","Reggae, Hip Hop","We Caa Done (feat. Drake)",2023-01-06,57,4,0,48,20,10,-6,C♯/D♭ minor,4,6rb3wFQ66EWR7DcPG0oEE1,"OVO Sound",USLD91743605,yes
98,"I Guess It’s Fuck Me","Drake",82,9A,32,2026-09-02,04:23,67,"rap","Hip Hop","Her Loss",2022-11-04,28,50,0,5,0,20,-12,E minor,4,31bsuKDOzFGzBAoXxtnAJm,"OVO / Republic Records",USUG12208613,yes
99,"Jumbotron Shit Poppin","Drake",99,11A,57,2026-09-02,02:17,68,"rap","Hip Hop","Her Loss",2022-11-04,79,23,0,31,20,20,-6,F#/G♭ minor,4,2ZlABhxMMa43COmZ97kKsJ,"OVO / Republic Records",USUG12208610,yes
100,"Pussy & Millions (feat. Travis Scott)","Drake, 21 Savage, Travis Scott",122,9A,62,2026-09-02,04:02,72,"rap, atl hip hop, hip hop","Hip Hop","Her Loss",2022-11-04,75,6,0,38,10,30,-7,E minor,4,2KLwPaRDOB87XOYAT2fgxh,"OVO / Republic Records",USUG12208607,yes
101,"Circo Loco","Drake, 21 Savage",104,3B,58,2026-09-02,03:56,72,"rap, atl hip hop, hip hop","Hip Hop","Her Loss",2022-11-04,73,1,0,26,0,30,-9,C♯/D♭,4,7GeTsDIc5ykNB6lORO6Cee,"OVO / Republic Records",USUG12208606,yes
102,"Treacherous Twins","Drake, 21 Savage",89,3A,51,2026-09-02,03:00,65,"rap, atl hip hop, hip hop","Hip Hop","Her Loss",2022-11-04,76,8,0,59,30,10,-7,A#/B♭ minor,4,4Flfb4fGscN9kXPOduQLrv,"OVO / Republic Records",USUG12208605,yes
103,"Spin Bout U","Drake, 21 Savage",130,9B,72,2026-09-02,03:34,77,"rap, atl hip hop, hip hop","Hip Hop","Her Loss",2022-11-04,76,1,0,23,0,10,-6,G,4,2ZL7WZcjuYKi1KUDtp4kCC,"OVO / Republic Records",USUG12208603,yes
104,"Privileged Rappers","Drake, 21 Savage",144,7B,60,2026-09-02,02:40,70,"rap, atl hip hop, hip hop","Hip Hop","Her Loss",2022-11-04,93,0,0,65,10,10,-8,F,4,7l2nxyx7IkBX5orhkALg0V,"OVO / Republic Records",USUG12208602,yes
105,"BackOutsideBoyz","Drake",142,4A,43,2026-09-02,02:32,65,"rap","Hip Hop","Her Loss",2022-11-04,85,5,0,46,30,30,-8,F minor,4,0wshkEEcJUQU33RSRBb5dv,"OVO / Republic Records",USUG12208601,yes
106,"On BS","Drake, 21 Savage",158,11B,37,2026-09-02,04:21,73,"rap, atl hip hop, hip hop","Hip Hop","Her Loss",2022-11-04,84,2,0,36,60,10,-7,A,4,34tz0eDhGuFErIuW3q4mPX,"OVO / Republic Records",USUG12208600,yes
107,"Major Distribution","Drake, 21 Savage",131,1B,54,2026-09-02,02:50,67,"rap, atl hip hop, hip hop","Hip Hop","Her Loss",2022-11-04,91,1,0,23,30,0,-10,B,4,46s57QULU02Voy0Kup6UEb,"OVO / Republic Records",USUG12208599,yes
108,"STAYING ALIVE (feat. Drake & Lil Baby)","DJ Khaled, Drake, Lil Baby",130,9A,46,2026-09-02,02:58,64,"hip hop, miami hip hop, pop rap, rap, atl hip hop, atl trap, trap","Hip Hop, Pop","STAYING ALIVE (feat. Drake & Lil Baby)",2022-08-05,72,7,0,18,0,20,-8,E minor,4,0g2Bbgy7P41pFjMWJuzsf4,"Epic/We The Best",USSM12206682,yes
109,"Tie That Binds","Drake",120,9A,69,2026-09-02,05:36,61,"rap","Hip Hop","Honestly, Nevermind",2022-06-17,78,2,9,28,0,10,-11,E minor,4,1XsRwo2it6QHdV2OiT6IzF,"OVO",USUG12204894,no
110,"Down Hill","Drake",110,5B,32,2026-09-02,04:10,58,"rap","Hip Hop","Honestly, Nevermind",2022-06-17,72,97,0,64,0,0,-11,D#/E♭,4,3N3d4OWbPVxTQVBFqNyykk,"OVO",USUG12204893,no
111,"Flight's Booked","Drake",123,2A,41,2026-09-02,04:14,74,"rap","Hip Hop","Honestly, Nevermind",2022-06-17,59,89,10,20,0,10,-13,D#/E♭ minor,4,6Yj7Zhxt73uvwFFvzQXdxO,"OVO",USUG12204891,no
112,"Sticky","Drake",137,2B,50,2026-09-02,04:03,73,"rap","Hip Hop","Honestly, Nevermind",2022-06-17,85,9,0,8,10,0,-15,F#/G♭,4,4rmVZajAF7PkrCagGPHbqa,"OVO",USUG12204888,yes
113,"Calling My Name","Drake",124,10A,28,2026-09-02,02:09,63,"rap","Hip Hop","Honestly, Nevermind",2022-06-17,83,62,0,48,20,10,-11,B minor,4,7sT7kZEYd1MrmzLLIRVZas,"OVO",USUG12204886,yes
114,"Currents","Drake",122,8B,28,2026-09-02,02:37,64,"rap","Hip Hop","Honestly, Nevermind",2022-06-17,88,10,0,42,10,0,-13,C,4,1eCFz60zd7mAXgWLapPd9B,"OVO",USUG12204883,no
115,"The Remorse","Drake",75,8B,53,2026-09-02,05:51,63,"rap","Hip Hop","Certified Lover Boy",2021-09-03,47,81,0,64,20,20,-9,C,3,1cCXT1cErAY6tmIqHbodrt,"OVO",USUG12104415,yes
116,"IMY2 (with Kid Cudi)","Drake, Kid Cudi",150,6A,49,2026-09-02,04:12,67,"rap, hip hop, ohio hip hop, pop rap","Hip Hop, Pop","Certified Lover Boy",2021-09-03,59,40,1,5,0,10,-9,G minor,4,7F9cT6hIRhnFCYP6GKS0tf,"OVO",USUG12104437,yes
117,"Get Along Better","Drake, Ty Dolla $ign",178,4B,47,2026-09-02,03:49,73,"rap, trap soul","Hip Hop, R&B","Certified Lover Boy",2021-09-03,32,1,0,34,0,10,-7,G#/A♭,3,5ScbulRnixQ2XAdvrPMFjz,"OVO",USUG12104413,yes
118,"Race My Mind","Drake",174,6B,64,2026-09-02,04:29,76,"rap","Hip Hop","Certified Lover Boy",2021-09-03,49,18,0,78,20,10,-7,A#/B♭,4,2Q3jFbyE61mCjS3SkW4toJ,"OVO",USUG12104411,yes
119,"No Friends In The Industry","Drake",84,3B,74,2026-09-02,03:24,73,"rap","Hip Hop","Certified Lover Boy",2021-09-03,84,2,0,17,10,60,-5,C♯/D♭,4,2tUL6dZf1mywCj5WvCPZw6,"OVO",USUG12104408,yes
120,"Way 2 Sexy (with Future & Young Thug)","Drake, Future, Young Thug",136,10A,60,2026-09-02,04:17,75,"rap, trap, melodic rap","Hip Hop","Certified Lover Boy",2021-09-03,80,0,0,33,10,30,-6,B minor,4,0k1WUmIRnG3xU6fvvDVfRG,"OVO",USUG12104403,yes
121,"Fair Trade (with Travis Scott)","Drake, Travis Scott",168,3B,47,2026-09-02,04:51,83,"rap","Hip Hop","Certified Lover Boy",2021-09-03,67,5,0,29,20,20,-9,C♯/D♭,4,40iJIUlhi6renaREYGeIDS,"OVO",USUG12104402,yes
122,"Love All (with JAY-Z)","Drake, JAŸ-Z",92,10B,58,2026-09-02,03:48,72,"rap, hip hop, east coast hip hop","Hip Hop","Certified Lover Boy",2021-09-03,73,35,0,16,20,10,-5,D,4,4VCbgIdr8ptegWeJpqLVHH,"OVO",USUG12104401,yes
123,"In The Bible (with Lil Durk & Giveon)","Drake, Lil Durk, GIVĒON",143,6A,39,2026-09-02,04:56,67,"rap, chicago drill, drill, r&b","Hip Hop, R&B","Certified Lover Boy",2021-09-03,69,61,0,15,30,10,-8,G minor,4,61S79KIVA4I9FXbnsylEHT,"OVO",USUG12104400,yes
124,"Papi’s Home","Drake",140,10B,74,2026-09-02,02:58,67,"rap","Hip Hop","Certified Lover Boy",2021-09-03,70,11,0,59,30,70,-6,D,4,6jy9yJfgCsMHdu2Oz4BGKX,"OVO",USUG12104398,yes
125,"What’s Next","Drake",130,5A,59,2026-09-02,02:58,71,"rap","Hip Hop","Scary Hours 2",2021-03-05,78,1,0,6,0,10,-7,C minor,4,3aQem4jVGdhtg116TmJnHz,"OVO",USUG12101041,yes
126,"Lemon Pepper Freestyle (feat. Rick Ross)","Drake, Rick Ross",95,3B,64,2026-09-02,06:23,67,"rap, southern hip hop","Hip Hop","Scary Hours 2",2021-03-05,77,10,0,43,30,10,-6,C♯/D♭,4,4FRW5Nza1Ym91BGV4nFWXI,"OVO",USUG12101043,yes
127,"B.B. King Freestyle (with Drake)","Lil Wayne, Drake",87,1B,55,2026-09-02,03:42,61,"rap, hip hop","Hip Hop","B.B. King Freestyle",2020-11-30,66,46,0,72,40,10,-8,B,4,6EW1fwOk4JHmTZKINZsyjB,"Republic Records",USUG12000438,yes
128,"You’re Mines Still (feat. Drake)","Yung Bleu, Drake",83,4A,61,2026-09-02,03:46,57,"alabama rap, trap, rap","Hip Hop","You’re Mines Still (feat. Drake)",2020-10-15,57,32,0,34,10,10,-5,F minor,4,3q6TQTEbiLNv3RfNQfPgo3,"OVO Sound",USWB12004394,yes
129,"Only You Freestyle","Headie One, Drake",147,7B,83,2026-09-02,04:08,59,"uk drill, grime, drill, uk grime, rap","Hip Hop","Only You Freestyle",2020-07-20,68,56,0,80,20,20,-3,F,4,4OENnoidV0h8gJV6bhrw7r,"Relentless Records",GBARL2000845,yes
130,"POPSTAR (feat. Drake)","DJ Khaled, Drake",163,4A,56,2026-09-02,03:20,71,"hip hop, miami hip hop, pop rap, rap","Hip Hop, Pop","POPSTAR (feat. Drake)",2020-07-17,80,6,0,45,20,10,-5,F minor,4,6EDO9iiTtwNv6waLwa1UUq,"OVO/We The Best/Epic",USSM12004501,yes
131,"GREECE (feat. Drake)","DJ Khaled, Drake",86,7B,34,2026-09-02,03:38,72,"hip hop, miami hip hop, pop rap, rap","Hip Hop, Pop","GREECE (feat. Drake)",2020-07-16,70,7,0,23,0,10,-11,F,4,35RJhm1pEovTBwnNR0zWad,"OVO/We The Best/Epic",USSM12004502,yes
132,"From Florida With Love","Drake",81,11A,48,2026-09-02,03:54,62,"rap","Hip Hop","Dark Lane Demo Tapes",2020-05-01,79,77,0,48,20,10,-8,F#/G♭ minor,4,0YkUwXxnTkeJBvt5upeEtP,"OVO",USUG12001738,yes
133,"Pain 1993 (with Playboi Carti)","Drake, Playboi Carti",77,4A,37,2026-09-02,02:29,74,"rap, rage rap","Hip Hop","Dark Lane Demo Tapes",2020-05-01,83,16,0,12,10,30,-6,F minor,4,6Kj17Afjo1OKJYpf5VzCeo,"OVO",USUG12001746,yes
134,"Desires (with Future)","Drake, Future",145,4A,51,2026-09-02,03:57,68,"rap, trap","Hip Hop","Dark Lane Demo Tapes",2020-05-01,81,28,0,55,10,30,-8,F minor,4,7eYAHC0RbBF9eaqWzT34Aq,"OVO",USUG12001743,yes
135,"Not You Too (feat. Chris Brown)","Drake, Chris Brown",86,8A,45,2026-09-02,04:29,85,"rap, r&b","R&B, Hip Hop","Dark Lane Demo Tapes",2020-05-01,46,34,0,32,0,0,-9,A minor,4,3Q4gttWQ6hxqWOa3tHoTNi,"OVO",USUG12001725,yes
136,"Chicago Freestyle (feat. Giveon)","Drake, GIVĒON",123,6B,45,2026-09-02,03:40,80,"rap, r&b","R&B, Hip Hop","Dark Lane Demo Tapes",2020-05-01,74,63,0,4,30,10,-8,A#/B♭,4,4wVOKKEHUJxHCFFNUWDn0B,"OVO",USUG12001407,yes
137,"Deep Pockets","Drake",78,6A,82,2026-09-02,03:42,59,"rap","Hip Hop","Dark Lane Demo Tapes",2020-05-01,47,48,0,37,10,60,-4,G minor,4,3IvMYBE7A3c7to1aEcfFJk,"OVO",USUG12001723,yes
138,"Toosie Slide","Drake",82,12A,45,2026-09-02,04:07,73,"rap","Hip Hop","Toosie Slide",2020-04-03,83,32,0,84,20,10,-10,C♯/D♭ minor,4,127QTOFJsJQp5LbJbu3A1y,"OVO",USUG12001281,yes
139,"LOYAL (feat. Drake and Bad Bunny) - Remix","PARTYNEXTDOOR, Drake, Bad Bunny",105,5A,53,2026-09-02,04:41,53,"dark r&b, r&b, trap soul, rap, reggaeton, trap latino, latin, urbano latino","Latin, R&B, Hip Hop","LOYAL (feat. Drake and Bad Bunny) [Remix]",2020-02-07,88,48,0,42,0,0,-6,C minor,4,4AtXMDQiztBcGVcLTBrcCQ,"OVO Sound",USWB12000196,yes
140,"Life Is Good (feat. Drake)","Future, Drake",142,7A,61,2026-09-02,03:57,75,"rap, trap","Hip Hop","Life Is Good (feat. Drake)",2020-01-10,68,7,0,51,40,10,-6,D minor,4,5yY9lUy8nbvjM1Uyo1Uqoc,"Epic/Freebandz",USSM11914962,yes
141,"Behind Barz - Bonus","Drake",142,4B,55,2026-09-02,02:43,62,"rap","Hip Hop","Behind Barz (Bonus)",2019-09-13,85,77,0,27,10,0,-5,G#/A♭,4,621hMmYrgWG3caSFtbZg2p,"OVO Sound",USWB11902213,yes
142,"Vomitando","Árbol",110,9B,88,2026-09-02,03:08,27,"argentine rock, latin rock","Rock, Latin","Atemporal",2026-07-31,66,4,0,79,0,30,-5,G,4,6yHg2DewBwr6IyiruHoe2e,"árbol",ARN732600006,no
143,"Hoy es el día","Árbol",140,11B,58,2026-09-02,02:23,4,"argentine rock, latin rock","Rock, Latin","Hoy es el día",2024-03-22,42,0,0,57,0,10,-7,A,4,2LmC6AC2mJNtGul0b8bnHf,"árbol",ARN732300008,no
144,"Shots - The Funk Hunters Remix","Imagine Dragons, The Funk Hunters",110,10A,78,2026-09-02,04:45,25,"modern rock, pop, rock, canadian electronic, glitch","Electronic, Rock, Pop","Shots (The Funk Hunters Remix)",2015-08-07,76,1,28,64,0,0,-7,B minor,4,4XrUtF4qrDlZBB4Wg9efTP,"Kid Ina Korner / Interscope",USUM71510880,no
145,"Can I","Drake",85,9A,18,2026-09-02,03:09,71,"rap","Hip Hop","Care Package",2019-08-02,64,48,1,7,0,10,-9,E minor,4,3e0ZGE7Gp034iLknjQk4QW,"OVO",USUG11902759,yes
146,"Paris Morton Music","Drake",172,3A,49,2026-09-02,04:11,68,"rap","Hip Hop","Care Package",2019-08-02,51,41,0,14,30,10,-9,A#/B♭ minor,4,73IE87H0g2MBmdn41lkVto,"OVO",USUG11902758,yes
147,"Free Spirit (feat. Rick Ross)","Drake, Rick Ross",100,3B,75,2026-09-02,04:12,61,"rap, southern hip hop","Hip Hop","Care Package",2019-08-02,51,28,0,23,30,10,-5,C♯/D♭,3,18t8ypY0HYaQuGBxg2KdT2,"OVO",USUG11902755,yes
148,"Club Paradise","Drake",184,11A,73,2026-09-02,04:43,75,"rap","Hip Hop","Care Package",2019-08-02,34,76,0,54,10,10,-6,F#/G♭ minor,4,6MR5IBSNfDmiwnrlQpVw4w,"OVO",USUG11902754,yes
149,"Jodeci Freestyle (feat. J. Cole)","Drake, J. Cole",88,10B,84,2026-09-02,04:14,59,"rap","Hip Hop","Care Package",2019-08-02,50,1,0,28,20,10,-3,D,4,2xUHiyGeGrWmmfv7NbDTWC,"OVO",USUG11902753,yes
150,"I Get Lonely","Drake",81,10A,50,2026-09-02,04:13,73,"rap","Hip Hop","Care Package",2019-08-02,48,71,0,69,0,10,-9,B minor,4,3sMC6vfTTSa0mMAPTwzDVD,"OVO",USUG11902751,no
151,"Trust Issues","Drake",89,10A,54,2026-09-02,04:41,82,"rap","Hip Hop","Care Package",2019-08-02,42,78,0,52,20,10,-5,B minor,3,4Wjhj0WjkyECccfHVIgaTq,"OVO",USUG11902746,yes
152,"Dreams Money Can Buy","Drake",180,2B,59,2026-09-02,04:13,61,"rap","Hip Hop","Care Package",2019-08-02,42,77,0,33,50,10,-7,F#/G♭,4,1qyFlfPREPbRcS2BNszdYI,"OVO",USUG11902743,yes
153,"Money In The Grave (Drake ft. Rick Ross)","Drake, Rick Ross",101,3A,50,2026-09-02,03:25,79,"rap, southern hip hop","Hip Hop","The Best In The World Pack",2019-06-15,83,10,0,10,0,10,-4,A#/B♭ minor,4,5ry2OE6R2zPQFDO85XkgRb,"Republic Records",USCM51900318,yes
154,"Omertà","Drake",164,2B,90,2026-09-02,03:39,58,"rap","Hip Hop","The Best In The World Pack",2019-06-15,65,3,0,69,30,20,-2,F#/G♭,4,3kCwyvhvVTyehIzYN2I0nF,"Republic Records",USCM51900312,yes
155,"March 14","Drake",127,3A,41,2026-09-02,05:09,57,"rap","Hip Hop","Scorpion",2018-06-29,56,41,0,32,30,30,-7,A#/B♭ minor,4,09lmraDvzBT3pUQ2rUtJzK,"Cash Money/Drake LP6",USCM51800222,yes
156,"Final Fantasy","Drake",144,8B,45,2026-09-02,03:39,58,"rap","Hip Hop","Scorpion",2018-06-29,50,42,0,10,40,10,-11,C,1,44Du2IM1bGY7dicmLfXbUs,"Cash Money/Drake LP6",USCM51800217,yes
157,"Blue Tint","Drake",134,6A,37,2026-09-02,02:42,65,"rap","Hip Hop","Scorpion",2018-06-29,89,1,0,12,30,10,-10,G minor,4,4n1bdaKwynQndm47x5HqWX,"Cash Money/Drake LP6",USCM51800201,yes
158,"Summer Games","Drake",136,3B,48,2026-09-02,04:07,71,"rap","Hip Hop","Scorpion",2018-06-29,78,48,5,13,0,10,-11,C♯/D♭,4,4HG1YiGBseVKzjyKcmAJen,"Cash Money/Drake LP6",USCM51800224,no
159,"Peak","Drake",92,8A,22,2026-09-02,03:26,64,"rap","Hip Hop","Scorpion",2018-06-29,69,85,0,27,0,10,-14,A minor,4,11L064movtyopGdLiX4sVg,"Cash Money/Drake LP6",USCM51800220,yes
160,"Is There More","Drake",84,3B,55,2026-09-02,03:46,58,"rap","Hip Hop","Scorpion",2018-06-29,71,73,0,55,30,10,-8,C♯/D♭,4,1Tnw0ItH1Macok8gblnPPd,"Cash Money/Drake LP6",USCM51800209,yes
161,"Talk Up (feat. Jay-Z)","Drake, JAŸ-Z",140,1B,49,2026-09-02,03:43,58,"rap, hip hop, east coast hip hop","Hip Hop","Scorpion",2018-06-29,76,0,0,33,10,20,-10,B,4,4ksuI04WMvUnJbHQjgs3L5,"Cash Money/Drake LP6",USCM51800232,yes
162,"Mob Ties","Drake",86,9A,57,2026-09-02,03:25,69,"rap","Hip Hop","Scorpion",2018-06-29,75,5,0,49,0,20,-8,E minor,4,7rC5Pl8rQSX4myONQHYPBK,"Cash Money/Drake LP6",USCM51800211,yes
163,"Elevate","Drake",76,3B,47,2026-09-02,03:04,62,"rap","Hip Hop","Scorpion",2018-06-29,76,2,0,5,10,10,-9,C♯/D♭,4,3szf2z1Cy1QMrtHrbn8rz9,"Cash Money/Drake LP6",USCM51800196,yes
164,"Nonstop","Drake",155,9B,41,2026-09-02,03:58,81,"rap","Hip Hop","Scorpion",2018-06-29,91,2,1,42,10,10,-8,G,4,0TlLq3lA83rQOYtrqBqSct,"Cash Money/Drake LP6",USCM51800191,yes
165,"Look Alive (feat. Drake)","BlocBoy JB, Drake",140,6B,58,2026-09-02,03:01,63,"memphis hip hop, memphis rap, rap, tennessee hip hop, trap","Hip Hop","Look Alive (feat. Drake)",2018-02-09,92,0,0,60,20,10,-7,A#/B♭,4,7165YDcOpr9yEypbdpU6fa,"OVO Sound",USWB11800211,yes
166,"Diplomatic Immunity","Drake",75,8A,84,2026-09-02,04:15,55,"rap","Hip Hop","Diplomatic Immunity",2018-01-20,65,1,0,55,40,30,-5,A minor,4,4haJoBPbPj9QFKNpp9e8kx,"Republic Records",USCM51800006,yes
167,"Since Way Back","Drake, PARTYNEXTDOOR",153,8B,27,2026-09-02,06:08,67,"rap, dark r&b, r&b, trap soul","R&B, Hip Hop","More Life",2017-03-18,47,35,0,22,10,20,-11,C,4,5JUu0unA8VwhTZ9LkMWUVI,"Cash Money Records/Young Money Ent./Universal Rec.",USCM51700079,no
168,"Glow","Drake, Kanye West",162,8A,38,2026-09-02,03:26,56,"rap","Hip Hop","More Life",2017-03-18,69,20,0,43,30,70,-9,A minor,4,28irpKCCK9nn9DZSik2zEx,"Cash Money Records/Young Money Ent./Universal Rec.",USCM51700069,yes
169,"Lose You","Drake",90,12B,58,2026-09-02,05:05,68,"rap","Hip Hop","More Life",2017-03-18,53,70,0,38,30,30,-9,E,4,2Na0z2gfN67Rzf0vp74Wi3,"Cash Money Records/Young Money Ent./Universal Rec.",USCM51700071,yes
170,"Teenage Fever","Drake",97,1A,28,2026-09-02,03:39,84,"rap","Hip Hop","More Life",2017-03-18,77,11,2,14,0,10,-10,G#/A♭ minor,4,6n3HGiq4v35D6eFOSwqYuo,"Cash Money Records/Young Money Ent./Universal Rec.",USCM51700048,yes
171,"Portland","Drake, Quavo, Travis Scott",136,3B,44,2026-09-02,03:56,70,"rap, atl hip hop, melodic rap, trap","Hip Hop","More Life",2017-03-18,93,2,0,35,20,20,-8,C♯/D♭,4,2bjwRfXMk4uRgOD9IBYl9h,"Cash Money Records/Young Money Ent./Universal Rec.",USCM51700055,yes
172,"4422","Drake, Sampha",112,10A,23,2026-09-02,03:06,67,"rap, indie soul","Hip Hop","More Life",2017-03-18,61,56,4,19,0,10,-12,B minor,4,2fkeWbM6iqTw7oGHTYm2lw,"Cash Money Records/Young Money Ent./Universal Rec.",USCM51700060,no
173,"Get It Together","Drake, Black Coffee, Jorja Smith",123,4A,72,2026-09-02,04:10,79,"rap, afro house, afro tech, house, uk r&b","Electronic, Hip Hop","More Life",2017-03-18,78,9,39,85,0,10,-9,F minor,4,7y6c07pgjZvtHI9kuMVqk1,"Cash Money Records/Young Money Ent./Universal Rec.",USCM51700045,yes
174,"Jorja Interlude","Drake",123,1B,37,2026-09-02,01:47,65,"rap","Hip Hop","More Life",2017-03-18,74,76,0,24,10,20,-10,B,4,13e6f8t7RKXuxZ0JdaaJRG,"Cash Money Records/Young Money Ent./Universal Rec.",USCM51700082,yes
175,"No Long Talk","Drake, Giggs",97,3A,61,2026-09-02,02:29,58,"rap, grime, uk grime, uk drill","Hip Hop","More Life",2017-03-18,91,7,0,58,20,50,-7,A#/B♭ minor,4,6CfrYuD3YRDYdYvH9jNtXY,"Cash Money Records/Young Money Ent./Universal Rec.",USCM51700068,yes
176,"Two Birds, One Stone","Drake",88,4B,84,2026-09-02,03:58,61,"rap","Hip Hop","Two Birds, One Stone",2016-10-28,53,34,0,36,20,10,-3,G#/A♭,4,3m62bJJXGyQKdR9XyRocnl,"Cash Money Records/Young Money Ent./Universal Rec.",USCM51600336,yes
177,"Sneakin’","Drake, 21 Savage",85,4B,56,2026-09-02,04:11,63,"rap, atl hip hop, hip hop","Hip Hop","Sneakin’",2016-10-24,81,0,0,26,10,10,-7,G#/A♭,4,4ckuS4Nj4FZ7i3Def3Br8W,"Cash Money Records/Young Money Ent./Universal Rec.",USCM51600337,yes
178,"Views","Drake",76,7B,85,2026-09-02,05:11,67,"rap","Hip Hop","Views",2016-05-06,40,7,0,11,30,20,-6,F,4,7MjSipTto9QljYzZnloXOn,"Cash Money Records/Young Money Ent./Universal Rec.",USCM51600094,yes
179,"Summers Over Interlude","Drake, Majid Jordan",132,9A,26,2026-09-02,01:46,75,"rap, canadian contemporary r&b, canadian hip hop","R&B, Hip Hop","Views",2016-05-06,70,41,0,24,0,10,-9,E minor,3,3ppVO2tyWRRznNmONvt7Se,"Cash Money Records/Young Money Ent./Universal Rec.",USCM51600090,yes
180,"Childs Play","Drake",80,3A,48,2026-09-02,04:01,71,"rap","Hip Hop","Views",2016-05-06,75,2,0,29,10,20,-11,A#/B♭ minor,4,3NxAG2ni1lLa8RKL6a0INc,"Cash Money Records/Young Money Ent./Universal Rec.",USCM51600084,yes
181,"Still Here","Drake",134,8B,43,2026-09-02,03:09,68,"rap","Hip Hop","Views",2016-05-06,83,3,0,23,10,60,-10,C,3,433P7tDcIAi6NLnf4Sh6tI,"Cash Money Records/Young Money Ent./Universal Rec.",USCM51600078,yes
182,"Redemption","Drake",120,8B,31,2026-09-02,05:33,71,"rap","Hip Hop","Views",2016-05-06,69,61,0,34,10,10,-8,C,4,4cRBqWBjuccCowYVHFlXK6,"Cash Money Records/Young Money Ent./Universal Rec.",USCM51600072,yes
183,"Weston Road Flows","Drake",83,3B,74,2026-09-02,04:13,70,"rap","Hip Hop","Views",2016-05-06,62,6,0,35,30,30,-7,C♯/D♭,4,4PA16FAl8LPmFmOhARawdV,"Cash Money Records/Young Money Ent./Universal Rec.",USCM51600070,yes
184,"U With Me?","Drake",175,10B,43,2026-09-02,04:57,69,"rap","Hip Hop","Views",2016-05-06,43,34,0,13,10,10,-11,D,4,03L2AoiRbWhvt7BDMx1jUB,"Cash Money Records/Young Money Ent./Universal Rec.",USCM51600065,yes
185,"9","Drake",100,6B,71,2026-09-02,04:15,82,"rap","Hip Hop","Views",2016-05-06,68,0,0,4,0,20,-7,A#/B♭,4,1C7KSXR2GVxknex6I4ANco,"Cash Money Records/Young Money Ent./Universal Rec.",USCM51600063,yes
186,"My Love (feat. Drake) - Remix","Majid Jordan, Drake",140,7B,57,2026-09-02,03:55,49,"canadian contemporary r&b, canadian hip hop, rap","R&B, Hip Hop","My Love (feat. Drake) [Remix]",2016-03-11,64,12,2,68,0,10,-9,F,4,1n0t3T1gmskp7kjEhFd7Gq,"OVO Sound",USWB11600282,no
187,"Summer Sixteen","Drake",145,3B,46,2026-09-02,03:22,54,"rap","Hip Hop","Summer Sixteen",2016-01-31,60,0,0,5,40,10,-8,C♯/D♭,4,2ZRJRe82aZaVhOKKlbJr4v,"Cash Money Records/Young Money Ent./Universal Rec.",USCM51600001,yes
188,"30 for 30 Freestyle","Drake",89,9A,62,2026-09-02,04:13,60,"rap","Hip Hop","What A Time To Be Alive",2015-09-20,74,67,0,32,40,10,-9,E minor,4,1DmnEYXa4WfbdhAPwNzgD8,"Cash Money Records Inc.",USCM51500302,yes
189,"Change Locations","Drake, Future",138,8B,33,2026-09-02,03:40,63,"rap, trap","Hip Hop","What A Time To Be Alive",2015-09-20,79,2,0,21,30,10,-10,C,4,4gowy3WT6D1yhMLgRBlf9C,"Cash Money Records Inc.",USCM51500299,yes
190,"Plastic Bag","Drake, Future",171,3B,48,2026-09-02,03:22,62,"rap, trap","Hip Hop","What A Time To Be Alive",2015-09-20,85,1,0,35,30,10,-6,C♯/D♭,3,76kyKtPLsFbQkdQ86QrkF4,"Cash Money Records Inc.",USCM51500297,yes
191,"Live From The Gutter","Drake, Future",166,9B,49,2026-09-02,03:31,63,"rap, trap","Hip Hop","What A Time To Be Alive",2015-09-20,82,4,0,31,40,0,-8,G,4,2uTG00P1DkhB97pdITkl2O,"Cash Money Records Inc.",USCM51500295,yes
192,"Digital Dash","Drake, Future",140,10B,55,2026-09-02,03:51,68,"rap, trap","Hip Hop","What A Time To Be Alive",2015-09-20,88,0,0,28,10,20,-8,D,4,0GR7iJLhj80KD5LkA14ZRn,"Cash Money Records Inc.",USCM51500292,yes
193,"Right Hand","Drake",101,10B,30,2026-09-02,03:10,59,"rap","Hip Hop","Right Hand",2015-07-31,92,12,0,35,20,0,-8,D,4,3lSR267IJfT54p0Gfuw7mi,"Cash Money Records/Young Money Ent./Universal Rec.",USCM51500244,yes
194,"Back To Back","Drake",87,12A,48,2026-09-02,02:50,71,"rap","Hip Hop","Back To Back",2015-07-31,89,1,0,38,30,10,-4,C♯/D♭ minor,4,5lFDtgWsjRJu8fPOAyJIAK,"Cash Money Records/Young Money Ent./Universal Rec.",USCM51500241,yes
195,"You & The 6","Drake",154,6A,48,2026-09-02,04:24,65,"rap","Hip Hop","If You're Reading This It's Too Late",2015-02-12,55,17,0,22,20,10,-7,G minor,4,2YaDRtIlQiZ5WDDB2YuEOC,"Cash Money Records/Young Money Ent./Universal Rec.",USCM51500035,yes
196,"Company","Drake, Travis Scott",108,9B,55,2026-09-02,04:12,66,"rap","Hip Hop","If You're Reading This It's Too Late",2015-02-12,65,4,0,12,0,10,-8,G,4,6ImxYXeLDQPIv4qo7bMhSk,"Cash Money Records/Young Money Ent./Universal Rec.",USCM51500033,yes
197,"Now & Forever","Drake",108,2B,48,2026-09-02,04:41,70,"rap","Hip Hop","If You're Reading This It's Too Late",2015-02-12,56,12,0,10,0,10,-7,F#/G♭,4,4zLOwx1yRJXWkHKt1XzF1p,"Cash Money Records/Young Money Ent./Universal Rec.",USCM51500031,yes
198,"Used To","Drake, Lil Wayne",96,3A,43,2026-09-02,04:28,60,"rap, hip hop","Hip Hop","If You're Reading This It's Too Late",2015-02-12,93,7,0,30,10,0,-8,A#/B♭ minor,4,63p3Slj0shAFP0Q7dQetj5,"Cash Money Records/Young Money Ent./Universal Rec.",USCM51500027,yes
199,"Wednesday Night Interlude","Drake, PARTYNEXTDOOR",135,8A,47,2026-09-02,03:32,65,"rap, dark r&b, r&b, trap soul","R&B, Hip Hop","If You're Reading This It's Too Late",2015-02-12,31,73,0,20,0,20,-8,A minor,4,6oLHyWvmk6bKrA91EIYZBp,"Cash Money Records/Young Money Ent./Universal Rec.",USCM51500041,yes
200,"6 God","Drake",105,10B,62,2026-09-02,03:00,64,"rap","Hip Hop","If You're Reading This It's Too Late",2015-02-12,87,2,0,50,10,10,-9,D,4,3a8tAZFJxlmBwOtrf5L1oC,"Cash Money Records/Young Money Ent./Universal Rec.",USCM51500021,yes
201,"Madonna","Drake",110,10B,49,2026-09-02,02:57,61,"rap","Hip Hop","If You're Reading This It's Too Late",2015-02-12,91,1,0,14,0,30,-9,D,4,4v7SAP4KD96BFLWiCd1vF0,"Cash Money Records/Young Money Ent./Universal Rec.",USCM51500019,yes
202,"No Tellin'","Drake",95,5A,47,2026-09-02,05:10,62,"rap","Hip Hop","If You're Reading This It's Too Late",2015-02-12,82,54,0,62,30,10,-10,C minor,4,2durxb17bXcmQJHSt8JAdO,"Cash Money Records/Young Money Ent./Universal Rec.",USCM51500017,yes
203,"Know Yourself","Drake",114,10A,41,2026-09-02,04:35,70,"rap","Hip Hop","If You're Reading This It's Too Late",2015-02-12,72,20,0,18,20,30,-9,B minor,4,5InOp6q2vvx0fShv3bzFLZ,"Cash Money Records/Young Money Ent./Universal Rec.",USUM71502037,yes
204,"Energy","Drake",172,1B,57,2026-09-02,03:01,74,"rap","Hip Hop","If You're Reading This It's Too Late",2015-02-12,75,38,0,55,40,50,-8,B,4,79XrkTOfV1AqySNjVlygpW,"Cash Money Records/Young Money Ent./Universal Rec.",USCM51500012,yes
205,"0 To 100 / The Catch Up","Drake",177,10A,72,2026-09-02,04:35,73,"rap","Hip Hop","0 To 100 / The Catch Up",2013-07-14,56,74,0,50,30,20,-4,B minor,4,4jtyUzZm9WLc2AdaJ1dso7,"Cash Money Records/Young Money Ent./Universal Rec.",USCM51400222,yes
206,"Come Thru","Drake",82,5B,47,2026-09-02,03:56,68,"rap","Hip Hop","Nothing Was The Same (Deluxe)",2013-01-01,47,16,0,40,10,50,-6,D#/E♭,4,5Ggfa9cpkpfp5D6Rg0Yyw1,"Cash Money Records/Young Money Ent./Universal Rec.",USCM51300756,yes
207,"Pound Cake / Paris Morton Music 2","Drake, JAŸ-Z",164,10B,76,2026-09-02,07:12,61,"rap, hip hop, east coast hip hop","Hip Hop","Nothing Was The Same",2013-01-01,52,14,0,26,50,10,-7,D,4,4NVNapccSX7E5JLiW0uQEy,"Cash Money Records/Young Money Ent./Universal Rec.",USCM51300754,yes
208,"Connect","Drake",75,11A,49,2026-09-02,04:56,53,"rap","Hip Hop","Nothing Was The Same",2013-01-01,68,41,0,47,10,10,-9,F#/G♭ minor,4,4K3BhUMfBHZuUfeC3kbhrQ,"Cash Money Records/Young Money Ent./Universal Rec.",USCM51300746,yes
209,"Own It","Drake",103,1A,34,2026-09-02,04:11,56,"rap","Hip Hop","Nothing Was The Same",2013-01-01,65,5,0,29,10,30,-11,G#/A♭ minor,4,7pjJBo6DULg6YK66PA8v7r,"Cash Money Records/Young Money Ent./Universal Rec.",USCM51300740,yes
210,"Furthest Thing","Drake",137,8A,78,2026-09-02,04:27,70,"rap","Hip Hop","Nothing Was The Same",2013-01-01,48,15,0,27,10,0,-5,A minor,4,7EdJ8z6IBotTjO50DfzzuV,"Cash Money Records/Young Money Ent./Universal Rec.",USCM51300736,yes
211,"Started From the Bottom","Drake",86,4B,52,2026-09-02,02:54,61,"rap","Hip Hop","Nothing Was The Same",2013-01-01,79,3,0,58,10,10,-8,G#/A♭,4,5DI9jxTHrEiFAhStG7VA8E,"Cash Money Records/Young Money Ent./Universal Rec.",USCM51300064,yes
212,"The Motto","Drake, Lil Wayne",202,3B,44,2026-09-02,03:01,77,"rap, hip hop","Hip Hop","Take Care (Deluxe)",2011-11-15,77,0,0,39,30,10,-9,C♯/D♭,4,4Kz4RdRCceaA9VgTqBhBfa,"Cash Money Records/Young Money Ent./Universal Rec.",USCM51100731,yes
213,"The Ride","Drake",156,5A,70,2026-09-02,05:51,71,"rap","Hip Hop","Take Care (Deluxe)",2011-11-15,56,52,0,79,20,30,-10,C minor,4,4xRxYWgAtL6pzRz94GlZlA,"Cash Money Records/Young Money Ent./Universal Rec.",USCM51100574,yes
214,"HYFR (Hell Ya Fucking Right)","Drake, Lil Wayne",98,6A,63,2026-09-02,03:26,76,"rap, hip hop","Hip Hop","Take Care (Deluxe)",2011-11-15,44,12,0,36,20,0,-9,G minor,3,0m1KYWlT6LhFRBDVq9UNx4,"Cash Money Records/Young Money Ent./Universal Rec.",USCM51100570,yes
215,"Look What You've Done","Drake",134,2A,35,2026-09-02,05:01,75,"rap","Hip Hop","Take Care (Deluxe)",2011-11-15,50,49,0,27,30,10,-15,D#/E♭ minor,4,7t1lBIr3WIEtqQEOdZFMUf,"Cash Money Records/Young Money Ent./Universal Rec.",USCM51100568,yes
216,"Cameras / Good Ones Go Interlude - Medley","Drake",140,7A,40,2026-09-02,07:14,78,"rap","Hip Hop","Take Care (Deluxe)",2011-11-15,44,26,0,16,10,10,-11,D minor,4,2FbGlEPAjNhWvrVvlentVq,"Cash Money Records/Young Money Ent./Universal Rec.",USCM51100580,yes
217,"Under Ground Kings","Drake",156,4B,71,2026-09-02,03:32,69,"rap","Hip Hop","Take Care (Deluxe)",2011-11-15,49,0,0,40,20,20,-7,G#/A♭,4,1D9XLqQp2YYiOxrr5KLb8K,"Cash Money Records/Young Money Ent./Universal Rec.",USCM51100554,yes
218,"Buried Alive Interlude","Drake, Kendrick Lamar",102,8B,54,2026-09-02,02:30,62,"rap, hip hop, west coast hip hop","Hip Hop","Take Care (Deluxe)",2011-11-15,71,41,0,80,10,50,-13,C,4,1ZyudLFv35SRvY5SvTZqJx,"Cash Money Records/Young Money Ent./Universal Rec.",USCM51100548,yes
219,"Over My Dead Body","Drake",186,3B,57,2026-09-02,04:32,80,"rap","Hip Hop","Take Care (Deluxe)",2011-11-15,49,76,0,58,30,10,-10,C♯/D♭,4,2Gnsof1hvZzjE1xdLRpjtf,"Cash Money Records/Young Money Ent./Universal Rec.",USCM51100544,yes
220,"She Will","Lil Wayne, Drake",76,4B,83,2026-09-02,05:07,41,"rap, hip hop","Hip Hop","She Will",2011-08-16,42,0,0,6,10,20,-5,G#/A♭,4,0WPbCs75tnRVM1Wag5PLeW,"CM/Republic",USCM51100309,yes
221,"Headlines","Drake",152,11A,56,2026-09-02,03:56,50,"rap","Hip Hop","Headlines",2011-01-01,65,36,0,40,10,0,-7,F#/G♭ minor,4,6RGvWCHTS6BC46TsMyN0WM,"Aspire Music Group, LLC",USCM51100290,yes
222,"Thank Me Now","Drake",76,4B,77,2026-09-02,05:28,51,"rap","Hip Hop","Thank Me Later (Int'l Version)",2010-01-01,50,28,0,75,40,10,-5,G#/A♭,4,5Us8wh9hCAQ8Uq1ast5CWz,"Cash Money Records/Young Money Ent./Universal Rec.",USCM51000260,yes
223,"Cece's Interlude","Drake",95,8A,60,2026-09-02,02:34,65,"rap","Hip Hop","Thank Me Later (Int'l Version)",2010-01-01,38,5,0,23,0,10,-7,A minor,4,147TR5QZzxTnnwqltaRi4N,"Cash Money Records/Young Money Ent./Universal Rec.",USCM51000259,no
224,"Unforgettable","Drake, Jeezy",156,9A,87,2026-09-02,03:33,64,"rap, southern hip hop, crunk, gangster rap","Hip Hop","Thank Me Later (Int'l Version)",2010-01-01,56,10,0,7,10,10,-5,E minor,4,0XhOgqDKTQJhGfD1WBuTdC,"Cash Money Records/Young Money Ent./Universal Rec.",USCM51000258,yes
225,"Up All Night","Drake, Nicki Minaj",156,9B,81,2026-09-02,03:54,65,"rap, hip pop, pop, queens hip hop","Hip Hop, Pop","Thank Me Later (Int'l Version)",2010-01-01,61,1,0,27,20,30,-5,G,4,55YHftnlehUQQJoTSLKCxj,"Cash Money Records/Young Money Ent./Universal Rec.",USCM51000255,yes
226,"The Resistance","Drake",81,8B,74,2026-09-02,03:45,70,"rap","Hip Hop","Thank Me Later (Int'l Version)",2010-01-01,44,83,0,63,10,10,-8,C,4,31FWGQxshq14SCZvvyHae1,"Cash Money Records/Young Money Ent./Universal Rec.",USCM51000253,yes
227,"Fireworks","Drake, Alicia Keys",91,8B,76,2026-09-02,05:13,70,"rap, r&b, neo soul","R&B, Hip Hop","Thank Me Later (Int'l Version)",2010-01-01,56,43,0,52,30,10,-6,C,4,4pUUhsc8fmZqnsPaOSU5CP,"Cash Money Records/Young Money Ent./Universal Rec.",USCM51000251,yes
228,"Over","Drake",102,9B,86,2026-09-02,03:54,47,"rap","Hip Hop","Over (Explicit Version)",2010-01-01,41,1,0,48,10,10,-5,G,5,0VbjK4mUXj3REfGeIZTPvr,"Aspire Music Group, LLC",USCM51000100,yes
229,"9AM in Dallas","Drake",118,7A,86,2026-09-02,03:39,40,"rap","Hip Hop","9AM in Dallas (Explicit Version)",2010-01-01,50,37,0,41,30,10,-6,D minor,5,5nxGxyCXgig8ObhrX2avo3,"Aspire Music Group, LLC",USCM51000382,yes
230,"Fear","Drake",84,8A,78,2026-09-02,04:40,61,"rap","Hip Hop","Fear",2009-09-15,33,6,0,31,10,10,-6,A minor,4,5WfBl43XUcWng7OnB8LKNW,"Republic Records",USCM50900324,yes
231,"Funeral","Mac Miller",74,8B,61,2026-09-02,03:43,61,"hip hop, pittsburgh rap, rap","Hip Hop","Faces",2021-10-15,66,66,0,38,10,10,-7,C,4,2CNaYt7KbFqUrATbZZPY21,"Warner Records",USWB12103321,yes
232,"Congratulations","Drake",87,2B,86,2026-09-02,05:32,53,"rap","Hip Hop","So Far Gone",2009-00-00,33,2,0,13,10,20,-2,F#/G♭,5,3SnXwQUrvSacFziUYXTNKY,"Young Money/Cash Money Records",USCM51900154,yes
233,"Brand New","Drake",95,2B,49,2026-09-02,03:33,61,"rap","Hip Hop","So Far Gone",2009-00-00,40,63,0,36,0,10,-9,F#/G♭,3,4XTXamS1g4g93jPxyuFJJ6,"Young Money/Cash Money Records",USCM51900153,yes
234,"Bria's Interlude (feat. Omarion)","Drake, Omarion",147,7A,51,2026-09-02,02:19,69,"rap, r&b","R&B, Hip Hop","So Far Gone",2009-00-00,49,21,0,24,0,10,-6,D minor,3,4i3GraNMzBKze1WsVl38DS,"Young Money/Cash Money Records",USCM51900148,yes
235,"Best I Ever Had","Drake",162,3B,92,2026-09-02,04:17,82,"rap","Hip Hop","So Far Gone",2009-00-00,40,19,0,56,30,10,-2,C♯/D♭,4,3QLjDkgLh9AOEHlhQtDuhs,"Young Money/Cash Money Records",USCM51900161,yes
236,"Say What's Real","Drake",86,4B,77,2026-09-02,03:50,58,"rap","Hip Hop","So Far Gone",2009-00-00,46,63,0,46,20,20,-5,G#/A♭,4,7mPoCVGP752A5DtHf1SKkM,"Young Money/Cash Money Records",USCM51900158,yes
237,"A Night Off (feat. Lloyd)","Drake, Lloyd",104,10A,51,2026-09-02,03:13,64,"rap, r&b","R&B, Hip Hop","So Far Gone",2009-00-00,61,37,0,37,0,10,-6,B minor,4,3lkkkYc1wBj5l3FVlpqvP6,"Young Money/Cash Money Records",USCM51900157,yes
238,"November 18th","Drake",72,10A,48,2026-09-02,03:08,63,"rap","Hip Hop","So Far Gone",2009-00-00,75,58,0,53,50,10,-11,B minor,4,0JaVdpmiex2EP7bBzyKVTa,"Young Money/Cash Money Records",USCM51900155,yes
239,"Successful (feat. Trey Songz & Lil Wayne)","Drake, Trey Songz, Lil Wayne",160,4B,54,2026-09-02,06:15,64,"rap, r&b, hip hop","Hip Hop, R&B","So Far Gone",2009-00-00,56,54,0,23,30,10,-5,G#/A♭,4,6NwhtCYkfwWlcR62Ac4E7y,"Young Money/Cash Money Records",USCM51900150,yes
240,"Lust For Life","Drake",87,2B,42,2026-09-02,02:56,72,"rap","Hip Hop","So Far Gone",2009-00-00,46,94,3,9,10,10,-10,F#/G♭,4,1v24T2ug4TlssYZvI3aL4O,"Young Money/Cash Money Records",USCM51900146,yes
241,"Be A Lion","Diana Ross, Michael Jackson, Nipsey Russell, Ted Ross",158,9B,26,2026-09-02,04:03,30,"motown, disco, r&b, soul","R&B","The Wiz",1978-01-01,23,87,0,13,0,40,-11,G,4,0kcTz3QxvcyM5HpuYcYElM,"Geffen*",USMC17807801,no
242,"Can I Go On?","Diana Ross",74,6B,10,2026-09-02,01:55,25,"motown, disco","","The Wiz",1978-01-01,23,97,0,15,0,30,-21,A#/B♭,5,0VfMynpeGCYskONIsklUzS,"Geffen*",USMC17807789,no
243,"Ain't No Mountain High Enough - Edit Version","Diana Ross",98,4B,70,2026-09-02,03:35,5,"motown, disco","","20 #1’s: Pop",2016-01-01,36,41,0,51,0,40,-9,G#/A♭,4,0sy9Y17qSPZZtPHZzrS5y3,"Universal Music Enterprises",USMO10000420,no
244,"Turn Up The Sunshine - PNAU Remix / From 'Minions: The Rise of Gru' Soundtrack","Diana Ross, Tame Impala, PNAU",110,1B,83,2026-09-02,03:40,35,"motown, disco, neo-psychedelic, indie, alternative dance, aussietronica, australian dance, australian electropop","Pop, Rock","Turn Up The Sunshine (PNAU Remix / From 'Minions: The Rise of Gru' Soundtrack)",2022-07-08,67,1,0,85,10,0,-3,B,4,3wR5OccDugBm5Od2NYcMaO,"Decca (UMO) (Classics)",USQ4E2200693,no
245,"Turn Up The Sunshine - From 'Minions: The Rise of Gru' Soundtrack","Diana Ross, Tame Impala",110,1B,68,2026-09-02,03:49,48,"motown, disco, neo-psychedelic, indie","Pop, Rock","Turn Up The Sunshine (From 'Minions: The Rise of Gru' Soundtrack)",2022-05-19,78,11,0,77,0,0,-5,B,4,5FH5U5zlicxKUXK6DruWKM,"Decca (UMO) (Classics)",USQ4E2100001,no
246,"I Still Believe - Purple Disco Machine Remix Extended","Diana Ross, Purple Disco Machine",119,12A,76,2026-09-02,07:00,22,"motown, disco, disco house, nu disco, funky house, house","Electronic, Pop","I Still Believe (Purple Disco Machine Remix)",2022-03-11,83,6,23,88,0,0,-8,C♯/D♭ minor,4,4N969Z4z37EM20P0manZxk,"Decca (UMO)",GBUM72108445,no
247,"Time To Call","Diana Ross",118,6B,29,2026-09-02,03:31,14,"motown, disco","","Thank You",2021-11-05,47,73,0,41,0,10,-5,A#/B♭,3,17btG7xCdZqnuZOenEZqXH,"Decca (UMO)",GBUM72103472,no
248,"Beautiful Love","Diana Ross",130,1A,71,2026-09-02,04:00,15,"motown, disco","","Thank You",2021-11-05,36,20,0,19,0,10,-4,G#/A♭ minor,4,0POXuTc0UIdia1IMoI0tcv,"Decca (UMO)",GBUM72103475,no
249,"Count On Me","Diana Ross",119,8B,26,2026-09-02,03:29,21,"motown, disco","","Thank You",2021-11-05,42,71,0,30,0,10,-7,C,4,0ybOIDzDEgOTRoiA2XsfAe,"Decca (UMO)",GBUM72103470,no
250,"The Answer's Always Love","Diana Ross",101,3B,40,2026-09-02,04:33,17,"motown, disco","","Thank You",2021-11-05,36,86,0,26,0,10,-5,C♯/D♭,4,3eFC2Figs1HMfHOabpDttF,"Decca (UMO)",GBUM72103473,no
251,"In Your Heart","Diana Ross",164,11B,90,2026-09-02,04:16,17,"motown, disco","","Thank You",2021-11-05,46,33,0,59,40,10,-5,A,4,4TgN1AHANJDP4wLOZMmDzt,"Decca (UMO)",GBUM72102250,no
252,"All Is Well","Diana Ross",150,6B,71,2026-09-02,04:32,19,"motown, disco","","All Is Well",2021-10-22,53,42,0,39,0,0,-3,A#/B♭,4,2I92BoMwz7ChEbSeuKEnQh,"Decca (UMO)",GBUM72103471,no
253,"If The World Just Danced - MOTi Remix","Diana Ross, MOTi",120,10B,61,2026-09-02,03:29,41,"motown, disco, big room, future house, edm","Electronic","If The World Just Danced (MOTi Remix)",2021-10-01,78,18,0,43,0,10,-8,D,4,7kEh6jNlJOAhC0lv6XV3iw,"Decca (UMO)",GBUM72106444,no
254,"If The World Just Danced - Eric Kupper Remix","Diana Ross, Eric Kupper",125,10A,92,2026-09-02,03:52,16,"motown, disco, chicago house, disco house, funky house","","If The World Just Danced (Eric Kupper Remix)",2021-10-01,71,1,3,83,0,30,-5,B minor,4,0m2ClwFmN3hohxPBOLbZ5W,"Decca (UMO)",GBUM72106110,no
255,"Love Hangover - Eric Kupper Remix","Diana Ross, Eric Kupper",121,3B,88,2026-09-02,03:48,32,"motown, disco, chicago house, disco house, funky house","","It's My House / Love Hangover",2020-05-15,60,1,1,50,0,0,-7,C♯/D♭,4,6pzwADHUSkk9kdl5R5FtUc,"UNI/MOTOWN",USUM72005358,no
256,"I Heard The Bells","Diana Ross, London Symphony Orchestra",73,5B,17,2026-09-02,02:52,1,"motown, disco, classical, orchestral, ballet, opera","Classical","Wonderful Christmas Time",2018-10-26,17,98,13,14,0,10,-16,D#/E♭,4,4aczX0rgz3Z5rd2MTBqXFu,"UNI/MOTOWN",USUG11801929,no
257,"It's Christmas Time","Diana Ross",76,9B,33,2026-09-02,03:17,2,"motown, disco","","Wonderful Christmas Time",2018-10-26,40,89,0,30,0,10,-13,G,3,0rzFTBxrkbBbsfMpYiLe1F,"UNI/MOTOWN",USUG11801926,no
258,"Sleigh Ride/ Jingle Bells","Diana Ross, London Symphony Orchestra",143,3B,39,2026-09-02,03:40,3,"motown, disco, classical, orchestral, ballet, opera","Classical","Wonderful Christmas Time",2018-10-26,47,66,0,43,0,0,-14,C♯/D♭,4,1FpqWJWBM84LDllgQ8zbqC,"UNI/MOTOWN",USUG11801924,no
259,"I'm Coming Out / Upside Down - Chris Cox Remix Instrumental","Diana Ross, Chris Cox",124,8B,94,2026-09-02,05:00,9,"motown, disco, tribal house","","I'm Coming Out / Upside Down",2018-08-10,56,0,41,79,0,0,-2,C,4,36168TSo4dDGfzpTIFKsKe,"UNI/MOTOWN",USUM71811164,no
260,"I'm Coming Out / Upside Down - Chris Cox Remix Radio Edit","Diana Ross, Chris Cox",124,7B,99,2026-09-02,03:29,53,"motown, disco, tribal house","","I'm Coming Out / Upside Down",2018-08-10,70,0,1,76,0,30,-1,F,4,1DjLQFQRBsm9D8aCO4FqR2,"UNI/MOTOWN",USUM71811151,no
261,"I'm Coming Out / Upside Down - Eric Kupper Remix Instrumental","Diana Ross, StoneBridge",121,7A,91,2026-09-02,07:28,29,"motown, disco, disco house, funky house","","I'm Coming Out / Upside Down",2018-08-10,70,0,2,58,0,0,-4,D minor,4,753tlQQjea9f3s7wbunwc3,"UNI/MOTOWN",USUM71811133,no
262,"I'm Coming Out / Upside Down - StoneBridge Remix","Diana Ross, StoneBridge",126,7B,91,2026-09-02,04:41,23,"motown, disco, disco house, funky house","","I'm Coming Out / Upside Down",2018-08-10,78,0,0,91,0,0,-4,F,4,47PwiwHl5FuDiwfztxuEM7,"UNI/MOTOWN",USUM71809518,no
263,"Ain't No Mountain High Enough - StoneBridge Retro Classic Mix - Dub","Diana Ross",126,3B,94,2026-09-02,04:58,3,"motown, disco","","Ain't No Mountain High Enough: The Remix Album",2018-03-23,72,0,79,93,0,20,-4,C♯/D♭,4,5wuNdy6r54jWzskHztRL1s,"UNI/MOTOWN",USUM71802031,no
264,"Ain't No Mountain High Enough - StoneBridge Classic Mix - Radio Edit","Diana Ross",126,5A,96,2026-09-02,03:01,10,"motown, disco","","Ain't No Mountain High Enough: The Remix Album",2018-03-23,74,0,17,87,0,10,-3,C minor,4,4KFCeQ21tyVZAsWlXOj5ov,"UNI/MOTOWN",USUM71802030,no
265,"Ain't No Mountain High Enough - Joe Gauthreaux & Leanh Remix - Remix - Main","Diana Ross",128,4A,98,2026-09-02,06:21,16,"motown, disco","","Ain't No Mountain High Enough: The Remix Album",2018-03-23,61,0,1,34,0,0,-2,F minor,4,719ATJdKrS5Kdghwv2wg9U,"UNI/MOTOWN",USUM71802029,no
266,"Home","Diana Ross",86,12B,31,2026-09-02,03:46,29,"motown, disco","","Sings Songs From The Wiz",2015-11-27,33,66,0,19,0,0,-12,E,4,4Q5Zthb7ZtfYacEFyxNhFl,"UNI/MOTOWN",USMO10110261,no
267,"Wonder Wonder Why","Diana Ross",119,11B,12,2026-09-02,03:50,7,"motown, disco","","Sings Songs From The Wiz",2015-11-27,38,95,0,7,0,10,-14,A,3,3bQcvWUBRcoKOfVqGC9Ibg,"UNI/MOTOWN",USUM71517774,no
268,"Is This What Feeling Gets? (Dorothy’s Theme)","Diana Ross",172,11B,16,2026-09-02,03:18,7,"motown, disco","","Sings Songs From The Wiz",2015-11-27,30,70,1,7,0,0,-16,A,5,5Ykafr9F3WZ2tc5uxvcOih,"UNI/MOTOWN",USUM71517772,no
269,"The Feeling We Once Had","Diana Ross",188,4A,45,2026-09-02,04:36,29,"motown, disco","","Sings Songs From The Wiz",2015-11-27,31,47,0,53,0,0,-11,F minor,4,1ITACYN60bK4WvWu6X0wUG,"UNI/MOTOWN",USUM71517766,no
270,"Remember - Reprise","Diana Ross",134,1B,32,2026-09-02,01:24,7,"motown, disco","","I Love You",2006-08-28,22,90,2,8,0,10,-11,B,3,1CiJtSxcJPI2qSiD2ovgVk,"Parlophone UK",GBAYE0600942,no
271,"Always and Forever","Diana Ross",163,11B,44,2026-09-02,04:07,13,"motown, disco","","I Love You",2006-08-28,20,78,2,15,0,20,-9,A,3,4JqRbdVuADPlsTqzJIG40J,"Parlophone UK",GBAYE0600940,no
272,"You Are so Beautiful","Diana Ross",60,12B,29,2026-09-02,03:34,24,"motown, disco","","I Love You",2006-08-28,36,87,7,9,0,10,-10,E,5,6DTBZS5EUbLCsf7hjVHRXN,"Parlophone UK",GBAYE0600939,no
273,"Only You","Diana Ross",130,4B,39,2026-09-02,03:58,15,"motown, disco","","I Love You",2006-08-28,58,82,0,25,0,10,-10,G#/A♭,4,7A4y9zC0m0W7MT2j9HtHsE,"Parlophone UK",GBAYE0600935,no
274,"I Love You (That's All That Really Matters)","Diana Ross",115,8B,39,2026-09-02,05:30,14,"motown, disco","","I Love You",2006-08-28,58,72,0,24,0,0,-9,C,4,446r8WbeVEF9An2NtcXTxL,"Parlophone UK",GBAYE0600930,no
275,"Remember","Diana Ross",133,1B,28,2026-09-02,03:32,14,"motown, disco","","I Love You",2006-08-28,26,80,3,7,0,10,-10,B,4,4d5ArTtzo5HNBxipQTceiP,"Parlophone UK",GBAYE0600927,no
276,"Easy Living","Diana Ross",80,6A,32,2026-09-02,02:46,7,"motown, disco","","Blue",2006-06-20,51,64,0,45,0,10,-11,G minor,4,30SjgIo5RYE8kvmjwQJXch,"Motown",USUM70600308,no
277,"My Man (Mon Homme)","Diana Ross",97,2B,16,2026-09-02,03:26,11,"motown, disco","","Blue",2006-06-20,42,83,0,22,0,10,-10,F#/G♭,3,5kaaX5tpzhIDNmlTdaPlOq,"Motown",USUM70600303,no
278,"You've Changed","Diana Ross",77,8B,24,2026-09-02,02:51,8,"motown, disco","","Blue",2006-06-20,41,88,0,20,0,30,-13,C,4,5e8RMIfo88eWU9TiYs2ehh,"Motown",USUM70600302,no
279,"I Can't Get Started","Diana Ross",106,4B,16,2026-09-02,03:06,8,"motown, disco","","Blue",2006-06-20,53,85,0,23,0,10,-16,G#/A♭,4,3kKktVtMpSeXKaIImlVizN,"Motown",USUM70600287,no
280,"Little Girl Blue","Diana Ross",62,3B,22,2026-09-02,03:57,8,"motown, disco","","Blue",2006-06-20,40,93,0,29,0,10,-14,C♯/D♭,4,3Abn1Byu4otJPK6VprvvyE,"Motown",USUM70600299,no
281,"But Beautiful","Diana Ross",80,10B,18,2026-09-02,02:47,10,"motown, disco","","Blue",2006-06-20,31,89,0,10,0,10,-15,D,4,5FspBmLor7LOdecmDLb3rX,"Motown",USUM70600297,no
282,"Let's Do It","Diana Ross",99,6A,36,2026-09-02,02:57,12,"motown, disco","","Blue",2006-06-20,64,49,0,56,0,10,-13,G minor,3,69Kt1s0Z0TEuRj3sGyHNcU,"Motown",USUM70600300,no
283,"No More","Diana Ross",110,5B,14,2026-09-02,03:06,9,"motown, disco","","Blue",2006-06-20,49,90,0,15,0,10,-16,D#/E♭,4,6rebNjXJuOpKXlT2fUMY1b,"Motown",USUM70600286,no
284,"Not Over You Yet - Metro Radio Edit","Diana Ross, Brian Rawling, Mark Taylor",127,4A,89,2026-09-02,04:02,35,"motown, disco, flamenco","","Every Day Is a New Day",1999-05-04,71,0,0,85,0,0,-8,F minor,4,45YhbJGXn0ynk4JC214q5V,"Parlophone UK",GBAYE9901638,no
285,"Carry On - Remix","Diana Ross, Soul Solution",128,9A,89,2026-09-02,03:42,12,"motown, disco","","Every Day Is a New Day",1999-05-04,72,11,0,77,0,20,-4,E minor,4,7f3bzbB1DVMrD527RB7hh6,"Parlophone UK",GBAYE9902266,no
286,"Hope Is an Open Window","Diana Ross, Christopher Ward, Tim Tickner",128,7B,75,2026-09-02,04:49,10,"motown, disco, concerto, orchestral","Classical","Every Day Is a New Day",1999-05-04,82,20,0,69,10,10,-6,F,4,14gm43ulfbx2oKuk6HPa6T,"Parlophone UK",GBAYE9902265,no
287,"Until We Meet Again","Diana Ross",111,7A,58,2026-09-02,04:29,22,"motown, disco","","Every Day Is a New Day",1999-05-04,68,67,0,32,0,0,-6,D minor,4,0XGxC89mHIOV8eE8ACQH4S,"Parlophone UK",GBAYE9902259,no
288,"You Are Not Alone","Diana Ross",119,4A,36,2026-09-02,05:21,18,"motown, disco","","Voice of Love",1996-11-11,60,52,0,18,0,10,-13,F minor,4,6Y1kWuAHUP8LdvVffAcObj,"Parlophone UK",GBAYE9600252,no
289,"In the Ones You Love","Diana Ross",74,3B,38,2026-09-02,04:18,12,"motown, disco","","Voice of Love",1996-11-11,53,47,0,20,0,0,-11,C♯/D♭,4,1XvL0z0bx9sjMfFXLpTHbv,"Parlophone UK",GBAYE9600599,no
290,"I Will Survive - Motiv8 Radio Mix","Diana Ross, Motiv8",134,8A,93,2026-09-02,03:58,2,"motown, disco, eurodance","","I Will Survive",1996-02-05,60,3,9,76,0,0,-9,A minor,4,0RUZesCLRsZjw7AvWZgNPD,"Parlophone Records Ltd, a Warner Music Group company",GBAYE9600850,no
291,"Only Love Can Conquer All","Diana Ross",76,10A,39,2026-09-02,04:10,9,"motown, disco","","Take Me Higher",1995-09-05,53,13,0,24,0,20,-12,B minor,4,0P4mk92J5hwS82OFZiWqns,"Parlophone UK",GBAYE9500559,no
292,"I Thought That We Were Still in Love","Diana Ross",105,8A,26,2026-09-02,04:52,8,"motown, disco","","Take Me Higher",1995-09-05,43,79,0,14,0,10,-13,A minor,4,6Tb7ikCvKNgoT6akEKNhNw,"Parlophone UK",GBAYE9400739,no
293,"Don't Stop","Diana Ross",179,12A,45,2026-09-02,04:07,9,"motown, disco","","Take Me Higher",1995-09-05,69,11,0,77,0,10,-9,C♯/D♭ minor,4,79WVZGVqyoEG0kShq0SH5W,"Parlophone UK",GBAYE9500556,no
294,"Take Me Higher - Felix Da House Cat Mix","Diana Ross, Felix Da Housecat",126,4A,65,2026-09-02,04:56,2,"motown, disco, electroclash, chicago house, acid house","","Take Me Higher (Remixes)",1995-01-01,75,0,50,29,0,0,-13,F minor,4,35egYUPrbc42qKtOZIVyuW,"Parlophone Records Ltd, a Warner Music Group company",GBAYE9500577,no
295,"Take Me Higher - BT's Sonic Illusion Mix","Diana Ross, Brian Transeau",128,4B,53,2026-09-02,07:43,3,"motown, disco","","Take Me Higher (Remixes)",1995-01-01,62,1,9,17,0,0,-15,G#/A♭,4,654uZkIzxlg4qcqDmuvsyO,"Parlophone Records Ltd, a Warner Music Group company",GBAYE9500573,no
296,"The Christmas Song","Diana Ross",75,6B,24,2026-09-02,03:13,1,"motown, disco","","A Very Special Season",1994-11-14,32,78,0,24,0,10,-15,A#/B♭,4,7z5ThX6Ai0WTV4NbKh7FIY,"Rhino",GBAYE9400298,no
297,"Ave Maria","Diana Ross",143,7B,13,2026-09-02,05:52,2,"motown, disco","","A Very Special Season",1994-11-14,18,98,69,6,0,0,-20,F,4,1Vp2Wp5DlYpXZfRilttwUo,"Rhino",GBAYE9400734,no
298,"Someday at Christmas","Diana Ross",117,7B,17,2026-09-02,04:09,1,"motown, disco","","A Very Special Season",1994-11-14,28,86,0,12,0,0,-16,F,5,6CCDXBvXKEU78BZM9D9vzE,"Rhino",GBAYE9400146,no
299,"Overjoyed","Diana Ross",149,3B,28,2026-09-02,04:05,3,"motown, disco","","A Very Special Season",1994-11-14,21,78,0,23,0,20,-14,C♯/D♭,4,3XVkUhDyUlI760bUTdZ2gT,"Rhino",GBAYE9400735,no
300,"Let It Snow! Let It Snow! Let It Snow!","Diana Ross",149,10B,26,2026-09-02,02:14,1,"motown, disco","","A Very Special Season",1994-11-14,37,58,0,60,0,20,-15,D,4,1pExS8fxMEkkOIhyq8G76L,"Rhino",GBAYE9400731,no
301,"Happy Christmas (War Is Over)","Diana Ross",75,9B,28,2026-09-02,03:15,1,"motown, disco","","A Very Special Season",1994-11-14,39,42,0,13,0,10,-15,G,3,3AhWChmPFdC4sltNcgB996,"Rhino",GBAYE9400730,no
302,"What the World Needs Now Is Love","Diana Ross",82,12A,19,2026-09-02,04:20,5,"motown, disco","","A Very Special Season",1994-11-14,18,88,1,9,0,10,-17,C♯/D♭ minor,3,3V0mlzNd0ZRpmy2HZr02tx,"Rhino",GBAYE9400568,no
303,"I'm Coming Out - Maurice's Club Mix","Diana Ross, Maurice Joshua",120,6A,88,2026-09-02,08:08,22,"motown, disco, acid house, chicago house, hip house","","Diana Extended: The Remixes",1994-04-11,87,1,2,68,0,0,-10,G minor,4,11ymMF8I1vBYKIj0qsfMf7,"Parlophone UK",GBAYE1400357,no
304,"Chain Reaction - Low End Mix","Diana Ross, Dewey B, Spike",124,11B,58,2026-09-02,06:15,10,"motown, disco, quiet storm","","Diana Extended: The Remixes",1994-04-11,76,0,13,63,0,0,-11,A,4,1bYXsVnxBQ1vMv1fIejpp9,"Parlophone UK",GBAYE9300396,no
305,"The Best Years of My Life","Diana Ross",125,7B,62,2026-09-02,04:23,20,"motown, disco","","The Best Years of My Life",1994-01-01,56,59,1,25,0,20,-5,F,4,04F3K1wCsnL8dwRqzpAij5,"Parlophone Records Ltd, a Warner Music Group company",GBAYE9300586,no
306,"If We Hold On Together","Will Jennings, James Horner, Diana Ross, Vjekoslav Sutej, Wiener Symphoniker",109,8B,22,2026-09-02,03:31,14,"southern gospel, soundtrack, score, motown, disco, christmas, villancicos, opera, orchestral, classical","Pop, Classical, Easy Listening, Christian, Traditional Music","Christmas in Vienna",1993-10-05,22,93,46,18,0,60,-23,C,3,6a7QqeDllpvgp7ajQ2AXLP,"Sony Classical",USSM10102507,no
307,"White Christmas","Irving Berlin, Diana Ross, Plácido Domingo, Wiener Symphoniker, Vjekoslav Sutej",78,5B,26,2026-09-02,02:41,3,"big band, motown, disco, opera, classical, classical crossover, villancicos, christmas, orchestral","Jazz, Pop, Classical, Traditional Music","Christmas in Vienna",1993-10-05,22,95,2,31,0,70,-21,D#/E♭,3,4ZNY2BTXvxuyhpLD5Brrkr,"Sony Classical",USSM19601086,no
308,"Carol of the Drum","Katherine Davis, Diana Ross, José Carreras, Vjekoslav Sutej, Gumpoldskirchner Kinderchor, Wiener Symphoniker, Gumpoldskirchner Spatzen",82,10B,24,2026-09-02,02:58,4,"blues, motown, disco, opera, classical, classical crossover, christmas, villancicos, orchestral","Pop, Classical, Traditional Music","Christmas in Vienna",1993-10-05,35,94,2,33,20,80,-24,D,4,2WQeVgXlsBeekKCXJNWXUc,"Sony Classical",USSM10102504,no
309,"Amazing Grace","John Newton, Diana Ross, Vjekoslav Sutej, Wiener Symphoniker, Gumpoldskirchner Spatzen",88,5B,12,2026-09-02,05:46,9,"catholic music, hymns, motown, disco, christmas, villancicos, opera, orchestral, classical","Pop, Classical, Christian, Traditional Music","Christmas in Vienna",1993-10-05,11,94,61,9,0,70,-23,D#/E♭,3,3GXQs8vcQoJnKrLqF1boZR,"Sony Classical",USSM10102493,no
310,"Heart (Don't Change My Mind)","Diana Ross",67,9B,37,2026-09-02,04:19,26,"motown, disco","","The Force Behind the Power",1991-09-01,50,24,0,13,0,10,-13,G,4,0oFu8bWN2aLkM1YEK94sbf,"Parlophone UK",GBAYE9100110,no
311,"The Force Behind the Power","Diana Ross",104,5A,51,2026-09-02,04:42,13,"motown, disco","","The Force Behind the Power",1991-09-01,79,7,0,87,0,0,-10,C minor,4,6Mgzu1Ivbgck36LtH8hGd3,"Parlophone UK",GBAYE9100421,no
312,"When You Tell Me That You Love Me","Diana Ross",78,4B,42,2026-09-02,04:13,58,"motown, disco","","The Force Behind the Power",1991-09-01,48,6,0,22,0,10,-11,G#/A♭,4,3rAahon4RxiMN4OMmttBmr,"Parlophone UK",GBAYE9100060,no
313,"Dansons","Céline Dion",123,9B,33,2026-09-02,03:26,59,"variété française","Pop","Dansons",2026-04-17,43,61,0,8,0,10,-8,G,4,7qRK8GXzeSjfOOjDASmXs8,"Sony Music Canada",CAC222600025,no
314,"Goin' Through the Motions","Diana Ross",117,2B,57,2026-09-02,03:54,2,"motown, disco","","Workin' Overtime",1989-06-06,81,2,0,90,0,0,-15,F#/G♭,4,4Zk4nAdgdVngbN2U66T6Hc,"Parlophone UK",GBAYE8900309,no
315,"Keep On (Dancin')","Diana Ross",108,10B,65,2026-09-02,04:53,3,"motown, disco","","Workin' Overtime",1989-06-06,82,2,0,70,0,10,-12,D,4,36tNr2JlXPob44ylgifSS9,"Parlophone UK",GBAYE8900307,no
316,"This House","Diana Ross",153,12A,45,2026-09-02,05:36,7,"motown, disco","","Workin' Overtime",1989-06-06,72,24,0,80,0,0,-15,C♯/D♭ minor,4,5KUDIXS3QwBbB2eplvoItI,"Parlophone UK",GBAYE8900306,no
317,"Not Enough","Avril Lavigne",136,10B,88,2026-09-02,04:18,46,"canadian pop, candy pop, dance pop, pop","Pop, Electronic","Goodbye Lullaby (Expanded Edition)",2011-03-08,52,0,0,24,0,10,-4,D,4,1W69mAdmUCjE53jpGNcHY6,"Epic",USRC11100015,no
318,"Tap In (feat. Post Malone, DaBaby & Jack Harlow)","Saweetie, Post Malone, DaBaby, Jack Harlow",100,3B,63,2026-09-02,04:13,55,"cali rap, trap queen, dfw rap, melodic rap, pop, rap, hip hop, north carolina hip hop, pop rap, trap, deep underground hip hop, kentucky hip hop","Hip Hop, Pop","Tap In (feat. Post Malone, DaBaby & Jack Harlow)",2020-08-28,95,1,0,43,20,0,-7,C♯/D♭,4,5woaU1FNkqCwg6WzWiQPW5,"ICY/Artistry Records/Warner Records",USWB12002980,yes
319,"Dancing Through Life","Stephen Schwartz, Stephen Oremus, Greg Wells, Jack Dolman, Dominick Amendum, Norbert Leo Butz, Kristin Chenoweth, Christopher Fitzgerald, Michelle Federer, Idina Menzel",117,8B,44,2026-09-02,07:37,22,"score, musicals","Classical, Easy Listening, Pop","Wicked (15th Anniversary Special Edition)",2019-02-08,46,61,0,32,0,10,-9,C,4,0TPBi68zps7uWQPgbSGZY2,"VDB - Verve Decca Broadway",USUMC0300209,no
320,"I Love Life, Thank You","Mac Miller",93,9B,87,2026-09-02,03:13,0,"hip hop, pittsburgh rap, rap","Hip Hop","I Love Life, Thank You",2022-07-22,57,1,0,34,20,10,-5,G,4,56s4IHGnJVGZYcdOVmC3eb,"Rostrum Records",USA2P2212489,yes
321,"It's Hard for Me to Say","Diana Ross",104,8B,18,2026-09-02,04:43,8,"motown, disco","","Red Hot Rhythm and Blues",1987-05-01,64,64,0,30,0,10,-19,C,4,7aTAuOGpLMDbyokhHy39Rd,"Parlophone UK",GBAYE8700341,no
322,"Tell Mama","Diana Ross",123,9B,70,2026-09-02,03:38,5,"motown, disco","","Red Hot Rhythm and Blues",1987-05-01,71,15,1,92,0,60,-13,G,4,1My2ittld3G5nYwaZZNDoe,"Parlophone UK",GBAYE8700337,no
323,"Stranger in Paradise","Diana Ross",85,6B,52,2026-09-02,03:58,6,"motown, disco","","Red Hot Rhythm and Blues",1987-05-01,53,15,0,77,0,30,-13,A#/B♭,4,7euQaHsZureaR6oaNy26Gb,"Parlophone UK",GBAYE8700332,no
324,"Don't Give up on Each Other","Diana Ross",82,7B,24,2026-09-02,03:47,11,"motown, disco","","Eaten Alive",1985-09-24,56,55,0,15,0,0,-17,F,4,0nDlea5QazPzUlA9YWOgOP,"Parlophone UK",GBAYE8500114,no
325,"Experience","Diana Ross",92,5B,37,2026-09-02,04:57,30,"motown, disco","","Eaten Alive",1985-09-24,59,35,0,61,0,0,-15,D#/E♭,4,6JmPb3MOfmXZmxzPpyYveq,"Parlophone UK",GBAYE8500122,no
326,"Forever Young","Diana Ross",125,6B,24,2026-09-02,04:50,13,"motown, disco","","Swept Away",1984-09-13,36,68,1,20,0,40,-15,A#/B♭,4,6lbiCD4Ca8rCFFVsfvupLn,"Parlophone UK",GBAYE8400166,no
327,"Nobody Makes Me Crazy (Like You Do)","Diana Ross",144,11B,47,2026-09-02,04:21,11,"motown, disco","","Swept Away",1984-09-13,79,51,0,97,0,0,-13,A,4,5NtCdxUfmYj6qO4J5BJgJr,"Parlophone UK",GBAYE8400303,no
328,"It's Your Move","Diana Ross",117,9B,47,2026-09-02,03:35,36,"motown, disco","","Swept Away",1984-09-13,85,39,0,95,0,50,-13,G,4,5OfZkeC0FOG21ozugBGucC,"Parlophone UK",GBAYE8400301,no
329,"Lose Control","Yeat, Elton John",105,3B,55,2026-09-02,02:39,61,"rage rap, glam rock, mellow gold, piano rock, rock","Rock, Hip Hop","ADL",2026-03-27,63,32,0,18,0,50,-7,C♯/D♭,4,7f6kRhjrpsZzfcpI0o7xVr,"Lyfestyle Corporation/Field Trip Recordings/Capitol Records",USUM72602593,yes
330,"On Our Way Along","Billy Ray Cyrus, Noah Cyrus",77,1A,59,2026-09-02,04:21,45,"country rock, alt z, pop","Pop","On Our Way Along",2026-04-03,47,0,0,31,0,10,-9,G#/A♭ minor,4,6LDUmqjVsBsNSfOOmVTkdI,"Billion Streams Entertainment",CZEE52500015,no
331,"Watch","Kristin Chenoweth, Ryah Nixon, Andrew Kober, Original Broadway Cast of The Queen of Versailles",153,3A,86,2026-09-02,03:08,8,"musicals","Classical, Easy Listening, Pop","The Queen of Versailles (Original Broadway Cast Recording)",2026-04-03,63,13,0,53,20,10,-4,A#/B♭ minor,4,698ullWgMZPDRT8CAoqIv4,"Masterworks Broadway",USSM12600561,no
332,"Up Front - Tony Swain and Steve Jolley European 12  Remix","Diana Ross",128,8A,87,2026-09-02,05:45,3,"motown, disco","","Ross (Expanded)",1983-06-09,78,17,3,77,0,0,-7,A minor,4,7uXW0ltioO5okoE9KSzjV2,"Warner Music Group - X5 Music Group",GBAYE1900750,no
333,"Up Front - 7  Radio Mix","Diana Ross",127,8A,85,2026-09-02,03:43,5,"motown, disco","","Ross (Expanded)",1983-06-09,86,27,1,97,0,20,-6,A minor,4,1KOsbxCj6fTA2yDMVUkPRm,"Warner Music Group - X5 Music Group",GBAYE1900747,no
334,"Pieces of Ice - 12  Instrumental","Diana Ross",133,6A,55,2026-09-02,07:18,3,"motown, disco","","Ross (Expanded)",1983-06-09,90,6,77,75,0,0,-10,G minor,4,5R6UH2DHmCzICjmOgUg0Hc,"Warner Music Group - X5 Music Group",GBAYE1900746,no
335,"Pieces of Ice - 12  Mix","Diana Ross",133,6A,58,2026-09-02,07:19,5,"motown, disco","","Ross (Expanded)",1983-06-09,87,11,28,78,0,0,-9,G minor,4,1Sp9G7307xnrliWtWqKgBC,"Warner Music Group - X5 Music Group",GBAYE1900745,no
336,"Pieces of Ice - 7  Mix","Diana Ross",133,6A,58,2026-09-02,04:10,6,"motown, disco","","Ross (Expanded)",1983-06-09,88,21,5,57,0,0,-11,G minor,4,3TPNnKc4UbEw94wW3AMEPC,"Warner Music Group - X5 Music Group",GBAYE1900744,no
337,"Girls","Diana Ross",132,5A,92,2026-09-02,04:05,6,"motown, disco","","Ross (Expanded)",1983-06-09,76,3,19,94,0,0,-7,C minor,4,6mjCfCTHAsrMgXqJNXQBj5,"Warner Music Group - X5 Music Group",GBAYE1900743,no
338,"Pieces of Ice","Diana Ross",133,6A,60,2026-09-02,05:00,12,"motown, disco","","Ross (Expanded)",1983-06-09,86,15,3,60,0,0,-10,G minor,4,3vMOHRXK7caSSBZEnBzhEi,"Warner Music Group - X5 Music Group",GBAYE1900739,no
339,"Love Will Make It Right","Diana Ross",106,10A,47,2026-09-02,04:48,9,"motown, disco","","Ross (Expanded)",1983-06-09,69,29,0,62,0,0,-9,B minor,4,6s2tU1aHi7ULz72MUdtwIJ,"Warner Music Group - X5 Music Group",GBAYE1900737,no
340,"Anywhere You Run To","Diana Ross",127,7B,64,2026-09-02,03:33,8,"motown, disco","","Silk Electric",1982-09-01,69,16,0,51,0,0,-12,F,4,5Qt0hAJpstGbaioAgu5Hou,"Parlophone UK",GBAYE8200260,no
341,"Love Lies","Diana Ross",96,4B,44,2026-09-02,03:46,8,"motown, disco","","Silk Electric",1982-09-01,50,17,0,27,0,40,-12,G#/A♭,4,0Y2rOMlNEDXsz6emyWrQj0,"Parlophone UK",GBAYE8200258,no
342,"Still in Love","Diana Ross",83,11B,37,2026-09-02,04:08,10,"motown, disco","","Silk Electric",1982-09-01,50,50,1,27,0,60,-14,A,4,3DilOe1ckheqklb0RwQ3t6,"Parlophone UK",GBAYE8200255,no
343,"Sweet Surrender","Diana Ross",147,10A,33,2026-09-02,04:10,11,"motown, disco","","Why Do Fools Fall in Love",1981-09-14,65,29,0,78,0,0,-17,B minor,4,6hm5xMNniEQltRWZRJCR64,"Parlophone UK",GBAYE8100091,no
344,"We're Always Saying Goodbye","Diana Ross",91,4B,55,2026-09-02,02:31,6,"motown, disco","","To Love Again (Expanded Edition)",1981-02-17,46,32,0,54,0,0,-8,G#/A♭,4,08lPQWcFPRsRbrO4ak94L1,"UNI/MOTOWN",USMO10200999,no
345,"Endless Love - From  The Endless Love  Soundtrack","Lionel Richie, Diana Ross",93,6B,34,2026-09-02,04:25,28,"motown, disco","","To Love Again (Expanded Edition)",1981-02-17,43,65,0,21,0,10,-9,A#/B♭,4,6nREOA7AFnn5U1fmFfClmb,"UNI/MOTOWN",USMO18190008,no
346,"Cryin My Heart Out For You","Diana Ross",78,2B,62,2026-09-02,03:47,17,"motown, disco","","To Love Again",1981-02-17,38,47,0,27,10,20,-10,F#/G♭,4,1OGAKm2LeswnKNdOHLW1vk,"UNI/MOTOWN",USMO10200991,no
347,"No One Gets The Prize/The Boss - 12-Inch/ Re-Edit","Diana Ross",125,8B,75,2026-09-02,09:38,34,"motown, disco","","Diana",1980-05-22,51,7,1,70,0,0,-8,C,4,5qHyMU6xc2cngIbzlVtneh,"UNI/MOTOWN",USMO10300445,no
348,"Now That You're Gone - Original CHIC Mix","Diana Ross",153,7B,65,2026-09-02,03:39,15,"motown, disco","","Diana",1980-05-22,77,57,0,87,0,10,-9,F,4,1TQ5lIStqGrpXbGKYgtr14,"UNI/MOTOWN",USMO10300446,no
349,"Friend To Friend - Original CHIC Mix","Diana Ross",87,6A,41,2026-09-02,03:18,18,"motown, disco","","Diana",1980-05-22,46,85,0,36,0,10,-12,G minor,3,5SQVJRs1fj85OwZRXWCBUJ,"UNI/MOTOWN",USMO10300437,no
350,"I'm In The World","Diana Ross",115,8B,44,2026-09-02,03:59,9,"motown, disco","","The Boss",1979-05-23,39,68,1,15,0,10,-9,C,4,2O2gdCXgjYO6olXGOyXHS6,"UNI/MOTOWN",USMO17984682,no
351,"All For One","Diana Ross",97,10A,44,2026-09-02,04:17,11,"motown, disco","","The Boss",1979-05-23,39,50,2,16,0,10,-10,B minor,3,66IOEsckD0MfGwIhi6lzUI,"UNI/MOTOWN",USMO17984677,no
352,"CURTSY","Sawano Hiroyuki",95,9A,68,2026-09-02,02:27,41,"anime, soundtrack","Pop, Classical, Easy Listening","CURTSY",2026-03-08,68,5,0,23,0,0,-8,E minor,4,6ybQXb6anTG5zlrlmDyC3I,"Aniplex Inc.",JPE302501618,no
353,"Where Did We Go Wrong","Diana Ross",126,4B,47,2026-09-02,04:25,9,"motown, disco","","Ross",1978-09-03,36,43,0,19,0,0,-11,G#/A♭,4,4fmzWOumWFwyz1rVNNI323,"UNI/MOTOWN",USUM71310113,no
354,"Never Say I Don't Love You","Diana Ross",137,3B,45,2026-09-02,03:50,11,"motown, disco","","Ross",1978-09-03,46,12,0,35,0,10,-10,C♯/D♭,4,5EQBX7ddbt8ONL7CZlgucS,"UNI/MOTOWN",USMO10200993,no
355,"3-U @nt","Sawano Hiroyuki",103,10B,81,2026-09-02,04:55,32,"anime, soundtrack","Pop, Classical, Easy Listening","3-U @nt",2026-03-01,23,1,52,8,0,10,-11,D,4,3kdh2fqXIHmBgLMb4JjJoo,"Aniplex Inc.",JPE302501610,no
356,"The Same Love That Made Me Laugh - 2014 Mix","Diana Ross",107,3A,58,2026-09-02,04:17,2,"motown, disco","","Baby It's Me (Expanded Edition)",1977-09-16,63,1,0,46,0,0,-9,A#/B♭ minor,4,1GSsCqQfT7j6V0wdgkDIir,"UNI/MOTOWN",USUM71416349,no
357,"All Night Lover - 2014 Mix","Diana Ross",129,9A,64,2026-09-02,03:55,2,"motown, disco","","Baby It's Me (Expanded Edition)",1977-09-16,65,57,0,70,0,50,-8,E minor,4,1pPQAGCVSWyUbc5ij53cl4,"UNI/MOTOWN",USUM71416348,no
358,"Country John - 2014 Mix","Diana Ross",105,4B,76,2026-09-02,03:44,2,"motown, disco","","Baby It's Me (Expanded Edition)",1977-09-16,66,3,0,81,0,0,-10,G#/A♭,4,2J4RH6ZRnNLWf05ryAzlO7,"UNI/MOTOWN",USUM71416341,no
359,"Confide In Me","Diana Ross",124,8B,20,2026-09-02,03:33,11,"motown, disco","","Baby It's Me",1977-09-16,47,65,0,11,0,10,-14,C,4,7hAG7F2mqN92d2IbTKaj9D,"UNI/MOTOWN",USMO10000593,no
360,"Dance With Me","Bruno Mars",183,1B,45,2026-09-02,03:39,79,"dance pop, pop","Electronic, Pop","The Romantic",2026-02-27,39,40,0,59,0,0,-8,B,3,1myZ6GQewhAzMH2dKtKSWK,"Atlantic Records",USAT22509150,no
361,"Nothing Left","Bruno Mars",150,11B,63,2026-09-02,03:34,72,"dance pop, pop","Electronic, Pop","The Romantic",2026-02-27,49,7,0,44,0,10,-8,A,4,0Sq6JK9kyC4MQa3KrJj5CB,"Atlantic Records",USAT22509149,no
362,"Something Serious","Bruno Mars",132,9B,79,2026-09-02,02:46,75,"dance pop, pop","Electronic, Pop","The Romantic",2026-02-27,80,7,0,90,0,0,-6,G,4,0PV4VQCmE6Ujssr1bnswdF,"Atlantic Records",USAT22509148,no
363,"Why You Wanna Fight?","Bruno Mars",125,8A,59,2026-09-02,04:14,78,"dance pop, pop","Electronic, Pop","The Romantic",2026-02-27,68,22,0,58,0,10,-7,A minor,4,3Ac4AjYkqsvop2ydbSAhTX,"Atlantic Records",USAT22509146,no
364,"I Believe in Everything","Matchbox Twenty",118,11B,84,2026-09-02,03:38,36,"post-grunge","Rock","The North B-Sides",2026-02-27,62,4,0,59,0,20,-5,A,4,48bjksQnsbfBMKsRBQtUqK,"Rhino Atlantic",USAT21202947,no
365,"ZERO BREAKOUT POINT","UVERworld",165,11A,89,2026-09-02,03:33,42,"anime, j-rock, j-pop","Pop, Rock","EVER",2026-02-25,49,0,0,28,10,0,-3,F#/G♭ minor,4,7rVdWPnRGuZpd8RIx1IsXW,"Sony Music Labels Inc.",JPU902600358,no
366,"Sorry Doesn't Always Make It Right - Alternate Version","Diana Ross",139,3B,48,2026-09-02,03:35,4,"motown, disco","","Diana Ross (Expanded Edition)",1976-02-10,36,44,0,37,0,10,-10,C♯/D♭,4,4EeqL1bukHJhivWTeddgW6,"UNI/MOTOWN",USUM71200576,no
367,"We're Always Saying Goodbye - Alternate Version","Diana Ross",181,4B,47,2026-09-02,02:35,8,"motown, disco","","Diana Ross (Expanded Edition)",1976-02-10,34,66,0,42,0,10,-9,G#/A♭,4,4rrulPzKyy1QFK2BMePjZv,"UNI/MOTOWN",USUM71200564,no
368,"One Love In My Lifetime","Diana Ross",91,9B,64,2026-09-02,03:36,19,"motown, disco","","Diana Ross",1976-02-10,70,15,2,91,0,0,-14,G,4,0dl1eMNLKja8mJD6kMbWD1,"Motown",USMO10500213,no
369,"Theme From Mahogany (Do You Know Where You're Going To) - Single Version","Diana Ross",139,5A,31,2026-09-02,03:22,57,"motown, disco","","Diana Ross",1976-02-10,34,84,3,30,0,10,-15,C minor,4,6qNCLr8GOZOMZJKjfIhxiE,"Motown",USMO17500374,no
370,"I Want To Go Back There Again","Diana Ross",114,8B,74,2026-09-02,03:03,2,"motown, disco","","Last Time I Saw Him (Deluxe Edition)",1973-12-06,59,4,0,80,0,10,-9,C,4,4hGGxVmQ2tIMLdQN92x9k4,"UNI/MOTOWN",USUM70737381,no
371,"Since I Don't Have You","Diana Ross",135,5A,53,2026-09-02,03:23,1,"motown, disco","","Last Time I Saw Him (Deluxe Edition)",1973-12-06,35,20,0,29,0,0,-6,C minor,4,3akysRhck3yhcjEVTQbkWj,"UNI/MOTOWN",USUM70737380,no
372,"Where Did We Go Wrong - Version 1","Diana Ross",140,4A,42,2026-09-02,03:52,2,"motown, disco","","Last Time I Saw Him (Deluxe Edition)",1973-12-06,35,49,0,46,0,10,-11,F minor,4,4CC4s0bH2iracF4RsPns8j,"UNI/MOTOWN",USUM70737382,no
373,"Get It All Together","Diana Ross",126,10B,55,2026-09-02,04:01,3,"motown, disco","","Last Time I Saw Him (Deluxe Edition)",1973-12-06,59,46,0,79,0,10,-11,D,4,5Jd9P0TIqKgWJlQztKIeFL,"UNI/MOTOWN",USUM70737375,no
374,"Why Play Games","Diana Ross",95,6B,84,2026-09-02,02:41,2,"motown, disco","","Last Time I Saw Him (Deluxe Edition)",1973-12-06,59,37,0,91,0,40,-5,A#/B♭,4,6nVRbLPIXwdYrlOoDVLa0N,"UNI/MOTOWN",USUM70737373,no
375,"Turn Around - Stereo Mixdown of Japanese Quad Mix","Diana Ross",89,8B,33,2026-09-02,02:26,1,"motown, disco","","Last Time I Saw Him (Deluxe Edition)",1973-12-06,40,69,0,33,0,10,-10,C,3,08lFP3gJ4jonRttQuGzr4K,"UNI/MOTOWN",USUM70737362,no
376,"Sleepin' - Stereo Mixdown of Japanese Quad Mix","Diana Ross",139,3A,42,2026-09-02,04:41,3,"motown, disco","","Last Time I Saw Him (Deluxe Edition)",1973-12-06,35,79,0,37,0,10,-11,A#/B♭ minor,4,4dxvdYo9iLq724Oaz4HetO,"UNI/MOTOWN",USUM70737355,no
377,"Love Me - Stereo Mixdown of Japanese Quad Mix","Diana Ross",118,12B,52,2026-09-02,02:57,1,"motown, disco","","Last Time I Saw Him (Deluxe Edition)",1973-12-06,59,71,0,70,0,0,-9,E,4,3WYRQOYNkzNS4eoK6prgqi,"UNI/MOTOWN",USUM70737352,no
378,"Turn Around","Diana Ross",88,8B,46,2026-09-02,02:27,8,"motown, disco","","Last Time I Saw Him",1973-12-06,33,76,0,23,0,0,-8,C,3,4CzmCOLCnUA3oSw5cRh47o,"UNI/MOTOWN",USUM70737361,no
379,"Sleepin'","Diana Ross",139,4B,36,2026-09-02,04:42,9,"motown, disco","","Last Time I Saw Him",1973-12-06,38,87,7,44,0,20,-13,G#/A♭,4,6DKuGMSudWft99JDKH8eKF,"UNI/MOTOWN",USUM70737353,no
380,"I Just Might - Austin Millz Remix","Bruno Mars, Austin Millz",116,9B,75,2026-09-02,03:16,61,"dance pop, pop, indie soul","Electronic, Pop","I Just Might (Austin Millz Remix)",2026-02-13,71,10,0,44,10,10,-6,G,4,3NFyvuSE0PnDoXgpjBEAyh,"Atlantic Records",USAT22600280,no
381,"EVER","UVERworld",92,12B,68,2026-09-02,04:02,42,"anime, j-rock, j-pop","Pop, Rock","EVER",2026-02-04,50,1,0,41,0,20,-5,E,4,0IQLk94VE32tdGlC7lUsPW,"Sony Music Labels Inc.",JPU902600125,no
382,"Alone","Diana Ross, Marvin Gaye",77,7B,57,2026-09-02,03:48,23,"motown, disco, classic soul, soul, northern soul, quiet storm","","Diana & Marvin (Expanded Edition)",1973-10-26,43,58,0,57,0,10,-7,F,4,5rkpxPKDNDEVzFshqyLwqS,"UNI/MOTOWN",USMO10001120,no
383,"Pledging My Love","Diana Ross, Marvin Gaye",143,4B,52,2026-09-02,03:37,30,"motown, disco, classic soul, soul, northern soul, quiet storm","","Diana & Marvin (Expanded Edition)",1973-10-26,46,43,0,48,0,0,-8,G#/A♭,3,5sgIcGEqWDM3GBLhPbC1MT,"UNI/MOTOWN",USMO17382578,no
384,"Don't Knock My Love","Diana Ross, Marvin Gaye",115,8A,69,2026-09-02,02:23,28,"motown, disco, classic soul, soul, northern soul, quiet storm","","Diana & Marvin (Expanded Edition)",1973-10-26,66,18,0,91,0,0,-8,A minor,4,4ESNSk1yvpJO3UmANTcVeI,"UNI/MOTOWN",USMO17384720,no
385,"Medley: Imagine / Save The Children - Alternate Version","Diana Ross",131,7B,50,2026-09-02,07:15,3,"motown, disco","","Touch Me In The Morning (Expanded Edition)",1973-06-22,37,54,0,47,0,10,-9,F,4,4bFDnMRjpBWyhj4idHO8dC,"Hip-O Select",USUM70917325,no
386,"First Time Ever I Saw Your Face","Diana Ross",178,2B,22,2026-09-02,03:46,8,"motown, disco","","Touch Me In The Morning (Expanded Edition)",1973-06-22,36,79,1,24,0,10,-14,F#/G♭,4,2syyh2MjtuHzMvoXRs3iMD,"Hip-O Select",USUM70917301,no
387,"A Wonderful Guest","Diana Ross",85,3B,30,2026-09-02,03:39,17,"motown, disco","","Touch Me In The Morning (Expanded Edition)",1973-06-22,28,65,3,22,0,0,-11,C♯/D♭,4,46q0t8tPmHTeBHVmOgr9lH,"Hip-O Select",USUM70917299,no
388,"Part Of You","Diana Ross",110,9B,47,2026-09-02,02:50,3,"motown, disco","","Touch Me In The Morning (Expanded Edition)",1973-06-22,50,71,0,60,0,10,-9,G,4,5w4d1Uk1YFkkQnVZtbRX3t,"Hip-O Select",USUM70917298,no
389,"Touch Me In The Morning - Alternate Version #2","Diana Ross",137,3B,61,2026-09-02,05:31,8,"motown, disco","","Touch Me In The Morning (Expanded Edition)",1973-06-22,45,40,0,34,0,10,-7,C♯/D♭,4,6Cas6urxjWxRIFmK7C8jzQ,"Hip-O Select",USUM70917213,no
390,"Leave A Little Room - Alternate Mix","Diana Ross",76,11B,50,2026-09-02,03:37,4,"motown, disco","","Touch Me In The Morning (Expanded Edition)",1973-06-22,34,60,1,30,0,10,-9,A,4,5I40gCkjCGTJkfrw84n4EH,"Hip-O Select",USUM70917212,no
391,"My Baby (My Baby My Own)","Diana Ross",154,2A,39,2026-09-02,02:45,13,"motown, disco","","Touch Me In The Morning",1973-06-22,33,73,1,41,0,10,-12,D#/E♭ minor,4,02wetmfg4rhi7v0uv6ZwlT,"UNI/MOTOWN",USMO17370007,no
392,"Little Girl Blue","Diana Ross",116,3B,20,2026-09-02,03:59,12,"motown, disco","","Touch Me In The Morning",1973-06-22,38,93,1,29,0,10,-15,C♯/D♭,4,6cpwtKN6LwRU39IjaHPlLu,"UNI/MOTOWN",USMO17370006,no
393,"I Won't Last A Day Without You","Diana Ross",144,9B,58,2026-09-02,03:49,19,"motown, disco","","Touch Me In The Morning",1973-06-22,43,42,0,57,0,30,-7,G,4,0tLk6DCJMPuNQ9SUE5NMhF,"UNI/MOTOWN",USMO17370005,no
394,"Leave A Little Room","Diana Ross",152,12B,59,2026-09-02,03:38,17,"motown, disco","","Touch Me In The Morning",1973-06-22,31,74,0,28,0,10,-9,E,4,1yVEGN3qRlBXqjnvOapFXX,"UNI/MOTOWN",USMO17370004,no
395,"All Of My Life","Diana Ross",84,4B,58,2026-09-02,03:30,27,"motown, disco","","Touch Me In The Morning",1973-06-22,49,64,0,37,0,30,-7,G#/A♭,4,0DzLhqtZ7rEmUU9aBhnh1v,"UNI/MOTOWN",USMO17370002,no
396,"God Bless The Child","Diana Ross",128,5A,22,2026-09-02,02:42,17,"motown, disco","","Lady Sings The Blues",1972-10-01,44,56,0,33,0,60,-12,C minor,4,75iilmYj5hO3mG1Ywly28w,"UNI/MOTOWN",USMO10000760,no
397,"My Man (Mon Homme)","Diana Ross",98,3A,16,2026-09-02,03:26,13,"motown, disco","","Lady Sings The Blues",1972-10-01,34,76,0,26,0,10,-14,A#/B♭ minor,4,4H1IKRRXpiOYCjALx51GO8,"UNI/MOTOWN",USMO10000756,no
398,"Good Morning Heartache","Diana Ross",61,4A,18,2026-09-02,02:21,32,"motown, disco","","Lady Sings The Blues",1972-10-01,35,81,0,26,0,10,-13,F minor,4,3jE3WBIYBQDseLfQKc5wyW,"UNI/MOTOWN",USMO10000589,no
399,"You've Changed","Diana Ross",171,3B,7,2026-09-02,02:34,9,"motown, disco","","Lady Sings The Blues",1972-10-01,43,99,0,13,0,10,-15,C♯/D♭,3,7xOsTeVYPQuAmuNQdXQuTx,"UNI/MOTOWN",USMO10000752,no
400,"Lover Man (Oh, Where Can You Be)","Diana Ross",66,4B,16,2026-09-02,03:22,24,"motown, disco","","Lady Sings The Blues",1972-10-01,60,58,0,33,0,10,-15,G#/A♭,4,4gj3dVTp65pzJPlZ7kKNlQ,"UNI/MOTOWN",USMO10000751,no
401,"Persuasion/ T'Ain't Nobody's Bizness If I Do","Diana Ross",77,4A,69,2026-09-02,03:05,8,"motown, disco","","Lady Sings The Blues",1972-10-01,48,71,0,83,40,90,-10,F minor,4,48xbNlj4OQK6sxw4HsJTyr,"UNI/MOTOWN",USMO10000747,no
402,"What A Little Moonlight Can Do","Diana Ross",91,5A,48,2026-09-02,02:10,9,"motown, disco","","Lady Sings The Blues",1972-10-01,54,56,0,85,20,90,-10,C minor,4,4SG3nSV46fAm9ovbfcV6Tj,"UNI/MOTOWN",USMO10000744,no
403,"Mean To Me","Diana Ross",160,8A,53,2026-09-02,01:18,9,"motown, disco","","Lady Sings The Blues",1972-10-01,50,58,0,91,40,90,-11,A minor,4,4t6KErugnFadFnQZkBYHIL,"UNI/MOTOWN",USMO10000742,no
404,"I Cried For You (Now It's Your Turn To Cry Over Me) - Pt. 1","Diana Ross",159,7A,69,2026-09-02,00:38,27,"motown, disco","","Lady Sings The Blues",1972-10-01,39,16,0,90,10,90,-9,D minor,4,4a2ETShIS1iaTmKg6hk8Ja,"UNI/MOTOWN",USMO10000740,no
405,"The Man I Love","Diana Ross",139,3B,47,2026-09-02,02:26,13,"motown, disco","","Lady Sings The Blues",1972-10-01,44,73,0,59,60,80,-13,C♯/D♭,4,57FnLNFJT7Bj8N4IySLi8z,"UNI/MOTOWN",USMO10000735,no
406,"All Of Me - With Dialogue","Diana Ross",78,7B,26,2026-09-02,02:19,10,"motown, disco","","Lady Sings The Blues",1972-10-01,69,94,0,61,60,80,-13,F,4,3QCDuZaJVN56uQAVJsenSb,"UNI/MOTOWN",USMO10000734,no
407,"Lady Sings The Blues","Diana Ross",91,3B,11,2026-09-02,01:03,15,"motown, disco","","Lady Sings The Blues",1972-10-01,33,99,0,4,10,10,-22,C♯/D♭,4,6UeN6I187FDrL4jxf8cLYf,"UNI/MOTOWN",USMO10000591,no
408,"Ain't No Mountain High Enough - Alternate Vocal and Mix","Diana Ross",101,5A,69,2026-09-02,06:43,11,"motown, disco","","Surrender (Expanded Edition)",1971-07-06,41,27,0,48,0,20,-5,C minor,4,5luFYuoBcWecekuNOWlbx0,"Hip-O Select",USUM70837322,no
409,"SORA","UVERworld",127,3B,91,2026-09-02,05:28,29,"anime, j-rock, j-pop","Pop, Rock","Colors of the Heart",2006-00-00,49,0,0,24,0,10,-5,C♯/D♭,4,3mAR6rf4DsurX1cs0Xr4Wq,"Sony Music Labels Inc.",JPSR00601001,no
410,"The Long And Winding Road","Diana Ross",76,6B,51,2026-09-02,03:26,7,"motown, disco","","Everything Is Everything",1970-11-03,43,30,0,33,0,20,-8,A#/B♭,4,4cFpFEIKYwY7SrjIpEBE5S,"UNI/MOTOWN",USMO17000478,no
411,"Baby It's Love","Diana Ross",115,10B,68,2026-09-02,03:10,9,"motown, disco","","Everything Is Everything",1970-11-03,51,6,0,88,0,0,-9,D,4,0GcHzRBYXQWFZyacBI2pqC,"UNI/MOTOWN",USMO10400542,no
412,"The Interim","Diana Ross",171,7A,41,2026-09-02,04:49,19,"motown, disco","","Diana Ross (Expanded Edition)",1970-06-19,24,70,0,64,0,10,-10,D minor,4,1JVVM2ajZk7nLIMjbQ1PQ4,"Motown",USMO10200239,no
413,"Ain't No Mountain High Enough - Single Version","Diana Ross",96,5A,70,2026-09-02,06:20,44,"motown, disco","","Diana Ross (Expanded Edition)",1970-06-19,31,42,0,55,0,20,-9,C minor,4,0yLchb1kn0jtEgIRtoTCwq,"Motown",USMO10000772,no
414,"I Wouldn't Change The Man He Is","Diana Ross",77,6B,44,2026-09-02,03:18,13,"motown, disco","","Diana Ross",1970-06-19,45,44,0,83,0,30,-10,A#/B♭,3,3fdLdACcYFji2OOakEKoeZ,"UNI/MOTOWN",USMO10200231,no
415,"These Things Will Keep Me Loving You","Diana Ross",120,8B,65,2026-09-02,03:08,13,"motown, disco","","Diana Ross",1970-06-19,66,26,0,96,0,20,-9,C,4,0cDaoJttwPCtcN7Z3SUdFB,"UNI/MOTOWN",USMO10200240,no
416,"Reach Out And Touch (Somebody's Hand)","Diana Ross",134,7B,65,2026-09-02,03:05,32,"motown, disco","","Diana Ross",1970-06-19,53,53,0,49,0,20,-9,F,3,3ivHUrC7A1zNWcLXgkYiuP,"UNI/MOTOWN",USMO17000348,no
417,"Can't Shake It Loose","Diana Ross & The Supremes",130,6B,49,2026-09-02,02:09,16,"motown, northern soul, classic soul","","Love Child",1968-11-13,65,45,0,82,0,0,-14,A#/B♭,4,31L0aUfeTpDp41oPRktgJ5,"Motown",USMO10001090,no
418,"You Ain't Livin' Till You're Lovin'","Diana Ross & The Supremes",112,8B,30,2026-09-02,02:44,14,"motown, northern soul, classic soul","","Love Child",1968-11-13,61,16,0,55,0,10,-16,C,4,64t8CVwffH0914t6RpobfT,"Motown",USMO10001088,no
419,"Honey Bee (Keep On Stinging Me)","Diana Ross & The Supremes",122,6B,39,2026-09-02,02:21,14,"motown, northern soul, classic soul","","Love Child",1968-11-13,77,45,0,83,0,0,-14,A#/B♭,4,5adzaTHe5talaQHP8oRLU3,"Motown",USMO10001087,no
420,"かえせ！太陽を","帝子ボンボン, 幾原邦彦, Bonjour Suzuki",155,7B,94,2026-09-02,03:31,3,"shibuya-kei","Electronic, Pop","君の青春は輝いているか",2022-06-08,52,33,0,46,10,0,-4,F,4,7fBiCGgowlwIHjKxFNyDDn,"FUJI",JPB622200418,no
421,"君の青春は輝いているか","帝子ボンボン, 幾原邦彦, Bonjour Suzuki",125,4B,79,2026-09-02,03:57,10,"shibuya-kei","Electronic, Pop","君の青春は輝いているか",2022-06-08,63,14,0,53,0,10,-5,G#/A♭,4,34aHq10NuUSqVTMjxZMBun,"FUJI",JPB622200419,no
422,"絶対運命黙示録・完全版","帝子ボンボン, 幾原邦彦, Bonjour Suzuki",149,9A,90,2026-09-02,03:37,17,"shibuya-kei","Electronic, Pop","君の青春は輝いているか",2022-06-08,60,24,0,55,0,0,-3,E minor,4,6OwUNEDa7SxZvQnV2BwB9g,"FUJI",JPB622200421,no
423,"魂のルフラン","帝子ボンボン, 幾原邦彦, Bonjour Suzuki",130,1A,85,2026-09-02,05:16,6,"shibuya-kei","Electronic, Pop","君の青春は輝いているか",2022-06-08,56,3,0,44,0,0,-6,G#/A♭ minor,4,3dHHXsnx5309Uz6b3Y9ysa,"FUJI",JPB622200423,no
424,"檄！帝国華撃団","帝子ボンボン, 幾原邦彦, Bonjour Suzuki",142,4B,88,2026-09-02,03:01,5,"shibuya-kei","Electronic, Pop","君の青春は輝いているか",2022-06-08,55,18,0,76,0,30,-4,G#/A♭,4,688bgRVZZSp7xxvCx4mHMn,"FUJI",JPB622200425,no
425,"Disculpa Blood","Sir Andy Vaney, Invisible",96,11A,80,2026-09-02,01:34,14,"reggae en español, argentine rock, progressive rock, latin rock","Rock, Latin","Xpedientes 3",2001-10-01,91,4,0,96,10,0,-5,F#/G♭ minor,4,47ez6qjpMTzK5UV7iyvoGR,"Vaney Producers",QZHNA2091944,no
426,"Viejos Ratones del Tiempo","Invisible",106,10B,59,2026-09-02,05:58,20,"argentine rock, progressive rock, latin rock","Rock, Latin","Obras Cumbres",2020-09-02,55,2,13,33,0,10,-10,D,4,1l7IqgHJdbzJ4jIYvq3L7Z,"Columbia",ARF100300029,no
427,"Doscientos Años","Invisible",133,12B,38,2026-09-02,04:08,43,"argentine rock, progressive rock, latin rock","Rock, Latin","El Jardin de los Presentes",1976-05-27,49,10,8,12,0,10,-11,E,4,0CPARYGdedbVXR1kOX9G2R,"Columbia",ARF100200237,no
428,"Ruido de Magia","Invisible",79,11B,68,2026-09-02,04:35,41,"argentine rock, progressive rock, latin rock","Rock, Latin","El Jardin de los Presentes",1976-05-27,45,28,0,22,0,10,-7,A,4,0fv2rvTI7yZWSb99u0i0EB,"Columbia",ARF109902862,no
429,"One Short Day","Cynthia Erivo, Ariana Grande, Kristin Chenoweth, Idina Menzel, Michael McCorry Rose",78,9B,51,2026-09-02,06:32,59,"musicals, pop","Classical, Easy Listening, Pop","Wicked: The Soundtrack",2024-11-22,26,72,0,29,0,10,-10,G,4,4jNerIJa2IOeL5gVDvMNLW,"Universal Studios and Republic Records",USUG12407082,no
430,"I Knew You Were Trouble - Spotify Singles","Sabrina Carpenter",146,2B,49,2026-09-02,03:53,61,"pop","Pop","Spotify Singles",2023-10-18,39,40,0,22,0,10,-7,F#/G♭,4,30QYxvXOJZhGBF6DvpNb8w,"Island Records",USUM72315411,no
431,"Nonsense - Sped Up Version","Sabrina Carpenter",166,1B,84,2026-09-02,02:17,52,"pop","Pop","Nonsense (Sped Up Version)",2022-11-14,54,3,0,66,10,60,-2,B,4,5KeI897tZgjezHKvxlaOaR,"Island Records",USUM72220833,no
432,"Feather - Sped Up","Sabrina Carpenter",150,8B,67,2026-09-02,02:33,50,"pop","Pop","Feather (Sped Up)",2023-08-04,72,7,0,88,0,0,-5,C,4,2WkrEyLzATbOK8U3xt8Ggq,"Island Records",USUM72311527,yes
433,"Espresso - Mochapella Version","Sabrina Carpenter",104,8B,46,2026-09-02,02:55,37,"pop","Pop","Espresso EP",2024-05-17,72,84,0,72,0,10,-7,C,4,4I7dAz8IaDk76QK3n3eJir,"Island Records",USUM72405539,yes
434,"Espresso - On Vacation Version","Sabrina Carpenter",104,8B,63,2026-09-02,02:55,40,"pop","Pop","Espresso EP",2024-05-17,81,1,88,72,0,10,-6,C,4,5WszdMXh1g7EFgJcfJd3cQ,"Island Records",USUM72403875,no
435,"Espresso - Double Shot Version","Sabrina Carpenter",121,5A,83,2026-09-02,02:29,45,"pop","Pop","Espresso EP",2024-05-17,72,24,0,82,0,10,-5,C minor,4,4fv9mYzwI3Ww8Hsg33OZXD,"Island Records",USUM72405181,yes
436,"Please Please Please - Instrumental","Sabrina Carpenter",107,11B,43,2026-09-02,03:06,43,"pop","Pop","Please Please Please",2024-06-18,75,13,87,54,0,10,-10,A,4,2BxIYKqZrXn2nMvK31cJEl,"Island Records",USUM72407357,no
437,"Please Please Please - Slowed Down","Sabrina Carpenter",96,9B,58,2026-09-02,03:30,31,"pop","Pop","Please Please Please",2024-06-18,62,27,0,59,0,10,-7,G,4,1eVXqw2ptlb6nD9x1Tby1a,"Island Records",USUM72407355,yes
438,"Espresso - Mark Ronson x FNZ Working Later Remix","Sabrina Carpenter, Mark Ronson, FNZ",112,3A,88,2026-09-02,05:38,44,"pop, pop soul","Pop","Espresso (Working Late Remixes)",2024-05-31,74,3,1,91,0,0,-6,A#/B♭ minor,4,03duS4fiU5jSVOZFR7TTQa,"Island Records",USUM72406279,yes
439,"Todo Mal","No Te Va Gustar, Ciro y los Persas",136,12B,86,2026-09-02,04:17,38,"argentine rock, latin rock, rock en español, latin alternative, murga","Rock, Latin","Todo Mal",2025-12-11,51,1,0,54,0,30,-5,E,4,3tekuAWJgcjclAmlB3P8tA,"ELEFANTE BLANCO / DALE PLAY Records",UYH122500020,no
440,"ORIGAMI","BURNOUT SYNDROMES",127,8B,69,2026-09-02,03:55,22,"anime, j-rock, j-pop","Pop, Rock","ORIGAMI",2024-11-27,63,21,0,37,0,10,-8,C,4,5MnZWlSJ1hqWNvVKZ4iOhT,"Sony Music Labels Inc.",JPU902403745,no
441,"BABEL","BURNOUT SYNDROMES",134,11B,51,2026-09-02,03:24,21,"anime, j-rock, j-pop","Pop, Rock","ORIGAMI",2024-11-27,68,8,0,43,0,0,-8,A,4,74VldTo7uZie1V6MhzjxWL,"Sony Music Labels Inc.",JPU902403744,no
442,"I Don't Wanna Die in the Paradise","BURNOUT SYNDROMES, FLOW",95,8B,84,2026-09-02,03:36,12,"anime, j-rock, j-pop","Pop, Rock","ORIGAMI",2024-11-27,59,1,0,35,10,40,-6,C,4,3U142iDmUQ2YaOGYbqY5Vm,"Sony Music Labels Inc.",JPU902204427,no
443,"Paradise of Birds","BURNOUT SYNDROMES",110,1B,71,2026-09-02,01:48,10,"anime, j-rock, j-pop","Pop, Rock","ORIGAMI",2024-11-27,52,4,1,10,0,30,-9,B,3,19wEOThYg8w0XUfzHu7q10,"Sony Music Labels Inc.",JPU902403738,no
444,"Talk To You (ft. Elton John)","Sam Fender, Elton John",120,9B,72,2026-09-02,05:17,56,"modern rock, north east england indie, glam rock, mellow gold, piano rock, rock","Rock","Talk To You (ft. Elton John)",2025-10-17,57,0,0,66,0,10,-6,G,4,0Oriikd4ETp5qmzek6ZUD5,"Polydor Records",GBUM72505533,yes
445,"Bubble Butt","Major Lazer, Bruno Mars, Tyga, Mystic",194,9B,60,2026-09-02,03:27,24,"moombahton, dance pop, pop, hip hop, pop rap, rap, southern hip hop, trap","Electronic, Pop, Hip Hop","Major Lazer Essentials",2018-10-19,80,1,1,37,20,40,-10,G,4,7Iza2eA7HHdbuMDEecKV3i,"Third Pardee Records",US38W1229212,no
446,"Nothin' on You (feat. Bruno Mars) - TC's Switch-Up Extended Version","B.o.B, Bruno Mars",173,6A,85,2026-09-02,05:25,14,"atl hip hop, dance pop, pop rap, rap, southern hip hop, pop","Hip Hop, Electronic, Pop","Nothin' on You",2010-05-14,38,0,1,47,0,0,-5,G minor,4,3feqHjiCB8vhCiJXkZgddZ,"Atlantic Records",USAT21001024,no
447,"Die With A Smile - Instrumental","Lady Gaga, Bruno Mars",158,11B,46,2026-09-02,04:11,43,"art pop, pop, dance pop","Pop, Electronic","Die With A Smile (Main + Instrumental)",2024-10-16,56,0,96,28,0,10,-11,A,3,3SLIkSNtoRyCaoQbitw88X,"Interscope",USUM72410454,no
448,"Fat Juicy & Wet","Sexyy Red, Bruno Mars",104,11B,62,2026-09-02,02:21,68,"trap queen, dance pop, pop","Electronic, Pop, Hip Hop","Fat Juicy & Wet",2024-10-14,91,8,0,64,0,30,-6,A,4,5M2lX0ZAYSAzCs1xPPi9BX,"gamma. / Atlantic Records",USAT22500061,yes
449,"Love's Train","Bruno Mars, Anderson .Paak, Silk Sonic",141,11A,61,2026-09-02,05:07,61,"dance pop, pop, escape room, hip hop, indie soul, neo soul","Electronic, Pop, Hip Hop, R&B","An Evening With Silk Sonic",2021-11-12,71,4,0,81,0,10,-10,F#/G♭ minor,4,2ALh2jqA7KldpHMUHvRomw,"Aftermath Entertainment/Atlantic",USAT22200966,no
450,"Put On A Smile","Bruno Mars, Anderson .Paak, Silk Sonic",144,11B,63,2026-09-02,04:15,59,"dance pop, pop, escape room, hip hop, indie soul, neo soul","Electronic, Pop, Hip Hop, R&B","An Evening With Silk Sonic",2021-11-12,55,5,0,49,0,20,-9,A,4,5lka5RUbLVQGO94mKAPMRO,"Aftermath Entertainment/Atlantic",USAT22106193,no
451,"After Last Night (with Thundercat & Bootsy Collins)","Bruno Mars, Anderson .Paak, Silk Sonic, Thundercat, Bootsy Collins",140,5A,70,2026-09-02,04:09,67,"dance pop, pop, escape room, hip hop, indie soul, neo soul, afrofuturism, funk","Electronic, Hip Hop, R&B, Pop","An Evening With Silk Sonic",2021-11-12,65,3,0,65,0,0,-9,C minor,4,6jGAh1bFnXt1Muj9zeHveZ,"Aftermath Entertainment/Atlantic",USAT22103103,no
452,"Silk Sonic Intro","Bruno Mars, Anderson .Paak, Silk Sonic",115,3B,55,2026-09-02,01:03,57,"dance pop, pop, escape room, hip hop, indie soul, neo soul","Electronic, Pop, Hip Hop, R&B","An Evening With Silk Sonic",2021-11-12,70,10,0,67,0,60,-9,C♯/D♭,4,4K09vJ27xCOreumtSuU6Ao,"Aftermath Entertainment/Atlantic",USAT22100909,no
453,"Have Yourself a Merry Little Christmas","Sabrina Carpenter",201,4B,24,2026-09-02,03:46,18,"pop","Pop","Disney Christmas",2024-11-18,31,83,0,17,0,10,-11,G#/A♭,3,1h1cJdwObZxcAY81UISxCm,"UME - Global Clearing House",USHR11738265,no
454,"You're A Mean One, Mr. Grinch [Feat. Sabrina Carpenter]","Lindsey Stirling, Sabrina Carpenter",162,8A,70,2026-09-02,02:48,19,"classical crossover, christmas, pop","Pop","Snow Waltz (Deluxe Edition)",2024-11-22,30,13,0,41,10,10,-5,A minor,3,6TNVM7hDJxprZB6dAzZTKl,"Concord Records",USC4R1706212,no
455,"I Still Haven't Found What I'm Looking For","Peter Hollens, Sabrina Carpenter",55,11B,63,2026-09-02,03:36,24,"fantasy, pop","Pop","Peter Hollens",2014-10-27,19,80,0,23,0,10,-5,A,4,56QEyddqAfnxycxPcmVxSY,"Peter Hollens",USQX91401716,no
456,"santa doesn’t know you like i do","Sabrina Carpenter",100,3B,71,2026-09-02,03:09,31,"pop","Pop","Top Christmas Pop Hits 2026 by Digster Pop",2024-11-08,60,12,0,38,0,30,-4,C♯/D♭,4,4lN0sste4kXosjvP8MKQnm,"UME - Global Clearing House",USUM72313081,no
457,"things i wish you said","Sabrina Carpenter",146,12B,25,2026-09-02,02:42,66,"pop","Pop","emails i can’t send fwd:",2023-03-17,52,74,0,15,0,10,-12,E,4,2t2fnYja6b2pUizMungIo0,"Island Records",USUM72301878,yes
458,"decode","Sabrina Carpenter",122,12B,37,2026-09-02,03:08,63,"pop","Pop","emails i can't send",2022-07-15,59,69,0,42,0,0,-9,E,4,17wMOhLqVB3DRCmTaLjwVM,"Island Records",USUM72210713,no
459,"skinny dipping","Sabrina Carpenter",122,12B,54,2026-09-02,02:57,59,"pop","Pop","emails i can't send",2022-07-15,45,26,0,43,10,10,-9,E,5,1ZvbLYAXwvMfaPtN65QF2D,"Island Records",USUM72114679,no
460,"Already Over","Sabrina Carpenter",114,12B,79,2026-09-02,02:50,64,"pop","Pop","emails i can't send",2022-07-15,55,43,0,47,50,10,-7,E,4,5QhJorJmjqYfETfqgBtGg3,"Island Records",USUM72210070,no
461,"When Did You Get Hot?","Sabrina Carpenter",89,7B,67,2026-09-02,02:25,85,"pop","Pop","Man’s Best Friend",2025-08-29,70,23,0,57,10,30,-5,F,4,0je57Uq5eTk1wrPzn9sWbl,"Island Records",USUM72504446,no
462,"We Almost Broke Up Again Last Night","Sabrina Carpenter",176,12B,57,2026-09-02,03:23,77,"pop","Pop","Man’s Best Friend",2025-08-29,35,53,0,27,0,20,-5,E,4,6wkYQMrFfb0huLB5Qn19Iv,"Island Records",USUM72504442,yes
463,"Hold Me Closer - Acoustic","Elton John, Britney Spears",126,8B,47,2026-09-02,03:22,37,"glam rock, mellow gold, piano rock, rock, pop","Rock, Pop","Hold Me Closer (Acoustic)",2022-11-18,54,80,0,21,0,10,-6,C,4,5kXZv2JwuZ0qgqNalgwvJt,"EMI",GBUM72207431,no
464,"Hold Me Closer - Pink Panda Remix","Elton John, Britney Spears, Pink Panda",126,9B,84,2026-09-02,03:01,31,"glam rock, mellow gold, piano rock, rock, pop, uk dance","Rock, Pop, Electronic","Hold Me Closer (Pink Panda Remix)",2022-11-04,67,6,0,34,0,20,-6,G,4,2VOdp7fjqj5tJeOxgFKGEq,"EMI",GBUM72207372,no
465,"Merry Christmas","Ed Sheeran, Elton John",114,8B,94,2026-09-02,03:28,18,"soft pop, glam rock, mellow gold, piano rock, rock","Rock","The Lockdown Sessions",2021-10-22,59,24,0,63,0,10,-2,C,4,69WXvDI8DyAABlmEcaKvUu,"EMI",GBAHS2101462,no
466,"Simple Things","Elton John, Brandi Carlile",88,8B,80,2026-09-02,04:11,17,"glam rock, mellow gold, piano rock, rock, folk, americana","Folk, Rock","The Lockdown Sessions",2021-10-22,51,26,0,28,0,10,-5,C,4,1YLESbjVQL8sf9vTkoKhr6,"EMI",GBUM72105174,no
467,"The Pink Phantom","Gorillaz, Elton John, 6LACK",64,8B,48,2026-09-02,04:13,21,"alternative hip hop, modern rock, rock, glam rock, mellow gold, piano rock, atl hip hop, melodic rap, r&b, rap, trap","Hip Hop, Rock, R&B","The Lockdown Sessions",2021-10-22,35,54,0,47,0,0,-8,C,4,25EGwzxRb7Je6pmgh3vmUA,"EMI",GBUM72105820,no
468,"Chosen Family","Rina Sawayama, Elton John",73,12B,59,2026-09-02,04:40,21,"art pop, electropop, escape room, indie pop, glam rock, mellow gold, piano rock, rock","Pop, Rock","The Lockdown Sessions",2021-10-22,50,50,0,28,0,0,-7,E,4,1Q2Ad7XqN7X16P1lM4AxiY,"EMI",GBUM72105818,no
469,"Cold Heart - Acoustic","Elton John, Dua Lipa",116,3A,51,2026-09-02,03:15,65,"glam rock, mellow gold, piano rock, rock, pop","Rock, Pop","Cold Heart (Acoustic)",2021-10-12,64,58,0,40,0,20,-5,A#/B♭ minor,4,0k6LV1ohcK2hlNPwu1nVw9,"EMI",GBUM72107449,no
470,"After All","Elton John, Charlie Puth",82,7B,56,2026-09-02,03:28,47,"glam rock, mellow gold, piano rock, rock, soft pop","Rock","After All",2021-09-22,50,36,0,17,0,10,-6,F,4,38UDoZyudPWXLzXRAb71oP,"EMI",GBUM72105396,no
471,"Chosen Family (with Elton John)","Rina Sawayama, Elton John",73,12B,59,2026-09-02,04:39,41,"art pop, electropop, escape room, indie pop, glam rock, mellow gold, piano rock, rock","Pop, Rock","Chosen Family (with Elton John)",2021-04-14,50,49,0,28,0,0,-7,E,4,02XbzKFSMItMn60v2MmChs,"Dirty Hit",GBK3W2101719,no
472,"Wage of Guilt","Cö shu Nie",130,4B,27,2026-09-02,01:57,20,"anime, j-rock, j-pop","Pop, Rock","7 Deadly Guilt",2024-09-04,51,91,2,24,0,10,-14,G#/A♭,3,4phZ6rp5rrSIP67R4GiP74,"Sony Music Labels Inc.",JPU902402613,no
473,"I want it all","Cö shu Nie",130,7B,87,2026-09-02,03:04,36,"anime, j-rock, j-pop","Pop, Rock","7 Deadly Guilt",2024-09-04,39,1,0,59,20,10,-4,F,4,3Q9MJIiDmSXlhhoKVbZFxr,"Sony Music Labels Inc.",JPU902402611,no
474,"Deal With the Monster","Cö shu Nie",172,9B,86,2026-09-02,03:05,31,"anime, j-rock, j-pop","Pop, Rock","7 Deadly Guilt",2024-09-04,31,0,0,43,10,30,-4,G,4,0kx18GMWt8IdOsCSVOR6tQ,"Sony Music Labels Inc.",JPU902402608,no
475,"Burn The Fire","Cö shu Nie",79,11A,83,2026-09-02,03:55,24,"anime, j-rock, j-pop","Pop, Rock","Burn The Fire",2023-10-18,48,0,0,56,10,30,-6,F#/G♭ minor,4,6FqxaTZhLuGWc89hc9ZOMe,"Sony Music Labels Inc.",JPU902304147,no
476,"no future","Cö shu Nie",95,10A,76,2026-09-02,03:21,28,"anime, j-rock, j-pop","Pop, Rock","no future",2023-06-28,56,1,0,47,0,10,-6,B minor,4,49GZ0C0nN3kixGDD4zUS7s,"Sony Music Labels Inc.",JPU902302338,no
477,"give it back (micoon remix)","Cö shu Nie, micoon",98,10B,31,2026-09-02,02:33,18,"anime, j-rock, j-pop","Pop, Rock","give it back (micoon remix)",2022-08-12,29,75,0,37,0,0,-9,D,4,5dqJAREYns7ByfeDaT9eAX,"Sony Music Labels Inc.",JPU902202667,no
478,"miracle","Cö shu Nie",74,8B,20,2026-09-02,06:10,26,"anime, j-rock, j-pop","Pop, Rock","Flos Ex Machina",2022-03-16,22,95,0,18,0,10,-13,C,4,0Xj6oIEJtb2RQmFTlHUEPe,"Sony Music Labels Inc.",JPU902100281,no
479,"BED CHUTE!!","Cö shu Nie",183,3A,74,2026-09-02,03:08,32,"anime, j-rock, j-pop","Pop, Rock","Flos Ex Machina",2022-03-16,19,0,0,33,20,10,-6,A#/B♭ minor,5,0CLwEy86M3UBQibbZJjc2M,"Sony Music Labels Inc.",JPU902200395,no
480,"SAKURA BURST (Naeleck Remix) - SACRA BEATS Singles","Cö shu Nie, Naeleck",130,10A,81,2026-09-02,04:07,46,"anime, j-rock, j-pop, electro house","Pop, Electronic, Rock","SAKURA BURST (Naeleck Remix) - SACRA BEATS Singles",2022-02-11,79,3,0,16,0,30,-4,B minor,4,3Zj9WSEjueL8UecCOC67tT,"Sony Music Labels Inc.",JPU902200026,no
481,"SAKURA BURST - Instrumental","Cö shu Nie",144,10A,79,2026-09-02,04:22,9,"anime, j-rock, j-pop","Pop, Rock","SAKURA BURST",2022-01-26,41,0,79,38,0,0,-8,B minor,4,70Ey0oNzIEaj5rieNmd91f,"Sony Music Labels Inc.",JPU902105325,no
482,"To the sea","Cö shu Nie",160,4B,52,2026-09-02,04:04,17,"anime, j-rock, j-pop","Pop, Rock","Puzzle",2016-04-20,40,30,0,30,0,20,-5,G#/A♭,4,0iOVWBwFkgpbn9k1WlwWri,"GINSEI-RECORDS",TCJPW2306173,no
483,"Amayadori","Cö shu Nie",135,3B,94,2026-09-02,03:45,25,"anime, j-rock, j-pop","Pop, Rock","Puzzle",2016-04-20,51,0,0,55,0,20,-4,C♯/D♭,4,1U2NH4oAMzM7IGL3NCFCz2,"GINSEI-RECORDS",TCJPW2306165,no
484,"Pelican-go de dokomademo","Cö shu Nie",180,7B,94,2026-09-02,04:59,19,"anime, j-rock, j-pop","Pop, Rock","Puzzle",2016-04-20,32,0,0,31,10,20,-4,F,4,01J7dRfQrPI911ulJxdtOV,"GINSEI-RECORDS",TCJPW2306163,no
485,"House","Cö shu Nie",120,5B,69,2026-09-02,02:23,19,"anime, j-rock, j-pop","Pop, Rock","Org",2013-12-18,67,73,0,35,0,0,-7,D#/E♭,4,4JYgbxjTg9lOuIE3eSRAv0,"Cö shu Nie",TCJPV2364940,no
486,"swan song","Cö shu Nie",84,8A,43,2026-09-02,05:58,21,"anime, j-rock, j-pop","Pop, Rock","idola",2012-09-02,30,12,0,17,0,10,-6,A minor,4,6mqbGkyC7NUYcINwWG02kS,"Cö shu Nie",TCJPV2328121,no
487,"Quenching of Liberation Memorial Candle","Cö shu Nie",116,11B,46,2026-09-02,06:15,22,"anime, j-rock, j-pop","Pop, Rock","idola",2012-09-02,70,11,1,50,0,0,-7,A,3,5xuUqJzF0nsnbggN7bghfY,"Cö shu Nie",TCJPV2328116,no
488,"Presentation of Peace Memorial Candle","Cö shu Nie",80,2A,70,2026-09-02,03:34,22,"anime, j-rock, j-pop","Pop, Rock","idola",2012-09-02,33,1,0,76,0,0,-5,D#/E♭ minor,4,2EIIZ5hSQhl90YSC8Va70L,"Cö shu Nie",TCJPV2327699,no
489,"En una Lejana Playa del Animus","Invisible",96,11B,38,2026-09-02,09:54,39,"argentine rock, progressive rock, latin rock","Rock, Latin","Durazno Sangrando",1975-05-07,42,30,1,20,0,50,-15,A,4,7cszYdHO4EdPgwzEWZc9SC,"Columbia",ARF100300031,no
490,"Pleamar de Águilas","Invisible",107,9B,38,2026-09-02,04:20,33,"argentine rock, progressive rock, latin rock","Rock, Latin","Durazno Sangrando",1975-05-07,47,1,20,29,0,10,-14,G,4,3orTy8SBmx5tKmrWtdIdsH,"Columbia",ARF100300030,no
491,"aLIEz","Sawano Hiroyuki, SennaRin",144,2A,39,2026-09-02,06:06,31,"anime, soundtrack","Pop, Classical, Easy Listening","PIANOUTA",2025-10-01,52,87,0,38,0,10,-7,D#/E♭ minor,4,5SyU3CgSY01YHdQho9aj90,"Sony Music Labels Inc.",JPU902502705,no
492,"毒舌","物語シリーズ",128,3B,7,2026-09-02,02:37,25,"anime, j-pop","Pop","Bakemonogatari Gekihanongakushu (Original Soundtrack)",2018-11-02,72,99,97,58,20,0,-21,C♯/D♭,4,3BOArEymBydJkU6MpGAygS,"Aniplex Inc.",JPE301001704,no
493,"signal and prism (feat. TAKU INOUE)","Bonjour Suzuki, TAKU INOUE",120,1B,90,2026-09-02,03:23,2,"shibuya-kei, j-pop","Pop, Electronic","Sweetie Sweetie",2019-12-07,53,28,0,55,10,10,-4,B,4,5NIXmkv77EACUDHiglUaGO,"Kobuta Japon",JPZ921913019,no
494,"Irregular","Invisible",116,11B,36,2026-09-02,07:35,34,"argentine rock, progressive rock, latin rock","Rock, Latin","Invisible",1974-00-00,56,5,79,26,0,10,-10,A,4,0t6bSYbWcX6nUwooKSeQDA,"Microfon",ARF100300033,no
495,"Azafata del Tren Fantasma","Invisible",122,8B,48,2026-09-02,08:16,33,"argentine rock, progressive rock, latin rock","Rock, Latin","Invisible",1974-00-00,55,14,11,20,0,10,-10,C,3,0VGMbAHolwAYe2k5RmHHU3,"Microfon",ARF100300025,no
496,"Jugo de Lucuma","Invisible",136,12A,36,2026-09-02,04:25,38,"argentine rock, progressive rock, latin rock","Rock, Latin","Invisible",1974-00-00,47,49,12,27,0,10,-11,C♯/D♭ minor,3,3NfyQjdbgw3AOyaLgz4jCP,"Microfon",ARF109902854,no
497,"PHOENIX","UVERworld",162,4A,88,2026-09-02,03:01,33,"anime, j-rock, j-pop","Pop, Rock","PHOENIX",2024-12-04,48,1,7,34,30,10,-5,F minor,4,6x4Ic92TnTIG6uJHi2VoXy,"Sony Music Labels Inc.",JPU902403994,no
498,"MMH (Instrumental)","UVERworld",123,9A,86,2026-09-02,03:32,9,"anime, j-rock, j-pop","Pop, Rock","MMH",2024-12-04,51,0,70,19,0,10,-7,E minor,4,6dZdUV1oS7yKFjBN1ldxxO,"Sony Music Labels Inc.",JPU902403993,no
499,"MEMORIES of the End Instrumental","UVERworld",77,3B,81,2026-09-02,06:20,5,"anime, j-rock, j-pop","Pop, Rock","MEMORIES of the End",2024-06-26,40,0,61,21,0,0,-5,C♯/D♭,4,3bZeZHIKWSKOZMxy0k6RSb,"Sony Music Labels Inc.",JPU902401834,no
500,"UVER Battle Royal ～ENIGMASIS mix～","UVERworld, ANARCHY, SHUNTO, 小林樹音 (JitteryJackal)",135,5A,93,2026-09-02,05:21,23,"anime, j-rock, j-pop, j-rap, hip hop","Pop, Hip Hop, Rock","MEMORIES of the End",2024-06-26,36,0,0,49,10,0,-4,C minor,4,3iRheOw9TZ5v7JrgKHFIjz,"Sony Music Labels Inc.",JPU902401833,no
501,"uber cozy universe","UVERworld",140,4A,56,2026-09-02,01:42,24,"anime, j-rock, j-pop","Pop, Rock","Eye's Sentry",2024-03-06,29,0,1,5,0,0,-8,F minor,4,6Mr82nnP6kj2OuD3tQgX1E,"Sony Music Labels Inc.",JPU902400609,no
502,"High Light!","UVERworld",95,6B,93,2026-09-02,04:06,29,"anime, j-rock, j-pop","Pop, Rock","Eye's Sentry",2024-03-06,49,0,2,59,0,60,-4,A#/B♭,4,5ciNbUcDEWLV0kZPREwmyG,"Sony Music Labels Inc.",JPU902400608,no
503,"BVCK - Instrumental","UVERworld",142,12A,61,2026-09-02,03:50,3,"anime, j-rock, j-pop","Pop, Rock","ピグマリオン",2022-08-17,71,0,81,66,0,0,-8,C♯/D♭ minor,4,78NWCg49dZt4UYfnZGXqrK,"Sony Music Labels Inc.",JPU902202677,no
504,"BVCK","UVERworld",142,12A,76,2026-09-02,03:50,28,"anime, j-rock, j-pop","Pop, Rock","ピグマリオン",2022-08-17,65,1,0,55,0,0,-7,C♯/D♭ minor,4,0gJshpPlLWS2ErIRZNEmMm,"Sony Music Labels Inc.",JPU902202675,no
505,"AVALANCHE(instrumental)","UVERworld",160,1B,80,2026-09-02,04:13,5,"anime, j-rock, j-pop","Pop, Rock","AVALANCHE",2021-11-22,57,1,43,39,0,10,-7,B,4,7ClTHCWKoFGzzjEtj7XmzX,"Sony Music Labels Inc.",JPU902104889,no
506,"SOUL(Instrumental)","UVERworld, Thelma Aoyama, Aiemu",175,3B,83,2026-09-02,03:02,2,"anime, j-rock, j-pop, j-r&b, j-rap, japanese indie","Pop, Rock","来鳥江 / SOUL (Complete Edition)",2021-10-06,50,0,89,30,0,10,-9,C♯/D♭,4,1LOvQgWblsWq0BWSWq43PC,"Sony Music Labels Inc.",JPU902102186,no
507,"来鳥江(UVERworld ver.)","UVERworld",90,11A,88,2026-09-02,03:41,24,"anime, j-rock, j-pop","Pop, Rock","来鳥江 / SOUL (Complete Edition)",2021-10-06,49,0,0,23,0,10,-6,F#/G♭ minor,4,1nDaamNHZibO6HyZpGBQeA,"Sony Music Labels Inc.",JPU902102184,no
508,"Teenage Love","UVERworld",150,11A,61,2026-09-02,03:31,29,"anime, j-rock, j-pop","Pop, Rock","HOURGLASS",2021-03-10,64,1,0,73,0,0,-7,F#/G♭ minor,4,6IhYuDbFALJbqpB5K5M1Uo,"Sony Music Labels Inc.",JPU902100395,no
509,"AS ONE(instrumental)","UVERworld",143,3B,78,2026-09-02,03:46,4,"anime, j-rock, j-pop","Pop, Rock","AS ONE",2020-03-04,17,0,78,25,0,30,-7,C♯/D♭,4,5M7SuLPHC1PuElKjmpBHCT,"Sony Music Labels Inc.",JPU902000289,no
510,"EDENへ(short ver.)","UVERworld",155,7B,53,2026-09-02,00:59,4,"anime, j-rock, j-pop","Pop, Rock","EDENへ(short ver.)",2018-08-25,57,1,0,26,0,10,-9,F,3,2g3nNUxoMIBSjUmEisP5lB,"Sony Music Labels Inc.",JPU901802645,no
511,"CORE STREAM","UVERworld",175,9B,83,2026-09-02,03:29,22,"anime, j-rock, j-pop","Pop, Rock","ODD FUTURE",2018-05-02,36,0,70,30,0,20,-7,G,4,6j3OSipB4ycSP6WfyCC4cf,"Sony Music Labels Inc.",JPU901801125,no
512,"DIS is TEKI","UVERworld",97,10A,83,2026-09-02,07:37,25,"anime, j-rock, j-pop","Pop, Rock","DECIDED",2017-07-12,43,1,0,35,20,10,-6,B minor,4,7dkKH2EqmlwrcaM63QFWhR,"Sony Music Labels Inc.",JPU901701884,no
513,"DECIDED","UVERworld",180,9A,87,2026-09-02,04:41,29,"anime, j-rock, j-pop","Pop, Rock","DECIDED",2017-07-12,43,0,0,42,0,30,-5,E minor,4,2mDQMAkwRxES2GFgwvUCVg,"Sony Music Labels Inc.",JPU901701882,no
514,"WE ARE GO","UVERworld",93,10A,95,2026-09-02,04:30,27,"anime, j-rock, j-pop","Pop, Rock","WE ARE GO/ALL ALONE (Complete Edition)",2016-07-27,51,0,0,44,10,20,-5,B minor,4,6D8DP9JQBRSRcn3lm6AVCF,"Sony Music Labels Inc.",JPU901601793,no
515,"WE ARE GO （short ver.）","UVERworld",184,9B,98,2026-09-02,01:32,4,"anime, j-rock, j-pop","Pop, Rock","WE ARE GO （short ver.）",2016-07-11,37,1,0,50,20,30,-4,G,4,35kIMeit58XREGIbVXKSpF,"Sony Music Labels Inc.",JPU901601880,no
516,"CHANCE!04","UVERworld",125,8B,93,2026-09-02,04:38,25,"anime, j-rock, j-pop","Pop, Rock","I LOVE THE WORLD (Plus Edition)",2015-08-26,57,20,0,45,10,0,-6,C,4,4XOYa3L7LenmU3VwTuhFeW,"Sony Music Labels Inc.",JPU901502380,no
517,"ナノ・セカンド","UVERworld",140,4A,81,2026-09-02,04:34,44,"anime, j-rock, j-pop","Pop, Rock","ナノ・セカンド",2013-12-18,52,0,0,53,0,0,-5,F minor,4,6C0gAZcbctqrkeV3hh0uvQ,"Sony Music Labels Inc.",JPSR01301468,no
518,"セオリーとの決別の研究+81","UVERworld",110,9A,67,2026-09-02,06:23,24,"anime, j-rock, j-pop","Pop, Rock","REVERSI",2012-12-26,60,1,0,47,30,20,-6,E minor,4,7Kub7CjKreVSTFFHf8sBBO,"Sony Music Labels Inc.",JPSR01204226,no
519,"パニックワールド","UVERworld",143,5B,94,2026-09-02,04:21,29,"anime, j-rock, j-pop","Pop, Rock","MONDO PIECE",2012-11-07,51,3,0,32,20,10,-5,D#/E♭,4,1SCBsss253B071oN6Td9vS,"Sony Music Labels Inc.",JPSR01100782,no
520,"Massive","UVERworld",140,11B,94,2026-09-02,03:30,24,"anime, j-rock, j-pop","Pop, Rock","THE OVER",2012-08-29,53,0,66,64,0,20,-6,A,4,6eXnhlcvTrckK2gV1TaEcZ,"Sony Music Labels Inc.",JPSR01202563,no
521,"UVER Battle Royal 〜桁外れmix〜","UVERworld",185,10A,98,2026-09-02,04:05,22,"anime, j-rock, j-pop","Pop, Rock","CORE PRIDE",2012-07-03,42,0,0,68,10,10,-3,B minor,4,2kBOT8hUNU5J80iMD9uq1J,"Sony Music Labels Inc.",JPSR01101082,no
522,"境地・マントラ","UVERworld",103,10A,98,2026-09-02,03:05,22,"anime, j-rock, j-pop","Pop, Rock","CORE PRIDE",2012-07-03,54,0,80,62,0,0,-6,B minor,3,0tTB0GtRt0WULDqMbiQVll,"Sony Music Labels Inc.",JPSR01101081,no
523,"バーベル〜皇帝の新しい服ver.〜","UVERworld",105,9B,98,2026-09-02,03:21,29,"anime, j-rock, j-pop","Pop, Rock","7ｔｈ Trigger",2012-03-28,47,0,0,39,10,0,-3,G,4,1zerkwKr5FLzEVcOg5DDWV,"Sony Music Labels Inc.",JPSR01200902,no
524,"若さ故エンテレケイア","UVERworld",150,3B,97,2026-09-02,04:35,29,"anime, j-rock, j-pop","Pop, Rock","クオリア",2010-09-15,35,1,0,49,30,0,-5,C♯/D♭,4,3rGQvH0nomFvVbxnFfARRN,"Sony Music Labels Inc.",JPSR01003028,no
525,"美影意志-single ver.-","UVERworld",88,4B,74,2026-09-02,06:18,20,"anime, j-rock, j-pop","Pop, Rock","哀しみはきっと",2009-10-28,40,3,0,57,0,30,-5,G#/A♭,4,1XBbynszeFk5UNmDAaJ0f2,"Sony Music Labels Inc.",JPSR00903287,no
526,"GO-ON","UVERworld",145,3A,98,2026-09-02,04:19,35,"anime, j-rock, j-pop","Pop, Rock","GO-ON",2009-08-05,48,0,0,52,10,30,-5,A#/B♭ minor,4,6SyR6c2BVO0Wa72dQEFBzv,"Sony Music Labels Inc.",JPSR00902122,no
527,"儚くも永久のカナシ(アニメver.）","UVERworld",95,3B,94,2026-09-02,01:34,18,"anime, j-rock, j-pop","Pop, Rock","儚くも永久のカナシ(アニメver.）",2008-10-20,52,4,0,86,0,30,-5,C♯/D♭,4,3x6DJdcVNNYgo1X9FVs4Er,"Sony Music Labels Inc.",JPSR00803263,no
528,"over the stoic","UVERworld",125,11A,87,2026-09-02,02:45,22,"anime, j-rock, j-pop","Pop, Rock","恋いしくて",2008-00-00,46,0,36,63,0,10,-7,F#/G♭ minor,4,6etbJd6oeWF3LIxPSL7q34,"Sony Music Labels Inc.",JPSR00802522,no
529,"志-kokorozashi-","UVERworld",154,10B,54,2026-09-02,05:19,23,"anime, j-rock, j-pop","Pop, Rock","恋いしくて",2008-00-00,52,14,0,36,0,30,-11,D,4,2qt4P1sMSyQ7t9nD8XiMy6,"Sony Music Labels Inc.",JPSR00802621,no
530,"ハルジオン","UVERworld",130,10B,84,2026-09-02,04:51,28,"anime, j-rock, j-pop","Pop, Rock","儚くも永久のカナシ",2008-00-00,59,3,0,37,0,0,-6,D,4,1m2y3sX7Eu0gidBHj9jf3R,"Sony Music Labels Inc.",JPSR00803543,no
531,"DISCORD〜your voices mix〜","UVERworld",170,5A,88,2026-09-02,06:12,17,"anime, j-rock, j-pop","Pop, Rock","浮世CROSSING",2007-00-00,39,1,0,37,10,30,-5,C minor,4,0gkD3OCkeHPKI5j0gKCCI4,"Sony Music Labels Inc.",JPSR00703281,no
532,"EXTREME","UVERworld",115,12A,97,2026-09-02,02:58,22,"anime, j-rock, j-pop","Pop, Rock","君の好きなうた",2006-00-00,58,0,0,23,20,20,-6,C♯/D♭ minor,4,1rDJWwn7CmcOvtMiRdfnPl,"Sony Music Labels Inc.",JPSR00602909,no
533,"Revolve","UVERworld",84,2A,93,2026-09-02,03:16,27,"anime, j-rock, j-pop","Pop, Rock","just Melody",2006-00-00,22,0,0,57,10,20,-3,D#/E♭ minor,4,5qMU78kI70a5x1hSrWKMB1,"Sony Music Labels Inc.",JPSR00503302,no
534,"just Melody","UVERworld",125,3B,90,2026-09-02,05:04,31,"anime, j-rock, j-pop","Pop, Rock","just Melody",2006-00-00,52,1,0,56,0,0,-4,C♯/D♭,4,3QxYo6uc15fWejPYFkAuQF,"Sony Music Labels Inc.",JPSR00503301,no
535,"ai ta心","UVERworld",110,1A,93,2026-09-02,03:30,28,"anime, j-rock, j-pop","Pop, Rock","D-tecnoLife",2005-00-00,63,37,0,59,10,30,-5,G#/A♭ minor,4,0AnTcIPr6TNqGCKiZONeh4,"Sony Music Labels Inc.",JPSR00500867,no
536,"PRIME","UVERworld",140,4B,100,2026-09-02,02:28,25,"anime, j-rock, j-pop","Pop, Rock","CHANCE!",2005-00-00,52,1,0,33,20,30,-2,G#/A♭,4,0r87S5cjlvyHM4FMrzSgVL,"Sony Music Labels Inc.",JPSR00502182,no
537,"WINGS ever","UVERworld",100,8B,55,2026-09-02,03:26,29,"anime, j-rock, j-pop","Pop, Rock","EPIPHANY",2025-07-02,64,0,0,26,0,10,-7,C,4,1XJ40s9ENDiSeHVuqVkgEP,"Sony Music Labels Inc.",JPU902403992,no
538,"PHOENIX AX","UVERworld",162,4A,90,2026-09-02,04:11,44,"anime, j-rock, j-pop","Pop, Rock","EPIPHANY",2025-07-02,46,0,4,33,20,20,-5,F minor,4,3g7jOzyFtGOgTSmzalvlt7,"Sony Music Labels Inc.",JPU902502184,no
539,"JUMP","UVERworld",135,7B,84,2026-09-02,04:22,30,"anime, j-rock, j-pop","Pop, Rock","EPIPHANY",2025-07-02,60,0,1,54,0,20,-6,F,4,7efqJMbcn30re0Yy9JFznn,"Sony Music Labels Inc.",JPU902502189,no
540,"ピグマリオン","UVERworld",169,3B,47,2026-09-02,04:37,27,"anime, j-rock, j-pop","Pop, Rock","ENIGMASIS",2023-07-19,33,4,0,33,0,0,-5,C♯/D♭,3,2B29g5ocnc42EJO7xezq2L,"Sony Music Labels Inc.",JPU902202674,no
541,"two Lies","UVERworld",83,5A,60,2026-09-02,04:43,28,"anime, j-rock, j-pop","Pop, Rock","ENIGMASIS",2023-07-19,46,1,0,9,0,0,-6,C minor,4,2PJSDWnLa52MnDeEz8LEm0,"Sony Music Labels Inc.",JPU902302757,no
542,"ENCORE AGAIN","UVERworld, SHUNTO",160,12A,63,2026-09-02,03:39,45,"anime, j-rock, j-pop, j-rap","Pop, Rock","ENIGMASIS",2023-07-19,67,1,0,63,0,0,-5,C♯/D♭ minor,4,4JwwYSJnbvuqRKrZLEnkA8,"Sony Music Labels Inc.",JPU902302752,no
543,"MONDO PIECE - Instrumental","UVERworld",96,10B,87,2026-09-02,05:29,5,"anime, j-rock, j-pop","Pop, Rock","INSTRUMENTALS-∞",2022-07-20,56,0,67,55,0,10,-5,D,4,4ThVHQpt7dJgTOy6jg8j3e,"Sony Music Labels Inc.",JPU902202209,no
544,"CHANCE! - Instrumental","UVERworld",125,8A,98,2026-09-02,04:34,5,"anime, j-rock, j-pop","Pop, Rock","INSTRUMENTALS-∞",2022-07-20,52,0,87,54,0,0,-4,A minor,4,3NP7AOUazbpxdhqvPhVPyw,"Sony Music Labels Inc.",JPSR00503642,no
545,"えくぼ - Instrumental","UVERworld",174,3B,58,2026-09-02,03:02,4,"anime, j-rock, j-pop","Pop, Rock","INSTRUMENTALS-∞",2022-07-20,41,0,92,16,0,0,-8,C♯/D♭,4,4RtUcuwWHq1jCKlJp4mGjg,"Sony Music Labels Inc.",JPU902201431,no
546,"クオリア - Instrumental","UVERworld",77,4B,81,2026-09-02,04:43,5,"anime, j-rock, j-pop","Pop, Rock","INSTRUMENTALS-∞",2022-07-20,43,0,73,17,0,0,-7,G#/A♭,4,35lE89DZwyeLM1bmJsmHTW,"Sony Music Labels Inc.",JPU902202203,no
547,"7日目の決意 - Instrumental","UVERworld",95,12A,84,2026-09-02,06:48,5,"anime, j-rock, j-pop","Pop, Rock","INSTRUMENTALS-∞",2022-07-20,58,0,79,35,0,0,-8,C♯/D♭ minor,4,3G5cCgUgPyt6oxFgM69Zf8,"Sony Music Labels Inc.",JPU901400381,no
548,"THE OVER - Instrumental","UVERworld",95,7B,99,2026-09-02,05:27,9,"anime, j-rock, j-pop","Pop, Rock","INSTRUMENTALS-∞",2022-07-20,48,0,82,12,0,0,-6,F,4,0pGbIw8AzlRlcpUNEosF2i,"Sony Music Labels Inc.",JPU902202200,no
549,"CORE PRIDE - Instrumental","UVERworld",93,7A,96,2026-09-02,04:17,10,"anime, j-rock, j-pop","Pop, Rock","INSTRUMENTALS-∞",2022-07-20,49,0,68,55,0,10,-6,D minor,4,6r3L6HSssvgnV37P82z7e2,"Sony Music Labels Inc.",JPU902202199,no
550,"ODD FUTURE - Instrumental","UVERworld",128,4B,65,2026-09-02,03:46,9,"anime, j-rock, j-pop","Pop, Rock","INSTRUMENTALS-∞",2022-07-20,72,0,72,41,0,10,-7,G#/A♭,4,1bwbzw2EUoT9NcByyV29ap,"Sony Music Labels Inc.",JPU902202195,no
551,"一滴の影響 - Instrumental","UVERworld",95,7B,92,2026-09-02,04:52,7,"anime, j-rock, j-pop","Pop, Rock","INSTRUMENTALS-∞",2022-07-20,51,0,84,25,0,30,-5,F,4,4QmcAW8UKB9EPrXyyv4l2M,"Sony Music Labels Inc.",JPU902202191,no
552,"0 choir - Instrumental","UVERworld",135,5A,82,2026-09-02,05:41,6,"anime, j-rock, j-pop","Pop, Rock","INSTRUMENTALS-∞",2022-07-20,57,0,74,54,0,40,-6,C minor,4,1uyrHBiV1GLEr1HUmTftGa,"Sony Music Labels Inc.",JPU902202190,no
553,"Fight For Liberty - Instrumental","UVERworld",100,3B,97,2026-09-02,04:13,9,"anime, j-rock, j-pop","Pop, Rock","INSTRUMENTALS-∞",2022-07-20,46,0,74,43,0,0,-5,C♯/D♭,4,5Zooq7D3ztsi3xfpl7k2Eb,"Sony Music Labels Inc.",JPU902202188,no
554,"Touch off - Instrumental","UVERworld",198,10B,83,2026-09-02,04:21,12,"anime, j-rock, j-pop","Pop, Rock","INSTRUMENTALS-∞",2022-07-20,32,0,70,19,0,20,-7,D,4,4EUDZ2vd4z8r9f1LNCPm8P,"Sony Music Labels Inc.",JPU901900312,no
555,"EN - Instrumental","UVERworld",140,10B,84,2026-09-02,05:06,8,"anime, j-rock, j-pop","Pop, Rock","INSTRUMENTALS-∞",2022-07-20,49,0,95,9,0,10,-6,D,4,0OnLXApIRLR7cI4tz94BvV,"Sony Music Labels Inc.",JPU902201429,no
556,"HOURGLASS","UVERworld",154,1B,75,2026-09-02,04:02,24,"anime, j-rock, j-pop","Pop, Rock","30",2021-12-22,37,0,0,45,0,20,-5,B,4,2aimuuHhdBhWLpFwgHVmLL,"Sony Music Labels Inc.",JPU902100394,no
557,"AS ONE","UVERworld",107,3B,86,2026-09-02,03:49,36,"anime, j-rock, j-pop","Pop, Rock","30",2021-12-22,33,0,0,52,0,60,-5,C♯/D♭,3,3aOLlgI7uj7kByYd5PKfqf,"Sony Music Labels Inc.",JPU902000287,no
558,"AVALANCHE(Album ver.)","UVERworld",160,1B,80,2026-09-02,04:23,27,"anime, j-rock, j-pop","Pop, Rock","30",2021-12-22,42,2,0,51,0,10,-5,B,4,1mRyoQJFG41piKGSz8xUBe,"Sony Music Labels Inc.",JPU902105320,no
559,"One stroke for freedom","UVERworld",140,10B,84,2026-09-02,05:13,31,"anime, j-rock, j-pop","Pop, Rock","30",2021-12-22,67,11,0,44,20,40,-4,D,4,5Ucz24aUo02729n6aLz9mV,"Sony Music Labels Inc.",JPU902105249,no
560,"UNSER","UVERworld",145,10A,65,2026-09-02,01:24,28,"anime, j-rock, j-pop","Pop, Rock","UNSER",2019-12-04,56,0,84,23,0,10,-8,B minor,4,0GnX0OG6s4CBhk2MU58sYe,"Sony Music Labels Inc.",JPU901903018,no
561,"One Last Time","UVERworld",92,10B,76,2026-09-02,03:22,32,"anime, j-rock, j-pop","Pop, Rock","UNSER",2019-12-04,61,0,0,55,0,10,-6,D,4,4hfdwNAshu0chyIXkIgBD6,"Sony Music Labels Inc.",JPU901903017,no
562,"OXYMORON","UVERworld",162,12A,79,2026-09-02,04:27,37,"anime, j-rock, j-pop","Pop, Rock","UNSER",2019-12-04,43,0,0,22,0,10,-6,C♯/D♭ minor,4,23Wc7OK7cvKfwsnplGBi0u,"Sony Music Labels Inc.",JPU901903016,no
563,"EDENへ","UVERworld",155,7A,73,2026-09-02,04:06,34,"anime, j-rock, j-pop","Pop, Rock","UNSER",2019-12-04,51,0,0,26,0,20,-6,D minor,3,3zOfhwAjSmrBtDb0YvLW8m,"Sony Music Labels Inc.",JPU901803368,no
564,"無意味になる夜","UVERworld",75,9B,69,2026-09-02,03:42,31,"anime, j-rock, j-pop","Pop, Rock","UNSER",2019-12-04,62,11,0,34,20,10,-6,G,4,5GPGEYybqW0pdg3KBdw4n5,"Sony Music Labels Inc.",JPU901903015,no
565,"stay on","UVERworld",96,8B,74,2026-09-02,04:00,32,"anime, j-rock, j-pop","Pop, Rock","UNSER",2019-12-04,57,0,0,38,0,10,-6,C,4,4UMcrh6Vh4xV7KB4BV56vu,"Sony Music Labels Inc.",JPU901903013,no
566,"Making it Drive","UVERworld",175,1A,67,2026-09-02,04:22,33,"anime, j-rock, j-pop","Pop, Rock","UNSER",2019-12-04,47,1,0,39,10,0,-5,G#/A♭ minor,4,1xpZ7rVE6onccU4zdpEgFV,"Sony Music Labels Inc.",JPU901903010,no
567,"I LOVE THE WORLD","UVERworld",137,3B,83,2026-09-02,04:36,34,"anime, j-rock, j-pop","Pop, Rock","TYCOON",2017-08-02,56,0,0,64,0,0,-6,C♯/D♭,4,6J25oC8Xh8YuXOvmzZlQoO,"Sony Music Labels Inc.",JPU901502357,no
568,"ALL ALONE (album ver.)","UVERworld",100,4A,96,2026-09-02,05:43,34,"anime, j-rock, j-pop","Pop, Rock","TYCOON",2017-08-02,62,3,0,55,10,10,-4,F minor,4,05DaPfS9Z1JBe8jDZ3qARS,"Sony Music Labels Inc.",JPU901702161,no
569,"DECIDED (album ver.)","UVERworld",180,9A,87,2026-09-02,04:41,42,"anime, j-rock, j-pop","Pop, Rock","TYCOON",2017-08-02,43,0,0,41,0,30,-5,E minor,4,27eQZYYlgZ2YRAeVCkX6So,"Sony Music Labels Inc.",JPU901702160,no
570,"LONE WOLF","UVERworld",87,2B,75,2026-09-02,05:39,36,"anime, j-rock, j-pop","Pop, Rock","TYCOON",2017-08-02,58,2,0,39,0,30,-5,F#/G♭,4,3m5MKWNlUGKDeg9kRcuQjB,"Sony Music Labels Inc.",JPU901702159,no
571,"(Listen To The) Flower People (with Elton John)","Spinal Tap, Elton John",106,11B,61,2026-09-02,02:34,18,"comedy, glam rock, mellow gold, piano rock, rock","Rock","The End Continues",2025-09-12,64,25,1,52,0,0,-9,A,4,4g4O7Z8Wpa8GsgzymTIMix,"Interscope Records",USUG12504933,no
572,"TYCOON","UVERworld",140,7A,73,2026-09-02,01:10,29,"anime, j-rock, j-pop","Pop, Rock","TYCOON",2017-08-02,48,0,9,7,0,10,-10,D minor,4,70JaQGgKfcgAN7xtAzwUW5,"Sony Music Labels Inc.",JPU901702154,no
573,"エミュー (short ver.)","UVERworld",117,10B,88,2026-09-02,02:19,8,"anime, j-rock, j-pop","Pop, Rock","一滴の影響 (Extra Edition)",2017-02-01,59,2,0,52,10,10,-5,D,4,6c4JZFLOc8yfTQvJiSHws9,"Sony Music Labels Inc.",JPU901603984,no
574,"Forever Young","AK-69, UVERworld",102,5A,91,2026-09-02,04:00,0,"j-rap, j-pop, hip hop, anime, j-rock","Pop, Hip Hop, Rock","DAWN",2016-11-23,61,1,0,48,0,10,-4,C minor,4,1lq7KJ0TY8sTxazl6y68YW,"Universal Music LLC",JPPO01621417,no
575,"Pictures Don’t Lie","Billy Ray Cyrus",153,10B,51,2026-09-02,03:50,16,"country rock","","Red Hot & Country",2025-09-05,46,46,0,45,0,20,-5,D,3,4YztVY90sJK3V1sQJUUyVU,"Red Hot Organization",USA2B2403454,no
576,"Born Slippy","UVERworld",140,5A,87,2026-09-02,04:30,27,"anime, j-rock, j-pop","Pop, Rock","0 CHOIR",2014-07-02,56,0,6,31,0,10,-6,C minor,4,3WG6cB0zSFiQcrPhQ7wYJm,"Sony Music Labels Inc.",JPU901400536,no
577,"別世界","UVERworld",112,12A,90,2026-09-02,03:07,26,"anime, j-rock, j-pop","Pop, Rock","0 CHOIR",2014-07-02,61,0,85,75,0,20,-5,C♯/D♭ minor,4,5xdOzasGvcnaVzPIFtuVun,"Sony Music Labels Inc.",JPU901400380,no
578,"KICKが自由","UVERworld",98,3B,90,2026-09-02,04:06,29,"anime, j-rock, j-pop","Pop, Rock","0 CHOIR",2014-07-02,65,0,0,72,10,30,-5,C♯/D♭,4,5CvEJsnfWRjTsa3uuFdjK3,"Sony Music Labels Inc.",JPU901400534,no
579,"IMPACT","UVERworld",137,7A,92,2026-09-02,04:25,48,"anime, j-rock, j-pop","Pop, Rock","0 CHOIR",2014-07-02,54,0,0,40,10,30,-5,D minor,4,5lwgvPvJy36aZRsqeOtm7C,"Sony Music Labels Inc.",JPU901400529,no
580,"零HERE〜SE〜","UVERworld",120,4B,83,2026-09-02,01:00,28,"anime, j-rock, j-pop","Pop, Rock","0 CHOIR",2014-07-02,62,14,0,30,0,30,-11,G#/A♭,4,4preRXwOXCOFnrh3HXKvVX,"Sony Music Labels Inc.",JPU901400528,no
581,"AWAYOKUBA-斬る（LIVE intro ver.）","UVERworld",107,3B,80,2026-09-02,07:38,25,"anime, j-rock, j-pop","Pop, Rock","THE ONE",2012-11-28,51,17,0,9,0,0,-5,C♯/D♭,4,6Ex1oEN8OaxOevh95wigNg,"Sony Music Labels Inc.",JPSR01203930,no
582,"BABY BORN & GO","UVERworld",100,11A,92,2026-09-02,04:28,35,"anime, j-rock, j-pop","Pop, Rock","THE ONE",2012-11-28,60,0,0,56,10,20,-4,F#/G♭ minor,4,7fyaPmW3CrDlu50E1AlMHv,"Sony Music Labels Inc.",JPSR01103301,no
583,"此処から","UVERworld",96,12A,59,2026-09-02,03:59,31,"anime, j-rock, j-pop","Pop, Rock","THE ONE",2012-11-28,66,7,0,55,20,0,-7,C♯/D♭ minor,4,3EpcGsfRTHSumro9Y4lppK,"Sony Music Labels Inc.",JPSR01203924,no
584,"THE ONE（SE）","UVERworld",125,5A,57,2026-09-02,00:42,26,"anime, j-rock, j-pop","Pop, Rock","THE ONE",2012-11-28,56,0,73,39,0,20,-10,C minor,4,6KElekDu3JWKNyXXVqRb84,"Sony Music Labels Inc.",JPSR01203921,no
585,"MONDO PIECE","UVERworld",96,10A,90,2026-09-02,05:28,43,"anime, j-rock, j-pop","Pop, Rock","LIFE 6 SENSE",2011-06-01,55,0,0,51,0,10,-5,B minor,4,0drLNk73IaEvSjdhPnQjY0,"Sony Music Labels Inc.",JPSR01100781,no
586,"一億分の一の小説","UVERworld",94,12A,97,2026-09-02,04:34,37,"anime, j-rock, j-pop","Pop, Rock","LIFE 6 SENSE",2011-06-01,32,0,0,37,10,30,-4,C♯/D♭ minor,4,2xLAbmNlHuOk3m6fAnUci9,"Sony Music Labels Inc.",JPSR01101188,no
587,"6つの風[album ver.]","UVERworld",147,9B,97,2026-09-02,03:26,27,"anime, j-rock, j-pop","Pop, Rock","LIFE 6 SENSE",2011-06-01,48,0,0,38,10,20,-5,G,1,0A6SeMbPXUHfvFmd8F83lj,"Sony Music Labels Inc.",JPSR01101186,no
588,"NO.1[album　ver.]","UVERworld",100,10B,87,2026-09-02,04:54,29,"anime, j-rock, j-pop","Pop, Rock","LIFE 6 SENSE",2011-06-01,44,1,0,35,0,10,-6,D,1,0jLTg4t91WC7dAZ4ZvK7bI,"Sony Music Labels Inc.",JPSR01101184,no
589,"GO-ON（2nd-mix）","UVERworld",145,3A,99,2026-09-02,04:21,27,"anime, j-rock, j-pop","Pop, Rock","LAST",2010-04-14,51,0,0,58,10,30,-3,A#/B♭ minor,4,66rGHMY6bJiHY1i8HGTgk7,"Sony Music Labels Inc.",JPSR01000770,no
590,"WANNA be BRILLIANT","UVERworld",87,8B,96,2026-09-02,03:31,34,"anime, j-rock, j-pop","Pop, Rock","LAST",2010-04-14,36,0,0,65,10,0,-3,C,4,6lfnRtdV3bJneiA3Y0aY5G,"Sony Music Labels Inc.",JPSR01000768,no
591,"CHANGE","UVERworld",165,6A,97,2026-09-02,03:50,33,"anime, j-rock, j-pop","Pop, Rock","LAST",2010-04-14,47,4,2,86,10,30,-3,G minor,4,4MeLr9lbsMbGer89wlumcx,"Sony Music Labels Inc.",JPSR01000541,no
592,"心とココロ","UVERworld",97,10B,95,2026-09-02,04:59,37,"anime, j-rock, j-pop","Pop, Rock","LAST",2010-04-14,52,2,0,64,10,20,-3,D,4,0f6eRXm6yQtxrhabAEAA0V,"Sony Music Labels Inc.",JPSR01000763,no
593,"GOLD","UVERworld",92,10B,99,2026-09-02,04:03,35,"anime, j-rock, j-pop","Pop, Rock","LAST",2010-04-14,58,0,0,58,10,30,-3,D,4,5wFmOX7uCCi1KwdWuufm2a,"Sony Music Labels Inc.",JPSR01000761,no
594,"Stonehenge (with Elton John)","Spinal Tap, Elton John",130,9A,70,2026-09-02,04:34,21,"comedy, glam rock, mellow gold, piano rock, rock","Rock","Stonehenge (with Elton John)",2025-07-31,40,6,0,22,0,0,-8,E minor,4,1atxmCIxBlFk4qhlbBXG4g,"Interscope Records",USUG12504943,no
595,"シャカビーチ〜Laka Laka La〜","UVERworld",100,12A,95,2026-09-02,03:56,38,"anime, j-rock, j-pop","Pop, Rock","Neo SOUND BEST",2009-12-09,55,3,0,60,0,20,-5,C♯/D♭ minor,4,3cJOvrRzZqaXP7TSzP0SSp,"Sony Music Labels Inc.",JPSR00702101,no
596,"CHANCE!（Re-Sing ver.）","UVERworld",125,8B,95,2026-09-02,04:33,26,"anime, j-rock, j-pop","Pop, Rock","Neo SOUND BEST",2009-12-09,56,5,0,59,10,0,-5,C,4,6JgbEWvP0wzgfwDHztBEZu,"Sony Music Labels Inc.",JPSR00903562,no
597,"DIABOLIC","Sawano Hiroyuki",120,4B,37,2026-09-02,02:48,6,"anime, soundtrack","Pop, Classical, Easy Listening","連続ドラマW「マークスの山」オリジナルサウンドトラック",2011-01-05,57,16,82,7,0,10,-15,G#/A♭,4,70CfnNhLtcP8yFKu5PilJ9,"Legendoor",JPZ921011316,no
598,"畢生皐月プロローグ","UVERworld",140,4A,96,2026-09-02,04:35,32,"anime, j-rock, j-pop","Pop, Rock","AwakEVE",2009-02-18,54,0,0,39,10,10,-4,F minor,4,3eXmRHxmWodzqBqAupa2T7,"Sony Music Labels Inc.",JPSR00900085,no
599,"99/100騙しの哲","UVERworld",150,11B,95,2026-09-02,05:13,28,"anime, j-rock, j-pop","Pop, Rock","AwakEVE",2009-02-18,51,1,0,58,20,0,-3,A,4,2xEujfEwmGhMvcJ3TWNmP5,"Sony Music Labels Inc.",JPSR00900082,no
600,"to the world（SE）","UVERworld",130,11B,85,2026-09-02,01:46,22,"anime, j-rock, j-pop","Pop, Rock","PROGLUTION",2008-01-16,31,0,1,20,0,20,-9,A,4,71J9fmaJqEnZeRQ6xaFUNq,"Sony Music Labels Inc.",JPSR00703818,no
601,"ENERGY (album ver.)","UVERworld",165,1B,97,2026-09-02,04:51,27,"anime, j-rock, j-pop","Pop, Rock","PROGLUTION",2008-01-16,48,1,0,61,10,10,-4,B,4,4VRtBaD4BikeOBTaxFkQOF,"Sony Music Labels Inc.",JPSR00703814,no
602,"-forecast map 1955-","UVERworld",165,1B,69,2026-09-02,01:23,23,"anime, j-rock, j-pop","Pop, Rock","PROGLUTION",2008-01-16,46,19,37,25,20,40,-13,B,4,7gFNIsxOj74yLmnhNAdtcD,"Sony Music Labels Inc.",JPSR00703813,no
603,"神集め","UVERworld",145,12A,79,2026-09-02,05:02,32,"anime, j-rock, j-pop","Pop, Rock","PROGLUTION",2008-01-16,52,1,0,40,0,30,-6,C♯/D♭ minor,4,78U7tDen9KhMNO04uFeky4,"Sony Music Labels Inc.",JPSR00703812,no
604,"-god's followers-","UVERworld",145,10A,35,2026-09-02,01:03,23,"anime, j-rock, j-pop","Pop, Rock","PROGLUTION",2008-01-16,70,24,82,71,0,20,-20,B minor,4,7ov7lp7DYbUA2gDqOG77ce,"Sony Music Labels Inc.",JPSR00703811,no
605,"UNKNOWN ORCHESTRA (album ver.)","UVERworld",140,2B,90,2026-09-02,05:21,29,"anime, j-rock, j-pop","Pop, Rock","PROGLUTION",2008-01-16,56,0,2,49,0,0,-7,F#/G♭,4,6yfmreCG3JjVAuUENrDaIm,"Sony Music Labels Inc.",JPSR00703823,no
606,"シャカビーチ〜Laka Laka La〜 (album ver.)","UVERworld",100,12A,91,2026-09-02,03:57,28,"anime, j-rock, j-pop","Pop, Rock","PROGLUTION",2008-01-16,56,1,0,56,10,30,-5,C♯/D♭ minor,4,61t55gEOGoKs8aaTEi9RBO,"Sony Music Labels Inc.",JPSR00703808,no
607,"counting song - H","UVERworld",175,3B,92,2026-09-02,04:14,31,"anime, j-rock, j-pop","Pop, Rock","PROGLUTION",2008-01-16,45,0,0,55,10,0,-4,C♯/D♭,4,01IOr0oBGoexlFTI6bf20u,"Sony Music Labels Inc.",JPSR00703806,no
608,"病的希求日記","UVERworld",180,5B,84,2026-09-02,04:00,27,"anime, j-rock, j-pop","Pop, Rock","PROGLUTION",2008-01-16,37,2,0,46,20,20,-6,D#/E♭,4,1I3zNJQBAHQCYRhVU3ZNI8,"Sony Music Labels Inc.",JPSR00703805,no
609,"brand new ancient","UVERworld",100,8B,94,2026-09-02,03:32,27,"anime, j-rock, j-pop","Pop, Rock","PROGLUTION",2008-01-16,50,0,0,58,10,30,-4,C,4,2Tad0FpXvFi8qNXLYJ0tGi,"Sony Music Labels Inc.",JPSR00703804,no
610,"Home 微熱39℃","UVERworld",128,1B,86,2026-09-02,04:38,33,"anime, j-rock, j-pop","Pop, Rock","BUGRIGHT",2007-02-21,55,0,0,68,0,20,-4,B,4,0qp2ZVDRfp6wUAZy0vIWl6,"Sony Music Labels Inc.",JPSR00603632,no
611,"just Melody(Album Version)","UVERworld",125,3B,89,2026-09-02,05:38,29,"anime, j-rock, j-pop","Pop, Rock","Timeless",2006-02-22,49,1,0,26,10,10,-4,C♯/D♭,4,1gc08Shv7Rv2psgCiIVvpu,"Sony Music Labels Inc.",JPSR00503487,no
612,"優しさの雫","UVERworld",169,3B,70,2026-09-02,05:04,32,"anime, j-rock, j-pop","Pop, Rock","Timeless",2006-02-22,42,28,0,47,10,10,-6,C♯/D♭,4,3Yg9If3kgvlaOPjAP9mgZB,"Sony Music Labels Inc.",JPSR00503483,no
613,"トキノナミダ","UVERworld",95,9B,94,2026-09-02,03:43,32,"anime, j-rock, j-pop","Pop, Rock","Timeless",2006-02-22,49,0,0,32,10,10,-3,G,4,3riwgFBWCqPSpjuE8Giz3R,"Sony Music Labels Inc.",JPSR00503481,no
614,"月光蝶","BURNOUT SYNDROMES",120,11A,84,2026-09-02,03:01,25,"anime, j-rock, j-pop","Pop, Rock","月光蝶",2025-06-25,60,9,0,74,0,30,-6,F#/G♭ minor,4,7iUvHDLT7lS88aWtHIfjQc,"Sony Music Labels Inc.",JPU902501929,no
615,"Over the Rainbow","Billy Ray Cyrus, Micki Free, Buck 22",94,8B,58,2026-09-02,03:27,11,"country rock, blues rock, modern blues, native american music, blues, country hip hop","","Over the Rainbow",2025-06-27,62,22,0,12,0,10,-6,C,4,2fmUXEx3SDGwIXYB8C1DVx,"Billion Streams Entertainment",CZEE52500002,no
616,"Moby Dick (Juntos)","Ciro y los Persas",174,10B,71,2026-09-02,05:01,3,"argentine rock, latin rock","Rock, Latin","Moby Dick (Juntos)",2020-04-22,59,19,0,71,0,0,-10,D,4,6GaKZiK66gIODHmCyLDF7y,"300 Producciones",AR3692000013,no
617,"Bonde do Brunão","Bruno Mars",130,4A,80,2026-09-02,00:57,62,"dance pop, pop","Electronic, Pop","Bonde do Brunão",2024-10-15,88,1,0,70,0,10,-7,F minor,4,4mOWnjz30frv1pKMM6DNfv,"Atlantic Records",USAT22501764,yes
618,"Canción de cuna (Sinfónico)","Ciro y los Persas, Orquesta Filarmónica de Mendoza",146,9B,42,2026-09-02,05:20,9,"argentine rock, latin rock","Rock, Latin","Sueños (Un Viaje En el Tiempo)",2022-05-27,39,86,0,24,0,10,-7,G,4,2jwjmTaUT9R9SChWuU6SM4,"300 Producciones",AR3692100014,no
619,"Ruidos (Sinfónico)","Ciro y los Persas, Orquesta Filarmónica de Mendoza",76,8A,49,2026-09-02,05:40,6,"argentine rock, latin rock","Rock, Latin","Sueños (Un Viaje En el Tiempo)",2022-05-27,54,72,4,12,0,10,-7,A minor,4,4pjfIpxKCEX6mJvYELNxs5,"300 Producciones",AR3692100012,no
620,"Un Hombre Más (Sinfónico)","Ciro y los Persas, Orquesta Filarmónica de Mendoza",78,8B,56,2026-09-02,05:25,7,"argentine rock, latin rock","Rock, Latin","Sueños (Un Viaje En el Tiempo)",2022-05-27,21,49,0,27,0,10,-7,C,4,3V8rFQhTS52MoHsfdvUVY4,"300 Producciones",AR3692100009,no
621,"Morella (Acústico)","Ciro y los Persas",155,1B,83,2026-09-02,05:06,18,"argentine rock, latin rock","Rock, Latin","Guerras (Un Viaje en el Tiempo)",2020-11-20,53,28,2,67,0,0,-6,B,4,3WEeVYkpGbLvCiCYgPBMtl,"300 Producciones",AR3692000049,no
622,"Toaster (Give Me Back My)","Ciro y los Persas",119,8A,80,2026-09-02,04:01,23,"argentine rock, latin rock","Rock, Latin","Naranja Persa 2",2018-04-14,84,16,0,89,0,0,-6,A minor,4,5drpThSxHXBRDiD7uJYT7C,"300 Producciones",ARG601800035,no
623,"芽　(Acoustic)","NICO Touches the Walls",128,10B,53,2026-09-02,05:00,8,"anime, j-rock, j-pop","Pop, Rock","Howdy!! We are ACO Touches the Walls",2015-02-04,61,29,0,27,0,10,-8,D,4,6mEsv9jnHbi8piybaAWKm2,"Sony Music Labels Inc.",JPU901402685,no
624,"Dale Darling","Ciro y los Persas",150,10A,87,2026-09-02,05:04,10,"argentine rock, latin rock","Rock, Latin","Naranja Persa 2",2018-04-14,64,9,0,76,0,10,-6,B minor,4,1yyI2PZyzvWNt3TN5sZme3,"300 Producciones",ARG601800025,no
625,"SWISH","Lil Nas X",142,3A,58,2026-09-02,03:41,42,"lgbtq+ hip hop","Hip Hop","Days Before Dreamboy",2025-03-28,70,0,0,26,0,30,-7,A#/B♭ minor,4,1pYuYyYV4JFZblFTPN6xK2,"Columbia",USSM12500939,yes
626,"BIG DUMMY!","Lil Nas X",106,11B,44,2026-09-02,02:05,43,"lgbtq+ hip hop","Hip Hop","Days Before Dreamboy",2025-03-28,91,29,0,61,0,0,-8,A,4,2MI0r68gCKVy5T11mQ4sKv,"Columbia",USSM12500919,yes
627,"DREAMBOY","Lil Nas X",81,10B,57,2026-09-02,03:35,43,"lgbtq+ hip hop","Hip Hop","Days Before Dreamboy",2025-03-28,54,18,0,19,20,0,-9,D,4,2UNrGCSaMhtIY22gaiQuGm,"Columbia",USSM12500937,yes
628,"Little Red Rooster","Ciro y los Persas",86,9B,62,2026-09-02,04:53,8,"argentine rock, latin rock","Rock, Latin","Naranja Persa",2016-09-27,53,3,0,59,0,10,-8,G,4,1ONDiqPNWJXdmKQAfIzdbE,"300 Producciones",ARG601600335,no
629,"5 Bestias","Ciro y los Persas",140,11B,87,2026-09-02,04:26,10,"argentine rock, latin rock","Rock, Latin","Naranja Persa",2016-09-27,57,2,0,56,0,0,-6,A,4,2HfqJOuaBhSVxbX8TK3Bsn,"300 Producciones",ARG601600252,no
630,"Similar","Ciro y los Persas",155,10B,85,2026-09-02,03:17,27,"argentine rock, latin rock","Rock, Latin","Naranja Persa",2016-09-27,50,1,0,56,0,0,-5,D,4,7w8Nnz4s4p4ClF7jFgIZpM,"300 Producciones",ARG601600250,no
631,"Luz","Ciro y los Persas",160,8B,58,2026-09-02,04:31,44,"argentine rock, latin rock","Rock, Latin","Naranja Persa",2016-09-27,42,11,0,23,0,10,-7,C,4,3nLL7rb00qmExkNTyJJqSv,"300 Producciones",ARG601600246,no
632,"Larga Vida al Rock","Ciro y los Persas",155,12B,88,2026-09-02,04:13,9,"argentine rock, latin rock","Rock, Latin","27",2012-11-19,55,1,0,96,0,10,-7,E,4,6lAY8uMWil2z2WIcUFe9lD,"300 Producciones",ARG601200690,no
633,"Curtite","Ciro y los Persas",150,1B,79,2026-09-02,04:20,17,"argentine rock, latin rock","Rock, Latin","27",2012-11-19,60,38,3,74,0,10,-6,B,4,5FiAm0mbmveGUqQqgNOSaB,"300 Producciones",ARG601200684,no
634,"Barón Rojo","Ciro y los Persas",137,8A,87,2026-09-02,04:45,25,"argentine rock, latin rock","Rock, Latin","27",2012-11-19,54,0,1,41,0,10,-7,A minor,4,49einNPAfEj7geS2yzV0xu,"300 Producciones",ARG601200682,no
635,"Trapos","Ciro y los Persas",111,9A,61,2026-09-02,02:53,5,"argentine rock, latin rock","Rock, Latin","Espejos",2009-01-01,54,13,0,74,10,30,-12,E minor,4,7n2DtEKGDEFBkdGCiDlBoN,"300 Producciones",ARG601000072,no
636,"Malambo para Luca","Ciro y los Persas",158,9B,79,2026-09-02,04:05,6,"argentine rock, latin rock","Rock, Latin","Espejos",2009-01-01,60,3,4,80,0,0,-7,G,3,0TIsqmGXJEpzEDs1HoC04e,"300 Producciones",ARG601000070,no
637,"Ruidos","Ciro y los Persas",76,8A,46,2026-09-02,06:27,10,"argentine rock, latin rock","Rock, Latin","Espejos",2009-01-01,59,44,0,20,0,30,-9,A minor,4,10GRdEioru33bqcEMegQTZ,"300 Producciones",ARG601000068,no
638,"Chucuchu","Ciro y los Persas",126,8B,89,2026-09-02,04:13,10,"argentine rock, latin rock","Rock, Latin","Espejos",2009-01-01,75,2,0,93,0,10,-5,C,4,3rqIIvNjoz4vCRSiDB5jLB,"300 Producciones",ARG601000066,no
639,"Espejo","Ciro y los Persas",184,1B,63,2026-09-02,04:39,9,"argentine rock, latin rock","Rock, Latin","Espejos",2009-01-01,42,8,1,38,0,10,-9,B,4,6a6OLlMC5WYUDjzTxBHlCX,"300 Producciones",ARG601000061,no
640,"Love That Lets Go","Hannah Montana, Billy Ray Cyrus",136,2B,55,2026-09-02,03:06,50,"pop, post-teen pop, country rock","Pop","Hannah Montana Forever",2010-01-01,55,27,0,19,0,0,-3,F#/G♭,3,3lbHIoE1Yq6gqfdkA9jcVU,"Walt Disney Records",USWD11048342,no
641,"Let There Be Light (Island Vibes Remix)","Nomad, Fiji, Eli-Mac, Landon McNamara, Morgan Heritage, Dionne Warwick, Mýa, Gladys Knight, Billy Ray Cyrus, Joe Don Rooney, John Elefante, Makua Rothman",148,12B,55,2026-09-02,03:34,7,"nz reggae, reggae, surf rock, reggae rock, lovers rock, roots reggae, ragga, dancehall, riddim, adult standards, brill building pop, disco, quiet storm, soft rock, soul, vocal jazz, contemporary r&b, hip pop, r&b, urban contemporary, motown, country rock, christian rock, ccm, aor, arena rock, chinese rock, christian","Easy Listening, Rock, Christian, Reggae, Hip Hop, Pop, R&B, Jazz","Grown Tingz",2018-09-28,57,12,0,77,0,10,-7,E,4,4VzoW3yghOw8WuE1J7JMWH,"Mensch House Records/Nomad Crew",USUYG1172738,no
642,"Ask (Honor Song)","Billy Ray Cyrus, Micki Free, Ben Burgess",148,3B,58,2026-09-02,03:37,6,"country rock, blues rock, modern blues, native american music, blues, texas country","","Ask (Honor Song)",2025-04-25,33,26,4,27,0,10,-9,C♯/D♭,4,5hZPfj1igK6JYBGl6OKGa8,"Roam Man Productions",USUYG1720662,no
643,"Silent Night","Billy Ray Cyrus, Nikki Paige, Buck Haggard",86,6B,31,2026-09-02,02:42,1,"country rock, melodic bass","","Silent Night",2024-12-23,28,45,0,20,0,50,-9,A#/B♭,4,56PrJEjml7A6xj32To6OzT,"MF Recordz",QZSYP2477978,no
644,"Remember Why You're Here","Billy Ray Cyrus",96,9B,46,2026-09-02,03:56,11,"country rock","","Remember Why You're Here",2024-11-22,63,72,0,26,0,0,-12,G,4,2TOpMZLv2BBUoUmGVqDujy,"Roam Man Productions",USUYG1583329,no
645,"After The Storm","Firerose, Billy Ray Cyrus",126,1B,44,2026-09-02,03:36,12,"country rock","","After The Storm",2024-03-29,55,19,0,21,0,10,-6,B,3,10i4wnz3CyvAJ8LZxjGEMV,"Four Lane Productions, LLC",TCAHZ2439199,no
646,"Plans Party Remix","Firerose, Billy Ray Cyrus",117,3B,85,2026-09-02,03:18,4,"country rock","","Plans Party Remix",2023-10-20,80,3,0,67,0,10,-6,C♯/D♭,4,0bnthNpFFeWBNyvT3uDU2Y,"Pasadena Records",QMANG2211836,no
647,"Plans","Firerose, Billy Ray Cyrus",114,3B,52,2026-09-02,03:39,12,"country rock","","Plans",2023-08-11,57,56,0,23,0,10,-6,C♯/D♭,4,243xVaJ0uGwvzFpZS3EXxc,"Pasadena Records",QM3DF2257781,no
648,"Time","Billy Ray Cyrus, Firerose",88,9B,58,2026-09-02,03:42,15,"country rock","","Christmas in Paradise (Original Motion Picture Soundtrack)",2022-12-16,66,67,0,28,0,10,-6,G,4,1uvLUxRQtbGDO0aykH1Jzp,"Lions Gate Records",QZW9K2261877,no
649,"New Day","Firerose, Billy Ray Cyrus",140,8A,79,2026-09-02,04:19,9,"country rock","","New Day",2021-07-02,64,23,0,52,0,0,-6,A minor,4,5I0Pf20d0W9UrMYCPBwn85,"FIREROSE & Billy Ray Cyrus",QZS672100229,no
650,"Holdin On","Billy Ray Cyrus",166,12B,63,2026-09-02,03:56,6,"country rock","","The Singin’ Hills Sessions – Mojave",2020-11-06,50,17,1,48,0,10,-10,E,4,4msbb8NTJ0tOfEmZZNOSQa,"Broken Bow Records",QMRSZ2002277,no
651,"99 Single Wide","Billy Ray Cyrus",140,7B,72,2026-09-02,03:35,5,"country rock","","The Singin’ Hills Sessions – Mojave",2020-11-06,58,5,0,53,0,0,-6,F,4,4y0ysP52zxuCISv14zZOTD,"Broken Bow Records",QMRSZ2002278,no
652,"She Always Goes","Billy Ray Cyrus",76,11B,48,2026-09-02,04:27,4,"country rock","","The Singin’ Hills Sessions, Vol. I Sunset",2020-01-31,46,45,0,14,0,10,-7,A,3,6UayogoGeCg6VTzTHfs0Zo,"Broken Bow Records",QMRSZ2000108,no
653,"Timeless (feat. Playboi Carti & Doechii) - Remix","The Weeknd, Doechii, Playboi Carti",120,10A,75,2026-09-02,03:48,73,"canadian contemporary r&b, canadian pop, pop, alternative r&b, rage rap","Pop, R&B, Hip Hop","Timeless (Remix)",2024-09-27,78,6,0,50,0,10,-6,B minor,4,7kJyHFVVZMv1wQYRU9de9d,"XO / Republic Records",USUG12503674,yes
654,"Young & Dumb (feat. Simple Plan)","Avril Lavigne, Simple Plan",160,6B,89,2026-09-02,02:46,61,"canadian pop, candy pop, dance pop, pop, pop punk, punk, emo","Pop, Electronic","Young & Dumb (feat. Simple Plan)",2025-05-09,55,0,0,51,10,20,-3,A#/B♭,4,3mJncxEu2NrKYfRvoWiVfm,"Big Noise Music Group",USA2P2516906,no
655,"I’ve Been Around","Billy Ray Cyrus",126,7B,18,2026-09-02,02:35,7,"country rock","","The SnakeDoctor Circus",2019-05-24,44,91,1,8,0,10,-13,F,4,6ul42EkpwT5cyDJ8kZYeHm,"Broken Bow Records",QMRSZ1900377,no
656,"The Blood of the Devil","Billy Ray Cyrus",99,10B,27,2026-09-02,03:31,7,"country rock","","The SnakeDoctor Circus",2019-05-24,57,76,0,28,0,10,-11,D,3,1dLhjjo6waQ5rzti7W6GmA,"Broken Bow Records",QMRSZ1900374,no
657,"I Think Your Time’s Come - feat. Don Von Tress","Billy Ray Cyrus, Don Von Tress",206,9B,88,2026-09-02,04:51,6,"country rock","","The SnakeDoctor Circus",2019-05-24,46,24,0,71,0,40,-5,G,4,6k4SkbO5J85pK383akGgC7,"Broken Bow Records",QMRSZ1900373,no
658,"Guns, Gold & Guitars","Billy Ray Cyrus",92,7B,81,2026-09-02,05:10,16,"country rock","","The SnakeDoctor Circus",2019-05-24,58,26,0,58,0,30,-5,F,4,5lSPbsNNlbG6R8eDcg2agn,"Broken Bow Records",QMRSZ1900369,no
659,"77 - feat. Avril Lavigne","Billy Idol, Avril Lavigne",166,9B,85,2026-09-02,02:53,43,"album rock, classic rock, dance rock, hard rock, new romantic, new wave, new wave pop, rock, soft rock, canadian pop, candy pop, dance pop, pop","Pop, Rock, Electronic","77 (feat. Avril Lavigne)",2025-04-22,45,0,0,50,0,30,-5,G,4,6cEG5stzTtXrrCLgWKYV6j,"BMG Rights Management (US) LLC",QMRSZ2500241,no
660,"Achy Breaky Heart (Remix feat. DJ KO)","Billy Ray Cyrus, DJ KO",126,3A,90,2026-09-02,03:27,12,"country rock, country hip hop","","Set The Record Straight",2017-11-10,71,0,0,92,0,0,-3,A#/B♭ minor,4,0yH2J4JuAVYqQU5VwrbDmC,"Flatwoods Records",QMDPP1700576,no
661,"Meant to Be","Billy Ray Cyrus",133,11B,50,2026-09-02,05:04,2,"country rock","","Set The Record Straight",2017-11-10,53,33,4,45,0,0,-7,A,4,4ZE5goSBPmXWPqeFuPNBst,"Flatwoods Records",QMDPP1700575,no
662,"The Freebird Fell","Billy Ray Cyrus",141,8B,73,2026-09-02,04:59,3,"country rock","","Set The Record Straight",2017-11-10,54,5,0,23,0,10,-6,C,4,40OosHnvHHJ3uYu9XqSEKK,"Flatwoods Records",QMDPP1700572,no
663,"I Wouldn't Be Me","Billy Ray Cyrus",82,9B,62,2026-09-02,04:11,4,"country rock","","Set The Record Straight",2017-11-10,57,26,1,39,0,0,-7,G,4,1acNXrPf2b8iZM9go468cT,"Flatwoods Records",QMDPP1700569,no
664,"I Want My Mullet Back","Billy Ray Cyrus",112,11B,76,2026-09-02,03:18,33,"country rock","","Set The Record Straight",2017-11-10,53,0,0,49,0,20,-4,A,4,3XQPpgGZLJ1s4mEuYF0dOf,"Flatwoods Records",QMDPP1700499,no
665,"Country Music Has The Blues","Billy Ray Cyrus, George Jones, Loretta Lynn",118,10B,66,2026-09-02,02:55,5,"country rock, classic country, outlaw country, honky tonk, traditional country, country, country christian","Country, Christian, Traditional Music","Set The Record Straight",2017-11-10,56,25,0,74,0,30,-5,D,4,57vf72AbQbxd9DZ1ur2dMr,"Flatwoods Records",QMDPP1700568,no
666,"You Good","Billy Ray Cyrus",82,9B,42,2026-09-02,04:26,3,"country rock","","Set The Record Straight",2017-11-10,42,29,3,28,0,10,-8,G,4,2MWmAroeODKFFofXlSmr0Y,"Flatwoods Records",QMDPP1700548,no
667,"I Wanna Be Your Joe","Billy Ray Cyrus",184,9B,71,2026-09-02,03:14,5,"country rock","","Set The Record Straight",2017-11-10,40,2,0,39,0,10,-7,G,4,3sFWzaFLx7rHs741sgeWpb,"Flatwoods Records",QMDPP1700566,no
668,"Hourglass - Stereo Mix","Elton John",178,9B,54,2026-09-02,03:00,12,"glam rock, mellow gold, piano rock, rock","Rock","Regimental Sgt. Zippo",2022-07-08,38,3,0,43,0,0,-11,G,4,5YcJt3UqwEnfkob9oiiKkh,"UMC (Universal Music Catalogue)",GBUM72100316,no
669,"Angel Tree - Stereo Mix","Elton John",99,9B,64,2026-09-02,02:04,13,"glam rock, mellow gold, piano rock, rock","Rock","Regimental Sgt. Zippo",2022-07-08,60,10,0,73,0,30,-9,G,4,3Lqv9H8RITKsmOxmL61Cfc,"UMC (Universal Music Catalogue)",GBUM72100310,no
670,"Turn To Me - Stereo Mix","Elton John",160,4B,70,2026-09-02,03:19,16,"glam rock, mellow gold, piano rock, rock","Rock","Regimental Sgt. Zippo",2022-07-08,39,15,6,65,0,20,-7,G#/A♭,4,7eMlMmUB662ZjAyn1KEe7q,"UMC (Universal Music Catalogue)",GBUM72100309,no
671,"I've Always Been Crazy","Billy Ray Cyrus, Shooter Jennings, Lee Roy Parnell",97,4A,72,2026-09-02,04:26,4,"country rock, outlaw country, southern rock, red dirt, alt country, texas country, classic country, traditional country","Country, Traditional Music","Thin Line",2016-10-07,46,1,0,36,0,10,-7,F minor,4,04sxFICpUf8YncjU4jwkQe,"BCM",QMN8G1600010,no
672,"My Heroes Have Always Been Cowboys","Billy Ray Cyrus",116,10B,54,2026-09-02,03:01,4,"country rock","","Thin Line",2016-10-07,37,12,0,40,0,30,-6,D,3,198FkktclpxTu8FHP3Twey,"BCM",QMN8G1600004,no
673,"Lovin' Her Was Easier (Than Anything I'll Ever Do Again)","Billy Ray Cyrus",148,10B,57,2026-09-02,05:07,6,"country rock","","Thin Line",2016-10-07,44,5,44,28,0,10,-6,D,4,3mHVfmJ0WwABoFa9P6jzjT,"BCM",QMN8G1600002,no
674,"Thin Line","Billy Ray Cyrus, Shelby Lynne",144,9B,74,2026-09-02,04:28,7,"country rock, alt country","","Thin Line",2016-10-07,51,3,9,74,0,20,-6,G,4,4uSpron5nDH3F8Y82Tz2O4,"BCM",QMN8G1600001,no
675,"Hope Is Just Ahead","Dionne Warwick, Billy Ray Cyrus",92,10B,81,2026-09-02,04:40,19,"adult standards, brill building pop, disco, quiet storm, soft rock, soul, vocal jazz, country rock","Easy Listening, Jazz","Feels So Good",2014-10-23,36,5,0,52,0,10,-4,D,4,4qkzJOdgBeG2IP1XWvSNN9,"Bright Music",QMEU31400295,no
676,"Hope Is Just Ahead","Billy Ray Cyrus",92,10B,79,2026-09-02,04:40,4,"country rock","","Change My Mind (Deluxe Edition)",2016-09-09,33,0,0,17,0,10,-4,D,4,2RZS1aOhXlWoMEpRZxCbCv,"BCM",QMFMG1590999,no
677,"Tomorrow Became Yesterday","Billy Ray Cyrus",153,6B,73,2026-09-02,05:21,2,"country rock","","Change My Mind (Deluxe Edition)",2016-09-09,25,3,0,39,0,10,-5,A#/B♭,4,20TFF0SYbvdjY1U3YyIZP0,"BCM",QMFMG1590995,no
678,"Once Again","Billy Ray Cyrus",162,10B,96,2026-09-02,05:14,3,"country rock","","Change My Mind (Deluxe Edition)",2016-09-09,34,0,0,51,0,0,-4,D,4,7LdKGHuJ2v4nMjB3vClSvU,"BCM",QMFMG1590993,no
679,"Nineteen","Billy Ray Cyrus",142,3B,48,2026-09-02,03:18,28,"country rock","","I'm American",2011-01-01,62,34,0,33,0,10,-6,C♯/D♭,4,0ekM4bvyq95RmVwZgub3CO,"Buena Vista Records",USR1B1021304,no
680,"Old Army Hat","Billy Ray Cyrus",93,10B,60,2026-09-02,04:04,26,"country rock","","I'm American",2011-01-01,65,64,0,50,0,10,-7,D,4,7a6hPlNBlAHvpVp9GBRZZd,"Buena Vista Records",USR1B1021309,no
681,"Stripes And Stars","Billy Ray Cyrus, Amy Grant",152,5B,68,2026-09-02,04:00,16,"country rock, christmas, ccm, christian","Christian, Pop","I'm American",2011-01-01,52,34,0,26,0,10,-6,D#/E♭,4,5duuP6n8Bk1AKcTYBQkERr,"Buena Vista Records",USR1B1021308,no
682,"We Fought Hard","Billy Ray Cyrus",142,5B,43,2026-09-02,04:35,26,"country rock","","I'm American",2011-01-01,56,64,0,29,0,10,-8,D#/E♭,4,2U1NL1Ykhf0YljR9yPAIcV,"Buena Vista Records",USR1B1021310,no
683,"Give It To Somebody","Billy Ray Cyrus",128,9B,58,2026-09-02,03:40,8,"country rock","","Back to Tennessee",2009-01-01,57,30,0,46,0,10,-5,G,4,4pHr9SPKrudRYUS88Ir25D,"Walt Disney Records",USWD10835121,no
684,"Love Is The Lesson","Billy Ray Cyrus",138,9B,93,2026-09-02,03:45,9,"country rock","","Back to Tennessee",2009-01-01,50,1,0,57,0,20,-4,G,4,7o81meaBYFMGD0W0oMXiAZ,"Walt Disney Records",USWD10835120,no
685,"Country As Country Can Be","Billy Ray Cyrus",112,12B,62,2026-09-02,03:24,11,"country rock","","Back to Tennessee",2009-01-01,51,34,0,51,0,10,-5,E,3,6sKJc7ccLT05eL6p6CVNUI,"Walt Disney Records",USWD10835119,no
686,"Like Nothing Else","Billy Ray Cyrus",138,6A,81,2026-09-02,04:23,9,"country rock","","Back to Tennessee",2009-01-01,46,18,0,28,0,10,-5,G minor,4,3ht37o050xcAhygsfPccSL,"Walt Disney Records",USWD10835118,no
687,"I Could Be The One","Billy Ray Cyrus",126,9A,85,2026-09-02,03:02,12,"country rock","","Back to Tennessee",2009-01-01,56,10,0,73,0,30,-4,E minor,4,5wdD4aEwv3jthYPzaPNopN,"Walt Disney Records",USWD10835117,no
688,"A Good Day","Billy Ray Cyrus",158,10B,67,2026-09-02,04:06,10,"country rock","","Back to Tennessee",2009-01-01,41,38,0,40,0,20,-5,D,4,0gLfJl1di8NLYWQ5m8QkOe,"Walt Disney Records",USWD10835116,no
689,"Somebody Said A Prayer","Billy Ray Cyrus",148,8B,70,2026-09-02,04:05,16,"country rock","","Back to Tennessee",2009-01-01,35,28,0,28,0,20,-5,C,4,1XdBcrCwSEQIwQxKyFkiPI,"Walt Disney Records",USWD10834638,no
690,"He's Mine","Billy Ray Cyrus",134,7B,54,2026-09-02,03:43,12,"country rock","","Back to Tennessee",2009-01-01,50,55,0,21,0,10,-6,F,4,4kRwMFJUQzeLM1a6ftHC7Y,"Walt Disney Records",USWD10835115,no
691,"REVIVƎЯ","Sawano Hiroyuki, SennaRin",134,12A,36,2026-09-02,03:11,51,"anime, soundtrack","Pop, Classical, Easy Listening","REVIVƎЯ",2025-03-02,37,84,0,23,0,20,-8,C♯/D♭ minor,3,67x1DxMJvnHdHzOQ9E3AS7,"Aniplex Inc.",JPE302401091,no
692,"Bad Reviews","Sabrina Carpenter",104,1B,57,2026-09-02,02:21,68,"pop","Pop","Short n' Sweet (Deluxe)",2025-02-14,52,29,0,45,0,30,-7,B,4,1Y66A5zH3iPOWCDIuSDQR5,"Island Records",USUM72413908,no
693,"Couldn’t Make It Any Harder","Sabrina Carpenter",97,12B,46,2026-09-02,02:59,71,"pop","Pop","Short n' Sweet (Deluxe)",2025-02-14,47,41,0,30,0,10,-5,E,3,5YwBaDW36fztKNnoiHQar3,"Island Records",USUM72413906,yes
694,"Lie To Girls","Sabrina Carpenter",120,7B,42,2026-09-02,03:22,59,"pop","Pop","Short n' Sweet (Deluxe)",2025-02-14,66,46,0,25,0,30,-9,F,4,0I6ZBVBb7DXfjVVCM0NmSQ,"Island Records",USUM72404108,yes
695,"Dumb & Poetic","Sabrina Carpenter",78,9B,41,2026-09-02,02:13,59,"pop","Pop","Short n' Sweet (Deluxe)",2025-02-14,28,76,0,26,0,20,-5,G,1,1QBEAcc13ipZG7OvT2z2v1,"Island Records",USUM72405668,yes
696,"Sharpest Tool","Sabrina Carpenter",91,12B,64,2026-09-02,03:38,60,"pop","Pop","Short n' Sweet (Deluxe)",2025-02-14,72,46,0,53,0,0,-7,E,4,6Dr0QDwc9g69u5H7vuIyxh,"Island Records",USUM72404104,yes
697,"Ready, Set, Don't Go","Billy Ray Cyrus, Miley Cyrus",77,10B,72,2026-09-02,03:48,47,"country rock, pop","Pop","Home At Last",2007-10-09,47,28,0,43,0,10,-5,D,4,4SSUj4OC7giqpMNCqSQSCf,"Walt Disney Records",USWD10733023,no
698,"Stand","Billy Ray Cyrus",112,11B,84,2026-09-02,03:56,13,"country rock","","Home At Last",2007-10-09,51,2,0,67,0,70,-4,A,4,6dI3UQkHhOEQyMWluSTnhx,"Walt Disney Records",USWD10732454,no
699,"Over the Rainbow","Billy Ray Cyrus",91,8B,14,2026-09-02,05:12,8,"country rock","","Home At Last",2007-10-09,53,91,1,16,0,10,-16,C,4,1KmEIcS6Zv1ta9IE8k5n4Q,"Walt Disney Records",USWD10732004,no
700,"Put a Little Love in Your Heart","Billy Ray Cyrus",96,6B,76,2026-09-02,03:12,11,"country rock","","Home At Last",2007-10-09,74,14,0,83,0,40,-7,A#/B♭,4,6E5ZhdR2o1B5GqwfxmnyP9,"Walt Disney Records",USWD10732008,no
701,"You've Got a Friend","Billy Ray Cyrus",98,1B,62,2026-09-02,04:22,10,"country rock","","Home At Last",2007-10-09,61,22,0,35,0,0,-8,B,4,1VFzhJzhM0eQRsbRON1ymD,"Walt Disney Records",USWD10732006,no
702,"The Buffalo","Billy Ray Cyrus",122,11B,77,2026-09-02,03:55,9,"country rock","","Home At Last",2007-10-09,58,8,0,53,0,30,-4,A,4,0tKoKiiU1ck1EmUTkQY9mL,"Walt Disney Records",USWD10732366,no
703,"Ready, Set, Don't Go","Billy Ray Cyrus",154,10B,68,2026-09-02,04:04,34,"country rock","","Home At Last",2007-10-09,50,42,0,31,0,0,-7,D,4,2Kinnv0aWL9HAVf3EJacAt,"Walt Disney Records",USWD10732001,no
704,"Busy Man","Billy Ray Cyrus",164,9B,59,2026-09-02,03:14,42,"country rock","","The Definitive Collection",2004-01-01,59,12,0,52,0,20,-9,G,4,5GMQ4VxMtzTShn13uGw7BT,"Mercury Nashville",USMR19898218,no
705,"Time For Letting Go","Billy Ray Cyrus",109,4A,47,2026-09-02,04:10,12,"country rock","","The Definitive Collection",2004-01-01,72,4,0,35,0,10,-8,F minor,4,0wxdQzA3B9LlROIF8nWq0U,"Mercury Nashville",USMR19889219,no
706,"It's All The Same To Me","Billy Ray Cyrus",108,7B,49,2026-09-02,04:22,14,"country rock","","The Definitive Collection",2004-01-01,70,13,0,60,0,10,-10,F,4,0XwwI8QDULJBw6WE5CvrOt,"Mercury Nashville",USMR19787107,no
707,"Harper Valley P.T.A.","Billy Ray Cyrus",110,10B,76,2026-09-02,04:09,24,"country rock","","The Definitive Collection",2004-01-01,78,32,0,87,0,30,-6,D,4,1l39NPkWXFTtlTZoSxPSs4,"Mercury Nashville",USMR19607249,no
708,"Three Little Words","Billy Ray Cyrus",109,8B,58,2026-09-02,04:13,7,"country rock","","The Definitive Collection",2004-01-01,64,10,0,60,0,10,-7,C,4,04s1UHK80wb9iBOe69ZJ81,"Mercury Nashville",USMR19607248,no
709,"Trail Of Tears","Billy Ray Cyrus",170,10B,52,2026-09-02,03:39,25,"country rock","","The Definitive Collection",2004-01-01,59,24,0,90,0,0,-11,D,4,124MRK87n92SbcabFdtaO0,"Mercury Nashville",USMR19607243,no
710,"Somebody New","Billy Ray Cyrus",101,8B,47,2026-09-02,03:44,9,"country rock","","The Definitive Collection",2004-01-01,59,35,0,44,0,10,-9,C,4,02VovFtoTGaQKb1DrCeGIV,"Mercury Nashville",USMR19300002,no
711,"In The Heart Of A Woman","Billy Ray Cyrus",90,11B,68,2026-09-02,03:59,17,"country rock","","The Definitive Collection",2004-01-01,42,17,0,56,0,10,-7,A,4,52Twc1xBmsSTk3EwsZZLHO,"Mercury Nashville",USMR19300003,no
712,"Holding On to a Dream","Billy Ray Cyrus",112,5B,69,2026-09-02,03:27,21,"country rock","","The Other Side",2003-10-28,62,0,0,52,0,0,-7,D#/E♭,4,0P5WM0smvLYqkP6Ez5vYjV,"Word",USWR60300966,no
713,"Tip of My Heart","Billy Ray Cyrus",77,8B,65,2026-09-02,04:26,6,"country rock","","The Other Side",2003-10-28,56,6,0,46,0,0,-9,C,4,72S7R3UvNtJS2NcwBY74NH,"Word",USWR60300962,no
714,"Love Has No Walls","Billy Ray Cyrus",178,2B,72,2026-09-02,03:41,5,"country rock","","The Other Side",2003-10-28,36,1,0,62,0,10,-7,F#/G♭,4,1fFmiAs64h50VnuMFJfMD9,"Word",USWR60300964,no
715,"I Need You Now","Billy Ray Cyrus",144,6B,51,2026-09-02,04:12,16,"country rock","","The Other Side",2003-10-28,47,28,0,27,0,0,-9,A#/B♭,4,6pbXvwlX1zwouRWPFoAyDv,"Word",USWR60300967,no
716,"Wouldn't You Do This for Me","Billy Ray Cyrus",138,4B,51,2026-09-02,03:38,7,"country rock","","The Other Side",2003-10-28,48,30,0,37,0,0,-9,G#/A♭,4,3TQbXk8kjoFdncJS0oHkkX,"Word",USWR60300963,no
717,"Without You","Billy Ray Cyrus",133,11B,40,2026-09-02,04:05,3,"country rock","","Southern Rain",2000-10-12,48,14,0,27,0,0,-7,A,4,3vQRfML6bvxSgB1AvnMGwJ,"Monument",USSM10011691,no
718,"Everywhere I Wanna Be","Billy Ray Cyrus",142,10B,49,2026-09-02,03:27,4,"country rock","","Southern Rain",2000-10-12,44,34,0,11,0,30,-7,D,4,2OEoEbKD9IbBSgbkPwDAcj,"Monument",USSM10011688,no
719,"Love You Back","Billy Ray Cyrus",133,8B,50,2026-09-02,03:55,3,"country rock","","Southern Rain",2000-10-12,52,3,0,29,0,10,-7,C,4,2nyu7FbDaaXmoanGTf5MF5,"Monument",USSM10011383,no
720,"I Will","Billy Ray Cyrus",158,5B,57,2026-09-02,03:57,4,"country rock","","Southern Rain",2000-10-12,28,2,0,36,0,30,-7,D#/E♭,3,2twrsEK5i4G0l2hg447bPU,"Monument",USSM10011377,no
721,"You Won't Be Lonely Now","Billy Ray Cyrus",154,3B,53,2026-09-02,03:52,7,"country rock","","Southern Rain",2000-10-12,37,31,0,34,0,20,-7,C♯/D♭,3,6EqIPSy6771nbVzw6kT8oI,"Monument",USSM10009452,no
722,"Only God Could Stop Me Loving You","Billy Ray Cyrus",63,9B,30,2026-09-02,05:09,12,"country rock","","Storm In The Heartland",1994-01-01,56,52,0,29,0,10,-10,G,4,2e3wHJZzIJNj123v51Wx3P,"Island Mercury",USPR39402499,no
723,"Patsy Come Home","Billy Ray Cyrus",103,12B,36,2026-09-02,03:52,16,"country rock","","Storm In The Heartland",1994-01-01,60,17,0,27,0,10,-12,E,4,4ewmP1U2N5Hvxv4z7HU45T,"Island Mercury",USPR39402497,no
724,"Redneck Heaven","Billy Ray Cyrus",107,10B,40,2026-09-02,04:02,11,"country rock","","Storm In The Heartland",1994-01-01,68,21,0,68,0,0,-12,D,4,6OsFYYFf2TbKsDq8fy6zid,"Island Mercury",USPR39402492,no
725,"I'm So Miserable","Billy Ray Cyrus",123,10B,51,2026-09-02,04:01,9,"country rock","","Some Gave All",1992-01-01,64,7,0,90,0,10,-12,D,3,1EyFkfIBjUV5s9P2UluMnf,"Island Mercury",USPG19290120,no
726,"Someday, Somewhere, Somehow","Billy Ray Cyrus",97,10B,40,2026-09-02,03:49,10,"country rock","","Some Gave All",1992-01-01,63,11,0,49,0,0,-12,D,4,2YXXIXJKStFG2CRawtjooF,"Island Mercury",USPG19290117,no
727,"Wher'm I Gonna Live?","Billy Ray Cyrus",124,9B,47,2026-09-02,03:30,17,"country rock","","Some Gave All",1992-01-01,76,11,0,75,0,10,-10,G,4,3gju9gxsmVyFyKEgTLQ1pm,"Island Mercury",USMR10300002,no
728,"She's Not Cryin' Anymore","Billy Ray Cyrus",177,10B,30,2026-09-02,03:27,17,"country rock","","Some Gave All",1992-01-01,46,35,0,64,0,30,-12,D,4,0Lh3HpNePVGKg0kr3jVvbn,"Island Mercury",USMR10200345,no
729,"Without a Warning","The Weeknd",88,12A,51,2026-09-02,04:57,70,"canadian contemporary r&b, canadian pop, pop","R&B, Pop","Hurry Up Tomorrow",2025-01-31,27,16,0,7,0,60,-8,C♯/D♭ minor,4,6n6GfXu4i22rdsmRKe2eIn,"XO / Republic Records",USUG12501146,no
730,"The Abyss (feat. Lana Del Rey)","The Weeknd, Lana Del Rey",85,5A,40,2026-09-02,04:42,78,"canadian contemporary r&b, canadian pop, pop, art pop","Pop, R&B","Hurry Up Tomorrow",2025-01-31,19,23,0,6,0,10,-9,C minor,4,5ZDKPFRZC6QlJpf8bCIXTs,"XO / Republic Records",USUG12501144,no
731,"Drive","The Weeknd",152,5A,56,2026-09-02,03:08,64,"canadian contemporary r&b, canadian pop, pop","R&B, Pop","Hurry Up Tomorrow",2025-01-31,58,17,0,23,0,10,-7,C minor,4,6i5fDaCzwxRrZtuvvcqoIf,"XO / Republic Records",USUG12501143,no
732,"Timeless (feat Playboi Carti)","The Weeknd, Playboi Carti",120,10A,78,2026-09-02,04:16,91,"canadian contemporary r&b, canadian pop, pop, rage rap","R&B, Pop, Hip Hop","Hurry Up Tomorrow",2025-01-31,77,7,0,60,0,10,-5,B minor,4,0FIDCNYYjNvPVimz5icugS,"XO / Republic Records",USUG12406536,yes
733,"Enjoy The Show (feat. Future)","The Weeknd, Future",120,1B,62,2026-09-02,05:01,67,"canadian contemporary r&b, canadian pop, pop, rap, trap","R&B, Pop, Hip Hop","Hurry Up Tomorrow",2025-01-31,63,18,0,24,0,30,-7,B,4,637oNhilCI9UlkWkUW4Grt,"XO / Republic Records",USUG12501136,yes
734,"Opening Night","The Weeknd",180,9A,65,2026-09-02,01:36,65,"canadian contemporary r&b, canadian pop, pop","R&B, Pop","Hurry Up Tomorrow",2025-01-31,41,4,10,51,10,30,-8,E minor,4,4Msr8L0gHGDsLSBlk7pSPU,"XO / Republic Records",USUG12501134,no
736,"What a Little Moonlight Can Do / Fooling Myself","Billie Holiday",59,8B,45,2026-09-02,05:11,4,"jazz, vocal jazz, big band, swing music","Jazz","Easy to Remember",1966-07-21,41,95,0,57,10,10,-11,C,4,6eAFuqmYQf5VlukgM3PTgv,"Society Records",QMFME2150267,no
737,"Ghost of a Chance","Billie Holiday",62,5B,29,2026-09-02,03:27,1,"jazz, vocal jazz, big band, swing music","Jazz","Billie Holiday Volume II",1966-07-12,42,99,34,25,0,40,-13,D#/E♭,4,1YJXxc2UsTDvhhG1Pqzpbv,"Everest Records",QM6N21929730,no
738,"Easy to Remember","Billie Holiday",135,4B,31,2026-09-02,03:23,0,"jazz, vocal jazz, big band, swing music","Jazz","Billie Holiday Volume II",1966-07-12,42,99,5,55,0,10,-14,G#/A♭,4,2pCquH79FgW4Tp5IuMKqSx,"Everest Records",QM6N21929727,no
739,"Rocky Mountain Blues","Billie Holiday",85,11A,26,2026-09-02,03:03,6,"jazz, vocal jazz, big band, swing music","Jazz","Lady Love (Billie's Blues)",1962-01-01,54,95,0,47,0,0,-10,F#/G♭ minor,4,1fpU8Ya2kAhzmOmMNdV3JV,"CM BLUE NOTE (A92)",USBN28800036,no
740,"Baby Won't You Please Come Home","Billie Holiday",87,7A,25,2026-09-02,03:04,22,"jazz, vocal jazz, big band, swing music","Jazz","Billie Holiday With Ray Ellis And His Orchestra",1959-07-01,65,47,0,35,0,20,-14,D minor,4,0g8d2keFmQKFWWy8dS1dFp,"Verve Reissues",USF095925610,no
741,"'Deed I Do","Billie Holiday",116,9B,25,2026-09-02,02:15,15,"jazz, vocal jazz, big band, swing music","Jazz","Billie Holiday With Ray Ellis And His Orchestra",1959-07-01,60,42,0,42,0,20,-13,G,4,12rm4bwKTPOwegZ7y3EnKS,"Verve Reissues",USF095925550,no
742,"There'll Be Some Changes Made","Billie Holiday",80,6A,17,2026-09-02,02:53,20,"jazz, vocal jazz, big band, swing music","Jazz","Billie Holiday With Ray Ellis And His Orchestra",1959-07-01,60,73,0,36,10,0,-15,G minor,4,5uQY9Xy6umqnkbgtaxrKww,"Verve Reissues",USF095925540,no
743,"When It's Sleepy Time Down South","Billie Holiday, Ray Ellis And His Orchestra",77,9B,12,2026-09-02,04:08,18,"jazz, vocal jazz, big band, swing music","Jazz","Billie Holiday With Ray Ellis And His Orchestra",1959-07-01,39,90,0,17,0,30,-15,G,5,6CLAFjzmrRxUQxx1QV2IDo,"Verve Reissues",USPR35902473,no
744,"You Took Advantage Of Me","Billie Holiday, Ray Ellis And His Orchestra",92,4B,20,2026-09-02,03:11,18,"jazz, vocal jazz, big band, swing music","Jazz","Billie Holiday With Ray Ellis And His Orchestra",1959-07-01,38,75,0,38,0,30,-14,G#/A♭,4,2wWnsFw66t3noSLizztLk5,"Verve Reissues",USF095925520,no
745,"Violets for Your Furs - Take 6","Billie Holiday",167,6B,33,2026-09-02,03:26,2,"jazz, vocal jazz, big band, swing music","Jazz","Lady In Satin: The Centennial Edition",1958-06,27,94,0,25,0,20,-10,A#/B♭,3,1iFAOhhEDRfU5YIgrmB0fr,"OKEH",USSM11500375,no
746,"Violets for Your Furs - Takes 4 & 5","Billie Holiday",90,6B,32,2026-09-02,04:15,3,"jazz, vocal jazz, big band, swing music","Jazz","Lady In Satin: The Centennial Edition",1958-06,30,94,0,26,0,60,-12,A#/B♭,3,3ofiWefr8KK9Rakj5i0C48,"OKEH",USSM11500374,no
747,"I Get Along Without You Very Well - Takes 3 & 4","Billie Holiday",143,5B,42,2026-09-02,03:58,3,"jazz, vocal jazz, big band, swing music","Jazz","Lady In Satin: The Centennial Edition",1958-06,28,85,0,20,0,50,-11,D#/E♭,3,6NkEZ00LjcLmb1SpOF8tlH,"OKEH",USSM11500371,no
748,"You've Changed - Takes 1-3","Billie Holiday",118,7B,35,2026-09-02,03:14,7,"jazz, vocal jazz, big band, swing music","Jazz","Lady In Satin: The Centennial Edition",1958-06,33,92,0,26,0,10,-12,F,4,4m0buKU9SNZzSUJL3SVW5B,"OKEH",USSM11500369,no
749,"Glad to Be Unhappy - Takes 1 & 2","Billie Holiday",88,6B,32,2026-09-02,02:06,2,"jazz, vocal jazz, big band, swing music","Jazz","Lady In Satin: The Centennial Edition",1958-06,39,88,0,19,0,30,-12,A#/B♭,5,3dKpurZQJZg2P7FuBKedpU,"OKEH",USSM11500366,no
750,"The End of a Love Affair - Composite Takes 5-7","Billie Holiday",134,6B,32,2026-09-02,12:15,2,"jazz, vocal jazz, big band, swing music","Jazz","Lady In Satin: The Centennial Edition",1958-06,33,81,0,30,0,10,-12,A#/B♭,4,03pVBCCDaetV3cvO87Ovjs,"OKEH",USSM11500364,no
751,"I'm a Fool to Want You - Takes 2 & 3","Billie Holiday",171,8A,28,2026-09-02,03:30,4,"jazz, vocal jazz, big band, swing music","Jazz","Lady In Satin: The Centennial Edition",1958-06,22,96,0,28,0,30,-13,A minor,3,5bVw6UUe0FUTFYHGtrEhyD,"OKEH",USSM11500361,no
752,"I'm a Fool to Want You - Take 1","Billie Holiday",85,8A,29,2026-09-02,03:21,8,"jazz, vocal jazz, big band, swing music","Jazz","Lady In Satin: The Centennial Edition",1958-06,34,95,0,26,0,20,-12,A minor,4,2c7luZeQyen9iUciKFn644,"OKEH",USSM11500360,no
753,"It's Easy to Remember - Takes 1 & 2","Billie Holiday",119,9B,30,2026-09-02,07:34,3,"jazz, vocal jazz, big band, swing music","Jazz","Lady In Satin: The Centennial Edition",1958-06,32,91,0,28,0,20,-12,G,3,6BXFgLiDKPmQPIZPOc0VP7,"OKEH",USSM11500358,no
754,"For All We Know - Takes 3 & 4","Billie Holiday",76,7B,30,2026-09-02,03:46,3,"jazz, vocal jazz, big band, swing music","Jazz","Lady In Satin: The Centennial Edition",1958-06,17,91,1,15,0,10,-12,F,4,3QkO383IoEWXfZWIWlaLL0,"OKEH",USSM11500357,no
755,"For Heaven's Sake - Take 1","Billie Holiday",130,4B,32,2026-09-02,03:55,3,"jazz, vocal jazz, big band, swing music","Jazz","Lady In Satin: The Centennial Edition",1958-06,35,84,0,32,0,60,-12,G#/A♭,4,0Nq0mZD38ccs7NzkIM9IRc,"OKEH",USSM11500353,no
756,"You Don't Know What Love Is - Takes 1-3","Billie Holiday",68,6A,33,2026-09-02,05:22,5,"jazz, vocal jazz, big band, swing music","Jazz","Lady In Satin: The Centennial Edition",1958-06,22,92,1,11,0,30,-13,G minor,4,2z4OQUAH3TMyYNSO442PW6,"OKEH",USSM11500350,no
757,"The End of a Love Affair - Stereo Take 4 with Vocal Overdub Take 8","Billie Holiday",137,6A,31,2026-09-02,04:47,19,"jazz, vocal jazz, big band, swing music","Jazz","Lady In Satin",1958-06,28,72,0,28,0,20,-15,G minor,4,0YNaV8iU1JwA0LUEIPBsf5,"OKEH",USSM11500365,no
758,"The End of a Love Affair - The Audio Story","Billie Holiday",91,6B,18,2026-09-02,09:53,20,"jazz, vocal jazz, big band, swing music","Jazz","Lady In Satin",1958-06,25,64,0,29,0,40,-18,A#/B♭,3,08rD04UvYWW8nCowV7Bapr,"OKEH",USSM15800240,no
759,"I'm a Fool to Want You (with Ray Ellis & His Orchestra) - Take 2 [Alternate]","Billie Holiday, Ray Ellis And His Orchestra",130,8A,16,2026-09-02,03:25,21,"jazz, vocal jazz, big band, swing music","Jazz","Lady In Satin",1958-06,31,71,0,34,0,60,-19,A minor,4,38YV43s75rETyFK70bQKPw,"OKEH",USSM19701658,no
760,"I'm a Fool to Want You - Mono Take 3","Billie Holiday",166,8A,21,2026-09-02,03:27,21,"jazz, vocal jazz, big band, swing music","Jazz","Lady In Satin",1958-06,22,70,0,23,0,30,-18,A minor,3,1p0vecoB7uJW3jjcyvAwuO,"OKEH",USSM11500518,no
761,"But Beautiful","Billie Holiday",89,6A,21,2026-09-02,04:31,29,"jazz, vocal jazz, big band, swing music","Jazz","Lady In Satin",1958-06,23,78,0,17,0,30,-16,G minor,1,3cxsbR45aJapa001BxlGYL,"OKEH",USSM15800235,no
762,"You've Changed","Billie Holiday",94,5A,29,2026-09-02,03:19,36,"jazz, vocal jazz, big band, swing music","Jazz","Lady In Satin",1958-06,32,78,0,31,0,20,-15,C minor,3,6pyIYkI6eckBahwLKnAfHG,"OKEH",USSM15800233,no
763,"I Get Along Without You Very Well","Billie Holiday",74,4B,24,2026-09-02,03:00,29,"jazz, vocal jazz, big band, swing music","Jazz","Lady In Satin",1958-06,33,21,0,33,0,10,-18,G#/A♭,4,0MwFfbwwhTxa7ZMdFjVoGp,"OKEH",USSM15800230,no
764,"For Heaven's Sake","Billie Holiday",120,4B,20,2026-09-02,03:28,30,"jazz, vocal jazz, big band, swing music","Jazz","Lady In Satin",1958-06,36,75,0,30,0,10,-16,G#/A♭,4,2BUxmT11iPwKGdXx1frAUb,"OKEH",USSM15800228,no
765,"I'm a Fool to Want You","Billie Holiday",78,8A,23,2026-09-02,03:25,51,"jazz, vocal jazz, big band, swing music","Jazz","Lady In Satin",1958-06,24,70,0,26,0,20,-17,A minor,5,6Rvz1jM5eUqzNs2Pi8RMTG,"OKEH",USSM15800227,no
766,"Big Stuff","Billie Holiday, Camarata And His Orchestra",80,11B,14,2026-09-02,02:32,26,"jazz, vocal jazz, big band, swing music","Jazz","The Blues Are Brewin'",1958-01-01,60,93,0,38,0,0,-17,A,4,6DBTJQB1VxR82nIEwNrPUp,"Verve Reissues",USGR10000113,no
767,"You Can't Lose A Broken Heart","Louis Armstrong, Billie Holiday, Sy Oliver & His Orchestra",92,6A,12,2026-09-02,03:15,9,"jazz, swing music, vocal jazz, big band","Jazz","The Blues Are Brewin'",1958-01-01,63,81,0,38,0,20,-15,G minor,4,2hMkIQNEaUaIarIYqBtqHD,"Verve Reissues",USMC14975342,no
768,"Baby Get Lost","Billie Holiday, Buster Harding & His Orchestra",137,8B,18,2026-09-02,03:15,17,"jazz, vocal jazz, big band, swing music","Jazz","The Blues Are Brewin'",1958-01-01,66,88,0,43,0,20,-11,C,4,3YwjcqMtFdAJ6jZ4EVsW5s,"Verve Reissues",USMC14975148,no
769,"Do Your Duty","Billie Holiday, Sy Oliver & His Orchestra",114,6A,25,2026-09-02,03:16,15,"jazz, vocal jazz, big band, swing music","Jazz","The Blues Are Brewin'",1958-01-01,60,90,0,37,0,30,-11,G minor,3,594VViGBPR7H4S7hWitk4K,"Verve Reissues",USMC14975241,no
770,"Guilty","Billie Holiday, John Simmons & His Orchestra",71,5B,6,2026-09-02,03:13,41,"jazz, vocal jazz, big band, swing music","Jazz","The Blues Are Brewin'",1958-01-01,45,99,0,19,0,10,-16,D#/E♭,4,4XmnvVsJcKk2fy3jX5Hl6e,"Verve Reissues",USMC14673768,no
771,"Baby, I Don't Cry Over You","Billie Holiday, Billy Kyle and His Trio",92,5A,11,2026-09-02,03:13,42,"jazz, vocal jazz, big band, swing music","Jazz","The Blues Are Brewin'",1958-01-01,66,96,0,50,0,10,-19,C minor,5,5gXoSVnLyvxRFdvIhUElXS,"Verve Reissues",USMC14673497,no
772,"Keeps On A Rainin'","Billie Holiday, Sy Oliver & His Orchestra",69,7B,16,2026-09-02,03:16,9,"jazz, vocal jazz, big band, swing music","Jazz","The Blues Are Brewin'",1958-01-01,58,83,0,49,0,10,-13,F,4,4HZjMpx5SDL07kMDNXF7Bs,"Verve Reissues",USGR10200694,no
773,"Do Nothin' Till You Hear From Me","Billie Holiday",106,8B,16,2026-09-02,04:59,13,"jazz, vocal jazz, big band, swing music","Jazz","Stay With Me",1958-01-01,49,89,0,20,0,20,-13,C,3,1HSMg8Bit2mmslys1Xs8IC,"Verve Reissues",USPR35500087,no
774,"Always","Billie Holiday",141,5A,29,2026-09-02,03:59,14,"jazz, vocal jazz, big band, swing music","Jazz","Stay With Me",1958-01-01,52,89,0,56,0,30,-12,C minor,4,5p5OmMl89nsO1ElcxNPxta,"Verve Reissues",USPR35500086,no
775,"Ain't Misbehavin' (I'm Savin' My Love For You)","Billie Holiday",120,7B,31,2026-09-02,04:40,20,"jazz, vocal jazz, big band, swing music","Jazz","Stay With Me",1958-01-01,55,84,0,52,0,30,-11,F,4,7wuF0MyZWP6gS2OBZgZWAR,"Verve Reissues",USPR35502409,no
776,"Please Tell Me Now","Billie Holiday",134,7B,9,2026-09-02,03:15,25,"jazz, vocal jazz, big band, swing music","Jazz","Lover Man",1958-01-01,32,86,0,18,0,10,-15,F,4,6iDBmjyyQqSv9dmTOl4AuF,"Verve Reissues",USMC14975423,no
777,"Girls Were Made To Take Care Of Boys","Billie Holiday, The Stardusters",77,6B,5,2026-09-02,03:11,23,"jazz, vocal jazz, big band, swing music","Jazz","Lover Man",1958-01-01,56,96,0,35,0,10,-19,A#/B♭,4,6gHjHojdU3i8uYDYHOxQfa,"Verve Reissues",USMC14874651,no
778,"Porgy","Billie Holiday",119,7B,3,2026-09-02,02:56,35,"jazz, vocal jazz, big band, swing music","Jazz","Lover Man",1958-01-01,49,98,0,23,0,10,-20,F,4,4zmNvhsd4kDCtQSmpQqLlf,"Verve Reissues",USMC14874652,no
779,"This Is Heaven To Me","Billie Holiday",134,9B,8,2026-09-02,02:51,26,"jazz, vocal jazz, big band, swing music","Jazz","Lover Man",1958-01-01,39,96,0,11,0,10,-14,G,4,5MGU3lTtAIlFpOaLgeqeCp,"Verve Reissues",USGR10200696,no
780,"That Ole Devil Called Love","Billie Holiday",67,4A,12,2026-09-02,02:55,38,"jazz, vocal jazz, big band, swing music","Jazz","Lover Man",1958-01-01,43,95,0,35,0,0,-17,F minor,4,0AQneI6Ek7V7pQEcRZfPwF,"Verve Reissues",USMC14472497,no
781,"Lover Man","Billie Holiday",63,8A,14,2026-09-02,03:17,56,"jazz, vocal jazz, big band, swing music","Jazz","Lover Man",1958-01-01,37,92,0,25,0,10,-12,A minor,4,0DuWyzeLH09PQcnOMJiRgE,"Verve Reissues",USMC14450716,no
782,"Love Is Here To Stay","Billie Holiday",125,8B,30,2026-09-02,03:46,0,"jazz, vocal jazz, big band, swing music","Jazz","All Or Nothing At All",1958-01-01,63,79,0,50,0,10,-11,C,3,4x4gE6oHHuZ2y7yUsGuOO1,"Verve Reissues",USPR35700087,no
783,"Say It Isn't So","Billie Holiday",85,5A,16,2026-09-02,03:19,0,"jazz, vocal jazz, big band, swing music","Jazz","All Or Nothing At All",1958-01-01,56,91,0,17,0,10,-12,C minor,4,6Sm8fATeEUr1sSYdD7AY3q,"Verve Reissues",USPR35700089,no
784,"We'll Be Together Again","Billie Holiday",128,6A,19,2026-09-02,04:27,0,"jazz, vocal jazz, big band, swing music","Jazz","All Or Nothing At All",1958-01-01,52,92,0,18,0,10,-13,G minor,4,5tBgLX8TyzlXGyuGIje7iV,"Verve Reissues",USPR35600079,no
785,"I Wished On The Moon","Billie Holiday",123,5B,25,2026-09-02,03:28,0,"jazz, vocal jazz, big band, swing music","Jazz","All Or Nothing At All",1958-01-01,65,74,0,53,0,20,-12,D#/E♭,3,7cbfKO5rp9BkGRpTs0uuY3,"Verve Reissues",USPR35702519,no
786,"Speak Low","Billie Holiday",117,5A,27,2026-09-02,04:29,0,"jazz, vocal jazz, big band, swing music","Jazz","All Or Nothing At All",1958-01-01,63,94,0,52,0,0,-13,C minor,4,17SIqmKU86yUoUq41MyklH,"Verve Reissues",USPR35600068,no
787,"Cheek To Cheek","Billie Holiday",145,5A,35,2026-09-02,03:37,0,"jazz, vocal jazz, big band, swing music","Jazz","All Or Nothing At All",1958-01-01,58,81,0,70,0,10,-11,C minor,4,6qJbpvaU6MVjb3XxyHetVR,"Verve Reissues",USPR35600051,no
788,"I Didn't Know What Time It Was","Billie Holiday",87,8B,23,2026-09-02,06:03,23,"jazz, vocal jazz, big band, swing music","Jazz","Songs For Distingué Lovers",1957-01-01,56,75,0,30,0,20,-13,C,4,49VrJyOuglhUstvklqRQLO,"Verve Reissues",USPR35705203,no
789,"One For My Baby (And One More For The Road)","Billie Holiday",62,8B,25,2026-09-02,05:40,26,"jazz, vocal jazz, big band, swing music","Jazz","Songs For Distingué Lovers",1957-01-01,43,59,0,25,0,10,-12,C,4,5Xg0sSvg7QWWdwW7eCpIE3,"Verve Reissues",USPR35700090,no
790,"Stars Fell On Alabama","Billie Holiday",91,9B,29,2026-09-02,04:31,30,"jazz, vocal jazz, big band, swing music","Jazz","Songs For Distingué Lovers",1957-01-01,48,63,0,48,0,20,-13,G,4,5we6noV3g6mSd40pamxyTS,"Verve Reissues",USPR35705207,no
791,"A Foggy Day","Billie Holiday",81,6A,31,2026-09-02,04:42,24,"jazz, vocal jazz, big band, swing music","Jazz","Songs For Distingué Lovers",1957-01-01,60,70,0,49,0,10,-14,G minor,4,2ecOgxbv2W7DM6R50hunis,"Verve Reissues",USF095700020,no
792,"鎖スPen$","Sawano Hiroyuki",130,6A,26,2026-09-02,07:37,11,"anime, soundtrack","Pop, Classical, Easy Listening","GUILTY CROWN COMPLETE SOUNDTRACK",2012-00-00,34,64,87,4,0,10,-17,G minor,4,1FzfPXPgpeSQMLUE3DNfFF,"Aniplex Inc.",JPE301200065,no
793,"Moonlight In Vermont","Billie Holiday",108,11B,8,2026-09-02,03:47,33,"jazz, vocal jazz, big band, swing music","Jazz","Body and Soul",1957-01-01,52,88,0,27,0,10,-18,A,4,1tnNrJSjlmGuzA2uMguXLX,"Verve Reissues",USPR35705202,no
794,"Gee Baby, Ain't I Good To You","Billie Holiday",178,3B,25,2026-09-02,05:34,22,"jazz, vocal jazz, big band, swing music","Jazz","Body and Soul",1957-01-01,48,56,0,27,0,0,-13,C♯/D♭,3,1s3nLvXJ3wImTyvNWqbvBi,"Verve Reissues",USPR35702482,no
795,"Let's Call The Whole Thing Off","Billie Holiday",128,8B,30,2026-09-02,03:22,21,"jazz, vocal jazz, big band, swing music","Jazz","Body and Soul",1957-01-01,56,33,0,58,0,10,-13,C,4,7vmypkCvYIYxj3OAm0eJ8f,"Verve Reissues",USPR35700088,no
796,"Darn That Dream","Billie Holiday",66,6A,12,2026-09-02,06:15,25,"jazz, vocal jazz, big band, swing music","Jazz","Body and Soul",1957-01-01,57,80,0,22,0,10,-15,G minor,4,1KHtiTHpq1qpe3qTshUOXB,"Verve Reissues",USPR35700158,no
797,"They Can't Take That Away From Me","Billie Holiday",106,5A,27,2026-09-02,04:08,40,"jazz, vocal jazz, big band, swing music","Jazz","Body and Soul",1957-01-01,63,48,0,47,0,10,-14,C minor,4,1ytWVUYZiVJq8FriPFtafJ,"Verve Reissues",USPR35700094,no
798,"Body And Soul","Billie Holiday",179,4B,9,2026-09-02,06:18,45,"jazz, vocal jazz, big band, swing music","Jazz","Body and Soul",1957-01-01,44,81,0,22,0,10,-15,G#/A♭,3,7c7yHHFdYkqBzS1DG3UIFq,"Verve Reissues",USPR35700159,no
799,"My Old Flame","Billie Holiday",73,3B,10,2026-09-02,03:00,33,"jazz, vocal jazz, big band, swing music","Jazz","Billie Holiday",1957-01-01,54,99,0,31,0,10,-15,C♯/D♭,4,2UGJnn5AfQwUVH40hEUlPP,"Verve Reissues",USMC14448344,no
800,"Fine And Mellow","Billie Holiday",80,7B,12,2026-09-02,03:16,46,"jazz, vocal jazz, big band, swing music","Jazz","Billie Holiday",1957-01-01,49,98,0,33,0,10,-13,F,4,1QdQ4r05QWhtcTTXOgRtyA,"Verve Reissues",USMC13948336,no
801,"I Cover The Waterfront","Billie Holiday",76,3B,8,2026-09-02,03:29,41,"jazz, vocal jazz, big band, swing music","Jazz","Billie Holiday",1957-01-01,36,99,0,21,0,10,-15,C♯/D♭,4,2ACx6c851YfpUQygrASE6v,"Verve Reissues",USMC14401469,no
802,"I'll Be Seeing You","Billie Holiday",90,3B,3,2026-09-02,03:31,71,"jazz, vocal jazz, big band, swing music","Jazz","Billie Holiday",1957-01-01,36,99,6,19,0,10,-20,C♯/D♭,3,4smkJW6uzoHxGReZqqwHS5,"Verve Reissues",USMC14448351,no
803,"Everything I Have Is Yours -  Velvet Mood  Version","Billie Holiday",53,5A,13,2026-09-02,04:32,13,"jazz, vocal jazz, big band, swing music","Jazz","Velvet Mood",1956-01-01,57,85,0,17,0,10,-14,C minor,4,2zbtwFAdtmPeC30ZJtIKme,"Verve Reissues",USPR35502422,no
804,"I Hadn't Anyone Till You","Billie Holiday",68,8A,7,2026-09-02,04:04,15,"jazz, vocal jazz, big band, swing music","Jazz","Velvet Mood",1956-01-01,36,91,0,10,0,10,-14,A minor,4,0nfk3LWTahU0hNQKzIIH9S,"Verve Reissues",USPR35502421,no
805,"Prelude To A Kiss","Billie Holiday",124,4B,20,2026-09-02,05:36,22,"jazz, vocal jazz, big band, swing music","Jazz","Velvet Mood",1956-01-01,62,92,0,17,0,10,-11,G#/A♭,4,0jRC6xCZsAExvzejqF58xn,"Verve Reissues",USPR39401310,no
806,"What Is This Thing Called Love","Billie Holiday",116,6A,19,2026-09-02,03:12,27,"jazz, vocal jazz, big band, swing music","Jazz","The Lady Sings",1956-01-01,53,96,0,43,0,20,-14,G minor,4,3VbygcLZ2A8KErr3N2NJii,"Verve Reissues",USMC14573009,no
807,"No More","Billie Holiday",124,5B,6,2026-09-02,02:48,28,"jazz, vocal jazz, big band, swing music","Jazz","The Lady Sings",1956-01-01,39,92,0,13,0,20,-14,D#/E♭,4,3gTtCCXSpsCGabd7xWvcNZ,"Verve Reissues",USMC14472405,no
808,"Ain't Nobody's Business If I Do","Billie Holiday",101,9B,15,2026-09-02,03:21,24,"jazz, vocal jazz, big band, swing music","Jazz","The Lady Sings",1956-01-01,63,89,0,28,0,0,-12,G,4,6oxVp5wy6LqoWVQYNytLf1,"Verve Reissues",USMC14975147,no
809,"Don't Explain","Billie Holiday",79,5A,19,2026-09-02,03:24,30,"jazz, vocal jazz, big band, swing music","Jazz","The Lady Sings",1956-01-01,29,94,0,24,0,10,-13,C minor,5,6GLMwwNDbiiBe4D9JcSOwP,"Verve Reissues",USMC14573006,no
810,"Deep Song","Billie Holiday",82,3A,9,2026-09-02,03:12,24,"jazz, vocal jazz, big band, swing music","Jazz","The Lady Sings",1956-01-01,36,99,0,18,0,10,-16,A#/B♭ minor,5,0vgSBF68AFhF0WLB6AyklP,"Verve Reissues",USMC14773792,no
811,"Love For Sale","Billie Holiday",73,2A,15,2026-09-02,02:56,36,"jazz, vocal jazz, big band, swing music","Jazz","Solitude",1956-01-01,52,98,0,32,0,10,-14,D#/E♭ minor,3,4ceosr0yDFuqWxUiE6HXto,"Verve Reissues",USPR39401335,no
812,"These Foolish Things (Remind Me Of You)","Billie Holiday",125,5A,10,2026-09-02,03:35,40,"jazz, vocal jazz, big band, swing music","Jazz","Solitude",1956-01-01,51,98,0,17,0,10,-16,C minor,4,0ii3b9U8Yw0qnwEUBw0zZs,"Verve Reissues",USPR35200096,no
813,"Blue Moon","Billie Holiday",124,4B,27,2026-09-02,03:27,66,"jazz, vocal jazz, big band, swing music","Jazz","Solitude",1956-01-01,64,98,12,55,0,10,-11,G#/A♭,4,1pZn8AX1WulW8IO338hE5D,"Verve Reissues",USPR35200069,no
814,"East Of The Sun (West Of The Moon)","Billie Holiday",121,8A,19,2026-09-02,02:54,43,"jazz, vocal jazz, big band, swing music","Jazz","Solitude",1956-01-01,59,98,4,39,0,0,-10,A minor,4,1zE0JZiHOBPlHwLsf4wBld,"Verve Reissues",USPR35200138,no
815,"Autumn In New York","Billie Holiday",72,3A,10,2026-09-02,03:44,59,"jazz, vocal jazz, big band, swing music","Jazz","Recital",1956-01-01,59,96,0,29,0,10,-15,A#/B♭ minor,4,6o5RbQYhmF4yRRw7ZArxGL,"Verve Reissues",USPR35200080,no
816,"If The Moon Turns Green","Billie Holiday",76,8A,7,2026-09-02,02:48,31,"jazz, vocal jazz, big band, swing music","Jazz","Recital",1956-01-01,61,93,0,36,0,0,-15,A minor,4,3VVfyUGLBWKkTbGIuoLd1l,"Verve Reissues",USUMG0000725,no
817,"Willow Weep For Me","Billie Holiday",131,8B,15,2026-09-02,03:06,38,"jazz, vocal jazz, big band, swing music","Jazz","Lady Sings The Blues",1956-01-01,54,94,0,33,0,10,-13,C,3,4W6g5kfwp0LVBFauBSdx08,"Verve Reissues",USPR35400043,no
818,"Good Morning Heartache","Billie Holiday",175,3B,14,2026-09-02,03:28,27,"jazz, vocal jazz, big band, swing music","Jazz","Lady Sings The Blues",1956-01-01,37,97,0,13,0,10,-14,C♯/D♭,3,7h0r7BnpXgTnpT2pt5ld8X,"Verve Reissues",USPR35600067,no
819,"No Good Man","Billie Holiday",134,3A,12,2026-09-02,03:17,26,"jazz, vocal jazz, big band, swing music","Jazz","Lady Sings The Blues",1956-01-01,46,96,0,26,0,20,-14,A#/B♭ minor,4,15MFLe1aAKpqwZj5GBdV7V,"Verve Reissues",USPR35602458,no
820,"Strange Fruit","Billie Holiday",173,5A,6,2026-09-02,03:02,53,"jazz, vocal jazz, big band, swing music","Jazz","Lady Sings The Blues",1956-01-01,35,96,0,18,0,0,-15,C minor,4,7CdZrjAwcaULHNsSrnaezW,"Verve Reissues",USPR35602457,no
821,"I Must Have That Man!","Billie Holiday",77,4B,17,2026-09-02,03:03,42,"jazz, vocal jazz, big band, swing music","Jazz","Lady Sings The Blues",1956-01-01,49,93,0,34,0,10,-14,G#/A♭,4,00V6rYQ0nyE5KOLDMAlloC,"Verve Reissues",USF095625400,no
822,"Trav'lin Light","Billie Holiday",68,4B,11,2026-09-02,03:07,31,"jazz, vocal jazz, big band, swing music","Jazz","Lady Sings The Blues",1956-01-01,40,93,0,28,0,20,-16,G#/A♭,4,4Djv64pynMBVRER1eWxxCH,"Verve Reissues",USPR35602455,no
823,"Isn't This A Lovely Day?","Billie Holiday",88,6B,11,2026-09-02,04:12,19,"jazz, vocal jazz, big band, swing music","Jazz","Music For Torching",1955-01-01,48,88,0,20,0,0,-14,A#/B♭,5,6pz433Hywr5jLYE9MWUVeL,"Verve Reissues",USPR35502423,no
824,"I Get A Kick Out Of You","Billie Holiday",147,4A,38,2026-09-02,05:41,21,"jazz, vocal jazz, big band, swing music","Jazz","Music For Torching",1955-01-01,63,63,0,51,0,0,-11,F minor,4,5ifry5k4Rj8cAXgrOqHek5,"Verve Reissues",USPR35500088,no
825,"Gone With The Wind","Billie Holiday",124,7B,8,2026-09-02,03:26,19,"jazz, vocal jazz, big band, swing music","Jazz","Music For Torching",1955-01-01,52,91,0,13,0,0,-13,F,4,6vZjiQPgHaj7F0gWhjZ4YS,"Verve Reissues",USPR35502419,no
826,"I Don't Stand A Ghost Of A Chance With You","Billie Holiday",112,3B,13,2026-09-02,04:28,19,"jazz, vocal jazz, big band, swing music","Jazz","Music For Torching",1955-01-01,53,94,0,24,0,0,-13,C♯/D♭,3,1il02XcBekejdrrLR14Ujb,"Verve Reissues",USPR35502417,no
827,"Come Rain Or Come Shine","Billie Holiday",71,4A,18,2026-09-02,04:24,43,"jazz, vocal jazz, big band, swing music","Jazz","Music For Torching",1955-01-01,49,82,0,25,0,10,-12,F minor,4,20lPX0g0lacr7c72M8A0OR,"Verve Reissues",USPR35500084,no
828,"I Can't Face The Music","Billie Holiday",70,3A,10,2026-09-02,03:12,22,"jazz, vocal jazz, big band, swing music","Jazz","An Evening With Billie Holiday",1953-03-01,64,98,3,38,0,10,-17,A#/B♭ minor,4,2rYgNTDyovH1BY8am2sm62,"Verve Reissues",USPR35200021,no
829,"Tenderly","Billie Holiday",77,9B,5,2026-09-02,03:21,33,"jazz, vocal jazz, big band, swing music","Jazz","An Evening With Billie Holiday",1953-03-01,50,98,0,23,0,10,-18,G,4,1vOZTwtGwHp3ZYhltHAzIb,"Verve Reissues",USPR35200139,no
830,"He's Funny That Way","Billie Holiday",137,9B,7,2026-09-02,03:10,39,"jazz, vocal jazz, big band, swing music","Jazz","An Evening With Billie Holiday",1953-03-01,55,98,0,27,0,10,-16,G,5,3jG6okC06hzdqzIRcEzs7H,"Verve Reissues",USGR10201148,no
831,"My Man","Billie Holiday",82,5B,5,2026-09-02,02:35,24,"jazz, vocal jazz, big band, swing music","Jazz","An Evening With Billie Holiday",1953-03-01,46,97,0,31,0,10,-21,D#/E♭,3,73btNcP9daTnAWD6oewU9M,"Verve Reissues",USPR35200016,no
832,"Lover, Come Back To Me","Billie Holiday",121,8B,21,2026-09-02,03:33,23,"jazz, vocal jazz, big band, swing music","Jazz","An Evening With Billie Holiday",1953-03-01,59,98,7,68,0,10,-17,C,4,6OY1KpCWrY6gkC5ivv7ZoS,"Verve Reissues",USPR35200017,no
833,"Stormy Weather","Billie Holiday",179,6B,11,2026-09-02,03:41,52,"jazz, vocal jazz, big band, swing music","Jazz","An Evening With Billie Holiday",1953-03-01,44,97,1,28,0,20,-18,A#/B♭,3,3mwIoHzwnTnGWjAUVqajLr,"Verve Reissues",USPR35200018,no
834,"Vendedor de las Chicas de Plástico","La Maquina De Hacer Pájaros",134,9B,55,2026-09-02,04:43,38,"argentine rock, progressive rock, latin rock","Rock, Latin","Peliculas",1977-04-29,57,3,10,50,0,10,-14,G,4,2bAtGpjZV0Zv4If6gPA0x2,"Microfon",ARF100300044,no
835,"Bubulina","La Maquina De Hacer Pájaros",105,8A,19,2026-09-02,05:35,39,"argentine rock, progressive rock, latin rock","Rock, Latin","La Máquina de Hacer Pájaros",1976-04-29,24,6,8,4,0,10,-18,A minor,4,3oemuYBDjVOwHOHfPfqRHr,"Microfon",ARF100300035,no
836,"Sleeping Forest (INFINITY) feat. Bonjour Suzuki & TORIENA","TeddyLoid, Bonjour Suzuki, TORIENA",100,5A,73,2026-09-02,04:23,4,"vocaloid, shibuya-kei, j-dance","Electronic, Pop","SILENT PLANET: INFINITY",2018-11-28,55,7,0,50,0,0,-1,C minor,4,2KDZc2TRagPuhKo9wUxsvv,"KING RECORDS",JPKI01819660,no
837,"Star Guitar","★STAR GUiTAR, Bonjour Suzuki",123,3B,88,2026-09-02,04:14,3,"shibuya-kei, j-dance, jazz fusion","Electronic, Jazz, Rock, Pop","Here and There",2016-11-16,48,1,1,29,0,10,-6,C♯/D♭,4,23Orci37RdvTg589KK5GBd,"CLUSTER SOUNDS",JPP321600321,no
838,"Contour of Moon and Afternoon Rain - PARKGOLF Remix","Bajune Tobeta, Bonjour Suzuki",95,8B,47,2026-09-02,03:55,0,"shibuya-kei","Electronic, Pop","Reflections-TOKYO GALAXY",2020-02-28,86,14,1,45,40,20,-12,C,4,399387Ofe2PJsgEbgHgCU4,"electric sheep",JPN352003248,no
839,"悪い子はだぁれ？","Twoth, Bonjour Suzuki",124,5A,95,2026-09-02,03:37,0,"shibuya-kei","Electronic, Pop","TRIPS & BIBLIOMANIA meets Twoth",2016-12-07,65,3,2,91,0,30,-3,C minor,4,2xfSPdJvfei5sC79Ho3JfA,"2.5D PRODUCTION",JPS809914920,no
840,"運命を討つ約束を - 嵐柴エイジ version (ボンジュール鈴木 remix) instrumental","嵐柴エイジ (CV:髙坂篤志), Bonjour Suzuki",162,8A,87,2026-09-02,03:39,0,"ska, shibuya-kei","Electronic, Pop, Reggae","PROJECT SCARD TVアニメ「プレイタの傷」キャラクターソング『運命を討つ約束を』",2020-09-30,52,3,91,61,0,40,-12,A minor,4,11Lnu6UXCAwX79RAKmp2RF,"FABTONE Inc.",JPV752003051,no
841,"運命を討つ約束を - 嵐柴エイジ version (ボンジュール鈴木 remix)","嵐柴エイジ (CV:髙坂篤志), Bonjour Suzuki",162,8A,81,2026-09-02,03:39,0,"ska, shibuya-kei","Electronic, Pop, Reggae","PROJECT SCARD TVアニメ「プレイタの傷」キャラクターソング『運命を討つ約束を』",2020-09-30,64,19,0,52,0,40,-7,A minor,4,04CSEqPpFAWek8TEbBTOFa,"FABTONE Inc.",JPV752003048,no
842,"Contours of Moon and Afternoon Rain (feat. Bonjour Suzuki)","Bajune Tobeta, Bonjour Suzuki",95,8A,80,2026-09-02,03:53,0,"shibuya-kei","Electronic, Pop","Teddy Bear and Password",2015-08-26,78,13,40,66,0,10,-5,A minor,4,0Sg5JgHFA7AjFi5495GOes,"electric sheep",JPN351502284,no
843,"Carnival Dolls","Bonjour Suzuki, RinRin Doll",117,10A,68,2026-09-02,02:26,5,"shibuya-kei","Electronic, Pop","Carnival Dolls",2023-06-30,77,50,0,57,10,10,-7,B minor,4,77ejwitAb7ubO2q16rNfMW,"Warner Music D.N.A.",JPWP02300704,no
844,"Silent Night","Bonjour Suzuki",100,8B,27,2026-09-02,02:41,0,"shibuya-kei","Electronic, Pop","Silent Night",2020-12-13,31,55,0,4,0,0,-15,C,3,52VCCuH4LpVp92VEquSAPw,"Kobuta Japon",TCJPN2035855,no
845,"I'll be always with you. (feat. Tomggg)","Bonjour Suzuki, Tomggg",130,8B,65,2026-09-02,04:47,1,"shibuya-kei, future bass","Electronic, Pop","Sweetie Sweetie",2019-12-07,64,36,0,31,0,20,-7,C,4,6h81Iam8mqAtIS4R2U2hCP,"Kobuta Japon",JPZ921913018,no
846,"Ding Dong (feat. Yunomi & Jun Kuroda)","Bonjour Suzuki, Yunomi, Jun Kuroda",120,1B,69,2026-09-02,03:17,2,"shibuya-kei, future bass, space music","Electronic, Pop, New Age","Sweetie Sweetie",2019-12-07,62,48,0,52,0,0,-4,B,1,5inYKZHNJdXhbpv2OuwQ9v,"Kobuta Japon",JPZ921913017,no
847,"Tululu (feat. TAKU INOUE)","Bonjour Suzuki, TAKU INOUE",137,5B,90,2026-09-02,04:05,3,"shibuya-kei, j-pop","Pop, Electronic","Sweetie Sweetie",2019-12-07,47,1,0,52,10,10,-5,D#/E♭,3,3AaicV172y3d8xfsR3MSe5,"Kobuta Japon",JPZ921913015,no
848,"Recipe for love (feat. Tomggg)","Bonjour Suzuki, Tomggg",130,1B,82,2026-09-02,04:12,3,"shibuya-kei, future bass","Electronic, Pop","Sweetie Sweetie",2019-12-07,72,14,0,61,0,0,-5,B,4,6lil8V4qeLt3DBX6wlV2Se,"Kobuta Japon",JPZ921913014,no
849,"Tomato Soup","Nakanojojo, Bonjour Suzuki",170,1A,84,2026-09-02,03:33,3,"future bass, shibuya-kei","Electronic, Pop","Tomato Soup",2019-10-04,35,6,0,33,0,0,-7,G#/A♭ minor,4,4EavcZfPmKynRnXG9xbzNf,"Nakanojojo & Friends",TCJPJ1974032,no
850,"Sleeping Forest feat. Bonjour Suzuki - Extended Mix","TeddyLoid, Bonjour Suzuki",100,4B,95,2026-09-02,05:24,4,"vocaloid, shibuya-kei","Electronic, Pop","Silent Planet 2 Ep Vol. 2 feat. Bonjour Suzuki",2016-09-16,54,1,0,56,0,0,-1,G#/A♭,4,3ypob255yEvUgDtgIfJBkB,"KING RECORDS",JPKI01616761,no
851,"Sleeping Forest feat. Bonjour Suzuki","TeddyLoid, Bonjour Suzuki",100,4B,93,2026-09-02,04:21,16,"vocaloid, shibuya-kei","Electronic, Pop","Silent Planet 2 Ep Vol. 2 feat. Bonjour Suzuki",2016-09-16,49,1,0,36,0,0,-1,G#/A♭,4,0OdIugcZZOIBw0wiNfShSi,"KING RECORDS",JPKI01616759,no
852,"Tick Tock Skip Drop","Tomggg, Bonjour Suzuki",160,9B,69,2026-09-02,05:37,3,"future bass, shibuya-kei","Electronic, Pop","THE BEST OF BONJOUR SUZUKI",2017-08-04,25,2,1,18,0,20,-8,G,4,1aQzpl8tIxDf610GHdpQkj,"2.5D PRODUCTION",JPS809918841,no
853,"21時のクラゲと月","Esno, Bonjour Suzuki",104,4B,71,2026-09-02,03:54,22,"shibuya-kei","Electronic, Pop","THE BEST OF BONJOUR SUZUKI",2017-08-04,65,6,0,60,0,0,-7,G#/A♭,4,6qu0uuQ0Jx4CAHiXSUOtLP,"2.5D PRODUCTION",JPS809918840,no
854,"ごめんあそばせ","Twoth, Bonjour Suzuki",165,6A,77,2026-09-02,04:21,6,"shibuya-kei","Electronic, Pop","THE BEST OF BONJOUR SUZUKI",2017-08-04,48,6,0,39,0,30,-6,G minor,3,4faXuI3vGpJn9OWnsXOyTM,"2.5D PRODUCTION",JPS809918839,no
855,"はじけたはずの泡の破片","Bonjour Suzuki, Sebastien",83,3A,82,2026-09-02,03:52,2,"shibuya-kei, tropical house","Electronic, Pop","私こぶたちっく (Remaster)",2017-08-09,30,22,0,46,20,10,-7,A#/B♭ minor,4,7DrjE7oqj4NKUitAo7uPZl,"2.5D PRODUCTION",JPS809918860,no
856,"振りいでたるスズムシは (Remaster)","Bonjour Suzuki",120,9A,78,2026-09-02,03:37,4,"shibuya-kei","Electronic, Pop","私こぶたちっく (Remaster)",2017-08-09,73,18,0,52,0,20,-5,E minor,4,2vd4eU5JRBhDtR7CS74YO7,"2.5D PRODUCTION",JPS809918858,no
857,"5番目のPoupee コレット  (Remaster)","Bonjour Suzuki",120,4B,84,2026-09-02,04:16,15,"shibuya-kei","Electronic, Pop","私こぶたちっく (Remaster)",2017-08-09,67,2,0,63,0,60,-8,G#/A♭,4,7ml6oTQIlDcyW0sueKe7xA,"2.5D PRODUCTION",JPS809918855,no
858,"PM 9:55 (Remaster)","Bonjour Suzuki",162,7B,82,2026-09-02,04:18,1,"shibuya-kei","Electronic, Pop","さよなら。また来世で (Remaster)",2017-08-09,48,21,0,40,0,10,-8,F,4,1FerUHufaSY0QXW4YTMwmJ,"2.5D PRODUCTION",JPS809919151,no
859,"月の下でパーティー (Remaster)","Bonjour Suzuki",120,9B,92,2026-09-02,04:53,2,"shibuya-kei","Electronic, Pop","さよなら。また来世で (Remaster)",2017-08-09,61,16,0,37,0,0,-8,G,4,4gAmjayN5XWO3qf8qgNW0a,"2.5D PRODUCTION",JPS809919149,no
860,"私こぶたちっく (Remaster)","Bonjour Suzuki",82,9B,77,2026-09-02,03:35,2,"shibuya-kei","Electronic, Pop","さよなら。また来世で (Remaster)",2017-08-09,65,34,0,82,10,60,-5,G,4,6bGUQO1m8i3yG1ZzawwVxT,"2.5D PRODUCTION",JPS809919145,no
861,"アゲハ蝶の破片とキミの声 (Remaster)","Bonjour Suzuki",88,9A,71,2026-09-02,04:24,16,"shibuya-kei","Electronic, Pop","さよなら。また来世で (Remaster)",2017-08-09,59,13,0,42,0,10,-7,E minor,4,2Cj8mz5O9KmcSBljoHYEbl,"2.5D PRODUCTION",JPS809919143,no
862,"はやく行かなくちゃ (Remaster)","Bonjour Suzuki",88,12B,64,2026-09-02,04:43,5,"shibuya-kei","Electronic, Pop","さよなら。また来世で (Remaster)",2017-08-09,38,14,0,44,0,10,-9,E,4,6kUwWHS1BAdr16abmCbfRH,"2.5D PRODUCTION",JPS809919141,no
863,"close to me (Remaster)","Bonjour Suzuki",120,6B,86,2026-09-02,04:15,4,"shibuya-kei","Electronic, Pop","Lollipopシンドローム (Remaster)",2017-08-09,60,51,0,36,0,40,-7,A#/B♭,4,79Xdvg1FwIbxtvyFacPMTx,"2.5D PRODUCTION",JPS809919155,no
864,"Lollipopシンドローム (Remaster)","Bonjour Suzuki",120,7B,95,2026-09-02,04:04,14,"shibuya-kei","Electronic, Pop","Lollipopシンドローム (Remaster)",2017-08-09,57,4,0,70,0,10,-4,F,4,46BV17NqyCxiQQ30y7TpXi,"2.5D PRODUCTION",JPS809919153,no
865,"HE KNOWS (feat. Lil Nas X)","Camila Cabello, Lil Nas X",125,3A,69,2026-09-02,03:01,60,"dance pop, pop, lgbtq+ hip hop","Electronic, Pop, Hip Hop","C,XOXO",2024-06-28,75,8,0,45,10,10,-7,A#/B♭ minor,4,5TdrCQVt3l1uEz3pFdTgXC,"Geffen/Interscope Records",USUG12402116,yes
866,"light! (with Lil Nas X & 9lives)","skaiwater, 9lives, Lil Nas X",98,9B,74,2026-09-02,02:31,29,"jersey club, hyperpop, lgbtq+ hip hop","Electronic, Pop, Hip Hop","light",2024-04-12,65,2,0,46,10,30,-7,G,4,7qAiJShKkfvET6wx0M5SRA,"GoodTalk/Capitol Records",USUM72403052,yes
867,"Tennessee (feat. Lil Nas X)","Kevin Abstract, Lil Nas X",136,8B,66,2026-09-02,02:53,43,"afrofuturism, lgbtq+ hip hop","Electronic, Hip Hop, R&B","Tennessee (feat. Lil Nas X)",2024-05-03,60,0,0,21,0,10,-6,C,4,3AvfMmfCipJLdr9OozL1bv,"Video Store/Question Everything, Inc./RCA Records",USRC12401064,yes
868,"STAR WALKIN' (League of Legends Worlds Anthem)","Lil Nas X",142,7A,72,2026-09-02,03:30,73,"lgbtq+ hip hop","Hip Hop","STAR WALKIN' (League of Legends Worlds Anthem)",2022-09-22,64,15,0,31,0,0,-5,D minor,4,38T0tPVZHcPZyhtOcCP7pF,"Columbia",USSM12208809,yes
869,"Late To Da Party (F*CK BET) (feat. YoungBoy Never Broke Again)","Lil Nas X, YoungBoy Never Broke Again",150,12A,42,2026-09-02,03:00,53,"lgbtq+ hip hop, baton rouge rap, rap","Hip Hop","Late To Da Party (F*CK BET) (feat. YoungBoy Never Broke Again)",2022-06-24,87,3,0,78,30,10,-7,C♯/D♭ minor,4,3GbQcjKWT7eVpUfzqwUjxv,"Columbia",USSM12206206,yes
870,"HOLIDAY","Lil Nas X",152,4A,51,2026-09-02,02:34,69,"lgbtq+ hip hop","Hip Hop","HOLIDAY",2020-11-13,81,12,0,84,10,0,-7,F minor,4,6zFMeegAMYQo0mt8rXtrli,"Columbia",USSM12006375,yes
871,"Panini - DaBaby Remix","Lil Nas X, DaBaby",154,4A,60,2026-09-02,02:31,60,"lgbtq+ hip hop, hip hop, north carolina hip hop, pop rap, rap, trap","Hip Hop, Pop","Panini",2019-09-13,72,22,0,50,0,10,-6,F minor,4,4SDgTLDYrJ2UrHbkRkg7MD,"Columbia",USSM11906020,no
872,"C7osure (You Like)","Lil Nas X",134,1A,74,2026-09-02,02:28,52,"lgbtq+ hip hop","Hip Hop","7",2019-06-21,85,40,0,56,20,10,-6,G#/A♭ minor,4,4no0eHn4fEB7tN1yZSXMma,"Columbia",USSM11903953,no
873,"Kick It","Lil Nas X",152,11B,48,2026-09-02,02:21,47,"lgbtq+ hip hop","Hip Hop","7",2019-06-21,74,14,0,52,20,10,-10,A,4,3qIV7Rnj3ZxLs2JcLPUbFV,"Columbia",USSM11903950,yes
874,"DOLLA SIGN SLIME (feat. Megan Thee Stallion)","Lil Nas X, Megan Thee Stallion",134,10A,53,2026-09-02,02:25,55,"lgbtq+ hip hop, houston rap, pop, r&b, rap, trap queen","Hip Hop, Pop, R&B","MONTERO",2021-09-17,92,5,0,59,20,10,-6,B minor,4,7zQirOExB0VR8yWUOqYeio,"Columbia",USSM12105737,yes
875,"I'm Your Angel (with Céline Dion)","R. Kelly, Céline Dion",113,8B,51,2026-09-02,04:49,32,"r&b, variété française","R&B, Pop","The R. In R&B Collection: Volume 1",2003-09-23,64,68,0,26,0,30,-7,C,4,7B0DnBp51HWnT5AmEuejgj,"Jive",USJI19810442,no
876,"How Does A Moment Last Forever","Céline Dion",111,3B,27,2026-09-02,03:37,19,"variété française","Pop","La Bella y La Bestia (Banda Sonora Original en Español)",2017-03-10,41,88,0,37,0,30,-9,C♯/D♭,4,3n5tI1rVPfgy31OT6rztTC,"Walt Disney Records",USWD11778858,no
877,"Set My Heart On Fire (I'm Alive x And The Beat Goes On) (feat. Céline Dion) - Jess Bays Remix","Majestic, The Jammin Kid, Jess Bays, Céline Dion",127,5A,89,2026-09-02,02:36,28,"uk dance, house, variété française","Electronic, Pop","Set My Heart On Fire (I'm Alive x And The Beat Goes On) [Jess Bays Remix]",2024-07-19,69,1,10,76,0,50,-5,C minor,4,2DIFOcAht71AC7nyfVAhG7,"Columbia",GBARL2400970,no
878,"If I Ruled the World (with Céline Dion)","Tony Bennett, Céline Dion",74,7B,36,2026-09-02,02:54,10,"vocal jazz, christmas, big band, adult standards, jazz, variété française","Easy Listening, Jazz, Pop","60 Years: The Artistry of Tony Bennett",2013-10-04,33,67,0,15,0,50,-9,F,4,7iMFGv89T8bNXdtDKsLQfJ,"Columbia/Legacy",USSM10604289,no
879,"To Love You More - Radio Edit","Céline Dion",120,11B,62,2026-09-02,04:39,29,"variété française","Pop","Heartbroken",2016-01-15,49,20,0,19,0,20,-6,A,4,7nUly0ljEgFc4NaFf7M4Py,"Sony Music CG",CAC229800086,no
880,"Set My Heart On Fire (I'm Alive x And The Beat Goes On) - The Jammin Kid Mash-Up","The Jammin Kid, Majestic, Céline Dion",112,6A,88,2026-09-02,02:36,46,"uk dance, variété française","Electronic, Pop","Set My Heart On Fire (I'm Alive x And The Beat Goes On) [The Jammin Kid Mash-Up]",2024-05-31,69,5,0,90,0,10,-4,G minor,4,6IzZb4T41aPWSxHn0zWoHm,"Columbia",GBARL2400692,no
881,"Flying On My Own - Dave Audé Remix","Céline Dion, Dave Audé",124,11A,89,2026-09-02,04:06,1,"variété française","Pop","Flying On My Own + Dave Audé Remix",2019-06-28,60,0,0,39,0,30,-3,F#/G♭ minor,4,0C9w0WJdckpqR7w0yEWo2i,"Columbia",CAC221900037,no
882,"Ashes - Riddler Extended Remix","Céline Dion, Riddler",120,3B,63,2026-09-02,04:40,19,"variété française, aor","Rock, Pop","Ashes (Riddler Extended Remix)",2018-08-03,68,0,0,42,0,30,-6,C♯/D♭,4,4QxyDcvxG17hpRpzXCg4B7,"Columbia",CAC221800026,no
883,"Ashes - Steve Aoki Deadpool Demix","Céline Dion, Steve Aoki",128,4A,90,2026-09-02,03:30,37,"variété française, electro house, edm","Electronic, Pop","Ashes (Steve Aoki Deadpool Demix)",2018-05-25,65,2,0,24,0,0,-4,F minor,4,6T0GGfS6nW4xs08zX7M1AW,"Columbia",CAC221800021,no
884,"Open Arms","Céline Dion",110,9B,49,2026-09-02,03:08,31,"variété française","Pop","Incredible feat. Ne-Yo",2014-02-14,49,5,0,6,0,30,-6,G,3,2Cb8hU0ZTpDKO0VAlZm4Vd,"Columbia",CAC221300017,no
885,"Tous les secrets de ton coeur - inédit","Céline Dion",162,7A,66,2026-09-02,02:43,0,"variété française","Pop","Tous les secrets de ton coeur (inédit)",2005-08-12,48,42,0,36,0,20,-5,D minor,3,37TDHGAwMqg4LuPsgYs9Fl,"Sony BMG Music Entertainment",CAC220500109,no
886,"Je ne vous oublie pas - inédit","Céline Dion",72,8A,44,2026-09-02,03:35,5,"variété française","Pop","Je Ne Vous Oublie Pas",2005-00-00,28,80,0,45,0,10,-7,A minor,4,0q9n9N7yGPpua4HDTZkLBf,"Columbia",CAC220500108,no
887,"My Heart Will Go On - Soul Solution Mix","Céline Dion",126,12A,87,2026-09-02,04:17,23,"variété française","Pop","My Heart Will Go On",1996-00-00,62,1,0,22,0,0,-7,C♯/D♭ minor,4,44qMh9iQKFNPa8cTnhDP8w,"Columbia",CAC229800065,no
888,"My Heart Will Go On - Richie Jones Mix","Céline Dion",125,12A,83,2026-09-02,04:15,29,"variété française","Pop","My Heart Will Go On",1996-00-00,63,1,2,14,0,30,-7,C♯/D♭ minor,4,7K1ao7cvLHakbIWzW5HXH2,"Columbia",CAC229800064,no
889,"The Hard Way","Céline Dion",75,9A,50,2026-09-02,03:24,34,"variété française","Pop","Courage (Deluxe Edition)",2019-11-15,42,38,0,31,0,10,-6,E minor,4,5QTUjHjCA0BTP0bjVtC2Bu,"Columbia",CAC221900084,no
890,"Boundaries","Céline Dion",134,10B,35,2026-09-02,03:22,30,"variété française","Pop","Courage (Deluxe Edition)",2019-11-15,38,74,0,32,0,0,-7,D,4,6LtaEyFcs7X1PCcB0Jn244,"Columbia",CAC221900083,no
891,"Perfect Goodbye","Céline Dion",132,7A,33,2026-09-02,03:28,36,"variété française","Pop","Courage (Deluxe Edition)",2019-11-15,56,85,0,9,0,0,-6,D minor,4,5rQMVyqdiSmkYEAjLABYgl,"Columbia",CAC221900080,yes
892,"I Will Be Stronger","Céline Dion",76,9B,38,2026-09-02,03:27,31,"variété française","Pop","Courage (Deluxe Edition)",2019-11-15,64,67,0,29,0,10,-7,G,4,1lVy2cnMNUqcg3rC0sljXl,"Columbia",CAC221900077,no
893,"For The Lover That I Lost","Céline Dion",137,12B,30,2026-09-02,02:54,37,"variété française","Pop","Courage (Deluxe Edition)",2019-11-15,42,87,0,49,0,10,-10,E,4,5BWl9CnbPAUOi3N5TcgaXe,"Columbia",CAC221900075,no
894,"Say Yes","Céline Dion",188,10A,16,2026-09-02,03:32,31,"variété française","Pop","Courage (Deluxe Edition)",2019-11-15,31,67,0,14,0,10,-13,B minor,4,2ngyOpuAkiHKwGokCDZK7b,"Columbia",CAC221900072,no
895,"Courage","Céline Dion",120,8B,31,2026-09-02,04:14,49,"variété française","Pop","Courage (Deluxe Edition)",2019-11-15,51,58,0,22,0,0,-8,C,4,2mcO8vOAsblrnXUqjUmlWW,"Columbia",CAC221900068,no
896,"Ma force","Céline Dion",130,7B,55,2026-09-02,04:13,32,"variété française","Pop","Encore un soir",2016-08-26,63,25,0,30,0,10,-5,F,4,13O3bh0MWPfJTlqF5B6yfP,"Columbia",CAC221600029,no
897,"À la plus haute branche","Céline Dion",77,10B,8,2026-09-02,04:50,0,"variété française","Pop","Encore un soir",2016-08-26,47,96,0,15,0,0,-16,D,4,67lbFinButThiyoalf8lSu,"Columbia",CAC221600027,no
898,"Toutes ces choses","Céline Dion",76,7B,22,2026-09-02,03:24,0,"variété française","Pop","Encore un soir",2016-08-26,53,83,0,10,0,10,-14,F,3,7aV9hfoTHYeovJl31niRnn,"Columbia",CAC221600025,no
899,"Tu sauras","Céline Dion",87,11A,58,2026-09-02,03:25,0,"variété française","Pop","Encore un soir",2016-08-26,59,38,0,56,0,10,-6,F#/G♭ minor,4,2jLLhWDqaufGtRIkrK3CzL,"Columbia",CAC221600024,no
900,"Si c'était à refaire","Céline Dion",118,8A,34,2026-09-02,03:52,0,"variété française","Pop","Encore un soir",2016-08-26,60,71,0,23,0,10,-9,A minor,4,07EPDQNPPv06WvDeS2z3Nl,"Columbia",CAC221600022,no
1,"Les yeux au ciel","Céline Dion",98,8B,48,2026-09-02,02:57,0,"variété française","Pop","Encore un soir",2016-08-26,69,47,0,51,0,10,-6,C,3,4P8T5sm2drawtdXu4lgiVy,"Columbia",CAC221600021,no
2,"L'étoile","Céline Dion",96,4B,69,2026-09-02,03:14,0,"variété française","Pop","Encore un soir",2016-08-26,56,20,0,39,0,10,-4,G#/A♭,4,4OT334fLHecCAuv9tL6pux,"Columbia",CAC221600018,no
3,"Lullabye (Goodnight, My Angel)","Céline Dion",141,8B,19,2026-09-02,04:18,31,"variété française","Pop","Loved Me Back to Life",2013-11-01,31,92,0,14,0,10,-13,C,4,4Bx7tCjRQA5tMGLePmwOli,"Columbia",CAC221300013,no
4,"Always Be Your Girl","Céline Dion",132,7B,31,2026-09-02,04:13,38,"variété française","Pop","Loved Me Back to Life",2013-11-01,44,78,0,15,0,10,-8,F,4,0g4D7pcU9tuRuDg8wu2kY5,"Columbia",CAC221300014,no
5,"Thank You","Céline Dion",87,3B,63,2026-09-02,03:58,31,"variété française","Pop","Loved Me Back to Life",2013-11-01,33,55,0,34,0,10,-4,C♯/D♭,4,5cAfPzL9MSzZaSBFVNWy7E,"Columbia",CAC221300024,no
6,"Didn't Know Love","Céline Dion",152,6A,50,2026-09-02,03:35,29,"variété française","Pop","Loved Me Back to Life",2013-11-01,41,65,0,18,0,10,-6,G minor,4,2fM0Za7nhYrfbJxCIuE9Cq,"Columbia",CAC221300009,no
7,"Water and a Flame","Céline Dion",74,4A,71,2026-09-02,03:41,40,"variété française","Pop","Loved Me Back to Life",2013-11-01,56,25,0,38,0,10,-4,F minor,4,74uQ1xjXCNe1bVEGlt3k2u,"Columbia",CAC221300008,no
8,"Somebody Loves Somebody","Céline Dion",105,8B,85,2026-09-02,03:40,47,"variété française","Pop","Loved Me Back to Life",2013-11-01,64,3,0,39,0,10,-5,C,4,5kQa6wV6iZVghJouvWYsiw,"Columbia",CAC221300023,no
9,"Les petits pieds de Léa","Céline Dion",112,7B,23,2026-09-02,03:58,34,"variété française","Pop","Sans attendre",2012-11-02,65,85,0,36,0,10,-10,F,4,3sGWbUMrZ7cCnXW3JjcjhC,"Columbia",CAC221200017,no
10,"Que toi au monde (en cours)","Céline Dion",78,7A,32,2026-09-02,03:49,30,"variété française","Pop","Sans attendre",2012-11-02,45,83,0,31,0,0,-8,D minor,4,7E97K2DqR1AA0ziQRQkAgQ,"Columbia",CAC221200010,no
11,"Celle qui m'a tout appris","Céline Dion",130,6A,66,2026-09-02,03:46,36,"variété française","Pop","Sans attendre",2012-11-02,57,50,0,28,0,10,-5,G minor,4,7pS9dWiEmI3CS6cVTiSlMM,"Columbia",CAC221200006,no
12,"Une chance qu'on s'a - duo Jean-Pierre Ferland","Céline Dion, Jean-Pierre Ferland",91,11B,27,2026-09-02,03:30,36,"variété française, chanson québécoise, rock québécois, chanson, pop québécoise, folk québécois","Pop","Sans attendre",2012-11-02,30,80,0,14,0,30,-9,A,3,25fFA10nHGr3rOOyXtrfi3,"Columbia",CAC221200009,no
13,"Skies Of L.A.","Céline Dion",136,2B,22,2026-09-02,04:23,25,"variété française","Pop","Taking Chances (Deluxe Edition)",2007-11-07,47,66,0,14,0,10,-13,F#/G♭,4,04farH0CE20J64AOPm6DRx,"Columbia",CAC220700041,no
14,"A World to Believe In","Céline Dion",160,7B,57,2026-09-02,04:08,32,"variété française","Pop","Taking Chances (Deluxe Edition)",2007-11-07,32,54,0,13,0,0,-5,F,3,5APZunJWaC8ydaLe4xMKKw,"Columbia",CAC220700033,no
15,"A Song For You","Céline Dion",127,10A,18,2026-09-02,03:26,28,"variété française","Pop","Taking Chances (Deluxe Edition)",2007-11-07,36,96,0,12,0,10,-12,B minor,3,5wjjk3iJWU31kLj3LdO65Q,"Columbia",CAC220700032,no
16,"Berceuse","Céline Dion",66,1B,16,2026-09-02,02:39,30,"variété française","Pop","D'elles",2007-00-00,37,87,0,11,0,0,-16,B,4,09oUKvqOnERSexiDOGIuNh,"Columbia",CAC220700021,no
17,"Je cherche l'ombre","Céline Dion",102,10A,26,2026-09-02,03:12,32,"variété française","Pop","D'elles",2007-00-00,38,82,0,29,0,10,-13,B minor,3,0F4K7dYOwYlESZmTQ051hl,"Columbia",CAC220700012,no
18,"Come To me","Céline Dion",113,7B,26,2026-09-02,04:33,32,"variété française","Pop","Miracle",2004-10-11,47,80,0,18,0,10,-13,F,4,6K3GOW50Hmx4pDbGGLYnEV,"Columbia",CAC220400145,no
19,"Baby Close Your Eyes","Céline Dion",75,4B,16,2026-09-02,03:23,31,"variété française","Pop","Miracle",2004-10-11,31,87,0,14,0,10,-16,G#/A♭,3,71fg5FlGKbAmlFdd715vUx,"Columbia",CAC220400144,no
20,"A Mother's Prayer","Céline Dion",87,7B,23,2026-09-02,03:41,44,"variété française","Pop","Miracle",2004-10-11,29,93,0,6,0,10,-13,F,4,4rP6OGwnsIRVH8YrGIjgTu,"Columbia",CAC220400142,no
21,"My Precious One","Céline Dion",78,8A,19,2026-09-02,03:50,34,"variété française","Pop","Miracle",2004-10-11,33,87,0,15,0,10,-14,A minor,4,4VeQq73c2NiNd0HJbhQvMk,"Columbia",CAC220400139,no
22,"What a Wonderful World","Céline Dion",168,6B,16,2026-09-02,03:46,34,"variété française","Pop","Miracle",2004-10-11,28,87,0,14,0,0,-16,A#/B♭,3,1wwvysbbhBHTRiwtJeiGPI,"Columbia",CAC220400140,no
23,"Ain't Gonna Look The Other Way","Céline Dion",148,7B,84,2026-09-02,04:24,23,"variété française","Pop","A New Day...Live In Las Vegas",2004-06-14,55,4,0,55,0,10,-4,F,4,3WwE2qaxivwkTTaxwySKed,"Columbia",CAC220400039,no
24,"Rien n'est vraiment fini","Céline Dion",126,11A,36,2026-09-02,03:49,0,"variété française","Pop","1 fille & 4 types",2003-10-13,56,51,0,14,0,20,-9,F#/G♭ minor,4,2d02WDDIapcmnct0WO4SwX,"SBME Strategic Marketing Group",CAC220300083,no
25,"Mon homme","Céline Dion",112,10B,31,2026-09-02,03:20,0,"variété française","Pop","1 fille & 4 types",2003-10-13,57,73,0,7,0,10,-10,D,4,3TYa5JMR2zSb8BTJR7RIVZ,"SBME Strategic Marketing Group",CAC220300079,no
26,"Tu nages","Céline Dion",107,8A,12,2026-09-02,03:10,0,"variété française","Pop","1 fille & 4 types",2003-10-13,45,97,0,22,0,10,-13,A minor,4,6p9umwVzjdgFseBjYnrEC0,"SBME Strategic Marketing Group",CAC220300085,no
27,"Le vol d'un ange","Céline Dion",134,2A,54,2026-09-02,03:39,0,"variété française","Pop","1 fille & 4 types",2003-10-13,60,61,0,37,0,10,-8,D#/E♭ minor,4,2wM9jNn8xnn7b4IGEn25HC,"SBME Strategic Marketing Group",CAC220300078,no
28,"I Know What Love Is","Céline Dion",104,12B,52,2026-09-02,04:28,47,"variété française","Pop","One Heart",2003-03-24,54,37,0,13,0,10,-6,E,4,5Vt01gZzoyjKxh4A5tHXal,"Columbia",CAC220200025,no
29,"Forget Me Not","Céline Dion",82,4B,62,2026-09-02,04:05,29,"variété française","Pop","One Heart",2003-03-24,71,30,0,41,10,10,-4,G#/A♭,4,3X3wUjBh51hQFgv4eqEhsN,"Columbia",CAC220200012,no
30,"Reveal","Céline Dion",128,8B,79,2026-09-02,04:10,31,"variété française","Pop","One Heart",2003-03-24,63,43,0,39,0,20,-4,C,4,3kijfjfttd8iX96uYSfCPM,"Columbia",CAC220200291,no
31,"Stand By Your Side","Céline Dion",156,10B,51,2026-09-02,03:33,38,"variété française","Pop","One Heart",2003-03-24,56,77,0,31,0,10,-5,D,4,1eClKN4OJ6PXzlsY3Oa57a,"Columbia",CAC220200292,no
32,"Faith","Céline Dion",102,5B,83,2026-09-02,03:42,36,"variété française","Pop","One Heart",2003-03-24,52,16,0,43,0,0,-2,D#/E♭,4,2ppG6aA3DQVOeAo8vGn8Ra,"Columbia",CAC220200290,no
33,"Love Is All We Need","Céline Dion",108,11A,81,2026-09-02,03:49,32,"variété française","Pop","One Heart",2003-03-24,80,2,0,94,0,20,-3,F#/G♭ minor,4,6iisl6uLpaVvpDKQXz05e5,"Columbia",CAC220300013,no
34,"I Drove All Night","Céline Dion",135,1B,91,2026-09-02,04:00,66,"variété française","Pop","One Heart",2003-03-24,57,0,0,64,0,20,-4,B,4,3zN4OLeBAN7LwAr442bB8E,"Columbia",CAC220200288,no
35,"Nature Boy","Céline Dion",83,5A,11,2026-09-02,03:45,37,"variété française","Pop","A New Day Has Come",2002-03-22,28,96,0,14,0,10,-15,C minor,4,5mO1reJX4OjujRereqtsgc,"Columbia",CAC220200018,no
36,"Aún existe amor - Spanish version of  L'amour existe encore ","Céline Dion",108,11A,44,2026-09-02,03:52,36,"variété française","Pop","A New Day Has Come",2002-03-22,59,71,0,17,0,20,-8,F#/G♭ minor,4,7l3OLa9QG9ksQXhJzI3E6S,"Columbia",CAC220200029,no
37,"Sorry for Love","Céline Dion",126,11A,91,2026-09-02,04:10,39,"variété française","Pop","A New Day Has Come",2002-03-22,61,3,0,47,0,10,-5,F#/G♭ minor,4,21CY2eITFdWkKFrAZOWRNq,"Columbia",CAC220200024,no
38,"Super Love","Céline Dion",158,4B,66,2026-09-02,04:16,36,"variété française","Pop","A New Day Has Come",2002-03-22,70,19,0,82,0,0,-7,G#/A♭,4,6NLDZzNnecOwKcJeD9vgCv,"Columbia",CAC220200009,no
39,"I Surrender","Céline Dion",114,1A,52,2026-09-02,04:47,62,"variété française","Pop","A New Day Has Come",2002-03-22,59,55,0,15,0,0,-6,G#/A♭ minor,4,67VjdDhTa5jzQxHGe6f26r,"Columbia",CAC220200015,no
40,"Goodbye's (The Saddest Word)","Céline Dion",138,12B,49,2026-09-02,05:19,57,"variété française","Pop","A New Day Has Come",2002-03-22,53,41,0,19,0,30,-7,E,4,3sC002WnqQ0gJvapIBNC1K,"Columbia",CAC220200020,no
41,"A New Day Has Come - Radio Remix","Céline Dion",92,2B,69,2026-09-02,04:19,70,"variété française","Pop","A New Day Has Come",2002-03-22,57,8,0,20,0,10,-5,F#/G♭,4,5fkDD7aQLUmMy1EwzNm0ZB,"Columbia",CAC220200030,no
42,"Les Cloches du Hameau","Céline Dion, The Dion Family",85,3B,43,2026-09-02,03:10,27,"variété française, christmas, villancicos","Pop, Traditional Music","These are Special Times",1998-10-30,15,77,0,39,0,30,-9,C♯/D♭,4,0FnDpz9Wo8xawwu5DrzCI4,"Columbia",CAC229800221,no
43,"These Are the Special Times","Céline Dion",120,2B,48,2026-09-02,04:07,35,"variété française","Pop","These are Special Times",1998-10-30,61,34,0,16,0,10,-7,F#/G♭,4,6HGf1xWwfRXPrjsRRygAPX,"Columbia",CAC229800218,no
44,"Another Year Has Gone By","Céline Dion",98,12B,40,2026-09-02,03:24,33,"variété française","Pop","These are Special Times",1998-10-30,62,59,0,19,0,10,-6,E,4,014An8mZt6hTR6bsN9fo2u,"Columbia",CAC229800211,no
45,"Blue Christmas","Céline Dion",80,3B,29,2026-09-02,03:48,26,"variété française","Pop","These are Special Times",1998-10-30,43,87,0,13,0,0,-13,C♯/D♭,4,29Q7G9NJWi0XN7jj83NbrR,"Columbia",CAC229800210,no
46,"S'il suffisait d'aimer","Céline Dion",177,6B,20,2026-09-02,03:34,62,"variété française","Pop","S'il suffisait d'aimer",1998-09-07,35,92,0,26,0,10,-15,A#/B♭,3,5zvrDC409YAzhLjgMiDTy4,"Columbia",CAC229800092,no
47,"Sur le même bateau","Céline Dion",120,10B,52,2026-09-02,04:25,32,"variété française","Pop","S'il suffisait d'aimer",1998-09-07,48,25,0,21,0,10,-10,D,4,1jxw4qXEMELeacYcwGfoUY,"Columbia",CAC229800097,no
48,"En attendant ses pas","Céline Dion",126,4B,54,2026-09-02,04:06,47,"variété française","Pop","S'il suffisait d'aimer",1998-09-07,69,66,0,45,0,0,-9,G#/A♭,4,3i3CncGgqJtEnObyeimtMF,"Columbia",CAC229800098,no
49,"Je crois toi","Céline Dion",174,2A,20,2026-09-02,05:05,35,"variété française","Pop","S'il suffisait d'aimer",1998-09-07,23,86,0,16,0,10,-14,D#/E♭ minor,4,3fPG6Odp0Ul5HF6fw6s8ih,"Columbia",CAC229800087,no
50,"Us","Céline Dion",132,7B,36,2026-09-02,05:45,46,"variété française","Pop","Let's Talk About Love",1997-11-14,51,29,0,17,0,0,-9,F,4,478lu5QbS9PdeK0jmEJzOY,"Columbia",CAC229700117,no
51,"Miles to Go (Before I Sleep)","Céline Dion",139,6B,45,2026-09-02,04:39,46,"variété française","Pop","Let's Talk About Love",1997-11-14,60,23,0,43,0,30,-9,A#/B♭,4,3Qq6BnuQjAx9XWY9G699Zj,"Columbia",CAC229700115,no
52,"When I Need You","Céline Dion",77,3B,37,2026-09-02,04:11,59,"variété française","Pop","Let's Talk About Love",1997-11-14,26,40,0,16,0,10,-10,C♯/D♭,4,3UechF8u88C4qkP6jkctNS,"Columbia",CAC229700127,no
53,"Tell Him (Duet with Barbra Streisand)","Barbra Streisand, Céline Dion",74,12B,38,2026-09-02,04:51,63,"adult standards, variété française","Easy Listening, Pop","Let's Talk About Love",1997-11-14,26,62,0,8,0,10,-9,E,4,6HKChbfE5klrUMHo3NrqzX,"Columbia",CAC229700109,no
54,"Call The Man","Céline Dion",126,6B,37,2026-09-02,06:08,55,"variété française","Pop","Falling into You",1996-03-11,57,63,0,19,0,0,-10,A#/B♭,4,1yUIeh8Ej867Ypws1fgqTp,"Columbia",CAC229800158,no
55,"I Don't Know","Céline Dion",180,9A,48,2026-09-02,04:38,46,"variété française","Pop","Falling into You",1996-03-11,37,30,0,4,0,0,-8,E minor,3,7IO7mCItjtSPtzlCjQoAkR,"Columbia",CAC229800161,no
56,"I Love You","Céline Dion",177,12A,50,2026-09-02,05:30,72,"variété française","Pop","Falling into You",1996-03-11,44,44,0,26,0,20,-8,C♯/D♭ minor,3,7hyFKrPZo1Zv4D35MpTBdr,"Columbia",CAC229800156,no
57,"Dreamin' Of You","Céline Dion",166,11B,48,2026-09-02,05:07,52,"variété française","Pop","Falling into You",1996-03-11,53,25,0,26,0,20,-9,A,4,6Ku1myU5FfKc2zKERF9p9I,"Columbia",CAC229800154,no
58,"(You Make Me Feel Like) A Natural Woman","Céline Dion",105,12A,46,2026-09-02,03:40,52,"variété française","Pop","Falling into You",1996-03-11,60,18,0,15,0,30,-9,C♯/D♭ minor,3,6yfx76QsLGsfkaPoCFliZ5,"Columbia",CAC229600073,no
59,"Seduces Me","Céline Dion",177,6A,37,2026-09-02,03:46,48,"variété française","Pop","Falling into You",1996-03-11,28,67,0,18,0,0,-10,G minor,3,2AOQu67ykWymbJyompxTJ2,"Columbia",CAC229800165,no
60,"Cherche encore","Céline Dion",136,9A,63,2026-09-02,03:23,7,"variété française","Pop","D'Eux",1995-03-27,60,15,0,51,0,30,-8,E minor,4,4RzX2J6QTy0QEPCFbL0ByH,"Columbia",CAC229500007,no
61,"Je sais pas","Céline Dion",180,9A,41,2026-09-02,04:33,16,"variété française","Pop","D'Eux",1995-03-27,38,66,0,13,0,30,-9,E minor,3,19ncRYEjjcGiRQgvqXOExO,"Columbia",CAC229500005,no
62,"Le ballet","Céline Dion",126,4B,40,2026-09-02,04:23,9,"variété française","Pop","D'Eux",1995-03-27,55,65,0,38,0,0,-9,G#/A♭,4,2fhQu3b0YqxOKTMt8HQXSA,"Columbia",CAC229500003,no
63,"The Colour Of My Love","Céline Dion",99,3B,26,2026-09-02,03:27,50,"variété française","Pop","The Colour Of My Love",1993-11-09,28,61,1,4,0,10,-10,C♯/D♭,4,5ezsQ0YwYPZC0ZHVGA9yqB,"Columbia",CAC220003061,no
64,"I Remember L.A.","Céline Dion",98,1B,11,2026-09-02,04:12,42,"variété française","Pop","The Colour Of My Love",1993-11-09,46,93,3,14,0,30,-15,B,4,2GyORMGSsKvhboAXM7aGmz,"Columbia",CAC220003034,no
65,"Halfway To Heaven","Céline Dion",96,5A,46,2026-09-02,05:04,40,"variété française","Pop","Celine Dion",1992-03-30,61,1,0,52,0,20,-14,C minor,4,2ooDhn9ZjpaQ9FFIWwZPGJ,"Columbia",CAC229800192,no
66,"If You Asked Me To","Céline Dion",172,9B,44,2026-09-02,03:54,59,"variété française","Pop","Celine Dion",1992-03-30,46,13,0,23,0,0,-11,G,4,6vubJBI43jIr557lvNbzlH,"Columbia",CAC229800191,no
67,"Show Some Emotion","Céline Dion",80,8B,41,2026-09-02,04:29,30,"variété française","Pop","Celine Dion",1992-03-30,24,5,0,14,0,10,-12,C,4,52dQTfG6L6tt779MKpOpia,"Columbia",CAC229800190,no
68,"L'amour existe encore","Céline Dion",69,11A,14,2026-09-02,03:50,46,"variété française","Pop","Des mots qui sonnent",1991-11-04,40,91,0,15,0,10,-16,F#/G♭ minor,3,4bdQsmWGWWO7dirhHtwVnx,"Columbia",CAC229100006,no
69,"Oxygène","Céline Dion",78,9B,50,2026-09-02,05:59,18,"variété française","Pop","Des mots qui sonnent",1991-11-04,49,71,0,38,0,60,-12,G,4,3PNpDuQ7CmMrGb7mO41oCg,"Columbia",CAC229100005,no
70,"Ziggy (Un garçon pas comme les autres)","Céline Dion",130,5B,15,2026-09-02,02:57,49,"variété française","Pop","Des mots qui sonnent",1991-11-04,44,87,0,15,0,10,-19,D#/E♭,4,3Tqd4w5Xf76mwps1gMu7gf,"Columbia",CAC229100002,no
71,"Le monde est stone","Céline Dion",85,7B,23,2026-09-02,03:39,40,"variété française","Pop","Des mots qui sonnent",1991-11-04,31,57,0,23,0,0,-18,F,5,5LHUxdmn4a0kZfrsKT5gNK,"Columbia",CAC229100007,no
72,"If We Could Start Over","Céline Dion",178,8B,68,2026-09-02,04:21,28,"variété française","Pop","Unison",1990-04-02,48,62,0,45,0,0,-10,C,4,0xf8ussQtJG3z3rBzMwm4h,"Columbia",CAC229000010,no
73,"D'abord, c'est quoi l'amour","Céline Dion",74,8A,29,2026-09-02,04:23,27,"variété française","Pop","Incognito",1987-04-02,52,45,0,18,0,0,-15,A minor,4,5NC3urTgCW43ethU3HH47N,"Columbia",CAC228700023,no
74,"Como un Dragón","Los Tipitos, Árbol",80,9A,51,2026-09-02,04:57,20,"argentine rock, latin rock","Rock, Latin","Vintage",2001-11-12,54,9,0,60,0,10,-6,E minor,4,3uAxxOS4TIdFUoH5TEBujZ,"Pop Art",ARF850100025,no
75,"Otros Tiempos","Otros Tiempos, Pablo Romero, Miguel  Maikel  de Luna Campos, Árbol, Kapanga",120,9B,46,2026-09-02,03:26,1,"traditional music, argentine rock, latin rock","Rock, Latin","Otros Tiempos",2020-04-02,58,10,0,33,0,0,-11,G,4,6UshFhlDEaFz8JIFBt2jmL,"Music Brokers",ARF412000064,no
76,"Pequeños Sueños (Feat. Natalie Perez)","Árbol, Natalie Perez",164,12B,93,2026-09-02,03:50,30,"argentine rock, latin rock, argentine telepop, pop argentino","Rock, Latin","Pequeños Sueños (Feat. Natalie Perez)",2020-08-14,44,0,0,81,0,30,-5,E,4,2UivQh2IhQJ916OPqxptcz,"árbol",QZHZ62009140,no
77,"Mi novia se cayó en un pozo ciego","Árbol",194,9B,94,2026-09-02,02:20,5,"argentine rock, latin rock","Rock, Latin","Mi novia se cayó en un pozo ciego (LFC)",2010-12-14,51,7,0,91,10,50,-4,G,4,3nk60JhnwYwSuG2aGWQfkE,"Pop Art",ARF470900201,no
78,"Un Color","Árbol",90,9B,68,2026-09-02,03:12,20,"argentine rock, latin rock","Rock, Latin","Hongo",2022-09-23,53,2,0,89,10,20,-5,G,4,5G2v9fyDWYApAsqYQ5Hzon,"Árbol",ARN732200008,no
79,"Ninja","Árbol",67,8B,84,2026-09-02,03:10,6,"argentine rock, latin rock","Rock, Latin","Hongo",2022-09-23,52,0,0,87,0,30,-5,C,3,2Mn7Hij7jZNxS8ddFyAILz,"Árbol",ARN732200001,no
80,"Abuela","Árbol",74,7B,28,2026-09-02,01:38,7,"argentine rock, latin rock","Rock, Latin","No Me Etiquetes",2010-12-03,69,88,4,21,0,60,-16,F,4,39XpkTRdFG4N5Hr4RLN8LX,"Pop Art",ARF470900185,no
81,"El viaje de mi vida","Árbol",166,10B,92,2026-09-02,02:29,22,"argentine rock, latin rock","Rock, Latin","No Me Etiquetes",2010-12-03,57,4,0,76,0,0,-4,D,4,6gx8Behz5tceczOpaXy9wk,"Pop Art",ARF470900177,no
82,"El sábado en Ramos","Árbol",130,8B,95,2026-09-02,03:10,10,"argentine rock, latin rock","Rock, Latin","No Me Etiquetes",2010-12-03,65,0,0,83,0,20,-5,C,4,2LvrTjdCXPli0WkXaqrWTu,"Pop Art",ARF470900174,no
83,"Tiquitiquitiqui","Árbol",185,4B,96,2026-09-02,01:28,13,"argentine rock, latin rock","Rock, Latin","Hormigas",2007-11-11,43,1,0,68,30,20,-4,G#/A♭,4,03XxpxfAu3AtYFwWd44uCW,"Pop Art",ARF470700325,no
84,"Mirá Vos","Árbol, Los Tipitos",120,2B,36,2026-09-02,03:43,24,"argentine rock, latin rock","Rock, Latin","Hormigas",2007-11-11,82,62,0,31,0,10,-8,F#/G♭,4,5t3aDv1RqbeXIKn915RQEz,"Pop Art",ARF470700324,no
85,"El Campo Sin Fin","Árbol",138,7B,73,2026-09-02,04:19,14,"argentine rock, latin rock","Rock, Latin","Hormigas",2007-11-11,74,0,0,88,0,0,-6,F,4,5UPrXaWdH1hkcbeLqfrQqw,"Pop Art",ARF470700320,no
86,"Memoria","Árbol, Fernando Ruíz Díaz",120,11B,51,2026-09-02,02:56,29,"argentine rock, latin rock","Rock, Latin","Hormigas",2007-11-11,73,3,0,54,0,30,-6,A,3,1GuSpisfAR0ANeGnzrc0gr,"Pop Art",ARF470700319,no
87,"No Me Ofendas","Árbol",162,10B,98,2026-09-02,03:07,16,"argentine rock, latin rock","Rock, Latin","Hormigas",2007-11-11,61,0,0,67,10,0,-4,D,4,4Q2JDTO8MzjCVZAWYvwekz,"Pop Art",ARF470700317,no
88,"Comida Chatarra","Árbol",143,7B,73,2026-09-02,02:09,29,"argentine rock, latin rock","Rock, Latin","GUAU!",2005-01-01,51,13,0,66,10,20,-3,F,4,3sFa7aofqqDAnbUvaJsVz3,"Surco",USUM70506654,no
89,"Lloro","Árbol",81,11B,54,2026-09-02,03:08,31,"argentine rock, latin rock","Rock, Latin","GUAU!",2005-01-01,72,1,2,49,0,10,-6,A,4,5C7dcSwhowL0092UfthqK5,"Surco",USUM70506649,no
90,"Canciones","Árbol",148,10B,83,2026-09-02,02:19,35,"argentine rock, latin rock","Rock, Latin","GUAU!",2005-01-01,61,9,0,96,0,10,-2,D,4,2FBAM2dVhCex33z30YA7hV,"Surco",USUM70506648,no
91,"Ya Me Voy","Árbol",98,6B,53,2026-09-02,02:55,27,"argentine rock, latin rock","Rock, Latin","Chapusong",2002-01-01,76,20,0,34,20,10,-7,A#/B♭,4,2ZHQELps4uCSnfgMelvIBe,"Surco",ARF140200098,yes
92,"Chapusongs","Árbol",143,5B,92,2026-09-02,02:22,23,"argentine rock, latin rock","Rock, Latin","Chapusong",2002-01-01,65,67,0,84,10,10,-5,D#/E♭,4,7vFg9xUgVzf9q3mjAyAdu0,"Surco",ARF140200090,yes
93,"Esperar","Árbol",137,9B,60,2026-09-02,04:34,26,"argentine rock, latin rock","Rock, Latin","Chapusong",2002-01-01,54,2,0,54,0,0,-5,G,4,53GCO4mNsY4UFW9g9PQhcK,"Surco",ARF140200089,yes
94,"La Nena Monstruo","Árbol",157,9B,86,2026-09-02,03:09,33,"argentine rock, latin rock","Rock, Latin","Chapusong",2002-01-01,59,3,0,81,0,0,-4,G,4,3T9ypf50ixaoxwZfhlj13S,"Surco",ARF140200087,yes
95,"Jardín Frenético","Árbol",171,3B,93,2026-09-02,04:28,11,"argentine rock, latin rock","Rock, Latin","Árbol",1999-01-01,37,1,0,7,40,10,-6,C♯/D♭,4,2rc2V9sagIHxaB3tq0reUb,"Surco",ARF149900141,no
96,"Cuatro Cuervos","Árbol",115,12B,57,2026-09-02,05:47,10,"argentine rock, latin rock","Rock, Latin","Árbol",1999-01-01,53,0,1,66,0,10,-8,E,4,7FpLV1J5pI7Q6LBMmyJtaR,"Surco",ARF149900140,no
97,"Rosita","Árbol",114,8B,58,2026-09-02,04:07,24,"argentine rock, latin rock","Rock, Latin","Árbol",1999-01-01,76,33,1,18,0,10,-6,C,4,1097FrolUjGCY9qn9HnmQO,"Surco",USUL19900365,no
98,"X","Árbol",80,8B,71,2026-09-02,04:10,10,"argentine rock, latin rock","Rock, Latin","Árbol",1999-01-01,46,1,0,23,0,20,-7,C,4,522bdMlC0QGy3RmyBR6mfs,"Surco",ARF149900134,no
99,"Gente","Árbol",150,11B,97,2026-09-02,02:55,11,"argentine rock, latin rock","Rock, Latin","Árbol",1999-01-01,29,0,0,44,10,0,-3,A,4,1kMfe5c0cPkJVy1ifeVg9E,"Surco",ARF149900132,no
100,"Siento","Árbol",94,8A,82,2026-09-02,03:05,19,"argentine rock, latin rock","Rock, Latin","Árbol",1999-01-01,48,0,0,53,10,30,-5,A minor,4,0BnIvXgsS28TOzuXk4sC8a,"Surco",ARF149900128,no
101,"Coming Back (feat. Mac Miller)","Domo Genesis, Mac Miller",89,9A,72,2026-09-02,02:41,54,"alternative hip hop, underground hip hop, hip hop, pittsburgh rap, rap","Hip Hop","Genesis",2016-03-25,51,16,0,59,40,60,-9,E minor,4,1WsRuvitfegWXQJKRgRZrj,"Odd Future",USQX91600318,yes
102,"Wanders of the Mind (feat. Mac Miller)","The Internet, Mac Miller",120,3A,40,2026-09-02,04:26,47,"neo soul, alternative r&b, hip hop, pittsburgh rap, rap","Pop, R&B, Hip Hop","Feel Good",2013-09-23,43,61,0,18,0,0,-12,A#/B♭ minor,4,6AwPKRtPVzzp2CLHYWCcNy,"Odd Future",USQX91301743,yes
103,"The Law (feat. Mac Miller & Rapsody)","Ab-Soul, Mac Miller, Rapsody",140,12A,64,2026-09-02,05:29,54,"conscious hip hop, hip hop, rap, underground hip hop, pittsburgh rap, alternative r&b, north carolina hip hop, trap queen","Pop, R&B, Hip Hop","Do What Thou Wilt.",2016-12-09,74,25,0,70,30,10,-7,C♯/D♭ minor,4,17vQTNbvhpvi92qOnDOFHB,"Top Dawg Entertainment",TCACU1631327,yes
104,"I Just Wanna","Chief Keef, Mac Miller",120,3B,53,2026-09-02,05:17,43,"chicago drill, drill, hip hop, pittsburgh rap, rap","Hip Hop","Bang 3",2015-08-04,65,3,0,37,40,10,-8,C♯/D♭,4,0THWgS3TxJxIsMYYsCX2yB,"FilmOn Music",USQY51590811,yes
105,"Piñata","Freddie Gibbs, Madlib, Domo Genesis, G-Wiz, Casey Veggies, Sulaiman, Meechy Darko, Mac Miller",161,9B,80,2026-09-02,08:33,27,"jazz rap, alternative hip hop, experimental hip hop, plunderphonics, underground hip hop, new jack swing, hip hop, pittsburgh rap, rap","Hip Hop","Piñata (Deluxe Edition)",2021-02-26,50,5,0,17,50,60,-10,G,4,0nYgL4RfZtFXBuqz6uLYWC,"Madlib Invazion",US2S71422017,yes
106,"Don't Know (feat. Mac Miller)","Boaz, Mac Miller",148,4B,85,2026-09-02,03:28,0,"pittsburgh rap, hip hop, rap","Hip Hop","Intuition",2014-10-21,72,24,0,90,0,10,-4,G#/A♭,4,7CbFvARJsn1pulwmG2vP1P,"Rostrum Records",QMLD61400005,yes
107,"Triple Double","French Montana, Mac Miller, Curren$y",81,3A,85,2026-09-02,03:47,39,"hip hop, pop rap, rap, southern hip hop, trap, pittsburgh rap","Hip Hop, Pop","Mac & Cheese 3",2012-11-20,49,40,0,57,30,40,-4,A#/B♭ minor,4,3HSWza0Gz15Ungnd4m4lMo,"Zaine Records",USUYG1340560,yes
108,"Lost Boys","Sir Michael Rocks, Mac Miller, Trinidad James",160,3B,57,2026-09-02,05:39,0,"soul flow, underground hip hop, hip hop, pittsburgh rap, rap, atl hip hop, dirty south rap, trap","Hip Hop","Banco",2014-07-29,72,2,0,44,30,10,-7,C♯/D♭,4,53C1cEmECQhFybYyArzBBO,"6 Cell Phones",USA2P1400687,yes
109,"Aquaberry Dolphin (feat. Mac Miller)","Riff Raff, Mac Miller",164,9B,62,2026-09-02,02:14,33,"trap, hip hop, pittsburgh rap, rap","Hip Hop","Neon Icon",2014-06-24,80,0,0,13,10,60,-6,G,4,7lMwZhbLJfgXqc5KWboGwp,"Mad Decent.",QMCE31400028,yes
110,"Drank & Smoke","French Montana, Mac Miller",148,10A,52,2026-09-02,03:29,38,"hip hop, pop rap, rap, southern hip hop, trap, pittsburgh rap","Hip Hop, Pop","Coke Boys 3",2012-04-13,59,22,0,62,30,40,-11,B minor,4,4gWMYFF5m6xemtGoXHqdPj,"Zaine Records",USUYG1340654,yes
111,"How To Make It In America","YG, Mac Miller",95,10A,47,2026-09-02,03:12,0,"","","4 Hunnid Degreez",2012-03-26,88,1,0,80,30,0,-10,B minor,4,1Ta6TwHjsGq23WpO6XdNby,"YG",TLREW2231760,yes
112,"HD (feat. Mac Miller)","Choo Jackson, Mac Miller",91,12A,75,2026-09-02,04:05,44,"pittsburgh rap, hip hop, rap","Hip Hop","Broken Hearts Make Money",2015-01-15,66,11,0,61,20,30,-5,C♯/D♭ minor,4,0dxruuhJVbsSyLNkqW1Fsc,"Foreverkool Records",USLD91701059,yes
113,"Dat Sound Good (feat. Ab-Soul, Mac Miller)","PRhyme, Ab-Soul, Mac Miller",92,3B,82,2026-09-02,03:31,36,"alternative hip hop, detroit hip hop, conscious hip hop, hip hop, rap, underground hip hop, pittsburgh rap","Hip Hop","PRhyme",2014-12-09,63,8,0,89,30,20,-2,C♯/D♭,4,4n6Q2UgFMuOTzysE52PJt4,"PRhyme",QMLD61400028,yes
114,"21 & Over","Statik Selektah, Sean Price, Mac Miller",90,11A,75,2026-09-02,02:47,35,"boom bap, east coast hip hop, underground hip hop, hardcore hip hop, hip hop, pittsburgh rap, rap","Hip Hop","Extended Play",2013-06-18,63,4,0,38,20,10,-6,F#/G♭ minor,4,2GzcSJ4sCf1kaon4Z8hA5e,"Showoff Records/Duck Down Music Inc.",US6YF1300018,yes
115,"Until Then","Smoke DZA, Pete Rock, Mac Miller",155,8A,83,2026-09-02,05:29,2,"alternative hip hop, harlem hip hop, underground hip hop, jazz rap, east coast hip hop, boom bap, hip hop, pittsburgh rap, rap","Hip Hop","Don't Smoke Rock",2016-12-02,50,9,0,59,40,10,-7,A minor,4,7gcYtIYqNSgmeu8NpCRyh6,"Babygrande Records, Inc.",QM4TW1678903,yes
116,"Therapy pt. 2 [Feat. Mac Miller]","Robert Glasper, Mac Miller",164,3B,89,2026-09-02,03:22,43,"neo soul, jazz rap, hip hop, pittsburgh rap, rap","Hip Hop, R&B","Therapy pt. 2 [Feat. Mac Miller]",2022-10-10,59,9,0,76,40,20,-6,C♯/D♭,4,5dNQ0AsPitoIQSRbsXKKwE,"Loma Vista Recordings",USC4R2224480,yes
117,"Buttons","Mac Miller",75,9B,71,2026-09-02,03:48,65,"hip hop, pittsburgh rap, rap","Hip Hop","Buttons",2018-05-29,58,44,0,52,10,20,-5,G,4,0ZBchpb4CLk5Qqu3895Etp,"Warner Records",USWB11801054,yes
118,"S.D.S.","Mac Miller",93,3B,86,2026-09-02,03:19,0,"hip hop, pittsburgh rap, rap","Hip Hop","S.D.S.",2013-04-23,59,25,0,35,30,10,-5,C♯/D♭,4,4I0pz87xGkY4Bw0KHvKdaJ,"Rostrum Records",USQY51365493,yes
119,"Another Night","Mac Miller",81,3B,58,2026-09-02,02:56,1,"hip hop, pittsburgh rap, rap","Hip Hop","On And On And Beyond",2011-03-29,61,61,0,57,0,0,-8,C♯/D♭,4,6CwP9PyItNK7Ey1gGBegXW,"Rostrum Records",USA2P1134285,yes
120,"On And On","Mac Miller",148,11B,74,2026-09-02,03:10,0,"hip hop, pittsburgh rap, rap","Hip Hop","On And On And Beyond",2011-03-29,63,4,0,75,0,20,-8,A,4,1vwcKpoU1ig2eRflEGeVpt,"Rostrum Records",USA2P1137249,no
121,"All That (feat. Bun B)","Mac Miller, Bun B",86,11A,66,2026-09-02,03:16,0,"hip hop, pittsburgh rap, rap, southern hip hop","Hip Hop","I Love Life, Thank You",2022-07-22,61,36,0,38,20,10,-5,F#/G♭ minor,4,5w8PL2MankfhH1Q7krIOSw,"Rostrum Records",USA2P2212500,yes
122,"Boom Bap Rap (feat. The Come Up)","Mac Miller, The Come Up",110,1A,83,2026-09-02,03:26,0,"hip hop, pittsburgh rap, rap, rap rock","Hip Hop, Rock","I Love Life, Thank You",2022-07-22,69,57,0,53,20,10,-5,G#/A♭ minor,4,7heqvN003PlMiy7IlnVn9y,"Rostrum Records",USA2P2212498,yes
123,"Cold Feet","Mac Miller",133,12A,76,2026-09-02,01:35,0,"hip hop, pittsburgh rap, rap","Hip Hop","I Love Life, Thank You",2022-07-22,65,3,16,62,30,60,-5,C♯/D♭ minor,5,7D8alj4NhAf4a1msf3uFP5,"Rostrum Records",USA2P2212495,yes
124,"Pranks 4 Players (feat. Sir Michael Rocks)","Mac Miller, Sir Michael Rocks",81,8B,74,2026-09-02,03:03,0,"hip hop, pittsburgh rap, rap, soul flow, underground hip hop","Hip Hop","I Love Life, Thank You",2022-07-22,74,56,0,78,20,10,-5,C,4,6qTUyVWe0o7oOBjKrt2kNH,"Rostrum Records",USA2P2212494,yes
125,"Willie Dynamite","Mac Miller",85,4A,92,2026-09-02,03:28,0,"hip hop, pittsburgh rap, rap","Hip Hop","I Love Life, Thank You",2022-07-22,64,27,0,68,30,10,-4,F minor,4,1ehM9rIvZQXwoFFeunlgQn,"Rostrum Records",USA2P2212491,yes
126,"People Under The Stairs","Mac Miller",87,2B,93,2026-09-02,01:36,0,"hip hop, pittsburgh rap, rap","Hip Hop","I Love Life, Thank You",2022-07-22,62,16,0,57,30,0,-4,F#/G♭,4,4eVXCp16ydaQq9yugTAykp,"Rostrum Records",USA2P2212490,yes
127,"New Faces v2 (feat. Earl Sweatshirt and Da$h)","Mac Miller, Earl Sweatshirt, Da$H",110,12A,60,2026-09-02,05:27,58,"hip hop, pittsburgh rap, rap, experimental hip hop, alternative hip hop, underground hip hop, cloud rap","Hip Hop","Faces",2021-10-15,48,5,0,24,30,40,-6,C♯/D♭ minor,3,2vl4TbiGkdTqD4UXnqTDhp,"Warner Records",USWB12100102,yes
128,"Apparition","Mac Miller",75,11B,62,2026-09-02,03:28,48,"hip hop, pittsburgh rap, rap","Hip Hop","Faces",2021-10-15,68,12,0,27,30,20,-7,A,4,3FGzWMNxijMddusQq4qF0q,"Warner Records",USWB12103326,yes
129,"Uber (feat. Mike Jones)","Mac Miller, Mike Jones",170,4A,74,2026-09-02,04:31,49,"hip hop, pittsburgh rap, rap, southern hip hop, crunk","Hip Hop","Faces",2021-10-15,54,39,0,62,30,10,-6,F minor,4,0BJU3HPSwhJEg6xvXOgCBr,"Warner Records",USWB12103324,yes
130,"San Francisco","Mac Miller",78,8B,59,2026-09-02,02:44,49,"hip hop, pittsburgh rap, rap","Hip Hop","Faces",2021-10-15,59,18,0,19,40,10,-7,C,4,1Zq90puHPQ0NyVkla8SS9V,"Warner Records",USWB12100099,yes
131,"55","Mac Miller",132,8B,55,2026-09-02,00:52,47,"hip hop, pittsburgh rap, rap","Hip Hop","Faces",2021-10-15,46,51,49,24,0,10,-8,C,4,1wufHXu9vAHISfC9RLAdyj,"Warner Records",USWB12103322,no
132,"Ave Maria","Mac Miller",170,4A,76,2026-09-02,02:55,51,"hip hop, pittsburgh rap, rap","Hip Hop","Faces",2021-10-15,43,8,0,65,20,10,-5,F minor,4,7dZ3m1rCWupPB1H7gVpkdk,"Warner Records",USWB12100097,yes
133,"Wedding","Mac Miller",133,3B,65,2026-09-02,03:49,55,"hip hop, pittsburgh rap, rap","Hip Hop","Faces",2021-10-15,48,72,0,35,30,30,-7,C♯/D♭,1,3fDmodv1uclXZZu27E0jz8,"Warner Records",USWB12103320,yes
134,"Happy Birthday","Mac Miller",86,10A,67,2026-09-02,02:48,51,"hip hop, pittsburgh rap, rap","Hip Hop","Faces",2021-10-15,66,0,0,39,0,10,-5,B minor,4,7ni2QpeyhKLJIb18IJTBHc,"Warner Records",USWB12103319,yes
135,"It Just Doesn’t Matter","Mac Miller",97,1A,69,2026-09-02,03:36,50,"hip hop, pittsburgh rap, rap","Hip Hop","Faces",2021-10-15,58,45,0,78,10,20,-7,G#/A♭ minor,4,1ijgY6IDvx5TwwfidroUsj,"Warner Records",USWB12103316,yes
136,"Here We Go","Mac Miller",75,11A,87,2026-09-02,02:47,56,"hip hop, pittsburgh rap, rap","Hip Hop","Faces",2021-10-15,49,2,0,55,40,30,-5,F#/G♭ minor,4,40dlJFdqfm8CayhmmS9UB7,"Warner Records",USWB12103311,yes
137,"Inside Outside","Mac Miller",114,8B,75,2026-09-02,01:53,55,"hip hop, pittsburgh rap, rap","Hip Hop","Faces",2021-10-15,69,8,0,38,0,20,-6,C,4,2EFqMCOdTTkcFYHoJH21Jr,"Warner Records",USWB12103310,yes
138,"Surf","Mac Miller",147,12A,18,2026-09-02,05:30,51,"hip hop, pittsburgh rap, rap","Hip Hop","Circles (Deluxe)",2020-03-19,83,75,7,23,10,10,-13,C♯/D♭ minor,4,3m9St7c9tpJwNYN2adNESk,"Warner Records",USWB11801016,no
139,"Woods","Mac Miller",85,8B,36,2026-09-02,04:46,52,"hip hop, pittsburgh rap, rap","Hip Hop","Circles (Deluxe)",2020-03-19,78,14,21,46,0,10,-11,C,4,0SyY4pnirW6dDPMe32izRb,"Warner Records",USWB11801015,no
140,"Jet Fuel","Mac Miller",120,6A,56,2026-09-02,05:45,72,"hip hop, pittsburgh rap, rap","Hip Hop","Swimming",2018-08-03,79,54,0,28,0,10,-10,G minor,4,2JmFRXaJrkAUD2cs6U20KG,"Warner Records",USWB11801220,yes
141,"Conversation Pt. 1","Mac Miller",145,11A,47,2026-09-02,03:30,62,"hip hop, pittsburgh rap, rap","Hip Hop","Swimming",2018-08-03,79,64,0,26,10,10,-10,F#/G♭ minor,4,1oFEAWvPHP5TdSlmIs77sV,"Warner Records",USWB11801218,yes
142,"Perfecto","Mac Miller",148,3B,32,2026-09-02,03:35,64,"hip hop, pittsburgh rap, rap","Hip Hop","Swimming",2018-08-03,60,75,0,20,10,10,-11,C♯/D♭,4,0Xcy81PsJCOO6mhLZaQyQ4,"Warner Records",USWB11801214,yes
143,"Hurt Feelings","Mac Miller",158,4B,46,2026-09-02,04:05,71,"hip hop, pittsburgh rap, rap","Hip Hop","Swimming",2018-08-03,69,34,0,33,10,10,-8,G#/A♭,4,5p7GiBZNL1afJJDUrOA6C8,"Warner Records",USWB11801212,yes
144,"God Is Fair, Sexy Nasty (feat. Kendrick Lamar)","Mac Miller, Kendrick Lamar",96,10B,41,2026-09-02,08:20,68,"hip hop, pittsburgh rap, rap, west coast hip hop","Hip Hop","The Divine Feminine",2016-09-16,47,33,0,14,10,10,-12,D,4,6hzbRKhJHo6cfCHSnNaDS8,"Warner Records",USWB11601442,yes
145,"My Favorite Part","Mac Miller, Ariana Grande",95,2B,33,2026-09-02,03:36,75,"hip hop, pittsburgh rap, rap, pop","Hip Hop, Pop","The Divine Feminine",2016-09-16,86,63,0,72,0,10,-7,F#/G♭,4,66wkCYWlXzSTQAfnsPBptt,"Warner Records",USWB11601441,no
146,"We (feat. CeeLo Green)","Mac Miller, CeeLo Green",139,2A,64,2026-09-02,05:19,70,"hip hop, pittsburgh rap, rap, atl hip hop, pop rap","Hip Hop, Pop","The Divine Feminine",2016-09-16,64,79,5,60,0,10,-9,D#/E♭ minor,4,4k5UZm89ZX0YAHUp55zpt9,"Warner Records",USWB11601440,yes
147,"Cinderella (feat. Ty Dolla $ign)","Mac Miller, Ty Dolla $ign",140,1A,53,2026-09-02,08:00,94,"hip hop, pittsburgh rap, rap, trap soul","Hip Hop, R&B","The Divine Feminine",2016-09-16,55,24,0,24,0,30,-7,G#/A♭ minor,4,2lpygKqzPFtItQ4ss3cgfb,"Warner Records",USWB11601437,yes
148,"Skin","Mac Miller",120,4A,59,2026-09-02,04:47,66,"hip hop, pittsburgh rap, rap","Hip Hop","The Divine Feminine",2016-09-16,61,53,0,48,0,10,-7,F minor,4,1eDS8ii1utvj0PjfQLrDb4,"Warner Records",USWB11601436,yes
149,"BDE Bonus","Mac Miller",182,11B,50,2026-09-02,04:03,1,"hip hop, pittsburgh rap, rap","Hip Hop","Best Day Ever (5th Anniversary Remastered Edition)",2016-06-03,53,52,0,32,10,0,-9,A,4,4Pafh2Ndd9O4NgO53rqJxI,"Rostrum Records",USQY51493355,yes
150,"She Said","Mac Miller",179,11B,86,2026-09-02,02:46,0,"hip hop, pittsburgh rap, rap","Hip Hop","Best Day Ever (5th Anniversary Remastered Edition)",2016-06-03,50,5,0,52,30,20,-4,A,4,2Vn7N7WhRDs72oFliqZ3Gl,"Rostrum Records",QZ3GT1600009,yes
151,"All Around the World","Mac Miller",151,3B,93,2026-09-02,03:41,0,"hip hop, pittsburgh rap, rap","Hip Hop","Best Day Ever (5th Anniversary Remastered Edition)",2016-06-03,47,1,0,40,20,0,-4,C♯/D♭,4,7bxgIBgSak9aSWtkvWR0fe,"Rostrum Records",QZ3GT1600005,yes
152,"Wear My Hat","Mac Miller",76,2A,68,2026-09-02,04:00,0,"hip hop, pittsburgh rap, rap","Hip Hop","Best Day Ever (5th Anniversary Remastered Edition)",2016-06-03,84,33,0,87,0,10,-4,D#/E♭ minor,4,3V5fxttRJa9YwMMBkTsJXE,"Rostrum Records",QZ3GT1600003,yes
153,"I'll Be There (feat. Phonte)","Mac Miller, Phonte",83,4B,75,2026-09-02,03:11,0,"hip hop, pittsburgh rap, rap, neo soul","Hip Hop, R&B","Best Day Ever (5th Anniversary Remastered Edition)",2016-06-03,77,15,0,71,0,0,-6,G#/A♭,4,3P46ih3fvfw4HFT3JNwsbW,"Rostrum Records",QZ3GT1600002,yes
154,"Best Day Ever","Mac Miller",175,11B,57,2026-09-02,02:39,1,"hip hop, pittsburgh rap, rap","Hip Hop","Best Day Ever (5th Anniversary Remastered Edition)",2016-06-03,22,4,0,7,0,20,-5,A,4,1sVJY4n3fJOcrSiTA8oAos,"Rostrum Records",QZ3GT1600013,yes
155,"Jump","Mac Miller",133,4A,78,2026-09-02,04:39,57,"hip hop, pittsburgh rap, rap","Hip Hop","GO:OD AM",2015-09-18,65,6,0,30,0,70,-7,F minor,4,7uhniEFBcLsYD4W92E0Nx2,"Warner Records",USWB11508651,yes
156,"Cut the Check (feat. Chief Keef)","Mac Miller, Chief Keef",100,3B,74,2026-09-02,02:50,52,"hip hop, pittsburgh rap, rap, chicago drill, drill","Hip Hop","GO:OD AM",2015-09-18,83,6,0,52,20,20,-7,C♯/D♭,4,6U1ueRYXTjFHuJ9Ld2LBIW,"Warner Records",USWB11508649,yes
157,"Time Flies (feat. Lil B)","Mac Miller, Lil B",80,8A,81,2026-09-02,02:53,53,"hip hop, pittsburgh rap, rap","Hip Hop","GO:OD AM",2015-09-18,53,59,0,72,30,30,-5,A minor,4,613sTvP8USXm8SEKWsqCuv,"Warner Records",USWB11508642,yes
158,"Brand Name","Mac Miller",148,8A,71,2026-09-02,05:02,62,"hip hop, pittsburgh rap, rap","Hip Hop","GO:OD AM",2015-09-18,39,6,0,40,0,0,-5,A minor,4,6ulzLZnp6Y2TVLh1inckeJ,"Warner Records",USWB11508639,yes
159,"Doors","Mac Miller",134,7A,18,2026-09-02,01:18,59,"hip hop, pittsburgh rap, rap","Hip Hop","GO:OD AM",2015-09-18,50,92,0,22,0,30,-15,D minor,4,0cDvVjiJ8iKCYcypWJ71ay,"Warner Records",USWB11508638,yes
160,"Life","Mac Miller",122,11B,37,2026-09-02,03:15,0,"hip hop, pittsburgh rap, rap","Hip Hop","Live From Space",2013-12-17,49,68,0,9,10,0,-12,A,4,35lY1zWGnrFvtckGe0p9fw,"Rostrum Records",USQY51401789,yes
161,"Someone Like You","Mac Miller",135,10B,60,2026-09-02,04:16,0,"hip hop, pittsburgh rap, rap","Hip Hop","Watching Movies with the Sound Off",2013-06-18,63,5,0,6,10,10,-5,D,4,6x68G4xQBgQDQ5AQ6L6TsL,"Rostrum Records",USQY51374463,yes
162,"Suplexes Inside of Complexes and Duplexes","Mac Miller",80,6A,75,2026-09-02,02:47,0,"hip hop, pittsburgh rap, rap","Hip Hop","Watching Movies with the Sound Off",2013-06-18,41,82,0,47,50,10,-7,G minor,4,2R8dXjdGLvOQAqYgpQXBtl,"Rostrum Records",USQY51374461,yes
163,"Red Dot Music (feat. Action Bronson)","Mac Miller, Action Bronson",149,4A,69,2026-09-02,06:07,0,"hip hop, pittsburgh rap, rap, east coast hip hop","Hip Hop","Watching Movies with the Sound Off",2013-06-18,54,16,0,28,40,10,-7,F minor,4,3G8xKBPsOgViF0V9ffwozx,"Rostrum Records",USQY51374458,yes
164,"S.D.S.","Mac Miller",187,3B,87,2026-09-02,03:04,0,"hip hop, pittsburgh rap, rap","Hip Hop","Watching Movies with the Sound Off",2013-06-18,35,23,0,29,40,10,-5,C♯/D♭,4,5iNKdxZ7j9Gge9kbifOsni,"Rostrum Records",USQY51365493,yes
165,"I’m Not Real (feat. Earl Sweatshirt)","Mac Miller, Earl Sweatshirt",152,3B,69,2026-09-02,03:23,0,"hip hop, pittsburgh rap, rap, experimental hip hop, alternative hip hop","Hip Hop","Watching Movies with the Sound Off",2013-06-18,47,40,0,74,10,60,-6,C♯/D♭,4,1ntksaOoxI4D6hAVjESIuJ,"Rostrum Records",USQY51374453,yes
166,"Avian","Mac Miller",75,9B,69,2026-09-02,03:16,0,"hip hop, pittsburgh rap, rap","Hip Hop","Watching Movies with the Sound Off",2013-06-18,55,27,0,26,10,10,-7,G,4,5DNcUb4m3jC8Knkz0t42a2,"Rostrum Records",USQY51374452,yes
167,"Sunlight (feat. Iman Omari)","Mac Miller, Iman Omari",94,3A,79,2026-09-02,02:45,0,"hip hop, pittsburgh rap, rap, indie r&b, alternative r&b","Pop, R&B, Hip Hop","Macadelic",2012-03-23,79,54,0,90,20,30,-6,A#/B♭ minor,4,7g9GUBX7TiAF2Zj3lxTde0,"Rostrum Records",USA2P1829662,yes
168,"Angels (When She Shuts Her Eyes)","Mac Miller",140,1B,73,2026-09-02,03:23,0,"hip hop, pittsburgh rap, rap","Hip Hop","Macadelic",2012-03-23,53,16,0,22,20,50,-6,B,4,71flhSOiY29hIZWdMiKOD7,"Rostrum Records",USA2P1829661,yes
169,"Ignorant (feat. Cam'ron)","Mac Miller, Cam'ron",134,12B,73,2026-09-02,03:33,0,"hip hop, pittsburgh rap, rap, east coast hip hop","Hip Hop","Macadelic",2012-03-23,73,6,0,46,10,30,-7,E,4,529RPWaWNlqffX6XcCm931,"Rostrum Records",USA2P1829659,yes
170,"Vitamins","Mac Miller",140,10B,74,2026-09-02,03:03,0,"hip hop, pittsburgh rap, rap","Hip Hop","Macadelic",2012-03-23,65,49,0,49,0,30,-3,D,4,1Kxn9I2iOvUFLlTZgzmEyM,"Rostrum Records",USA2P1829655,yes
171,"Loud","Mac Miller",140,3B,87,2026-09-02,02:50,3,"hip hop, pittsburgh rap, rap","Hip Hop","Macadelic",2012-03-23,64,0,0,25,0,30,-4,C♯/D♭,4,2m9fyiIA1ADsjZTG9qcnQI,"Rostrum Records",USQY51268310,yes
172,"Desperado","Mac Miller",179,1A,90,2026-09-02,04:00,0,"hip hop, pittsburgh rap, rap","Hip Hop","Macadelic",2012-03-23,38,15,0,21,50,10,-5,G#/A♭ minor,4,4i2yWXvlZzrlsAZaUu6SSs,"Rostrum Records",USA2P1829653,yes
173,"One Last Thing","Mac Miller",101,11B,77,2026-09-02,02:58,0,"hip hop, pittsburgh rap, rap","Hip Hop","Blue Slide Park",2011-11-08,38,54,0,22,0,10,-7,A,4,46q96jI1CtrudZstpWALGg,"Rostrum Records",USQY51145590,yes
174,"My Team","Mac Miller",105,1B,76,2026-09-02,02:25,0,"hip hop, pittsburgh rap, rap","Hip Hop","Blue Slide Park",2011-11-08,70,4,0,35,10,10,-7,B,4,5p8C4UPD5NIGBzvKWxo266,"Rostrum Records",USQY51145583,yes
175,"Smile Back","Mac Miller",151,10B,83,2026-09-02,02:42,1,"hip hop, pittsburgh rap, rap","Hip Hop","Blue Slide Park",2011-11-08,53,0,0,24,10,30,-7,D,4,6F9nsukvVbVSVGPCjrnHW4,"Rostrum Records",USQY51145580,yes
176,"PA Nights","Mac Miller",89,5A,62,2026-09-02,03:04,0,"hip hop, pittsburgh rap, rap","Hip Hop","Blue Slide Park",2011-11-08,52,41,0,24,20,10,-7,C minor,4,0eVcgi09qYDx6ULCfiPjIu,"Rostrum Records",USQY51145579,yes
177,"Blue Slide Park","Mac Miller",96,5A,86,2026-09-02,02:29,0,"hip hop, pittsburgh rap, rap","Hip Hop","Blue Slide Park",2011-11-08,63,6,0,16,20,20,-6,C minor,4,1ersV5obKZX7FbED02mZD7,"Rostrum Records",USQY51145577,yes
178,"All I Want Is You","Mac Miller",83,3B,77,2026-09-02,03:43,0,"hip hop, pittsburgh rap, rap","Hip Hop","K.I.D.S. (Deluxe)",2010-08-13,59,11,0,51,20,10,-5,C♯/D♭,4,6W5EUa3fRk3DErvA2eHx0o,"Rostrum Records",USA2P2015965,yes
179,"Mad Flava, Heavy Flow (Interlude) [feat. DJ Bonics]","Mac Miller, DJ Bonics",94,1A,96,2026-09-02,00:26,0,"hip hop, pittsburgh rap, rap","Hip Hop","K.I.D.S. (Deluxe)",2010-08-13,60,39,0,94,40,60,-5,G#/A♭ minor,3,3EWurUu16gua9aYNy6uYUq,"Rostrum Records",USA2P2015964,no
180,"Ride Around","Mac Miller",168,12B,90,2026-09-02,02:24,0,"hip hop, pittsburgh rap, rap","Hip Hop","K.I.D.S. (Deluxe)",2010-08-13,76,3,0,56,20,30,-4,E,4,5kXdRIWhGt7jqED7xfLTte,"Rostrum Records",USA2P2015963,yes
181,"Good Evening","Mac Miller",115,2B,78,2026-09-02,04:03,0,"hip hop, pittsburgh rap, rap","Hip Hop","K.I.D.S. (Deluxe)",2010-08-13,53,5,0,69,40,30,-6,F#/G♭,5,0vkbXiCdOXRc74UIVCuvXv,"Rostrum Records",USA2P2015962,yes
182,"Paper Route (feat. Chevy Woods)","Mac Miller, Chevy Woods",81,3B,85,2026-09-02,02:51,0,"hip hop, pittsburgh rap, rap","Hip Hop","K.I.D.S. (Deluxe)",2010-08-13,58,9,0,57,20,30,-5,C♯/D♭,4,4CV58jALE66Q1c2Kawmzgf,"Rostrum Records",USA2P2015961,yes
183,"Nikes on My Feet","Mac Miller",92,8A,57,2026-09-02,02:44,0,"hip hop, pittsburgh rap, rap","Hip Hop","K.I.D.S. (Deluxe)",2010-08-13,80,56,0,56,20,10,-5,A minor,4,1lGYQnMcERmhNPZDHIJuoy,"Rostrum Records",USQY51771120,yes
184,"Get Em Up","Mac Miller",85,8A,93,2026-09-02,03:06,0,"hip hop, pittsburgh rap, rap","Hip Hop","K.I.D.S. (Deluxe)",2010-08-13,64,37,0,74,10,10,-3,A minor,4,7gugxacl2glKUtqX5CnuFz,"Rostrum Records",USA2P2015958,yes
185,"Outside","Mac Miller",80,9B,85,2026-09-02,03:37,0,"hip hop, pittsburgh rap, rap","Hip Hop","K.I.D.S. (Deluxe)",2010-08-13,48,1,0,27,10,30,-4,G,4,46xqXoohiUXCZo4K34LG4G,"Rostrum Records",USA2P2015957,yes
186,"Forever (feat. Post Malone & Clever)","Justin Bieber, Post Malone, Clever",140,1A,48,2026-09-02,03:39,66,"canadian pop, pop, dfw rap, melodic rap, rap, alabama rap","Hip Hop, Pop","Changes",2020-02-14,82,54,0,89,0,20,-6,G#/A♭ minor,4,2ZlCGeK30BLRNSPC832pNZ,"RBMG/Def Jam",USUM72001323,no
187,"Sober (feat. Roddy Ricch & Post Malone)","YG, Roddy Ricch, Post Malone",84,6A,46,2026-09-02,04:13,47,"hyphy, melodic rap, dfw rap, pop, rap","Hip Hop, Pop","I GOT ISSUES",2022-09-30,67,14,0,29,20,10,-9,G minor,4,0AzqJBVMdHP9ijAadQ0T18,"YG PS/ Def Jam",USUG12204797,yes
188,"Writing on the Wall (feat. Post Malone & Cardi B)","French Montana, Rvssian, Post Malone, Cardi B",112,8A,84,2026-09-02,03:21,54,"hip hop, pop rap, rap, southern hip hop, trap, trap latino, dancehall, dfw rap, melodic rap, pop","Reggae, Hip Hop, Pop, Latin","Writing on the Wall (feat. Post Malone & Cardi B)",2019-09-27,77,28,0,50,10,0,-2,A minor,4,7x9nXsowok1JszkVztI5NI,"Epic/Bad Boy Entertainment",USSM11904644,yes
189,"Wolves (feat. Post Malone)","Big Sean, Post Malone",160,10B,68,2026-09-02,03:19,29,"detroit hip hop, hip hop, pop rap, r&b, rap, southern hip hop, trap, dfw rap, melodic rap, pop","Hip Hop, Pop, R&B","Detroit 2 (Deluxe)",2022-09-19,72,10,0,33,0,30,-5,D,4,0ToRGhN2XSJ2viXeZh17Y3,"Getting Out Our Dreams, Inc./Def Jam Recordings",USUM72016329,yes
190,"Jackie Chan","Tiësto, Dzeko, Preme, Post Malone",128,2A,83,2026-09-02,03:35,0,"edm, trance, big room, canadian electronic, dutch house, electro house, pop dance, pop edm, progressive electro house, canadian hip hop, canadian trap, dfw rap, melodic rap, pop, rap","Electronic, Hip Hop, Pop","爆上げ！New Year Party Mix 2024",2023-12-03,75,37,0,69,0,0,-3,D#/E♭ minor,4,7oXljCophUtXuTa3lZV1VQ,"UME - Global Clearing House",CYA111800123,yes
191,"Chip 'n Dale Rescue Rangers Theme","Post Malone",130,11B,70,2026-09-02,02:24,41,"dfw rap, melodic rap, pop, rap","Hip Hop, Pop","Chip 'n Dale: Rescue Rangers (Original Soundtrack)",2022-06-24,61,1,0,66,0,10,-6,A,4,1X60krj9l60b8IPvKlfYmh,"Walt Disney Records",USWD12214563,no
192,"Spicy","Ty Dolla $ign, Post Malone",100,9A,51,2026-09-02,02:23,1,"trap soul, dfw rap, melodic rap, pop, rap","Hip Hop, Pop, R&B","Playlist 20s",2022-02-18,78,14,0,12,0,10,-6,E minor,4,1lIWx1feaRDUwFix1T3VHl,"Warner Music Group - X5 Music Group",USAT22005586,yes
193,"Joy","Post Malone",112,9B,55,2026-09-02,04:47,54,"dfw rap, melodic rap, pop, rap","Hip Hop, Pop","AUSTIN (Bonus)",2023-08-02,54,2,1,8,0,20,-8,G,4,4kD3OqYqX2kJCUTEscRBxO,"Mercury Records/Republic Records",USUM72310542,no
194,"Texas Tea","Post Malone",80,10B,58,2026-09-02,02:19,48,"dfw rap, melodic rap, pop, rap","Hip Hop, Pop","AUSTIN (Bonus)",2023-08-02,57,0,0,37,0,20,-6,D,4,38qzuxvgmEEtlKIE9jDJWK,"Mercury Records/Republic Records",USUM72306388,yes
195,"Overdrive","Post Malone",140,3B,73,2026-09-02,02:27,51,"dfw rap, melodic rap, pop, rap","Hip Hop, Pop","AUSTIN (Bonus)",2023-08-02,56,0,0,48,0,30,-5,C♯/D♭,4,71snOgSRnUsYu2G74VBy40,"Mercury Records/Republic Records",USUM72306020,no
196,"Socialite","Post Malone",91,10B,71,2026-09-02,03:19,48,"dfw rap, melodic rap, pop, rap","Hip Hop, Pop","AUSTIN (Bonus)",2023-08-02,55,3,0,21,0,30,-6,D,4,37MvrBi4UHnb1BjRVTysWm,"Mercury Records/Republic Records",USUM72306017,yes
197,"Too Cool To Die","Post Malone",107,8B,75,2026-09-02,03:24,51,"dfw rap, melodic rap, pop, rap","Hip Hop, Pop","AUSTIN (Bonus)",2023-08-02,58,0,0,43,0,10,-6,C,4,4Q9r41IbGhNCTdgjxH9w8t,"Mercury Records/Republic Records",USUM72306016,yes
198,"Something Real","Post Malone",135,10A,78,2026-09-02,03:25,52,"dfw rap, melodic rap, pop, rap","Hip Hop, Pop","AUSTIN (Bonus)",2023-08-02,43,0,0,25,0,30,-5,B minor,4,373nrXuYab2ryFwNjHDLxZ,"Mercury Records/Republic Records",USUM72306013,yes
199,"A Little Kiss Goodnight (with Paul Weston & His Orchestra)","Doris Day, Guy Mitchell, Paul Weston And His Orchestra",107,8B,5,2026-09-02,02:32,1,"adult standards, big band, deep adult standards","Easy Listening, Jazz","Doris Day: Her Life In Music",2004-04-01,83,97,0,47,10,10,-17,C,3,2ys4yyqBQGJtsIUGmU9Rao,"Columbia",USSM10400662,no
200,"Let's Walk That-A-Way (with Paul Weston & His Orchestra)","Doris Day, Johnnie Ray, Paul Weston And His Orchestra",157,4A,31,2026-09-02,02:36,4,"adult standards, big band","Easy Listening, Jazz","Doris Day: Her Life In Music",2004-04-01,60,50,0,83,0,20,-14,F minor,4,0ftITKcyjDohKY7FmO9Tqs,"Columbia",USSM10108897,no
201,"I Enjoy Being A Girl (with Frank DeVol & His Orchestra)","Doris Day, Frank DeVol & His Orchestra",144,2B,29,2026-09-02,02:35,15,"adult standards, big band, man's orchestra","Easy Listening, Jazz","Doris Day: Her Life In Music",2004-04-01,53,18,0,21,0,10,-11,F#/G♭,4,6DVu6RZWnPrI8OLwrJXReo,"Columbia",USSM10400764,no
202,"Glass Bottom Boat - Alternate Take 2","Doris Day",166,3B,42,2026-09-02,02:42,20,"adult standards, big band","Easy Listening, Jazz","Doris Day: Her Life In Music",2004-04-01,59,67,0,94,0,10,-14,C♯/D♭,4,4qfiEEKi8KlraPxzIvAg87,"Columbia",USSM10402043,no
203,"I'm Not At All In Love","Doris Day",103,11B,29,2026-09-02,04:03,2,"adult standards, big band","Easy Listening, Jazz","25 Movie Greats",2003-00-00,56,81,0,61,0,70,-10,A,3,5BPxfVD2ejBBOohpinj2sm,"Columbia",USSM15700474,no
204,"This Can't Be Love - Stereo","Doris Day",97,9B,31,2026-09-02,03:09,1,"adult standards, big band","Easy Listening, Jazz","Doris Day - 41 Hollywood Greats",2002-04-04,38,22,0,58,0,0,-12,G,4,5hrNfzVASwIWjL9wUhiNDo,"Columbia",USSM19802841,no
205,"Every Now And Then (You Come Around)","Doris Day",91,3B,37,2026-09-02,02:08,4,"adult standards, big band","Easy Listening, Jazz","Essential Love Songs",2008-10-28,27,77,26,40,0,10,-10,C♯/D♭,1,30TMTk8FNPBazwVJwgLoQn,"Columbia",USSM10009793,no
206,"Send Me No Flowers - Mono","Doris Day",113,6A,51,2026-09-02,02:10,38,"adult standards, big band","Easy Listening, Jazz","Essential Love Songs",2008-10-28,48,67,0,66,0,40,-9,G minor,4,0tj4MJKD9c4ozGJO5aEgAx,"Columbia",USSM19930084,no
207,"Three Coins In The Fountain (with Frank DeVol & His Orchestra)","Doris Day, Frank DeVol & His Orchestra",131,4B,14,2026-09-02,03:14,4,"adult standards, big band, man's orchestra","Easy Listening, Jazz","Essential Love Songs",2008-10-28,27,88,1,7,0,10,-15,G#/A♭,4,65RyarZ1NmOqK1AksRR7ZV,"Columbia",USSM19924787,no
208,"That Was A Big Fat Lie - It's A Great Feeling (Main Title)","Doris Day",107,10A,11,2026-09-02,01:29,0,"adult standards, big band","Easy Listening, Jazz","It's Magic, Doris Day: Her early years at Warner Bros.",1998-00-00,77,89,0,72,0,10,-13,B minor,4,0200LU9juDajjx3WKHFPUR,"Sony Classical",UST1C0102251,no
209,"Tic Tic Tic - (Extended Version) My Dream Is Yours (1949)","Doris Day",124,9B,34,2026-09-02,02:32,0,"adult standards, big band","Easy Listening, Jazz","It's Magic, Doris Day: Her early years at Warner Bros.",1998-00-00,77,83,0,88,0,10,-12,G,4,3MM33kBO1cOewAyBv7WY9x,"Sony Classical",UST1C0102325,no
210,"It's You Or No One (With Jazz Trio) - Romance On The High Seas (1948)","Doris Day",167,6B,10,2026-09-02,02:44,0,"adult standards, big band","Easy Listening, Jazz","It's Magic, Doris Day: Her early years at Warner Bros.",1998-00-00,60,99,2,46,0,10,-16,A#/B♭,4,1a5TTsXQ9SNN4d3gjHfbkB,"Sony Classical",UST1C0101389,no
211,"I'm In Love (Previously Unissued Version) - Romance On The High Seas (1948)","Doris Day",104,9B,22,2026-09-02,01:58,0,"adult standards, big band","Easy Listening, Jazz","It's Magic, Doris Day: Her early years at Warner Bros.",1998-00-00,58,92,0,40,10,80,-13,G,4,0DLBKGslPDTptzA0Mw2E54,"Sony Classical",UST1C0101310,no
212,"A Bushel and a Peck (with David Rose & His Orchestra) - From  Guys and Dolls ","Doris Day, David Rose & His Orchestra",136,9B,21,2026-09-02,02:47,43,"adult standards, big band, light music, man's orchestra","Easy Listening, Jazz","16 Most Requested Songs - Encore!",1993-06-22,73,93,0,72,0,10,-13,G,4,0c6BJFUR8XlckS6oJ4grXm,"Columbia/Legacy",USSM15000028,no
213,"Papa, Won't You Dance With Me?","Doris Day, Lou Bring and His Orchestra",122,4B,19,2026-09-02,02:26,7,"adult standards, big band","Easy Listening, Jazz","16 Most Requested Songs - Encore!",1993-06-22,73,90,0,85,0,10,-13,G#/A♭,4,0q8eWCu3cWEG9tIY4LfK7w,"Columbia/Legacy",USSM14700035,no
214,"Till the End of Time","Doris Day",78,6A,9,2026-09-02,02:59,22,"adult standards, big band","Easy Listening, Jazz","16 Most Requested Songs - Encore!",1993-06-22,28,98,4,17,0,10,-15,G minor,4,4eWCvz466qPg7mT2CZWtJb,"Columbia/Legacy",USSM14500031,no
215,"It's A Great Feeling (with The Mellomen)","Doris Day, John Rarig, The Mellomen",111,8B,18,2026-09-02,02:29,14,"adult standards, big band, movie tunes","Easy Listening, Jazz","A Day At The Movies",1978-01-01,84,92,0,71,0,10,-17,C,4,5gbmcMZJ3ME55jnwYGqCqS,"Columbia",USSM14900272,no
216,"I'm Beginning to See the Light","Doris Day",113,9B,24,2026-09-02,02:05,19,"adult standards, big band","Easy Listening, Jazz","Sentimental Journey",1965-04-01,60,79,0,26,0,10,-12,G,4,4dY1HgFk4od9GJ4nf919WT,"Columbia/Legacy",USSM16400936,no
217,"The More I See You - From  Billy Rose's Diamond Horseshoe ","Doris Day",169,6B,25,2026-09-02,03:15,13,"adult standards, big band","Easy Listening, Jazz","Sentimental Journey",1965-04-01,16,93,6,15,0,20,-13,A#/B♭,4,1m3IN8DaZFP6QYNTKhOxru,"Columbia/Legacy",USSM16400928,no
218,"Our Day Will Come","Doris Day",82,7B,20,2026-09-02,02:41,21,"adult standards, big band","Easy Listening, Jazz","Latin For Lovers",1965-03-22,43,73,0,31,0,30,-14,F,4,7CPsuXKUqE2HFC5MS2SqLd,"Columbia/Legacy",USSM16401297,no
219,"How Insensitive (Insensataez)","Doris Day",99,7A,16,2026-09-02,03:39,22,"adult standards, big band","Easy Listening, Jazz","Latin For Lovers",1965-03-22,46,81,0,17,0,20,-18,D minor,5,7uzPPNOLtp9MBgwWmxjhl4,"Columbia/Legacy",USSM10307904,no
220,"Summer Has Gone","Doris Day",93,9B,26,2026-09-02,02:15,26,"adult standards, big band","Easy Listening, Jazz","Latin For Lovers",1965-03-22,44,76,0,18,0,10,-15,G,3,7K3u8eRwjvTicMcxOnY7xp,"Columbia/Legacy",USSM10903428,no
221,"Quiet Nights of Quiet Stars (Corcovado)","Doris Day",102,9B,23,2026-09-02,02:53,30,"adult standards, big band","Easy Listening, Jazz","Latin For Lovers",1965-03-22,39,84,0,21,0,10,-16,G,4,2cb92G174Dq6AymPO5PTma,"Columbia/Legacy",USSM16401085,no
222,"As Long as He Needs Me","Doris Day",132,6A,8,2026-09-02,04:05,10,"adult standards, big band","Easy Listening, Jazz","Love Him",1963-12-16,31,89,1,10,0,10,-17,G minor,4,4FFJv5TEJNi2q6WoZjumre,"Legacy Recordings",USSM19924793,no
223,"(Now and Then There's) A Fool Such As I","Doris Day",83,7B,19,2026-09-02,02:57,8,"adult standards, big band","Easy Listening, Jazz","Love Him",1963-12-16,21,95,3,12,0,10,-16,F,1,4X5OOX1hpUKlNTCC96DIKF,"Legacy Recordings",USSM10412630,no
224,"Since I Fell for You","Doris Day",95,3B,16,2026-09-02,04:22,9,"adult standards, big band","Easy Listening, Jazz","Love Him",1963-12-16,33,97,1,8,0,10,-17,C♯/D♭,3,53lgSEPHtxNCP1dffFjt8W,"Legacy Recordings",USSM16301413,no
225,"The Lord's Prayer","Doris Day",102,7B,3,2026-09-02,03:00,3,"adult standards, big band","Easy Listening, Jazz","You'll Never Walk Alone",1962-09-17,25,99,1,4,0,10,-21,F,3,73Nn2vIziVJFH3GzeWR864,"Columbia/Legacy",USSM10703428,no
226,"Scarlet Ribbons (For Her Hair)","Doris Day",134,10B,3,2026-09-02,03:06,5,"adult standards, big band","Easy Listening, Jazz","You'll Never Walk Alone",1962-09-17,34,97,0,20,0,10,-23,D,4,2bM6yGptDFnRNF3yS0XfgB,"Columbia/Legacy",USSM10703425,no
227,"In the Garden","Doris Day",84,10B,2,2026-09-02,03:42,7,"adult standards, big band","Easy Listening, Jazz","You'll Never Walk Alone",1962-09-17,21,99,2,11,0,10,-21,D,4,5p3nd3rR09dbLEh1O7OMue,"Columbia/Legacy",USSM10703423,no
228,"Bless This House","Doris Day",97,9B,3,2026-09-02,03:20,6,"adult standards, big band","Easy Listening, Jazz","You'll Never Walk Alone",1962-09-17,28,99,1,15,0,10,-20,G,4,7CotDtAsNzGnpx6c31CPs5,"Columbia/Legacy",USSM10703421,no
229,"The Prodigal Son","Doris Day",81,8B,3,2026-09-02,02:57,3,"adult standards, big band","Easy Listening, Jazz","You'll Never Walk Alone",1962-09-17,25,98,0,7,0,10,-20,C,3,2dN9ZHZkwXNdEQYNNC8sVn,"Columbia/Legacy",USSM10703419,no
230,"If I Can Help Somebody","Doris Day",187,9B,2,2026-09-02,02:40,5,"adult standards, big band","Easy Listening, Jazz","You'll Never Walk Alone",1962-09-17,20,97,0,11,0,0,-21,G,3,73QTFYbByFz3k4OfhtLeNw,"Columbia/Legacy",USSM10400904,no
231,"Falling In Love Again (with The André Previn Trio)","Doris Day, André Previn, André Previn Trio",78,4B,6,2026-09-02,02:55,8,"adult standards, big band, ballet, classical, orchestral, french jazz","Easy Listening, Classical, Jazz","Duet",1962-02-22,40,99,0,13,0,10,-18,G#/A♭,3,2sbKL9v137nwBiO3HUIFZw,"Columbia",USSM19927364,no
232,"Daydreaming (with The André Previn Trio)","Doris Day, André Previn, André Previn Trio",95,4B,16,2026-09-02,03:08,8,"adult standards, big band, ballet, classical, orchestral, french jazz","Easy Listening, Classical, Jazz","Duet",1962-02-22,51,89,0,16,0,10,-16,G#/A♭,3,5iJYO3VKNMAAoDXO8A0PDc,"Columbia",USSM19927359,no
233,"That Jane from Maine","Doris Day",171,9A,65,2026-09-02,02:31,5,"adult standards, big band","Easy Listening, Jazz","Wonderful Day (Bonus Track Version)",1961-11-21,47,63,0,84,0,30,-10,E minor,4,5gNQ6WHHvunfWWJwCzvhRd,"Columbia/Legacy",USSM15800703,no
234,"Possess Me - Single Version","Doris Day",122,9B,32,2026-09-02,02:18,10,"adult standards, big band","Easy Listening, Jazz","Wonderful Day (Bonus Track Version)",1961-11-21,39,73,0,55,0,60,-10,G,4,0ieujIkngnYRPPn9nD1pPC,"Columbia/Legacy",USSM10301645,no
235,"Should I Surrender - Mono","Doris Day",97,11B,27,2026-09-02,02:37,7,"adult standards, big band","Easy Listening, Jazz","Wonderful Day (Bonus Track Version)",1961-11-21,50,82,0,16,0,10,-9,A,3,4k1Ad4fXpRpYsiXWgxBhe5,"Columbia/Legacy",USSM10301643,no
236,"Oh What a Beautiful Dream","Doris Day",112,7B,15,2026-09-02,03:25,4,"adult standards, big band","Easy Listening, Jazz","I Have Dreamed",1961-04-01,29,96,0,20,0,10,-20,F,5,36L5s9jt3sVbMHUu5Tdrnz,"Columbia/Legacy",USSM11500914,no
237,"You Stepped Out of a Dream","Doris Day",107,5A,12,2026-09-02,02:47,5,"adult standards, big band","Easy Listening, Jazz","I Have Dreamed",1961-04-01,38,95,0,12,0,10,-18,C minor,4,0nRATWZA4kFVjvqWfCP2yf,"Columbia/Legacy",USSM11105014,no
238,"When I Grow Too Old to Dream","Doris Day",80,11B,8,2026-09-02,03:02,15,"adult standards, big band","Easy Listening, Jazz","I Have Dreamed",1961-04-01,22,98,2,12,0,0,-23,A,3,4NjqEz3JoZM1H9AYYpUd6H,"Columbia/Legacy",USSM11001398,no
239,"All I Do Is Dream of You","Doris Day",69,12B,5,2026-09-02,03:14,10,"adult standards, big band","Easy Listening, Jazz","I Have Dreamed",1961-04-01,30,98,1,13,0,10,-21,E,4,0LdQtajBkq880gKDDo64fj,"Columbia/Legacy",USSM11105017,no
240,"My Ship","Doris Day",81,6B,14,2026-09-02,04:08,6,"adult standards, big band","Easy Listening, Jazz","I Have Dreamed",1961-04-01,19,94,1,12,0,10,-19,A#/B♭,4,159fRy9XJ6rNUaim6EQ2gy,"Columbia/Legacy",USSM11105015,no
241,"I'll Buy That Dream","Doris Day",101,7B,11,2026-09-02,03:42,7,"adult standards, big band","Easy Listening, Jazz","I Have Dreamed",1961-04-01,34,95,0,28,0,10,-19,F,4,1SMkdW0US96IAhc32o4lIy,"Columbia/Legacy",USSM11105013,no
242,"Twinkle and Shine (with Neal Hefti & His Orchestra) - Stereo","Doris Day, Neal Hefti & His Orchestra",206,8B,23,2026-09-02,02:18,8,"adult standards, big band, exotica","Easy Listening, Jazz","Bright & Shiny (with Neal Hefti & His Orchestra)",1961-03-20,48,76,0,90,0,10,-14,C,4,2kT689UjaZKYwkoo5m8AUT,"Columbia/Legacy",USSM10101735,no
243,"Clap Yo' Hands (with Neal Hefti & His Orchestra)","Doris Day, Neal Hefti & His Orchestra",119,8A,13,2026-09-02,03:00,2,"adult standards, big band, exotica","Easy Listening, Jazz","Bright & Shiny (with Neal Hefti & His Orchestra)",1961-03-20,76,76,0,27,10,0,-17,A minor,4,4ac0AKU6qbY5do6IufltwR,"Columbia/Legacy",USSM10307539,no
244,"On the Sunny Side of the Street (with Neal Hefti & His Orchestra)","Doris Day, Neal Hefti & His Orchestra",84,2B,9,2026-09-02,02:39,11,"adult standards, big band, exotica","Easy Listening, Jazz","Bright & Shiny (with Neal Hefti & His Orchestra)",1961-03-20,52,85,0,28,0,10,-17,F#/G♭,4,5MyjPPvGfJLuEVsy8vz98H,"Columbia/Legacy",USSM10000092,no
245,"Singin' In the Rain (with Neal Hefti & His Orchestra)","Doris Day, Neal Hefti & His Orchestra",120,3B,7,2026-09-02,02:38,31,"adult standards, big band, exotica","Easy Listening, Jazz","Bright & Shiny (with Neal Hefti & His Orchestra)",1961-03-20,70,74,0,48,0,0,-20,C♯/D♭,4,2qP4GG1rhz0C1qibYFZFHb,"Columbia/Legacy",USSM19907349,no
246,"Keep Smilin', Keep Laughin', Be Happy (with Neal Hefti & His Orchestra)","Doris Day, Neal Hefti & His Orchestra",127,5A,17,2026-09-02,02:57,35,"adult standards, big band, exotica","Easy Listening, Jazz","Bright & Shiny (with Neal Hefti & His Orchestra)",1961-03-20,57,55,0,42,0,0,-17,C minor,4,3hMWQlDisb60rehLgGwWvC,"Columbia/Legacy",USSM10000453,no
247,"The Inch-Worm (with Jimmy Joyce & His Children's Chorus)","Doris Day, Jimmy Joyce & His Children's Chorus",79,9B,16,2026-09-02,02:25,2,"adult standards, big band","Easy Listening, Jazz","With A Smile And A Song",1960-07-11,30,94,0,12,0,10,-17,G,4,6opwvzoIH8nRXtszHWPB5v,"Columbia/Legacy",USSM10301665,no
248,"Give a Little Whistle (with Jimmy Joyce & His Children's Chorus)","Doris Day, Jimmy Joyce & His Children's Chorus",85,6B,30,2026-09-02,02:06,7,"adult standards, big band","Easy Listening, Jazz","With A Smile And A Song",1960-07-11,45,73,0,55,10,10,-13,A#/B♭,4,5VRvK8VvjdIRiJzFegrzQc,"Columbia/Legacy",USSM10301660,no
249,"The Sound of Music / Show Time - Pt. Two","Doris Day",78,8B,12,2026-09-02,03:23,5,"adult standards, big band","Easy Listening, Jazz","Show Time",1960-07-11,29,91,0,30,0,20,-15,C,4,7dwjURI7ZnYbRXNNA1qhac,"Legacy Recordings",USSM10903437,no
250,"They Say It's Wonderful - from  Annie Get Your Gun ","Doris Day",80,8B,4,2026-09-02,02:57,48,"adult standards, big band","Easy Listening, Jazz","Show Time",1960-07-11,32,95,0,11,0,0,-18,C,3,6ez3saVZpG1ek30OCYpC0f,"Legacy Recordings",USSM19924446,no
251,"I've Grown Accustomed to His Face","Doris Day",79,4B,4,2026-09-02,03:11,7,"adult standards, big band","Easy Listening, Jazz","Show Time",1960-07-11,38,96,0,10,0,10,-20,G#/A♭,4,5jnEAc0Z0niBI2NK8N8snu,"Legacy Recordings",USSM19924445,no
252,"People Will Say We're in Love (with Axel Stordahl & His Orchestra)","Doris Day, Axel Stordahl And His Orchestra",111,2B,10,2026-09-02,02:51,8,"adult standards, big band, exotica","Easy Listening, Jazz","Show Time",1960-07-11,44,90,0,27,0,10,-15,F#/G♭,4,5ZBFw1cueZiNnUQG1CvMND,"Legacy Recordings",USSM10000436,no
253,"I Love Paris","Doris Day",108,9B,4,2026-09-02,03:09,17,"adult standards, big band","Easy Listening, Jazz","Show Time",1960-07-11,44,82,4,18,0,10,-22,G,4,7sSIGNwhRB2zQDKPpNwbGf,"Legacy Recordings",USSM10000437,no
254,"I Got the Sun in the Morning","Doris Day",106,8B,11,2026-09-02,03:47,15,"adult standards, big band","Easy Listening, Jazz","Show Time",1960-07-11,55,88,0,22,0,0,-16,C,4,6i7eKVeLYfhLSzva2zRBNT,"Legacy Recordings",USSM10000450,no
255,"What Does a Woman Do","Doris Day",128,7B,7,2026-09-02,03:20,2,"adult standards, big band","Easy Listening, Jazz","What Every Girl Should Know",1960-04-01,26,95,0,17,0,10,-18,F,3,3M890aFRZcrtwuwPTIQWYG,"Columbia/Legacy",USSM15901081,no
256,"You Can't Have Everything","Doris Day",126,8B,10,2026-09-02,02:18,2,"adult standards, big band","Easy Listening, Jazz","What Every Girl Should Know",1960-04-01,59,91,0,29,0,10,-17,C,4,5WuMKHlV85QXzkAQelkvGD,"Columbia/Legacy",USSM15901079,no
257,"Something Wonderful (with Leith Stevens & His Orchestra)","Doris Day, Leith Stevens And His Orchestra",87,10B,5,2026-09-02,02:49,2,"adult standards, big band","Easy Listening, Jazz","What Every Girl Should Know",1960-04-01,24,94,0,8,0,0,-17,D,4,6EAf4QcKbOECzvREZuQRHK,"Columbia/Legacy",USSM15901077,no
258,"A Fellow Needs a Girl","Doris Day",79,6B,4,2026-09-02,03:09,2,"adult standards, big band","Easy Listening, Jazz","What Every Girl Should Know",1960-04-01,21,95,0,9,0,30,-23,A#/B♭,3,3YKRMPRK5DyoxWBpmHGLdU,"Columbia/Legacy",USSM15901075,no
259,"What Every Girl Should Know (with Leith Stevens & His Orchestra)","Doris Day, Leith Stevens And His Orchestra",112,9A,8,2026-09-02,02:59,3,"adult standards, big band","Easy Listening, Jazz","What Every Girl Should Know",1960-04-01,38,90,0,22,0,30,-21,E minor,4,4QNsUI6N2mSHN53tBKtzQk,"Columbia/Legacy",USSM15901072,no
260,"Fit As a Fiddle (And Ready for Love) (with Frank DeVol & His Orchestra)","Doris Day, Frank DeVol & His Orchestra",122,4B,20,2026-09-02,02:56,3,"adult standards, big band, man's orchestra","Easy Listening, Jazz","Cuttin' Capers (with Frank DeVol & His Orchestra)",1959-03-09,64,77,0,54,0,10,-14,G#/A♭,4,54e9YAWXbhEWHaTfYqOvdA,"Columbia/Legacy",USSM10306905,no
261,"Get Out and Get Under the Moon (with Frank DeVol & His Orchestra)","Doris Day, Frank DeVol & His Orchestra",76,8B,7,2026-09-02,02:49,3,"adult standards, big band, man's orchestra","Easy Listening, Jazz","Cuttin' Capers (with Frank DeVol & His Orchestra)",1959-03-09,45,83,0,17,0,0,-17,C,4,5348GWaDMqxH0OSFtHsF5p,"Columbia/Legacy",USSM10306904,no
262,"Let's Take a Walk Around the Block (with Frank DeVol & His Orchestra) - From  Life Begins at 8:40 ","Doris Day, Frank DeVol & His Orchestra",122,3B,32,2026-09-02,02:38,3,"adult standards, big band, man's orchestra","Easy Listening, Jazz","Cuttin' Capers (with Frank DeVol & His Orchestra)",1959-03-09,68,68,0,51,0,10,-14,C♯/D♭,4,2Vv3V3lHq9qrHFPUXfpT3p,"Columbia/Legacy",USSM10306903,no
263,"Why Don't We Do This More Often? (with Frank DeVol & His Orchestra)","Doris Day, Frank DeVol & His Orchestra",95,6B,7,2026-09-02,02:58,5,"adult standards, big band, man's orchestra","Easy Listening, Jazz","Cuttin' Capers (with Frank DeVol & His Orchestra)",1959-03-09,51,87,0,20,0,10,-21,A#/B♭,3,5M8DaJ86XmDs4rHgZe7bJh,"Columbia/Legacy",USSM10306902,no
264,"The Lady's In Love with You (with Frank DeVol & His Orchestra)","Doris Day, Frank DeVol & His Orchestra",107,9A,14,2026-09-02,02:18,3,"adult standards, big band, man's orchestra","Easy Listening, Jazz","Cuttin' Capers (with Frank DeVol & His Orchestra)",1959-03-09,64,79,0,14,0,20,-15,E minor,4,3NcG8bEXhfnJqlw15RLkB4,"Columbia/Legacy",USSM10000087,no
265,"I Had The Craziest Dream (with Frank DeVol & His Orchestra)","Doris Day, Frank DeVol & His Orchestra",106,2B,3,2026-09-02,03:41,2,"adult standards, big band, man's orchestra","Easy Listening, Jazz","Hooray For Hollywood - Volume I",1959-01-01,42,77,0,20,0,20,-23,F#/G♭,3,2Hkrl34MzeIslCgNJzEcVd,"Columbia",USSM10027771,no
266,"Night and Day (with Frank DeVol & His Orchestra)","Doris Day, Frank DeVol & His Orchestra",82,6B,3,2026-09-02,03:13,6,"adult standards, big band, man's orchestra","Easy Listening, Jazz","Hooray For Hollywood - Volume I",1959-01-01,21,82,0,7,0,10,-22,A#/B♭,4,5PnsBABHy35QxERD9pPsyY,"Columbia",USSM10024123,no
267,"In The Still Of The Night (with Frank DeVol & His Orchestra)","Doris Day, Frank DeVol & His Orchestra",97,6B,7,2026-09-02,02:55,2,"adult standards, big band, man's orchestra","Easy Listening, Jazz","Hooray For Hollywood - Volume I",1959-01-01,21,87,0,4,0,30,-24,A#/B♭,4,7KaZhO9z9YnT4f2R5oKD8R,"Columbia",USSM10024124,no
268,"Over the Rainbow (with Frank DeVol & His Orchestra)","Doris Day, Frank DeVol & His Orchestra",117,9B,3,2026-09-02,03:37,25,"adult standards, big band, man's orchestra","Easy Listening, Jazz","Hooray For Hollywood - Volume I",1959-01-01,30,85,0,14,0,0,-27,G,1,3W8tsKm4UbB1PElyIQVrUR,"Columbia",USSM10024122,no
269,"I'll Remember April (with Frank DeVol & His Orchestra)","Doris Day, Frank DeVol & His Orchestra",171,8B,4,2026-09-02,02:52,14,"adult standards, big band, man's orchestra","Easy Listening, Jazz","Hooray For Hollywood - Volume I",1959-01-01,18,89,0,6,0,10,-22,C,4,1f77ejmIwUgtOhyQFuFA1U,"Columbia",USSM10000451,no
270,"The Way You Look Tonight (with Frank DeVol & His Orchestra)","Doris Day, Frank DeVol & His Orchestra",112,11B,6,2026-09-02,03:24,32,"adult standards, big band, man's orchestra","Easy Listening, Jazz","Hooray For Hollywood - Volume I",1959-01-01,66,69,0,30,0,0,-20,A,4,5gGvktU6ncNctsuR9FuVkz,"Columbia",USSM10000446,no
271,"It's Easy To Remember (with Frank DeVol & His Orchestra)","Doris Day, Frank DeVol & His Orchestra",130,9B,2,2026-09-02,03:02,4,"adult standards, big band, man's orchestra","Easy Listening, Jazz","Hooray For Hollywood - Volume I",1959-01-01,30,88,0,12,0,10,-26,G,4,0lwp7ghpOX7lGYMYshrjuA,"Columbia",USSM10024125,no
272,"Hooray for Hollywood (with Frank DeVol & His Orchestra)","Doris Day, Frank DeVol & His Orchestra",131,9B,17,2026-09-02,02:31,20,"adult standards, big band, man's orchestra","Easy Listening, Jazz","Hooray For Hollywood - Volume I",1959-01-01,46,51,0,36,0,30,-17,G,4,2QjzjSejaUIHXdhy72DKdU,"Columbia",USSM19928851,no
273,"Wrap Your Troubles In Dreams (And Dream Your Troubles Away) (with Paul Weston & His Music From Hollywood)","Doris Day, Paul Weston And His Orchestra",110,5A,14,2026-09-02,02:24,15,"adult standards, big band","Easy Listening, Jazz","Day By Night (with Paul Weston & His Music From Hollywood)",1957-11-11,61,81,0,43,0,10,-15,C minor,4,2bVZGXNXDlmxpNLy5Slvun,"Columbia/Legacy",USSM10903441,no
274,"Moon Song (with Paul Weston & His Music From Hollywood)","Doris Day, Paul Weston And His Orchestra",111,7B,13,2026-09-02,03:44,15,"adult standards, big band","Easy Listening, Jazz","Day By Night (with Paul Weston & His Music From Hollywood)",1957-11-11,33,91,0,8,0,20,-18,F,4,0MXSkmyoHu0WofDDSUQI0l,"Columbia/Legacy",USSM10903313,no
275,"Day by Day (with Paul Weston & His Music From Hollywood)","Doris Day, Paul Weston And His Orchestra",133,5B,10,2026-09-02,03:26,14,"adult standards, big band","Easy Listening, Jazz","Day By Day (with Paul Weston & His Music From Hollywood)",1956-12-17,28,97,0,15,0,20,-15,D#/E♭,4,2J4uDIearD7pNbBP1Qy2QW,"Columbia/Legacy",USSM10009549,no
276,"There Will Never Be Another You (with Paul Weston & His Music From Hollywood)","Doris Day, Paul Weston And His Orchestra",84,5A,9,2026-09-02,02:45,8,"adult standards, big band","Easy Listening, Jazz","Day By Day (with Paul Weston & His Music From Hollywood)",1956-12-17,48,92,0,24,0,10,-18,C minor,4,47TxSBYL98fv0CZvlCpB6I,"Columbia/Legacy",USSM10703415,no
277,"Autumn Leaves (with Paul Weston & His Music From Hollywood)","Doris Day, Paul Weston And His Orchestra",109,5A,11,2026-09-02,03:03,37,"adult standards, big band","Easy Listening, Jazz","Day By Day (with Paul Weston & His Music From Hollywood)",1956-12-17,26,95,0,12,0,10,-17,C minor,1,4WqvEcqLyjXgrWspu7P7Ki,"Columbia/Legacy",USSM10017321,no
278,"I Hadn't Anyone Till You (with Paul Weston & His Music From Hollywood)","Doris Day, Paul Weston And His Orchestra",99,8B,8,2026-09-02,03:04,7,"adult standards, big band","Easy Listening, Jazz","Day By Day (with Paul Weston & His Music From Hollywood)",1956-12-17,68,90,0,36,0,0,-15,C,4,2jym3VCHkIUYuUJKtKB1cN,"Columbia/Legacy",USSM10703413,no
279,"But Not for Me (with Paul Weston & His Music From Hollywood)","Doris Day, Paul Weston And His Orchestra",92,9B,5,2026-09-02,02:38,13,"adult standards, big band","Easy Listening, Jazz","Day By Day (with Paul Weston & His Music From Hollywood)",1956-12-17,48,94,0,22,0,10,-17,G,3,5elFij0IFbnrkEoBEDw02d,"Columbia/Legacy",USSM10703410,no
280,"WHAT CAN I SAY AFTER I SAY I'M SORRY","Doris Day",174,8B,13,2026-09-02,04:13,3,"adult standards, big band","Easy Listening, Jazz","Love Me Or Leave Me",1955-05-02,32,76,0,27,0,60,-17,C,5,2oESX3BLGDI57wYieJPmyC,"Legacy/Columbia",USSM10111679,no
281,"Mean To Me","Doris Day",97,2A,1,2026-09-02,02:12,7,"adult standards, big band","Easy Listening, Jazz","Love Me Or Leave Me",1955-05-02,31,92,0,24,0,10,-20,D#/E♭ minor,3,6phgcBryIjw0HRDcus55sp,"Legacy/Columbia",USSM10023403,no
282,"You Made Me Love You (I Didn't Want To Do It)","Doris Day",141,10A,2,2026-09-02,02:29,20,"adult standards, big band","Easy Listening, Jazz","Love Me Or Leave Me",1955-05-02,42,93,0,15,0,10,-21,B minor,4,7iFWd8H2LcnOdr5lrxMpI7,"Legacy/Columbia",USSM10111677,no
283,"It All Depends On You","Doris Day",140,12B,0,2026-09-02,02:01,14,"adult standards, big band","Easy Listening, Jazz","Love Me Or Leave Me",1955-05-02,44,97,0,28,0,10,-29,E,4,1JDhEkyyFyiXSlDWUswyyT,"Legacy/Columbia",USSM10020247,no
284,"Anyone Can Fall In Love (with Frank DeVol & His Orchestra)","Doris Day, Frank DeVol & His Orchestra",136,9B,20,2026-09-02,02:48,9,"adult standards, big band, man's orchestra","Easy Listening, Jazz","Young At Heart (Bonus Tracks)",1954-04-01,36,88,0,34,0,10,-11,G,4,73VeE9QnNO8ALnmVPhaFZ7,"Columbia/Legacy",USSM10315474,no
285,"Soft As the Starlight (with Paul Weston & His Music From Hollywood)","Doris Day, Paul Weston And His Orchestra",111,8B,13,2026-09-02,02:14,10,"adult standards, big band","Easy Listening, Jazz","Young At Heart (Bonus Tracks)",1954-04-01,28,95,0,11,0,40,-13,C,3,687xIAYnzMkpNCb6R2TTJz,"Columbia/Legacy",USSM10315428,no
286,"Let's Take an Old-Fashioned Walk (with Doris Day & The Ken Lane Singers)","Frank Sinatra, Doris Day, Ken Lane Singers",99,1B,22,2026-09-02,03:00,14,"christmas, big band, adult standards, swing music, jazz, vocal jazz","Easy Listening, Jazz, Pop","Young At Heart (Bonus Tracks)",1954-04-01,70,83,0,74,0,30,-12,B,4,5tZMgzdgr1V7qeRJjW1RvC,"Columbia/Legacy",USSM19919360,no
287,"Hold Me In Your Arms (with Percy Faith & His Orchestra) - 78rpm Version","Doris Day, Percy Faith & His Orchestra",81,7B,10,2026-09-02,02:42,17,"adult standards, big band, orchestral","Easy Listening, Jazz, Classical","Young At Heart (Bonus Tracks)",1954-04-01,39,92,0,15,0,10,-14,F,4,51SBVSzsXvRaHzEHNE24bZ,"Columbia/Legacy",USSM10315443,no
288,"Till My Love Comes to Me (with Percy Faith & His Orchestra)","Doris Day, Percy Faith & His Orchestra",85,1B,9,2026-09-02,03:15,12,"adult standards, big band, orchestral","Easy Listening, Jazz, Classical","Young At Heart (Bonus Tracks)",1954-04-01,22,85,0,8,0,10,-15,B,3,7gDp28deJnKJAPD6mWSKHN,"Columbia/Legacy",USSM10302582,no
289,"Darn That Dream (with Axel Stordahl & His Orchestra)","Doris Day, Axel Stordahl And His Orchestra",68,10B,12,2026-09-02,03:18,12,"adult standards, big band, exotica","Easy Listening, Jazz","Young At Heart (Bonus Tracks)",1954-04-01,36,92,0,21,0,30,-13,D,3,6uVlj3TvVeTF1KN86pPmu5,"Columbia/Legacy",USSM15000126,no
290,"Imagination (with George Sirava and His Orchestra)","Doris Day, George Sirava and His Orchestra",84,9B,6,2026-09-02,03:16,16,"adult standards, big band","Easy Listening, Jazz","Young At Heart (Bonus Tracks)",1954-04-01,24,89,0,7,0,30,-18,G,5,77uCA2UGvOvBEa4kJ0VwOt,"Columbia/Legacy",USSM10315435,no
291,"Just Blew In from the Windy City (with Paul Weston & His Orchestra)","Doris Day, Paul Weston And His Orchestra",202,8B,42,2026-09-02,02:08,35,"adult standards, big band","Easy Listening, Jazz","Calamity Jane",1953-11-09,56,79,0,73,20,20,-9,C,4,6g6IumW57HO2qaxZ2mt8Vo,"Columbia/Legacy",USSM10019608,no
292,"The Deadwood Stage (Whip-Crack-Away!) (with Ray Heindorf & Warner Bros. Orchestra)","Doris Day, Ray Heindorf, Warner Bros. Orchestra",113,12B,48,2026-09-02,03:13,38,"adult standards, big band, classic soundtrack","Easy Listening, Jazz","Calamity Jane",1953-11-09,52,95,5,86,0,40,-12,E,4,1O3NJMZp1XLARqTJgY0REt,"Columbia/Legacy",USSM10019606,no
293,"Your Eyes Have Told Me So (with Paul Weston & His Orchestra & The Norman Luboff Choir)","Doris Day, Paul Weston And His Orchestra, The Norman Luboff Choir",174,8B,12,2026-09-02,03:00,8,"adult standards, big band, easy listening","Easy Listening, Jazz","By The Light Of The Silvery Moon (with Paul Weston & His Orchestra & The Norman Luboff Choir)",1953-04-01,19,95,0,11,0,30,-14,C,1,5rmPUQeZTJd0gyBHeenUAm,"Columbia/Legacy",USSM11602103,no
294,"Makin' Whoopee! (feat. Paul Weston & His Orchestra & Danny Thomas)","Doris Day, Paul Weston And His Orchestra, Danny Thomas",110,8B,17,2026-09-02,02:27,3,"adult standards, big band","Easy Listening, Jazz","I'll See You In My Dreams (Songs from the Warner Bros. Production) (with Paul Weston & His Orchestra)",1951-12-06,57,95,0,54,0,10,-12,C,4,4DxwR5CQ5kEYHxPMHU4Zt4,"Columbia/Legacy",USSM19924468,no
295,"I Wish I Had a Girl (with Paul Weston & His Orchestra & The Norman Luboff Choir)","Doris Day, Paul Weston And His Orchestra, The Norman Luboff Choir",85,6B,5,2026-09-02,03:20,5,"adult standards, big band, easy listening","Easy Listening, Jazz","I'll See You In My Dreams (Songs from the Warner Bros. Production) (with Paul Weston & His Orchestra)",1951-12-06,30,98,0,18,0,10,-17,A#/B♭,5,0XNADd5LNiFSud28n1wnDB,"Columbia/Legacy",USSM11102110,no
296,"Tell Me (with Paul Weston & His Orchestra & The Norman Luboff Choir)","Doris Day, Paul Weston And His Orchestra, The Norman Luboff Choir",87,10B,9,2026-09-02,03:16,4,"adult standards, big band, easy listening","Easy Listening, Jazz","On Moonlight Bay (with Paul Weston & His Orchestra & The Norman Luboff Choir)",1951-07-01,27,97,0,7,0,20,-16,D,3,5nNBHzY0KIHCRVg78dYwPj,"Columbia/Legacy",USSM11602102,no
297,"Every Little Movement (Has a Meaning All Its Own) (with Paul Weston & His Orchestra & The Norman Luboff Choir)","Doris Day, Paul Weston And His Orchestra, The Norman Luboff Choir",118,9B,13,2026-09-02,02:40,6,"adult standards, big band, easy listening","Easy Listening, Jazz","On Moonlight Bay (with Paul Weston & His Orchestra & The Norman Luboff Choir)",1951-07-01,65,93,0,70,0,10,-15,G,4,0jgdtYKbdwloxgyeGfaUeu,"Columbia/Legacy",USSM11602101,no
298,"I'm Forever Blowing Bubbles (with Paul Weston & His Orchestra & The Norman Luboff Choir)","Doris Day, Paul Weston And His Orchestra, The Norman Luboff Choir",98,11B,16,2026-09-02,02:14,16,"adult standards, big band, easy listening","Easy Listening, Jazz","On Moonlight Bay (with Paul Weston & His Orchestra & The Norman Luboff Choir)",1951-07-01,39,96,0,39,0,20,-13,A,4,5YHbUjKtZABTZA9WPNnWoT,"Columbia/Legacy",USSM10214999,no
299,"Somebody Loves Me","Doris Day, Frank Comstock & His Orchestra",140,3B,6,2026-09-02,02:46,6,"adult standards, big band","Easy Listening, Jazz","Lullaby Of Broadway",1951-04-01,47,95,0,32,0,10,-13,C♯/D♭,3,7sRG9QwPSZIrAnhfkfujXx,"Columbia/Legacy",USSM11403132,no
300,"With a Smile and a Song (with Jimmy Joyce & His Children's Chorus)","Doris Day, Jimmy Joyce & His Children's Chorus",82,9B,22,2026-09-02,03:36,10,"adult standards, big band","Easy Listening, Jazz","With A Smile And A Song",2012-03-30,21,91,0,14,0,30,-14,G,4,4SIbv7nVo165p6mcFGtWS5,"Masterworks",USSM10301668,no
301,"Oh, But I Do (with Frank DeVol & His Orchestra)","Doris Day, Frank DeVol & His Orchestra",99,6B,11,2026-09-02,02:48,7,"adult standards, big band, man's orchestra","Easy Listening, Jazz","With A Smile And A Song",2012-03-30,29,61,0,14,0,30,-16,A#/B♭,4,09EXNNkr0B9WGK3tgaDml7,"Masterworks",USSM11000624,no
302,"The Song Is You (with Paul Weston & His Music From Hollywood)","Doris Day, Paul Weston And His Orchestra",81,7B,6,2026-09-02,03:15,6,"adult standards, big band","Easy Listening, Jazz","With A Smile And A Song",2012-03-30,46,90,0,14,0,10,-19,F,4,58zWZTrQoHBH7ZXPM0sPaE,"Masterworks",USSM10703408,no
303,"Don't Take Your Love from Me (with Paul Weston & His Music From Hollywood)","Doris Day, Paul Weston And His Orchestra",137,9B,7,2026-09-02,03:23,6,"adult standards, big band","Easy Listening, Jazz","With A Smile And A Song",2012-03-30,42,93,0,19,0,10,-19,G,4,7jHSM37JB5lt64BierzDyY,"Masterworks",USSM10703414,no
304,"Easy To Love (with Frank DeVol & His Orchestra)","Doris Day, Frank DeVol & His Orchestra",103,9A,11,2026-09-02,02:42,7,"adult standards, big band, man's orchestra","Easy Listening, Jazz","With A Smile And A Song",2012-03-30,44,73,0,27,0,20,-13,E minor,3,0BAGb1Y9YmojvB0EZtnBRZ,"Masterworks",USSM10000414,no
305,"At Sundown","Doris Day",142,8A,15,2026-09-02,01:32,27,"adult standards, big band","Easy Listening, Jazz","With A Smile And A Song",2012-03-30,59,85,0,62,0,30,-13,A minor,4,76UsyS5qgfUTPfmK7MitEQ,"Masterworks",USSM10024601,no
306,"Love Me or Leave Me","Doris Day",108,5A,5,2026-09-02,02:18,9,"adult standards, big band","Easy Listening, Jazz","With A Smile And A Song",2012-03-30,35,87,0,13,0,0,-15,C minor,3,3HEIf8RIJ2AEhwsaYrDOpR,"Masterworks",USSM10111681,no
307,"I'll See You In My Dreams (with Paul Weston & His Orchestra & The Norman Luboff Choir)","Doris Day, Paul Weston And His Orchestra, The Norman Luboff Choir",95,7B,9,2026-09-02,03:14,21,"adult standards, big band, easy listening","Easy Listening, Jazz","With A Smile And A Song",2012-03-30,27,98,0,12,0,10,-14,F,4,5g3tg7avxFKoJqrpOgWwud,"Masterworks",USSM15100001,no
308,"Never Stop - Instrumental","Sawano Hiroyuki, Laco",100,12A,70,2026-09-02,04:07,11,"anime, soundtrack","Pop, Classical, Easy Listening","Never Stop",2021-11-14,56,0,82,44,0,10,-12,C♯/D♭ minor,4,5HeHBJJc7E3lczkfz4jHCB,"Kay Production Records",TCJPQ2124719,no
309,"Symphonicsuite (Aot) Part2-2nd: Shingekinokyojin (From  Attack on Titan S3 Pt. 2 )","Sawano Hiroyuki, AVIAND",80,7A,57,2026-09-02,04:22,0,"anime, soundtrack","Pop, Classical, Easy Listening","Symphonicsuite (Aot) Part2-2nd: Shingekinokyojin (From  Attack on Titan S3 Pt. 2 )",2019-07-17,13,67,91,11,0,50,-8,D minor,4,2TAYLmIQk7nESVrmyO6wxw,"A V I A N D",QZGWW1930305,no
310,"蒼紅　（天覇絶槍　より）","Sawano Hiroyuki",90,4A,67,2026-09-02,00:45,5,"anime, soundtrack","Pop, Classical, Easy Listening","「戦国BASARA」Director's Special Edition 2",2013-07-02,39,0,2,86,0,80,-10,F minor,4,4aWtpce48pVvQDljNMFL61,"FlyingDog",JPG750900484,no
311,"信玄　（戦神覇王　より）","Sawano Hiroyuki",130,8B,50,2026-09-02,00:52,1,"anime, soundtrack","Pop, Classical, Easy Listening","「戦国BASARA」Director's Special Edition 2",2013-07-02,30,23,99,5,0,30,-13,C,4,1vaSyuMyV1DvYIlxppxbKL,"FlyingDog",JPG750900480,no
312,"KAINA-snow","Sawano Hiroyuki, KOHTA YAMAMOTO, 馬瀬みさき",128,9A,12,2026-09-02,02:44,12,"anime, soundtrack","Pop, Classical, Easy Listening","Kaina of the Great Snow Sea (Original Series Soundtrack)",2023-01-20,41,99,89,21,0,0,-24,E minor,3,4LZXUDzCL7HDsgyvISzOg0,"Milan",JPT592210677,no
313,"KINGDOM-危","Sawano Hiroyuki",154,7B,45,2026-09-02,05:19,15,"anime, soundtrack","Pop, Classical, Easy Listening","TVアニメ「キングダム」第4シリーズ Original Sound Track",2022-07-15,24,9,85,18,0,0,-15,F,4,54lHwOtdjjGsiVcmSSOhJE,"avex pictures",JPT552200611,no
314,"KINGDOM-城","Sawano Hiroyuki",109,10B,85,2026-09-02,04:00,20,"anime, soundtrack","Pop, Classical, Easy Listening","TVアニメ「キングダム」第4シリーズ Original Sound Track",2022-07-15,20,1,65,8,0,10,-10,D,3,0DuIS8glFCvsJQCO0lDA3X,"avex pictures",JPT552200610,no
315,"KINGDOM-乱","Sawano Hiroyuki",140,8A,68,2026-09-02,05:09,17,"anime, soundtrack","Pop, Classical, Easy Listening","TVアニメ「キングダム」第4シリーズ Original Sound Track",2022-07-15,29,23,71,20,0,10,-12,A minor,3,3Sng4CepTBc8vVG8ZUOK6M,"avex pictures",JPT552200608,no
316,"追うしTHE","Sawano Hiroyuki",138,8B,78,2026-09-02,03:34,4,"anime, soundtrack","Pop, Classical, Easy Listening","群青のファンファーレ オリジナル・サウンドトラック",2022-06-08,53,18,82,52,0,0,-12,C,4,0GexvoHsaezaACAmcBosX3,"Aniplex Inc.",JPE302200600,no
317,"J0c鍵","Sawano Hiroyuki",160,8B,66,2026-09-02,02:54,6,"anime, soundtrack","Pop, Classical, Easy Listening","群青のファンファーレ オリジナル・サウンドトラック",2022-06-08,39,17,79,51,0,10,-10,C,4,1vwi1jTbGZmNewAviOS1RY,"Aniplex Inc.",JPE302200599,no
318,"<202204>","Sawano Hiroyuki",73,8A,45,2026-09-02,04:00,5,"anime, soundtrack","Pop, Classical, Easy Listening","群青のファンファーレ オリジナル・サウンドトラック",2022-06-08,22,19,87,13,0,0,-14,A minor,4,5QEROJGDSaDqkGcS9wSLDG,"Aniplex Inc.",JPE302200598,no
319,"K8school","Sawano Hiroyuki",102,9B,58,2026-09-02,03:46,6,"anime, soundtrack","Pop, Classical, Easy Listening","群青のファンファーレ オリジナル・サウンドトラック",2022-06-08,30,72,80,14,0,10,-11,G,3,7GQDhLTX83gzBLdYKYNRrJ,"Aniplex Inc.",JPE302200594,no
320,"c-RUSH","Sawano Hiroyuki",101,5A,76,2026-09-02,04:13,11,"anime, soundtrack","Pop, Classical, Easy Listening","群青のファンファーレ オリジナル・サウンドトラック",2022-06-08,24,0,91,15,0,10,-8,C minor,4,5nvgEBOYKv6BuyX8auOArI,"Aniplex Inc.",JPE302200593,no
321,"BUBBLE-outtake1","Sawano Hiroyuki",120,11B,21,2026-09-02,03:02,13,"anime, soundtrack","Pop, Classical, Easy Listening","「バブル」オリジナル・サウンドトラック (Extra Track ver.)",2022-05-11,47,42,84,4,0,0,-17,A,4,1LsbZoHegLrCptMsEtEhJi,"TOY'S FACTORY",JPTF02213102,no
322,"BUBBLE-THEME","Sawano Hiroyuki",120,8A,29,2026-09-02,03:53,35,"anime, soundtrack","Pop, Classical, Easy Listening","「バブル」オリジナル・サウンドトラック (Extra Track ver.)",2022-05-11,24,73,98,4,0,0,-12,A minor,4,60Xhl1Xn0hiXxg38BAP8pa,"TOY'S FACTORY",JPTF02213017,no
323,"TOWER","Sawano Hiroyuki",120,8A,65,2026-09-02,05:57,29,"anime, soundtrack","Pop, Classical, Easy Listening","「バブル」オリジナル・サウンドトラック (Extra Track ver.)",2022-05-11,60,6,74,32,0,0,-10,A minor,4,2q7DbdlTUy6CELST8K9ruD,"TOY'S FACTORY",JPTF02213014,no
324,"UTA","Sawano Hiroyuki",90,8A,31,2026-09-02,01:57,30,"anime, soundtrack","Pop, Classical, Easy Listening","「バブル」オリジナル・サウンドトラック (Extra Track ver.)",2022-05-11,18,2,83,5,0,0,-13,A minor,3,5VOEXoNXOFUL14iqjIXX05,"TOY'S FACTORY",JPTF02213012,no
325,"BB×UT","Sawano Hiroyuki",126,8A,96,2026-09-02,03:20,23,"anime, soundtrack","Pop, Classical, Easy Listening","「バブル」オリジナル・サウンドトラック (Extra Track ver.)",2022-05-11,61,1,76,22,0,0,-7,A minor,4,529ASQi3xa17H3Ckx9Ozxz,"TOY'S FACTORY",JPTF02213010,no
326,"UNDERTAKER","Sawano Hiroyuki",140,10B,29,2026-09-02,02:15,20,"anime, soundtrack","Pop, Classical, Easy Listening","「バブル」オリジナル・サウンドトラック (Extra Track ver.)",2022-05-11,63,67,88,26,0,0,-12,D,4,1a81pPHJyYYobvFjMKNADv,"TOY'S FACTORY",JPTF02213009,no
327,"HIBIKI","Sawano Hiroyuki",120,8A,10,2026-09-02,01:56,29,"anime, soundtrack","Pop, Classical, Easy Listening","「バブル」オリジナル・サウンドトラック (Extra Track ver.)",2022-05-11,44,80,32,4,0,0,-17,A minor,4,188rVx9Phav1baborESsNA,"TOY'S FACTORY",JPTF02213007,no
328,"BB2","Sawano Hiroyuki",93,11B,81,2026-09-02,02:29,22,"anime, soundtrack","Pop, Classical, Easy Listening","「バブル」オリジナル・サウンドトラック (Extra Track ver.)",2022-05-11,66,13,82,65,0,10,-11,A,3,0XHZgJdFUH5ElsOO5GqcKz,"TOY'S FACTORY",JPTF02213005,no
329,"BUBBLE","Sawano Hiroyuki",62,8A,19,2026-09-02,01:58,43,"anime, soundtrack","Pop, Classical, Easy Listening","「バブル」オリジナル・サウンドトラック (Extra Track ver.)",2022-05-11,18,36,76,4,0,0,-12,A minor,4,4Mvnk4EELuPLi7nuGyC4XB,"TOY'S FACTORY",JPTF02213001,no
330,"Into the Sky","Sawano Hiroyuki",68,3B,11,2026-09-02,03:37,20,"anime, soundtrack","Pop, Classical, Easy Listening","scene",2021-12-22,54,99,91,15,0,0,-17,C♯/D♭,4,6spuPnx2xvW5slBJSSBnqj,"Sony Music Labels Inc.",JPU902104573,no
331,"Ξ","Sawano Hiroyuki",83,8A,11,2026-09-02,04:37,19,"anime, soundtrack","Pop, Classical, Easy Listening","scene",2021-12-22,25,99,89,7,0,0,-22,A minor,4,1TsV3uEovpZZa5x4XA9GFX,"Sony Music Labels Inc.",JPU902104572,no
332,"from sunset to sunrise","Sawano Hiroyuki",128,11A,18,2026-09-02,04:59,18,"anime, soundtrack","Pop, Classical, Easy Listening","scene",2021-12-22,48,98,86,11,0,10,-17,F#/G♭ minor,4,6946LpTt1upmj0hlEZYb5B,"Sony Music Labels Inc.",JPU902104570,no
333,"LiVE/EViL","Sawano Hiroyuki",78,5A,7,2026-09-02,04:26,19,"anime, soundtrack","Pop, Classical, Easy Listening","scene",2021-12-22,39,99,88,7,0,0,-21,C minor,4,50hYn6NDSbDdFHfI5y0usY,"Sony Music Labels Inc.",JPU902104565,no
334,"ΛSHES→Inferno","Sawano Hiroyuki",73,12A,6,2026-09-02,04:00,25,"anime, soundtrack","Pop, Classical, Easy Listening","scene",2021-12-22,45,99,86,9,0,10,-19,C♯/D♭ minor,4,1FWSHgh57NEW49YAapY0JS,"Sony Music Labels Inc.",JPU902104564,no
335,"KINGDOM - VIE＜inst＞","Sawano Hiroyuki",105,8B,74,2026-09-02,03:06,21,"anime, soundtrack","Pop, Classical, Easy Listening","TVアニメ「キングダム」 -合従軍編- Original Sound Track",2021-07-21,48,0,78,11,0,10,-9,C,3,7juVnUFkpWbSE5xI2eiM8Y,"avex pictures",JPT552100771,no
336,"KINGDOM - 政","Sawano Hiroyuki",130,9A,26,2026-09-02,02:23,20,"anime, soundtrack","Pop, Classical, Easy Listening","TVアニメ「キングダム」 -合従軍編- Original Sound Track",2021-07-21,19,53,87,3,0,10,-15,E minor,1,5Fk3GKjRswFiCJGXjNvVQ1,"avex pictures",JPT552100769,no
337,"KINGDOM - 信","Sawano Hiroyuki",128,8A,40,2026-09-02,05:21,23,"anime, soundtrack","Pop, Classical, Easy Listening","TVアニメ「キングダム」 -合従軍編- Original Sound Track",2021-07-21,50,34,89,13,0,10,-10,A minor,4,6C5O6iBeoiuZB3PznOhS8C,"avex pictures",JPT552100768,no
338,"KINGDOM - VIE","Sawano Hiroyuki",105,10B,79,2026-09-02,03:02,29,"anime, soundtrack","Pop, Classical, Easy Listening","TVアニメ「キングダム」 -合従軍編- Original Sound Track",2021-07-21,41,0,11,9,0,10,-8,D,3,5SxvX9MEXKWo77A33EUG7o,"avex pictures",JPT552100765,no
339,"KINGDOM - 軍","Sawano Hiroyuki",136,8A,96,2026-09-02,03:55,27,"anime, soundtrack","Pop, Classical, Easy Listening","TVアニメ「キングダム」 -合従軍編- Original Sound Track",2021-07-21,51,0,66,13,0,10,-8,A minor,4,5loaB0ECnODkVckFjVxxlW,"avex pictures",JPT552100764,no
340,"KINGDOM - 合","Sawano Hiroyuki",146,12B,89,2026-09-02,05:38,25,"anime, soundtrack","Pop, Classical, Easy Listening","TVアニメ「キングダム」 -合従軍編- Original Sound Track",2021-07-21,33,3,80,7,0,10,-9,E,4,4qLqzkgwugPMLM1Ij3oGrP,"avex pictures",JPT552100761,no
341,"KINGDOM - DUE","Sawano Hiroyuki",178,8A,78,2026-09-02,04:20,35,"anime, soundtrack","Pop, Classical, Easy Listening","TVアニメ「キングダム」 -合従軍編- Original Sound Track",2021-07-21,40,1,4,6,0,10,-7,A minor,4,5qjXGfAvkOag8kJ6dVdofc,"avex pictures",JPT552100760,no
342,"pianoVIIIVI-iv","Sawano Hiroyuki",126,10B,16,2026-09-02,03:09,38,"anime, soundtrack","Pop, Classical, Easy Listening","８６―エイティシックス― オリジナル・サウンドトラック",2021-07-07,36,98,77,27,0,10,-22,D,3,6jGdHYrZ8nHCSmQDepfzvW,"Aniplex Inc.",JPE302100524,no
343,"pianoVIIIVI-ii","Sawano Hiroyuki",78,3B,6,2026-09-02,03:07,25,"anime, soundtrack","Pop, Classical, Easy Listening","８６―エイティシックス― オリジナル・サウンドトラック",2021-07-07,39,98,94,8,0,0,-21,C♯/D♭,4,2c3aTPnod8Rn6GTXUz46AF,"Aniplex Inc.",JPE302100522,no
344,"pianoVIIIVI-i","Sawano Hiroyuki",115,9A,14,2026-09-02,03:31,40,"anime, soundtrack","Pop, Classical, Easy Listening","８６―エイティシックス― オリジナル・サウンドトラック",2021-07-07,39,99,86,15,0,10,-24,E minor,4,0sIkZx0K3lvSRGGqC6Yf8X,"Aniplex Inc.",JPE302100521,no
345,"ZERO×5","Sawano Hiroyuki",136,4B,76,2026-09-02,05:23,28,"anime, soundtrack","Pop, Classical, Easy Listening","８６―エイティシックス― オリジナル・サウンドトラック",2021-07-07,33,0,73,6,0,0,-8,G#/A♭,4,6qGwmxioVDcH36ZUSfW4Pw,"Aniplex Inc.",JPE302100519,no
346,"9re7","Sawano Hiroyuki",142,10B,45,2026-09-02,04:37,25,"anime, soundtrack","Pop, Classical, Easy Listening","８６―エイティシックス― オリジナル・サウンドトラック",2021-07-07,36,11,90,16,0,10,-13,D,4,2259F09IiIzGA9bZV5YRQY,"Aniplex Inc.",JPE302100518,no
347,"2side","Sawano Hiroyuki",130,7B,56,2026-09-02,04:32,26,"anime, soundtrack","Pop, Classical, Easy Listening","８６―エイティシックス― オリジナル・サウンドトラック",2021-07-07,43,36,85,7,0,0,-12,F,4,08FdO2XWZT2lg7kgbPNq7s,"Aniplex Inc.",JPE302100517,no
348,"4N","Sawano Hiroyuki",126,8A,42,2026-09-02,06:59,42,"anime, soundtrack","Pop, Classical, Easy Listening","８６―エイティシックス― オリジナル・サウンドトラック",2021-07-07,29,3,72,7,0,10,-12,A minor,4,5pWHT1L0MH0oc0kvxL449h,"Aniplex Inc.",JPE302100515,no
349,"sp∃ar","Sawano Hiroyuki",134,8A,60,2026-09-02,05:12,32,"anime, soundtrack","Pop, Classical, Easy Listening","８６―エイティシックス― オリジナル・サウンドトラック",2021-07-07,45,3,86,23,0,10,-9,A minor,4,3nYtCUTXF4d3hOdcwXOFnE,"Aniplex Inc.",JPE302100514,no
350,"JaguarN0-10","Sawano Hiroyuki",130,9A,54,2026-09-02,04:54,30,"anime, soundtrack","Pop, Classical, Easy Listening","８６―エイティシックス― オリジナル・サウンドトラック",2021-07-07,30,4,96,7,0,0,-9,E minor,4,0rQksbXn1xA21Cxap8Bj20,"Aniplex Inc.",JPE302100512,no
351,"7TZ-HNMT2","Sawano Hiroyuki",135,9B,28,2026-09-02,01:31,0,"anime, soundtrack","Pop, Classical, Easy Listening","The Seven Deadly Sins：Cursed by Light ORIGINAL SOUNDTRACK",2021-07-02,44,80,88,56,0,10,-16,G,1,72gV6rttepYWUgRf350hZg,"VAP",JPVP02107509,no
352,"20200723zr","Sawano Hiroyuki",131,7B,32,2026-09-02,03:13,23,"anime, soundtrack","Pop, Classical, Easy Listening","Mobile Suit Gundam Hathaway Original Motion Picture Soundtrack",2021-06-11,20,25,95,12,0,0,-11,F,4,5D0XKrDs8Ih2bDI2MKRFLM,"SUNRISE Music Label",JPG532102628,no
353,"[I]","Sawano Hiroyuki",140,8A,26,2026-09-02,02:45,31,"anime, soundtrack","Pop, Classical, Easy Listening","Mobile Suit Gundam Hathaway Original Motion Picture Soundtrack",2021-06-11,42,87,90,37,0,10,-19,A minor,4,5KJj8M3wziVrOKbquxs9p6,"SUNRISE Music Label",JPG532102627,no
354,"car5p3 / PENELOPE","Sawano Hiroyuki",111,8B,62,2026-09-02,05:18,35,"anime, soundtrack","Pop, Classical, Easy Listening","Mobile Suit Gundam Hathaway Original Motion Picture Soundtrack",2021-06-11,29,12,72,24,0,30,-13,C,4,1mKruaC8Ku49ZMf3iqmfn5,"SUNRISE Music Label",JPG532102623,no
355,"mSgH","Sawano Hiroyuki",138,8A,37,2026-09-02,05:27,30,"anime, soundtrack","Pop, Classical, Easy Listening","Mobile Suit Gundam Hathaway Original Motion Picture Soundtrack",2021-06-11,23,43,90,11,0,10,-15,A minor,4,5mwjYxcjHMJ3c6VX0Nz0Za,"SUNRISE Music Label",JPG532102622,no
356,"TRACER","Sawano Hiroyuki",127,4A,82,2026-09-02,03:22,44,"anime, soundtrack","Pop, Classical, Easy Listening","Mobile Suit Gundam Hathaway Original Motion Picture Soundtrack",2021-06-11,60,0,1,33,0,10,-7,F minor,4,5pZNL0ZqBQ9Z8hKPGLtVrl,"SUNRISE Music Label",JPG532102620,no
357,"83UeI","Sawano Hiroyuki",144,8B,56,2026-09-02,05:35,24,"anime, soundtrack","Pop, Classical, Easy Listening","Mobile Suit Gundam Hathaway Original Motion Picture Soundtrack",2021-06-11,41,27,68,4,0,10,-14,C,4,1SF28CXRzjPaYoy2sBgNJ8,"SUNRISE Music Label",JPG532102618,no
358,"KNS","Sawano Hiroyuki",136,11B,31,2026-09-02,05:47,25,"anime, soundtrack","Pop, Classical, Easy Listening","Mobile Suit Gundam Hathaway Original Motion Picture Soundtrack",2021-06-11,23,17,31,4,0,10,-16,A,4,4df1tJww2MDzgGRWAzoxcG,"SUNRISE Music Label",JPG532102616,no
359,"CC･･･12yl","Sawano Hiroyuki",131,11B,96,2026-09-02,05:11,32,"anime, soundtrack","Pop, Classical, Easy Listening","Mobile Suit Gundam Hathaway Original Motion Picture Soundtrack",2021-06-11,42,2,56,29,0,10,-11,A,4,10ntno1zsJwCxxszyE2PBO,"SUNRISE Music Label",JPG532102614,no
360,"EARth","Sawano Hiroyuki",128,9A,31,2026-09-02,05:02,33,"anime, soundtrack","Pop, Classical, Easy Listening","Mobile Suit Gundam Hathaway Original Motion Picture Soundtrack",2021-06-11,30,14,87,4,0,0,-15,E minor,4,53yMPNOW0WXsK3dWV9Duno,"SUNRISE Music Label",JPG532102613,no
361,"Apple Seed - Instrumental","Sawano Hiroyuki",80,4B,85,2026-09-02,02:46,44,"anime, soundtrack","Pop, Classical, Easy Listening"," Attack on Titan  Season 3 Original Soundtrack",2019-08-26,45,0,71,51,0,10,-7,G#/A♭,4,51TypiC8UM1nHEgulb5DQV,"PONY CANYON INC.",JPPC01900884,no
362,"Before Lights Out - Instrumental","Sawano Hiroyuki",109,11B,88,2026-09-02,02:53,40,"anime, soundtrack","Pop, Classical, Easy Listening"," Attack on Titan  Season 3 Original Soundtrack",2019-08-26,52,0,92,24,0,10,-7,A,3,2rIekliDcn3wb7NGjLtLiX,"PONY CANYON INC.",JPPC01900883,no
363,"Call Your Name (Gv) - Instrumental","Sawano Hiroyuki",73,4B,57,2026-09-02,04:19,35,"anime, soundtrack","Pop, Classical, Easy Listening"," Attack on Titan  Season 3 Original Soundtrack",2019-08-26,53,0,94,17,0,10,-9,G#/A♭,4,2guQcm0yFh3zx4oR7IV8Yh,"PONY CANYON INC.",JPPC01900881,no
364,"Aots3-Pf2","Sawano Hiroyuki",65,8A,3,2026-09-02,03:24,35,"anime, soundtrack","Pop, Classical, Easy Listening"," Attack on Titan  Season 3 Original Soundtrack",2019-08-26,27,99,87,13,0,0,-28,A minor,4,4U84wHDv0chT6uIydsaxlO,"PONY CANYON INC.",JPPC01900875,no
365,"Aots3-Pf1","Sawano Hiroyuki",131,6B,1,2026-09-02,02:05,35,"anime, soundtrack","Pop, Classical, Easy Listening"," Attack on Titan  Season 3 Original Soundtrack",2019-08-26,47,98,91,4,0,0,-21,A#/B♭,5,0pTX08kzk8PzznwPrAGBQO,"PONY CANYON INC.",JPPC01900872,no
366,"Symphonicsuite (Aot) Part2-6th: Thanksat","Sawano Hiroyuki",75,7A,18,2026-09-02,03:59,48,"anime, soundtrack","Pop, Classical, Easy Listening"," Attack on Titan  Season 3 Original Soundtrack",2019-08-26,20,43,93,5,0,0,-11,D minor,4,1ug41NniaCmW7Y2Lm8k1SY,"PONY CANYON INC.",JPPC01900871,no
367,"Symphonicsuite (Aot) Part2-4th: 2An","Sawano Hiroyuki",97,4A,19,2026-09-02,02:38,38,"anime, soundtrack","Pop, Classical, Easy Listening"," Attack on Titan  Season 3 Original Soundtrack",2019-08-26,26,40,89,3,0,10,-12,F minor,5,107guMbp9vmW9Y2lK5loIw,"PONY CANYON INC.",JPPC01900869,no
368,"Symphonicsuite (Aot) Part1-2nd: Historia","Sawano Hiroyuki",139,9A,12,2026-09-02,03:51,37,"anime, soundtrack","Pop, Classical, Easy Listening"," Attack on Titan  Season 3 Original Soundtrack",2019-08-26,16,67,4,9,0,10,-13,E minor,4,2BbOAv86MFKE0kjtxKX4Ej,"PONY CANYON INC.",JPPC01900860,no
369,"Symphonicsuite (Aot) Part1-1st: 0Sk","Sawano Hiroyuki",95,7B,38,2026-09-02,06:10,42,"anime, soundtrack","Pop, Classical, Easy Listening"," Attack on Titan  Season 3 Original Soundtrack",2019-08-26,12,1,85,4,0,20,-10,F,4,3EvMYH9HuMMws4lxcFgrjZ,"PONY CANYON INC.",JPPC01900859,no
370,"K2-","Sawano Hiroyuki",156,10B,75,2026-09-02,05:46,40,"anime, soundtrack","Pop, Classical, Easy Listening"," Attack on Titan  Season 3 Original Soundtrack",2019-08-26,29,0,75,21,0,20,-10,D,4,3bI6qXBm2m3pj90CJMo650,"PONY CANYON INC.",JPPC01900857,no
371,"TPF-4","Sawano Hiroyuki",142,5B,4,2026-09-02,03:35,11,"anime, soundtrack","Pop, Classical, Easy Listening","Thunderbolt Fantasy 東離劍遊紀2 オリジナルサウンドトラック",2018-12-26,46,98,81,13,0,10,-26,D#/E♭,5,1wLtmLETBKV47ij6aMveQW,"Aniplex Inc.",JPE301801218,no
372,"TPF-2","Sawano Hiroyuki",63,5A,3,2026-09-02,03:30,7,"anime, soundtrack","Pop, Classical, Easy Listening","Thunderbolt Fantasy 東離劍遊紀2 オリジナルサウンドトラック",2018-12-26,52,99,87,9,0,0,-25,C minor,4,1KVLNaLSks2dssJO8sUhAW,"Aniplex Inc.",JPE301801216,no
373,"TPF-1","Sawano Hiroyuki",77,5A,21,2026-09-02,02:16,3,"anime, soundtrack","Pop, Classical, Easy Listening","Thunderbolt Fantasy 東離劍遊紀2 オリジナルサウンドトラック",2018-12-26,46,93,32,12,0,0,-17,C minor,4,4zyrjwr62Ws2y9k1fvXmAT,"Aniplex Inc.",JPE301801215,no
374,"○KN","Sawano Hiroyuki",112,8B,56,2026-09-02,05:46,7,"anime, soundtrack","Pop, Classical, Easy Listening","Thunderbolt Fantasy 東離劍遊紀2 オリジナルサウンドトラック",2018-12-26,41,3,67,15,0,10,-12,C,4,3IQ4LE3tNzAZq4DNojsfjm,"Aniplex Inc.",JPE301801214,no
375,"TBFworld","Sawano Hiroyuki",124,4B,76,2026-09-02,07:50,12,"anime, soundtrack","Pop, Classical, Easy Listening","Thunderbolt Fantasy 東離劍遊紀2 オリジナルサウンドトラック",2018-12-26,31,1,85,19,0,10,-8,G#/A♭,4,0klv9guVsJRqGYY89QLBWW,"Aniplex Inc.",JPE301801213,no
376,"PianoNT3","Sawano Hiroyuki",72,8A,0,2026-09-02,03:48,14,"anime, soundtrack","Pop, Classical, Easy Listening","MOBILE SUIT GUNDAM NT (Narrative) Original Motion Picture Soundtrack",2018-11-28,60,99,96,18,0,0,-28,A minor,3,0GyqStIgPY1eVjhZnYI1Xn,"SUNRISE Music Label",JPP301800599,no
377,"PianoNT2","Sawano Hiroyuki",129,7B,2,2026-09-02,03:24,10,"anime, soundtrack","Pop, Classical, Easy Listening","MOBILE SUIT GUNDAM NT (Narrative) Original Motion Picture Soundtrack",2018-11-28,37,98,45,4,0,0,-25,F,3,5JPkXkUWzP0SQ0SKh28VSG,"SUNRISE Music Label",JPP301800598,no
378,"PianoNT1","Sawano Hiroyuki",61,9A,0,2026-09-02,02:56,13,"anime, soundtrack","Pop, Classical, Easy Listening","MOBILE SUIT GUNDAM NT (Narrative) Original Motion Picture Soundtrack",2018-11-28,42,99,92,21,0,10,-33,E minor,5,4xVBcSBMMWSjIOlpUsrbxW,"SUNRISE Music Label",JPP301800597,no
379,"SynthenicsuiteNT No.1","Sawano Hiroyuki",150,8B,41,2026-09-02,04:55,13,"anime, soundtrack","Pop, Classical, Easy Listening","MOBILE SUIT GUNDAM NT (Narrative) Original Motion Picture Soundtrack",2018-11-28,22,2,59,11,0,10,-16,C,4,76pldhLv9y1hlfeUbLIedQ,"SUNRISE Music Label",JPP301800595,no
380,"Vigilante Ver0.5+@","Sawano Hiroyuki",130,4B,86,2026-09-02,03:40,27,"anime, soundtrack","Pop, Classical, Easy Listening","MOBILE SUIT GUNDAM NT (Narrative) Original Motion Picture Soundtrack",2018-11-28,55,0,0,60,0,10,-8,G#/A♭,4,00f6HEeNi9LETS20EIYIF6,"SUNRISE Music Label",JPP301800594,no
381,"SymphonicsuiteNT No.5","Sawano Hiroyuki",70,8A,24,2026-09-02,07:42,18,"anime, soundtrack","Pop, Classical, Easy Listening","MOBILE SUIT GUNDAM NT (Narrative) Original Motion Picture Soundtrack",2018-11-28,21,40,90,5,0,0,-15,A minor,4,77rXmlEsZaqMn8TkuYFh3X,"SUNRISE Music Label",JPP301800593,no
382,"SymphonicsuiteNT No.4","Sawano Hiroyuki",132,12B,62,2026-09-02,04:40,15,"anime, soundtrack","Pop, Classical, Easy Listening","MOBILE SUIT GUNDAM NT (Narrative) Original Motion Picture Soundtrack",2018-11-28,26,0,79,13,0,10,-12,E,4,4bXjE6bJs72Puga7KLIAjH,"SUNRISE Music Label",JPP301800592,no
383,"SymphonicsuiteNT No.1","Sawano Hiroyuki",93,10B,70,2026-09-02,04:29,22,"anime, soundtrack","Pop, Classical, Easy Listening","MOBILE SUIT GUNDAM NT (Narrative) Original Motion Picture Soundtrack",2018-11-28,22,1,79,20,0,10,-12,D,4,4hk6MIBOCr0yHlqzdU3ewZ,"SUNRISE Music Label",JPP301800589,no
384,"HERE I AM <RE:Instrumental>","Sawano Hiroyuki",127,8B,96,2026-09-02,03:56,7,"anime, soundtrack","Pop, Classical, Easy Listening","Re:CREATORS Original Soundtrack",2017-06-14,22,0,94,32,0,30,-7,C,4,67bmiw6M3DlE4HgfA9ebqn,"Aniplex Inc.",JPE301700434,no
385,"E:verydaytor4","Sawano Hiroyuki",175,9B,62,2026-09-02,05:38,8,"anime, soundtrack","Pop, Classical, Easy Listening","Re:CREATORS Original Soundtrack",2017-06-14,50,12,78,21,0,10,-12,G,4,57tnCwutT00Dut1NQ5jryR,"Aniplex Inc.",JPE301700431,no
386,"Pf:CreatorsⅥ","Sawano Hiroyuki",125,3B,13,2026-09-02,02:31,6,"anime, soundtrack","Pop, Classical, Easy Listening","Re:CREATORS Original Soundtrack",2017-06-14,31,98,83,4,0,10,-23,C♯/D♭,4,0iUJFV4D29aJ3A3z1BfI9x,"Aniplex Inc.",JPE301700430,no
387,"SawElephant4ゅ","Sawano Hiroyuki",114,7A,79,2026-09-02,04:05,11,"anime, soundtrack","Pop, Classical, Easy Listening","Re:CREATORS Original Soundtrack",2017-06-14,32,14,74,15,0,10,-10,D minor,4,15hD9Q7RQCqS1ORhpp0EcQ,"Aniplex Inc.",JPE301700425,no
388,"E:verydaytor1","Sawano Hiroyuki",116,9B,68,2026-09-02,05:50,10,"anime, soundtrack","Pop, Classical, Easy Listening","Re:CREATORS Original Soundtrack",2017-06-14,54,5,81,37,0,0,-10,G,4,5BipDCW4jQwKRLeIvjbfqL,"Aniplex Inc.",JPE301700421,no
389,"音:9RE:eita-zu","Sawano Hiroyuki",95,9A,68,2026-09-02,06:35,12,"anime, soundtrack","Pop, Classical, Easy Listening","Re:CREATORS Original Soundtrack",2017-06-14,29,4,83,8,0,10,-11,E minor,4,5jeWXNsvwuMm57Z7cH3TN5,"Aniplex Inc.",JPE301700419,no
390,"ABYSSwaltz","Sawano Hiroyuki",128,6B,39,2026-09-02,04:14,17,"anime, soundtrack","Pop, Classical, Easy Listening","Re:CREATORS Original Soundtrack",2017-06-14,57,42,2,21,0,0,-10,A#/B♭,3,02ezUN4pgkySnwUiaYfonU,"Aniplex Inc.",JPE301700417,no
391,"高度8b6n","Sawano Hiroyuki",74,7B,80,2026-09-02,04:35,15,"anime, soundtrack","Pop, Classical, Easy Listening","Re:CREATORS Original Soundtrack",2017-06-14,22,3,84,19,0,10,-9,F,4,1i1kbBohiuv44CEXYQ8jmy,"Aniplex Inc.",JPE301700412,no
392,"AL:Lu","Sawano Hiroyuki",160,12B,71,2026-09-02,04:12,32,"anime, soundtrack","Pop, Classical, Easy Listening","Re:CREATORS Original Soundtrack",2017-06-14,28,2,41,18,0,30,-9,E,4,40QCH2u7X2ztyxrTW9mfEj,"Aniplex Inc.",JPE301700411,no
393,"2109-a8Ru件","Sawano Hiroyuki",97,9A,51,2026-09-02,03:39,10,"anime, soundtrack","Pop, Classical, Easy Listening","Re:CREATORS Original Soundtrack",2017-06-14,42,7,72,56,0,0,-9,E minor,4,4gwu51pAA8QptqB0J10eJH,"Aniplex Inc.",JPE301700410,no
394,"Hey39-udn","Sawano Hiroyuki",130,4B,87,2026-09-02,03:59,15,"anime, soundtrack","Pop, Classical, Easy Listening","Re:CREATORS Original Soundtrack",2017-06-14,25,0,86,19,0,10,-6,G#/A♭,4,1OsbXFCQleSJOmX51Nl3vf,"Aniplex Inc.",JPE301700407,no
395,"4GL4yu8RE:E","Sawano Hiroyuki",122,7B,55,2026-09-02,04:15,15,"anime, soundtrack","Pop, Classical, Easy Listening","Re:CREATORS Original Soundtrack",2017-06-14,33,3,84,5,0,0,-10,F,4,2UJgOjA8TpnEbDFIgcUaqE,"Aniplex Inc.",JPE301700406,no
396,"rE:CRe@T0RS","Sawano Hiroyuki",105,8A,52,2026-09-02,05:37,24,"anime, soundtrack","Pop, Classical, Easy Listening","Re:CREATORS Original Soundtrack",2017-06-14,24,23,85,4,0,0,-11,A minor,4,2UdjHx4VNx4U9KBNniqFM2,"Aniplex Inc.",JPE301700404,no
397,"Shingeki Vc - Pf 20130218 Kyojin","Sawano Hiroyuki",120,9A,17,2026-09-02,06:11,45,"anime, soundtrack","Pop, Classical, Easy Listening","TV Anime  Attack on Titan Season 2  (Original Soundtrack)",2017-06-07,40,98,92,4,0,0,-18,E minor,4,6gDeodqDob57Zp78u58grl,"PONY CANYON",JPPC01301494,no
398,"Shingeki Pf - Adlib - B 20130218 Kyojin","Sawano Hiroyuki",67,8B,8,2026-09-02,02:51,31,"anime, soundtrack","Pop, Classical, Easy Listening","TV Anime  Attack on Titan Season 2  (Original Soundtrack)",2017-06-07,38,95,89,4,0,0,-20,C,4,7wQkCKS48yhY7jqmxdp7uy,"PONY CANYON",JPPC01301496,no
399,"Shingeki Pf - Adlib - C 20130218 Kyojin","Sawano Hiroyuki",103,4A,10,2026-09-02,03:51,36,"anime, soundtrack","Pop, Classical, Easy Listening","TV Anime  Attack on Titan Season 2  (Original Soundtrack)",2017-06-07,37,96,89,7,0,0,-24,F minor,3,1iz1LqOu9IsRowxOqrI1mk,"PONY CANYON",JPPC01301498,no
400,"Two - Lives","Sawano Hiroyuki",130,6A,72,2026-09-02,04:53,44,"anime, soundtrack","Pop, Classical, Easy Listening","TV Anime  Attack on Titan Season 2  (Original Soundtrack)",2017-06-07,29,0,86,6,0,10,-11,G minor,4,7KkZnrL0yKOoxVtbJymxxQ,"PONY CANYON",JPPC01502438,no
401,"Ymniam - Orch","Sawano Hiroyuki",148,8A,43,2026-09-02,03:09,43,"anime, soundtrack","Pop, Classical, Easy Listening","TV Anime  Attack on Titan Season 2  (Original Soundtrack)",2017-06-07,30,17,92,7,0,10,-9,A minor,4,0oKnoglufPILy5njjrvJYo,"PONY CANYON",JPPC01403085,no
402,"2 Volt","Sawano Hiroyuki",143,6A,60,2026-09-02,06:41,44,"anime, soundtrack","Pop, Classical, Easy Listening","TV Anime  Attack on Titan Season 2  (Original Soundtrack)",2017-06-07,31,4,89,6,0,0,-11,G minor,4,59heMF0LTYzIu3gNkdCWic,"PONY CANYON",JPPC01502439,no
403,"Eren Zahyo","Sawano Hiroyuki",73,11A,55,2026-09-02,06:23,47,"anime, soundtrack","Pop, Classical, Easy Listening","TV Anime  Attack on Titan Season 2  (Original Soundtrack)",2017-06-07,11,0,89,5,0,0,-9,F#/G♭ minor,4,0JdPsU2Qu89dXOwqlWPTgg,"PONY CANYON",JPPC01700992,no
404,"You See Big Girl / T:T","Sawano Hiroyuki",87,6A,68,2026-09-02,05:59,67,"anime, soundtrack","Pop, Classical, Easy Listening","TV Anime  Attack on Titan Season 2  (Original Soundtrack)",2017-06-07,19,1,88,23,0,10,-8,G minor,4,4dHOnPucB5VBYq3gjRtYy9,"PONY CANYON",JPPC01700989,no
405,"machine-motion-investigation-squad","Sawano Hiroyuki",102,4A,70,2026-09-02,05:20,11,"anime, soundtrack","Pop, Classical, Easy Listening","「CRISIS 公安機動捜査隊特捜班」ORIGINAL SOUNDTRACK/BONUS TRACK",2017-05-24,33,2,87,28,0,0,-9,F minor,4,6bwAqtyNgzYHsVsG5UhxjN,"Sony Music Labels Inc.",JPP301700131,no
406,"fire9d","Sawano Hiroyuki",133,10B,91,2026-09-02,05:06,19,"anime, soundtrack","Pop, Classical, Easy Listening","「CRISIS 公安機動捜査隊特捜班」ORIGINAL SOUNDTRACK/BONUS TRACK",2017-05-24,31,2,90,29,0,30,-8,D,5,1zMgehNARerqhnOHP46vCh,"Sony Music Labels Inc.",JPP301700127,no
407,"9a14s","Sawano Hiroyuki",108,4B,75,2026-09-02,04:00,27,"anime, soundtrack","Pop, Classical, Easy Listening","「CRISIS 公安機動捜査隊特捜班」ORIGINAL SOUNDTRACK/BONUS TRACK",2017-05-24,53,2,88,7,0,30,-8,G#/A♭,4,6KwezsaFSWO2jWTaQSxYj9,"Sony Music Labels Inc.",JPP301700126,no
408,"Baby It's Cold Outside","Avril Lavigne, Jonny Blu",125,8B,57,2026-09-02,02:51,24,"canadian pop, candy pop, dance pop, pop, smooth jazz, vocal jazz","Pop, Electronic, Jazz","Baby It's Cold Outside",2017-11-22,44,51,0,62,0,0,-8,C,4,2VKF5zx9tphpsHyN7LIewk,"Avril Lavigne & Jonny Blu",TCADJ1745990,no
409,"Avalanche","Avril Lavigne",150,2B,78,2026-09-02,03:39,46,"canadian pop, candy pop, dance pop, pop","Pop, Electronic","Love Sux",2022-02-25,53,0,0,22,0,0,-5,F#/G♭,4,0ZzF9Y0nJoBc8iMkITxDYv,"DTA Records",USAT22108158,no
410,"Warrior","Avril Lavigne",142,12A,63,2026-09-02,03:45,46,"canadian pop, candy pop, dance pop, pop","Pop, Electronic","Head Above Water",2019-02-15,46,31,0,33,0,20,-5,C♯/D♭ minor,4,27wvjuKafcmKhoLcBcJ0uO,"BMG Rights Management (US) LLC",QMRSZ1801860,no
411,"Dumb Blonde (feat. Nicki Minaj)","Avril Lavigne, Nicki Minaj",110,3B,85,2026-09-02,03:34,46,"canadian pop, candy pop, dance pop, pop, hip pop, queens hip hop, rap","Pop, Electronic, Hip Hop","Head Above Water",2019-02-15,73,17,0,92,0,10,-5,C♯/D♭,4,1Spmq0UazGU6ovMIlGldZX,"BMG Rights Management (US) LLC",QMRSZ1801853,no
412,"Falling Fast","Avril Lavigne",174,11B,43,2026-09-02,03:13,43,"canadian pop, candy pop, dance pop, pop","Pop, Electronic","Avril Lavigne (Expanded Edition)",2013-11-01,50,49,0,42,0,10,-9,A,4,5gOZPOyAuIOthxTBMb2pxY,"Epic",USSM11304496,no
413,"Hello Kitty","Avril Lavigne",128,11A,79,2026-09-02,03:16,65,"canadian pop, candy pop, dance pop, pop","Pop, Electronic","Avril Lavigne (Expanded Edition)",2013-11-01,75,0,0,59,0,60,-7,F#/G♭ minor,4,5eo5uGyM4q70CLU3LZphfu,"Epic",USSM11304491,no
414,"FRITTER","NICO Touches the Walls",156,1A,89,2026-09-02,03:25,6,"anime, j-rock, j-pop","Pop, Rock","TWISTER -EP-",2018-07-25,48,1,0,79,10,0,-1,G#/A♭ minor,4,3bZGtZgZydwMFFOa7wiTv4,"Sony Music Labels Inc.",JPU901801914,no
415,"SHOW","NICO Touches the Walls",146,8A,92,2026-09-02,04:22,9,"anime, j-rock, j-pop","Pop, Rock","TWISTER -EP-",2018-07-25,38,0,0,45,10,0,-2,A minor,4,71V3cLz9hFfmMb51n6LlKx,"Sony Music Labels Inc.",JPU901801913,no
416,"VIBRIO VULNIFICUS","NICO Touches the Walls",140,1B,96,2026-09-02,04:08,15,"anime, j-rock, j-pop","Pop, Rock","TWISTER -EP-",2018-07-25,37,0,0,41,20,20,-2,B,4,5VpoTNwYmq85cOWgdRepLF,"Sony Music Labels Inc.",JPU901801912,no
417,"MOROHA IROHA","NICO Touches the Walls",112,11B,90,2026-09-02,04:04,11,"anime, j-rock, j-pop","Pop, Rock","マシ・マシ",2016-11-30,41,10,0,58,10,30,-5,A,4,4SObprk3jrRIilb7Habsdx,"Sony Music Labels Inc.",JPU901602982,no
418,"BAD ROBOT","NICO Touches the Walls",84,9B,90,2026-09-02,03:49,7,"anime, j-rock, j-pop","Pop, Rock","BAD ROBOT",2016-05-03,43,2,6,69,0,10,-3,G,4,7Kt4ShZkIjgQOIjMHiyrLq,"Sony Music Labels Inc.",JPU901600952,no
419,"バケモノ","NICO Touches the Walls",126,10A,65,2026-09-02,04:17,8,"anime, j-rock, j-pop","Pop, Rock","バケモノ",2014-07-01,47,5,0,42,0,10,-8,B minor,4,5WzuhqNbgs2g6cEReP5ib2,"Sony Music Labels Inc.",JPU901400594,no
420,"イミテイション・ゴールド","NICO Touches the Walls",156,7A,89,2026-09-02,05:41,13,"anime, j-rock, j-pop","Pop, Rock","ローハイド",2014-03-05,38,8,17,21,0,0,-5,D minor,4,1wSkcTFbqnE2aZY356FEQS,"Sony Music Labels Inc.",JPKS01400092,no
421,"夕立マーチ　instrumental","NICO Touches the Walls",108,2B,86,2026-09-02,06:34,1,"anime, j-rock, j-pop","Pop, Rock","夏の大三角形",2012-11-07,49,0,87,72,0,0,-8,F#/G♭,4,60H8uUH5wtgxtr4KNwqctd,"Sony Music Labels Inc.",JPKS01200584,no
422,"夕立マーチ","NICO Touches the Walls",108,2B,89,2026-09-02,06:36,7,"anime, j-rock, j-pop","Pop, Rock","夏の大三角形",2012-11-07,54,0,0,52,0,0,-5,F#/G♭,4,6XpRE39IVdceUBp6BDcyPS,"Sony Music Labels Inc.",JPKS01200581,no
423,"Diver Instrumental","NICO Touches the Walls",149,10A,85,2026-09-02,04:07,6,"anime, j-rock, j-pop","Pop, Rock","Diver",2011-01-12,32,0,70,48,0,10,-4,B minor,4,14hNRexlqx2OkL65NbEEaH,"Sony Music Labels Inc.",JPKS01002984,no
424,"ホログラム instrumental","NICO Touches the Walls",156,8A,92,2026-09-02,04:07,10,"anime, j-rock, j-pop","Pop, Rock","ホログラム",2009-00-00,36,0,78,71,0,0,-6,A minor,4,69HsTCKQVCWJEqMInBuuzw,"Sony Music Labels Inc.",JPKS00901383,no
425,"SIMON SAID","NICO Touches the Walls",126,10A,86,2026-09-02,04:35,8,"anime, j-rock, j-pop","Pop, Rock","THE BUNGY",2008-00-00,60,0,0,71,0,10,-3,B minor,4,7MSiIbZoGop9JADrJINtiy,"Sony Music Labels Inc.",JPKS00800842,no
426,"そのTAXI.160km/h","NICO Touches the Walls",177,11B,91,2026-09-02,04:59,11,"anime, j-rock, j-pop","Pop, Rock","How are you ?",2007-00-00,41,0,1,39,0,0,-5,A,4,3vMUdLmIeEJ5Wzl7HKtJW5,"Sony Music Labels Inc.",JPKS00701383,no
427,"カレキーズのテーマ２","NICO Touches the Walls",76,11B,24,2026-09-02,02:09,4,"anime, j-rock, j-pop","Pop, Rock","Howdy!! We are ACO Touches the Walls 〜STAR SERIES〜",2019-06-12,48,96,0,75,0,10,-19,A,4,5ZoYtGQgeiQplqSWgWOUuQ,"Sony Music Labels Inc.",JPU901703535,no
428,"bless you? (Acoustic ver.)","NICO Touches the Walls",104,3B,24,2026-09-02,05:02,5,"anime, j-rock, j-pop","Pop, Rock","Howdy!! We are ACO Touches the Walls 〜STAR SERIES〜",2019-06-12,54,50,0,42,0,10,-11,C♯/D♭,4,37eVn6TqT1P2xxYdAmoWNi,"Sony Music Labels Inc.",JPU901901260,no
429,"マカロニッ? (Acoustic ver.)","NICO Touches the Walls",208,8A,74,2026-09-02,03:01,5,"anime, j-rock, j-pop","Pop, Rock","Howdy!! We are ACO Touches the Walls 〜STAR SERIES〜",2019-06-12,51,15,0,74,10,30,-7,A minor,4,1ZWftuVuaRXNmwU5b6kwa2,"Sony Music Labels Inc.",JPU901901253,no
430,"18? (Acoustic ver.)","NICO Touches the Walls",99,10B,40,2026-09-02,03:54,7,"anime, j-rock, j-pop","Pop, Rock","Howdy!! We are ACO Touches the Walls 〜STAR SERIES〜",2019-06-12,69,52,0,74,0,10,-8,D,4,1pET7wrpjSdrdiaSMmEZaO,"Sony Music Labels Inc.",JPU901901251,no
431,"FRITTER (Acoustic ver.）","NICO Touches the Walls",116,3B,58,2026-09-02,04:12,5,"anime, j-rock, j-pop","Pop, Rock","Howdy!! We are ACO Touches the Walls 〜STAR SERIES〜",2019-06-12,66,34,0,52,0,10,-6,C♯/D♭,4,4UUg3utDQpWGBT3FzxyHci,"Sony Music Labels Inc.",JPU901801919,no
432,"SHOW (Acoustic ver.）","NICO Touches the Walls",154,6A,92,2026-09-02,03:50,7,"anime, j-rock, j-pop","Pop, Rock","Howdy!! We are ACO Touches the Walls 〜STAR SERIES〜",2019-06-12,62,60,0,80,0,10,-5,G minor,4,0XMBAMqGosn9j6TiQU8MNu,"Sony Music Labels Inc.",JPU901801918,no
433,"bud end (Acoustic ver.)","NICO Touches the Walls",96,12A,25,2026-09-02,05:36,6,"anime, j-rock, j-pop","Pop, Rock","Howdy!! We are ACO Touches the Walls 〜STAR SERIES〜",2019-06-12,69,68,0,23,0,10,-9,C♯/D♭ minor,4,2n7s897HbFHqNiTF4fkL8F,"Sony Music Labels Inc.",JPU901703536,no
434,"Funny Side Up! (Acoustic ver.)","NICO Touches the Walls",115,3A,77,2026-09-02,04:11,7,"anime, j-rock, j-pop","Pop, Rock","Howdy!! We are ACO Touches the Walls 〜STAR SERIES〜",2019-06-12,75,1,0,73,0,10,-7,A#/B♭ minor,4,0bPvFBi08EaDg08VNUi9k6,"Sony Music Labels Inc.",JPU901703534,no
435,"マカロニッ?","NICO Touches the Walls",147,8A,89,2026-09-02,03:44,11,"anime, j-rock, j-pop","Pop, Rock","QUIZMASTER",2019-06-05,51,1,0,66,0,20,-5,A minor,4,0OlM0FeK61ZC9FHBqkUEwc,"Sony Music Labels Inc.",JPU901901243,no
436,"TOKYO Dreamer (Album Mix)","NICO Touches the Walls",138,1B,81,2026-09-02,04:50,24,"anime, j-rock, j-pop","Pop, Rock","勇気も愛もないなんて",2016-03-16,71,2,0,73,0,10,-5,B,4,6k1mR4hBIZtuNZHT2QUtUb,"Sony Music Labels Inc.",JPU901600303,no
437,"まっすぐなうた (Album Mix)","NICO Touches the Walls",130,9B,97,2026-09-02,03:22,22,"anime, j-rock, j-pop","Pop, Rock","勇気も愛もないなんて",2016-03-16,50,0,0,56,10,10,-2,G,4,6CsZIWzz5ezHb6LN5M6bIZ,"Sony Music Labels Inc.",JPU901600298,no
438,"バイシクル　(Acoustic)","NICO Touches the Walls",120,10B,12,2026-09-02,06:37,8,"anime, j-rock, j-pop","Pop, Rock","Howdy!! We are ACO Touches the Walls",2015-02-04,65,75,0,20,0,10,-12,D,4,17qyB9Kj1EC3SwgUPF9fRp,"Sony Music Labels Inc.",JPU901402689,no
439,"夢1号　(Acoustic)","NICO Touches the Walls",158,10A,82,2026-09-02,03:47,10,"anime, j-rock, j-pop","Pop, Rock","Howdy!! We are ACO Touches the Walls",2015-02-04,60,66,0,76,0,10,-6,B minor,1,7qS3ysQYuiTL2Eywz3kCbP,"Sony Music Labels Inc.",JPU901402683,no
440,"image training-2014-","NICO Touches the Walls",156,9B,89,2026-09-02,05:07,22,"anime, j-rock, j-pop","Pop, Rock","ニコ タッチズ ザ ウォールズ ノ ベスト",2014-02-05,45,0,0,50,0,30,-4,G,4,5QVCnjccj8bmkLJKq9Zf3O,"Sony Music Labels Inc.",JPKS01302040,no
441,"I DID IT (feat. Post Malone, Megan Thee Stallion, Lil Baby & DaBaby)","DJ Khaled, Post Malone, DaBaby, Megan Thee Stallion, Lil Baby",124,9A,72,2026-09-02,02:45,41,"hip hop, miami hip hop, pop rap, rap, dfw rap, melodic rap, pop, north carolina hip hop, trap, houston rap, r&b, trap queen, atl hip hop, atl trap","Hip Hop, Pop, R&B","I DID IT (feat. Post Malone, Megan Thee Stallion, Lil Baby & DaBaby)",2021-04-28,76,0,0,36,0,60,-3,E minor,4,6MIRsc0hGXQBcz5M40xS2Y,"Epic/We The Best",USSM12102187,yes
442,"Tommy Lee (feat. SAINt JHN & Post Malone) - Remix","Tyla Yaweh, SAINt JHN, Post Malone",118,6B,60,2026-09-02,03:50,48,"melodic rap, slap house, dfw rap, pop, rap","Hip Hop, Pop","Tommy Lee (feat. SAINt JHN & Post Malone) [Remix]",2020-08-28,50,21,0,56,10,0,-6,A#/B♭,4,4Rq2BMG5VWMhb2whSx8bf4,"Epic/London Ent.",USSM12005142,yes
443,"Tommy Lee (feat. Post Malone)","Tyla Yaweh, Post Malone",85,6B,62,2026-09-02,03:44,61,"melodic rap, dfw rap, pop, rap","Hip Hop, Pop","Tommy Lee (feat. Post Malone)",2020-06-12,46,22,0,63,10,0,-6,A#/B♭,3,5QZKcQDp0tCcvMdyqEciBV,"Epic/London Ent.",USSM12003633,yes
444,"Circles - Instrumental","Post Malone",120,8B,70,2026-09-02,03:34,48,"dfw rap, melodic rap, pop, rap","Hip Hop, Pop","Circles (Instrumental)",2019-09-04,80,31,84,66,0,10,-5,C,4,3mrE0pFzyIQqFs3cMUimY4,"Republic Records",USUM72007747,no
445,"Wow. - Remix","Post Malone, Roddy Ricch, Tyga",100,10A,64,2026-09-02,02:50,61,"dfw rap, melodic rap, pop, rap, hip hop, pop rap, southern hip hop, trap","Hip Hop, Pop","Wow. (Remix)",2019-03-15,80,15,0,49,10,20,-6,B minor,4,0fcq51a3gOI6gPvzc0YLsk,"Republic Records",USUM71904477,yes
446,"rockstar - Remix","Post Malone, Nicky Jam, Ozuna",160,6A,59,2026-09-02,04:05,53,"dfw rap, melodic rap, pop, rap, reggaeton, latin, trap latino, urbano latino","Hip Hop, Latin, Pop","rockstar (Remix)",2017-12-08,67,18,0,21,10,10,-6,G minor,4,4fy6HNnu1XXq2j1Y56EP2H,"Mercury Records/Republic Owned",USUM71713709,yes
447,"夏の大三角形","NICO Touches the Walls",143,1B,78,2026-09-02,04:52,45,"anime, j-rock, j-pop","Pop, Rock","Shout to the Walls!",2013-04-24,56,2,0,29,0,10,-5,B,4,1h43DIgDzFQstX553JYnXV,"Sony Music Labels Inc.",JPKS01300683,no
448,"Darkest","Sawano Hiroyuki",59,5A,37,2026-09-02,05:17,29,"anime, soundtrack","Pop, Classical, Easy Listening","Thunderbolt Fantasy 東離劍遊紀　オリジナルサウンドトラック",2016-08-24,8,25,55,7,0,10,-10,C minor,3,1fN2ScGz7uKQBGasoG55V5,"Aniplex Inc.",JPE301600632,no
449,"○bolt-arr2","Sawano Hiroyuki",124,5A,22,2026-09-02,04:15,7,"anime, soundtrack","Pop, Classical, Easy Listening","Thunderbolt Fantasy 東離劍遊紀　オリジナルサウンドトラック",2016-08-24,27,67,97,4,0,10,-16,C minor,4,7HEqdj9k26MHn6iTz9FTt6,"Aniplex Inc.",JPE301600629,no
450,"thedead","Sawano Hiroyuki",101,3A,41,2026-09-02,04:02,7,"anime, soundtrack","Pop, Classical, Easy Listening","Thunderbolt Fantasy 東離劍遊紀　オリジナルサウンドトラック",2016-08-24,43,7,91,16,0,0,-13,A#/B♭ minor,4,2MxgK2Wo9k2D20VtozPSjZ,"Aniplex Inc.",JPE301600627,no
451,"Kguy&kill don’t 生kiLL","Sawano Hiroyuki",90,9A,45,2026-09-02,05:35,10,"anime, soundtrack","Pop, Classical, Easy Listening","Thunderbolt Fantasy 東離劍遊紀　オリジナルサウンドトラック",2016-08-24,45,19,88,4,0,10,-13,E minor,4,2HpW05DStWTQp58qRAAJEx,"Aniplex Inc.",JPE301600626,no
452,"coldsnowcrow","Sawano Hiroyuki",140,10A,65,2026-09-02,04:43,8,"anime, soundtrack","Pop, Classical, Easy Listening","Thunderbolt Fantasy 東離劍遊紀　オリジナルサウンドトラック",2016-08-24,36,9,84,48,0,0,-11,B minor,4,21JVbzcoscsMILrfoj6e86,"Aniplex Inc.",JPE301600621,no
453,"White Christmas","Doris Day",84,9B,12,2026-09-02,02:40,4,"adult standards, big band","Easy Listening, Jazz","Personal Christmas Collection",1994-08-23,17,95,1,8,0,10,-21,G,5,04nnEF3xobgcPE5VPbeKDy,"Legacy/Columbia",USSM19924476,no
454,"The Christmas Waltz","Doris Day",130,7A,20,2026-09-02,02:44,7,"adult standards, big band","Easy Listening, Jazz","Personal Christmas Collection",1994-08-23,27,93,0,17,0,30,-17,D minor,4,0KzATua65ZI5xG6pzLjlpa,"Legacy/Columbia",USSM16401332,no
455,"Have Yourself a Merry Little Christmas","Doris Day",86,7B,8,2026-09-02,03:00,5,"adult standards, big band","Easy Listening, Jazz","Personal Christmas Collection",1994-08-23,28,97,0,15,0,10,-18,F,4,64NWp2MbJXd7oHg7XmXCIa,"Legacy/Columbia",USSM10018216,no
456,"Christmas Story (with Paul Weston & His Orchestra & The Norman Luboff Choir)","Doris Day, Paul Weston And His Orchestra, The Norman Luboff Choir",102,11B,18,2026-09-02,03:08,9,"adult standards, big band, easy listening","Easy Listening, Jazz","Personal Christmas Collection",1994-08-23,26,99,1,21,0,10,-16,A,3,6XxtffI0r2MQw7d6H1MKRI,"Legacy/Columbia",USSM15000221,no
457,"The Christmas Song (Chestnuts Roasting On An Open Fire)","Doris Day",80,4B,13,2026-09-02,03:08,8,"adult standards, big band","Easy Listening, Jazz","Personal Christmas Collection",1994-08-23,24,99,2,14,0,10,-16,G#/A♭,4,67jupfF0I9zvzQtGzbcwl3,"Legacy/Columbia",USSM10018212,no
458,"Wish You Were Here - Instrumental","Avril Lavigne",166,12B,83,2026-09-02,03:45,31,"canadian pop, candy pop, dance pop, pop","Pop, Electronic","Goodbye Lullaby (Expanded Edition)",2011-03-08,42,0,87,30,0,30,-6,E,4,1BZvVoZ1LfKgeyX57M0wwv,"Epic",USRC11100637,no
459,"What The Hell - Bimbo Jones Remix","Avril Lavigne, Marc Jackson Burrows, Lee Dagger",132,11B,81,2026-09-02,04:10,35,"canadian pop, candy pop, dance pop, pop","Pop, Electronic","Goodbye Lullaby (Expanded Edition)",2011-03-08,53,0,0,55,0,20,-4,A,4,4Y78yNxp84dLTW6WKznShn,"Epic",USRC11100041,no
460,"Goodbye","Avril Lavigne",167,9B,33,2026-09-02,04:31,43,"canadian pop, candy pop, dance pop, pop","Pop, Electronic","Goodbye Lullaby (Expanded Edition)",2011-03-08,18,72,0,24,0,10,-7,G,4,5zyBuhXYINmVnc8Jnrxdru,"Epic",USRC11100030,no
461,"Darlin","Avril Lavigne",179,8B,58,2026-09-02,03:50,44,"canadian pop, candy pop, dance pop, pop","Pop, Electronic","Goodbye Lullaby (Expanded Edition)",2011-03-08,37,21,0,40,0,0,-5,C,4,4BD4TlnlEbqcK1ZKXamN6k,"Epic",USRC11100017,no
462,"Waiting For A Miracle","Post Malone",127,2B,28,2026-09-02,02:21,43,"dfw rap, melodic rap, pop, rap","Hip Hop, Pop","Twelve Carat Toothache (Deluxe)",2022-06-07,49,80,0,7,0,10,-11,F#/G♭,4,14gWHtoBsZ02dpcBevAyZZ,"Mercury Records/Republic Records",USUM72208030,yes
463,"Love/Hate Letter To Alcohol (with Fleet Foxes)","Post Malone, Fleet Foxes",108,9A,57,2026-09-02,03:03,47,"dfw rap, melodic rap, pop, rap, indie folk, folk, indie","Hip Hop, Folk, Pop, Rock","Twelve Carat Toothache (Deluxe)",2022-06-07,48,4,0,4,0,20,-7,E minor,4,7uSxfwJFwtZwP7NTHxto2B,"Mercury Records/Republic Records",USUM72208026,yes
464,"I Like You (A Happier Song) (with Doja Cat)","Post Malone, Doja Cat",101,7B,67,2026-09-02,03:12,54,"dfw rap, melodic rap, pop, rap, dance pop","Electronic, Pop, Hip Hop","Twelve Carat Toothache (Deluxe)",2022-06-07,73,12,0,47,0,10,-6,F,4,0EFehFdU9HbOBzxzJ60IjE,"Mercury Records/Republic Records",USUM72208023,yes
465,"Wrapped Around Your Finger","Post Malone",120,10B,63,2026-09-02,03:13,51,"dfw rap, melodic rap, pop, rap","Hip Hop, Pop","Twelve Carat Toothache (Deluxe)",2022-06-07,74,5,0,54,0,30,-5,D,4,5CtPTzdOkkb8Bhy5JnUYyT,"Mercury Records/Republic Records",USUM72208022,no
466,"業々","NICO Touches the Walls",125,9B,90,2026-09-02,03:19,10,"anime, j-rock, j-pop","Pop, Rock","HUMANIA",2011-12-07,45,0,1,51,0,10,-3,G,4,1ukd8bfyLizxGWrPZg1xcQ,"Sony Music Labels Inc.",JPKS01102787,no
467,"S_TEAM -Orchestra ver-","Sawano Hiroyuki",100,3B,72,2026-09-02,03:12,11,"anime, soundtrack","Pop, Classical, Easy Listening","甲鉄城のカバネリ COMPLETE SOUNDTRACK",2019-04-24,50,3,93,44,0,0,-10,C♯/D♭,4,5oBB0Q8wx86jdki907kQwx,"Aniplex Inc.",JPE301900379,no
468,"Grenzlinie<MODv>(Instrumental)","Sawano Hiroyuki",134,11B,42,2026-09-02,04:45,9,"anime, soundtrack","Pop, Classical, Easy Listening","甲鉄城のカバネリ COMPLETE SOUNDTRACK",2019-04-24,45,6,88,12,0,0,-9,A,4,7AQYakKnQuX6TDp1CiWRp5,"Aniplex Inc.",JPE301600452,no
469,"S_TEAM(Instrumental)","Sawano Hiroyuki",119,4A,86,2026-09-02,03:59,12,"anime, soundtrack","Pop, Classical, Easy Listening","甲鉄城のカバネリ COMPLETE SOUNDTRACK",2019-04-24,49,0,68,35,0,30,-7,F minor,4,5JOebcAj7ZgoRgBMvJGyH7,"Aniplex Inc.",JPE301900377,no
470,"Through My Blood(Instrumental)","Sawano Hiroyuki",128,4B,81,2026-09-02,04:14,13,"anime, soundtrack","Pop, Classical, Easy Listening","甲鉄城のカバネリ COMPLETE SOUNDTRACK",2019-04-24,25,0,83,60,0,10,-8,G#/A♭,4,6ymYtQCaxkngZd870c0Y1Q,"Aniplex Inc.",JPE301600447,no
471,"KK12a","Sawano Hiroyuki",68,6A,20,2026-09-02,02:55,12,"anime, soundtrack","Pop, Classical, Easy Listening","甲鉄城のカバネリ COMPLETE SOUNDTRACK",2019-04-24,32,99,94,4,0,20,-20,G minor,3,0x5EboNbOuzmll96S0zvEV,"Aniplex Inc.",JPE301600443,no
472,"KK2-6","Sawano Hiroyuki",134,9A,74,2026-09-02,02:05,8,"anime, soundtrack","Pop, Classical, Easy Listening","甲鉄城のカバネリ COMPLETE SOUNDTRACK",2019-04-24,54,0,97,33,0,10,-11,E minor,4,18x3R1xKPsfAyRGkWHMLLS,"Aniplex Inc.",JPE301600441,no
473,"KK11(m6)","Sawano Hiroyuki",134,8B,43,2026-09-02,02:19,8,"anime, soundtrack","Pop, Classical, Easy Listening","甲鉄城のカバネリ COMPLETE SOUNDTRACK",2019-04-24,53,50,85,4,0,0,-14,C,4,617EIoEbPT9AdRseP5WG5e,"Aniplex Inc.",JPE301600439,no
474,"VIVALABIBA","Sawano Hiroyuki",97,4B,74,2026-09-02,04:00,10,"anime, soundtrack","Pop, Classical, Easy Listening","甲鉄城のカバネリ COMPLETE SOUNDTRACK",2019-04-24,34,21,93,40,0,10,-9,G#/A♭,4,4vXPdI7RGBVY7DtKs2lan2,"Aniplex Inc.",JPE301600270,no
475,"JAnoPAN","Sawano Hiroyuki",117,11B,89,2026-09-02,04:35,11,"anime, soundtrack","Pop, Classical, Easy Listening","甲鉄城のカバネリ COMPLETE SOUNDTRACK",2019-04-24,28,0,69,44,0,30,-9,A,4,1EaHZpoT3M8ZginrbwNf0r,"Aniplex Inc.",JPE301600266,no
476,"ComeBack音","Sawano Hiroyuki",78,10A,45,2026-09-02,07:15,11,"anime, soundtrack","Pop, Classical, Easy Listening","甲鉄城のカバネリ COMPLETE SOUNDTRACK",2019-04-24,27,6,82,8,0,10,-13,B minor,4,06FjiHTPGvrYm23yZkQbiq,"Aniplex Inc.",JPE301600271,no
477,"KABANERI-SEAGATE弌","Sawano Hiroyuki",107,3A,74,2026-09-02,05:45,20,"anime, soundtrack","Pop, Classical, Easy Listening","甲鉄城のカバネリ COMPLETE SOUNDTRACK",2019-04-24,39,3,62,11,0,10,-10,A#/B♭ minor,4,0id8R8ZdeHdcRerXXXPPul,"Aniplex Inc.",JPE301900375,no
478,"Grenzlinie","Sawano Hiroyuki",134,10B,46,2026-09-02,04:56,27,"anime, soundtrack","Pop, Classical, Easy Listening","甲鉄城のカバネリ COMPLETE SOUNDTRACK",2019-04-24,55,50,6,15,0,10,-8,D,4,6cdrMa5hWgggyB3AGGWiZT,"Aniplex Inc.",JPE301600275,no
479,"Warcry","Sawano Hiroyuki",123,3A,93,2026-09-02,04:14,34,"anime, soundtrack","Pop, Classical, Easy Listening","甲鉄城のカバネリ COMPLETE SOUNDTRACK",2019-04-24,62,15,0,52,0,20,-6,A#/B♭ minor,4,6wneTary0mo2YSqMl2fILx,"Aniplex Inc.",JPE301600264,no
480,"Next of Kin","Sawano Hiroyuki",96,8B,79,2026-09-02,03:27,21,"anime, soundtrack","Pop, Classical, Easy Listening","甲鉄城のカバネリ COMPLETE SOUNDTRACK",2019-04-24,67,4,0,69,0,0,-6,C,4,3cj4dtN3kNMXhGfCC0g5Yi,"Aniplex Inc.",JPE301600272,no
481,"Sorry","Doris Day",121,8B,38,2026-09-02,02:21,11,"adult standards, big band","Easy Listening, Jazz","Golden Girl (The Columbia Recordings 1944-1966)",1999-06-01,39,31,0,34,0,10,-11,C,5,1Rfg8I5sKLcdEMF2FecGDB,"Columbia/Legacy",USSM16600557,no
482,"Doin' What Comes Natur'lly","Doris Day",161,4B,34,2026-09-02,02:46,13,"adult standards, big band","Easy Listening, Jazz","Golden Girl (The Columbia Recordings 1944-1966)",1999-06-01,54,80,0,73,0,10,-10,G#/A♭,3,2VoX5PBZGaNXHu3djgxqDU,"Columbia/Legacy",USSM16200989,no
483,"That Jane from Maine","Doris Day",173,9A,47,2026-09-02,02:26,10,"adult standards, big band","Easy Listening, Jazz","Golden Girl (The Columbia Recordings 1944-1966)",1999-06-01,47,46,0,93,0,0,-11,E minor,4,0OWVTAbs2oWvgN1zCseiqj,"Columbia/Legacy",USSM15800703,no
484,"I'll Never Stop Loving You (with Percy Faith & His Orchestra)","Doris Day, Percy Faith & His Orchestra",103,9B,1,2026-09-02,01:54,14,"adult standards, big band, orchestral","Easy Listening, Jazz, Classical","Golden Girl (The Columbia Recordings 1944-1966)",1999-06-01,55,97,0,17,0,0,-18,G,5,4xgDzQ5t4qtRyoztQchrtn,"Columbia/Legacy",USSM15500159,no
485,"Shaking the Blues Away (with Percy Faith & His Orchestra)","Doris Day, Percy Faith & His Orchestra",90,8B,39,2026-09-02,03:30,12,"adult standards, big band, orchestral","Easy Listening, Jazz, Classical","Golden Girl (The Columbia Recordings 1944-1966)",1999-06-01,47,82,0,60,0,30,-12,C,4,4r6xwq5p4Zv6qjJdmnvCZg,"Columbia/Legacy",USSM15500158,no
486,"The Black Hills of Dakota (with Paul Weston & His Orchestra) - Version 1","Doris Day, Paul Weston And His Orchestra",93,10B,17,2026-09-02,02:59,26,"adult standards, big band","Easy Listening, Jazz","Golden Girl (The Columbia Recordings 1944-1966)",1999-06-01,48,81,0,34,0,10,-14,D,4,5BWhyqnBtuh67TGr9TJpi7,"Columbia/Legacy",USSM15300147,no
487,"Ain't We Got Fun? (with Paul Weston & His Orchestra & The Norman Luboff Choir) - Version 3","Doris Day, Paul Weston And His Orchestra, The Norman Luboff Choir",170,5A,30,2026-09-02,02:34,23,"adult standards, big band, easy listening","Easy Listening, Jazz","Golden Girl (The Columbia Recordings 1944-1966)",1999-06-01,63,93,0,72,10,20,-10,C minor,3,2G2aX4pnrz3aSirNLBbl5a,"Columbia/Legacy",USSM15300146,no
488,"Baby Doll (with Paul Weston & His Orchestra) - From  The Belle Of New York ","Doris Day, Paul Weston And His Orchestra",68,4B,4,2026-09-02,02:50,10,"adult standards, big band","Easy Listening, Jazz","Golden Girl (The Columbia Recordings 1944-1966)",1999-06-01,38,98,0,14,0,10,-16,G#/A♭,4,6hEQLPD0qqsvB7JYiaLVA6,"Columbia/Legacy",USSM15100212,no
489,"Lullaby of Broadway (with Harry James & His Orchestra) - Version 2","Doris Day, Harry James",83,7B,25,2026-09-02,02:51,39,"adult standards, big band, swing music, jazz","Easy Listening, Jazz","Golden Girl (The Columbia Recordings 1944-1966)",1999-06-01,65,81,0,64,0,40,-12,F,4,0qPeyVfebszZcHTUc48Lzl,"Columbia/Legacy",USSM15000133,no
490,"It's A Lovely Day Today (with George Sirava and His Orchestra)","Doris Day, George Sirava and His Orchestra",160,7B,16,2026-09-02,03:00,30,"adult standards, big band","Easy Listening, Jazz","Golden Girl (The Columbia Recordings 1944-1966)",1999-06-01,58,85,0,85,0,10,-15,F,4,6t0syJ2dDNHiGhm7B44Y3n,"Columbia/Legacy",USSM15000130,no
491,"The Very Thought of You (with Harry James & His Orchestra)","Doris Day, Harry James",121,5B,9,2026-09-02,03:02,25,"adult standards, big band, swing music, jazz","Easy Listening, Jazz","Golden Girl (The Columbia Recordings 1944-1966)",1999-06-01,42,95,0,19,0,30,-15,D#/E♭,4,1V734pHwTFnOHuIkZtsqT1,"Columbia/Legacy",USSM15000124,no
492,"At The Cafe Rendezvous (with The Mellomen)","Doris Day, John Rarig, The Mellomen",118,9B,7,2026-09-02,02:50,15,"adult standards, big band, movie tunes","Easy Listening, Jazz","Golden Girl (The Columbia Recordings 1944-1966)",1999-06-01,35,92,0,22,0,10,-19,G,5,1clUQ3Aval5JMNnBF1gfJM,"Columbia/Legacy",USSM14900162,no
493,"That Old Feeling","Doris Day, John Rarig",111,3B,10,2026-09-02,03:03,21,"adult standards, big band","Easy Listening, Jazz","Golden Girl (The Columbia Recordings 1944-1966)",1999-06-01,28,96,0,8,0,0,-16,C♯/D♭,3,5SUe6mUqwXxJAT6AhcMSW7,"Columbia/Legacy",USSM14800007,no
494,"It's Magic (with George Sirava and His Orchestra) - Version 1 - Take 6","Doris Day, George Sirava and His Orchestra",80,7B,7,2026-09-02,03:28,26,"adult standards, big band","Easy Listening, Jazz","Golden Girl (The Columbia Recordings 1944-1966)",1999-06-01,36,91,0,15,0,10,-16,F,5,0KCac2Oyqfi1kKyhrCJhPl,"Columbia/Legacy",USSM14700094,no
495,"Sentimental Journey (with Les Brown & His Orchestra)","Doris Day, Les Brown & His Orchestra",80,7B,4,2026-09-02,03:12,44,"adult standards, big band, swing music","Easy Listening, Jazz","Golden Girl (The Columbia Recordings 1944-1966)",1999-06-01,49,98,1,21,0,0,-16,F,4,3YU16osxnEi1e0SvXIt0QW,"Columbia/Legacy",USSM14400046,no
496,"One of Those Girls","Avril Lavigne",92,3B,93,2026-09-02,02:55,48,"canadian pop, candy pop, dance pop, pop","Pop, Electronic","The Best Damn Thing (Expanded Edition)",2007-04-17,51,0,0,74,0,10,-3,C♯/D♭,4,4Ib7GwWqc37GWVermwR4OV,"RCA Records Label",USRC10700075,no
497,"Everything Back But You","Avril Lavigne",130,12B,97,2026-09-02,03:02,49,"canadian pop, candy pop, dance pop, pop","Pop, Electronic","The Best Damn Thing (Expanded Edition)",2007-04-17,54,0,0,48,10,30,-3,E,4,6a1X8nNiPyVQYyzCDW9Ine,"RCA Records Label",USRC10700202,yes
498,"君だけ","NICO Touches the Walls",80,3B,67,2026-09-02,05:49,16,"anime, j-rock, j-pop","Pop, Rock","PASSENGER",2011-04-06,30,1,0,19,0,10,-5,C♯/D♭,4,78KhL6byteQUNawFCyxcJR,"Sony Music Labels Inc.",JPKS01100664,no
499,"DAN-14:罪","Sawano Hiroyuki",101,10B,56,2026-09-02,01:52,14,"anime, soundtrack","Pop, Classical, Easy Listening","七つの大罪 オリジナル・サウンドトラック 2",2015-04-08,57,19,89,75,0,10,-12,D,3,261u1ppUewtL9wGQh9agoe,"Aniplex Inc.",JPE301500205,no
500,"PT-9:罪","Sawano Hiroyuki",140,9A,40,2026-09-02,02:18,36,"anime, soundtrack","Pop, Classical, Easy Listening","七つの大罪 オリジナル・サウンドトラック 2",2015-04-08,32,44,95,11,0,0,-11,E minor,4,3fy4rEfMz5i6O0YQIQw0Rm,"Aniplex Inc.",JPE301500200,no
501,"Wow.","Post Malone",100,10A,54,2026-09-02,02:29,82,"dfw rap, melodic rap, pop, rap","Hip Hop, Pop","Hollywood's Bleeding",2019-09-06,83,14,0,39,20,10,-7,B minor,4,7xQAfvXzm3AkraOtGPWIZg,"Republic Records",USUM71822626,yes
502,"Internet","Post Malone",74,8B,49,2026-09-02,02:03,59,"dfw rap, melodic rap, pop, rap","Hip Hop, Pop","Hollywood's Bleeding",2019-09-06,40,84,0,20,0,10,-6,C,4,0KAzP1Rbp0Vz5pw8i1KDDI,"Republic Records",USUM71915726,yes
503,"I'm Gonna Be","Post Malone",118,7B,56,2026-09-02,03:20,68,"dfw rap, melodic rap, pop, rap","Hip Hop, Pop","Hollywood's Bleeding",2019-09-06,75,71,0,37,0,10,-4,F,4,1ckLp8lCl8LipXI0ypX72m,"Republic Records",USUM71915727,yes
504,"On The Road (feat. Meek Mill & Lil Baby)","Post Malone, Meek Mill, Lil Baby",113,9B,74,2026-09-02,03:38,70,"dfw rap, melodic rap, pop, rap, atl hip hop, atl trap, trap","Hip Hop, Pop","Hollywood's Bleeding",2019-09-06,44,6,0,22,10,10,-5,G,5,12Fkyg9lpmaz2zmKOfw2Y2,"Republic Records",USUM71915729,yes
505,"A Thousand Bad Times","Post Malone",159,2B,73,2026-09-02,03:41,67,"dfw rap, melodic rap, pop, rap","Hip Hop, Pop","Hollywood's Bleeding",2019-09-06,63,11,0,31,0,10,-3,F#/G♭,4,2J0NXdHr6MYvKDSxB7k3V2,"Republic Records",USUM71915724,yes
506,"Saint-Tropez","Post Malone",132,8B,68,2026-09-02,02:30,70,"dfw rap, melodic rap, pop, rap","Hip Hop, Pop","Hollywood's Bleeding",2019-09-06,62,5,0,30,0,10,-4,C,4,05mDaV9Vb3wrzjF6OPZnhq,"Republic Records",USUM71915733,yes
507,"I Always Get What I Want","Avril Lavigne",91,11B,91,2026-09-02,02:31,47,"canadian pop, candy pop, dance pop, pop","Pop, Electronic","Under My Skin",2004-00-00,61,0,0,78,10,0,-3,A,4,27Q0lsG2b9ESRSSJYPhxzp,"Arista",USAR10400371,no
508,"Nobody's Home","Avril Lavigne",185,4A,91,2026-09-02,03:32,72,"canadian pop, candy pop, dance pop, pop","Pop, Electronic","Under My Skin",2004-00-00,35,0,0,18,0,10,-4,F minor,4,0cZDC7uxNK8lqQ3GgyvCnD,"Arista",USAR10400487,no
509,"How Does It Feel","Avril Lavigne",118,8B,58,2026-09-02,03:44,52,"canadian pop, candy pop, dance pop, pop","Pop, Electronic","Under My Skin",2004-00-00,65,2,0,34,0,10,-5,C,4,7vTCIwHvCT3zMmtYBo0uff,"Arista",USAR10400485,no
510,"Lute Suite in G Minor, BWV 995: I. Prelude (Arr. For viola da gamba)","Johann Sebastian Bach, Sadao Udagawa",138,5A,3,2026-09-02,08:59,0,"baroque, classical, classical piano, concerto, early music","Classical","Bach Suites",2015-00-00,24,94,89,16,0,10,-29,C minor,3,4HejFux59TuXiGKsySk1qd,"Waon Records",JPM831700038,no
511,"Cello Suite No. 2 in D Minor, BWV 1008: IV. Sarabande (Arr. For viola da gamba)","Johann Sebastian Bach, Sadao Udagawa",77,7B,1,2026-09-02,07:35,0,"baroque, classical, classical piano, concerto, early music","Classical","Bach Suites",2015-00-00,7,90,86,4,0,10,-31,F,5,5VKbPxUiZWXeMGJn4qYWjO,"Waon Records",JPM831700035,no
512,"Cello Suite No. 2 in D Minor, BWV 1008: II. Allemande (Arr. For viola da gamba)","Johann Sebastian Bach, Sadao Udagawa",133,7A,1,2026-09-02,07:41,0,"baroque, classical, classical piano, concerto, early music","Classical","Bach Suites",2015-00-00,16,92,88,14,0,10,-30,D minor,5,4EjUgbgGPSkSvJLSaNL82x,"Waon Records",JPM831700033,no
513,"Harrom","Xhoni Beats, Yll Limani",180,3B,58,2026-09-02,03:17,0,"albanian pop, kosovan pop","","Harrom",2022-02-28,58,15,0,38,10,20,-10,C♯/D♭,4,5N0sfQt6VKfdg1z3S2ebSm,"TIC International ©",QZDA72287920,no
514,"Otherside","Post Malone",105,8A,64,2026-09-02,03:48,65,"dfw rap, melodic rap, pop, rap","Hip Hop, Pop","beerbongs & bentleys",2018-04-27,65,32,0,11,0,20,-6,A minor,4,4qWCFTuNnmGNdY4egtb4ZY,"Republic Records",USUM71805171,yes
515,"Spoil My Night (feat. Swae Lee)","Post Malone, Swae Lee",161,3B,72,2026-09-02,03:14,65,"dfw rap, melodic rap, pop, rap, trap","Hip Hop, Pop","beerbongs & bentleys",2018-04-27,67,34,0,24,0,10,-3,C♯/D♭,4,5VuxWXbt7XENQCtE9TzpTv,"Republic Records",USUM71805153,yes
516,"サドンデスゲーム　Instrumental(-Mitsumura Guitar)","NICO Touches the Walls",170,9A,93,2026-09-02,05:27,0,"anime, j-rock, j-pop","Pop, Rock","サドンデスゲーム",2010-08-11,40,0,81,24,0,30,-5,E minor,4,08F2tkMVaZQPhxtxdPQueM,"Sony Music Labels Inc.",JPKS01001604,no
517,"OH92&HrBrM","Sawano Hiroyuki",166,3B,55,2026-09-02,04:37,30,"anime, soundtrack","Pop, Classical, Easy Listening","七つの大罪 オリジナル・サウンドトラック",2014-12-24,21,1,91,17,0,10,-11,C♯/D♭,4,1SBQD69q5g5L5mnz7dSjtc,"Aniplex Inc.",JPE301401288,no
518,"EP←K","Sawano Hiroyuki",150,6B,72,2026-09-02,04:34,24,"anime, soundtrack","Pop, Classical, Easy Listening","七つの大罪 オリジナル・サウンドトラック",2014-12-24,22,56,84,4,0,10,-14,A#/B♭,4,2UJWeLRxzrECeEkjlLl05u,"Aniplex Inc.",JPE301401285,no
519,"KAN594","Sawano Hiroyuki",136,7A,75,2026-09-02,01:53,27,"anime, soundtrack","Pop, Classical, Easy Listening","七つの大罪 オリジナル・サウンドトラック",2014-12-24,54,16,92,46,0,10,-14,D minor,3,09BymrbxH16nrYZYeCEQuQ,"Aniplex Inc.",JPE301401282,no
520,"7角：the1","Sawano Hiroyuki",91,10B,68,2026-09-02,04:51,42,"anime, soundtrack","Pop, Classical, Easy Listening","七つの大罪 オリジナル・サウンドトラック",2014-12-24,26,0,92,16,0,20,-12,D,4,30LuuTndVmwmQr6q1JMlPm,"Aniplex Inc.",JPE301401276,no
521,"Naked","Avril Lavigne",82,9A,77,2026-09-02,03:28,53,"canadian pop, candy pop, dance pop, pop","Pop, Electronic","Let Go",2002-06-04,52,0,0,46,0,10,-6,E minor,4,2zVV1TUD5ymZMJ3JaB8fUu,"Arista",USAR10200234,no
522,"Nobody's Fool","Avril Lavigne",90,12B,88,2026-09-02,03:57,55,"canadian pop, candy pop, dance pop, pop","Pop, Electronic","Let Go",2002-06-04,50,0,0,46,0,10,-6,E,4,4UMZpWNYEDT2vVALzWdcCo,"Arista",USAR10200232,no
523,"Unwanted","Avril Lavigne",162,9A,84,2026-09-02,03:41,55,"canadian pop, candy pop, dance pop, pop","Pop, Electronic","Let Go",2002-06-04,48,0,2,62,0,60,-5,E minor,3,1vjIHlmc4WfIaEl74YAvX0,"Arista",USAR10200227,no
524,"Fjale","DJ Geek, Yll Limani",110,10A,60,2026-09-02,02:55,0,"albanian pop, kosovan pop","","Fjale",2022-02-04,66,8,0,53,10,20,-8,B minor,4,0ONeMuqsN7OgpbXfOnYJCe,"Bzzz Entertainment & MONEYZ",QZFZ62245931,no
525,"Cka nëse","Yll Limani",97,11A,52,2026-09-02,03:22,0,"albanian pop, kosovan pop","","Lshoja Zanin",2021-12-05,89,8,0,83,0,30,-9,F#/G♭ minor,4,6SSu2puaOu9wqIho6cE2su,"LOUD.",AMA032100006,no
526,"As 1 Minut","Ermal Fejzullahu, Yll Limani",75,1A,74,2026-09-02,02:58,0,"albanian pop, kosovan pop","","As 1 Minut",2021-11-25,66,15,0,68,0,10,-6,G#/A♭ minor,4,5InK1BzblJSL8BhsIVLdBZ,"Ermal Fejzullahu",XKA032200013,no
527,"Me Jetu","Yll Limani",200,8B,41,2026-09-02,03:03,47,"albanian pop, kosovan pop","","Me Jetu",2021-09-24,52,13,0,55,10,10,-9,C,4,2p8NddyQAT7z6LfeiXfOnl,"Yll Limani",ALA092100061,no
528,"Marre","Elvana Gjata, Yll Limani",186,7A,73,2026-09-02,02:48,47,"albanian pop, kosovan pop","","Marre x E di",2021-07-18,69,12,0,47,20,30,-5,D minor,4,54m1dl1IJylKz91w3O2Zlj,"EMM distributed by Loudcom Media",ALA0B2100008,no
529,"A Ki Me Rrejt","Yll Limani",96,8A,55,2026-09-02,03:00,0,"albanian pop, kosovan pop","","A Ki Me Rrejt",2021-04-16,68,16,0,38,0,30,-7,A minor,4,1bv4EAzJWVaTgdMJpZMaqz,"Yll Limani",ALA092000233,no
530,"Ndoshta","Cricket, Yll Limani",100,2B,63,2026-09-02,03:17,0,"albanian pop, kosovan pop","","Ndoshta",2021-02-04,80,30,0,64,0,0,-4,F#/G♭,4,3FxbNGJmc44DmQiVDtqS7a,"Cricket Music",QZFZ42157480,no
531,"Leje","Yll Limani",170,1A,42,2026-09-02,03:18,0,"albanian pop, kosovan pop","","Leje",2020-11-26,77,16,0,57,20,0,-6,G#/A♭ minor,4,0I23H7D56B52XselLBS9TM,"Yll Limani",ALA092000157,no
532,"Autumn Leaves","Cricket & Yll Limani, Cricket, Yll Limani",120,11B,67,2026-09-02,03:12,0,"albanian pop, kosovan pop","","Autumn Leaves",2018-10-01,90,6,0,45,20,0,-7,A,4,6glrB5VUd0GacEvxgwqHed,"Cricket Music",USHM91835827,no
533,"Krejt ti fala","Majk, Yll Limani",104,7B,67,2026-09-02,03:25,0,"","","Krejt ti fala",2023-10-05,78,28,0,55,10,0,-6,F,4,3lzPuwUsEirsEwN8g3R26I,"Acromax Media",DETO41883671,no
534,"Dritat","Yll Limani, 2po2",124,12A,43,2026-09-02,03:48,0,"albanian pop, kosovan pop, albanian hip hop","","Dritat",2017-11-25,69,29,0,21,0,20,-11,C♯/D♭ minor,4,4mvmvRha2XbI2IGKTLyPq1,"Yll Limani",TCADJ1755237,no
535,"Hit This Hard - Instrumental","Post Malone",140,8B,42,2026-09-02,04:09,23,"dfw rap, melodic rap, pop, rap","Hip Hop, Pop","Stoney (Complete Edition)",2016-12-09,82,26,91,17,0,0,-11,C,4,6OreFZYYpVX9mIYyYYOfxB,"Mercury Records/Republic Owned",USUM72121935,no
536,"Money Made Me Do It - Instrumental","Post Malone",83,8B,16,2026-09-02,03:41,19,"dfw rap, melodic rap, pop, rap","Hip Hop, Pop","Stoney (Complete Edition)",2016-12-09,84,3,76,7,40,0,-10,C,4,1CHYTLOjp5TML1LEF7mEe6,"Mercury Records/Republic Owned",USUM72121936,no
537,"Yours Truly, Austin Post - Instrumental","Post Malone",126,2B,35,2026-09-02,03:38,24,"dfw rap, melodic rap, pop, rap","Hip Hop, Pop","Stoney (Complete Edition)",2016-12-09,76,69,89,34,0,10,-10,F#/G♭,4,0BsHTvuJOTqugNlgRG9ZF0,"Mercury Records/Republic Owned",USUM72121933,no
538,"PM-20:10→20:14","Sawano Hiroyuki",59,9A,4,2026-09-02,06:08,18,"anime, soundtrack","Pop, Classical, Easy Listening","MOBILE SUIT GUNDAM UNICORN Original Motion Picture Soundtrack 4",2014-11-20,32,99,91,7,0,0,-28,E minor,4,1gWPluwcJTiSvJ3T9CpGXS,"SUNRISE Music Label",JPP301400077,no
539,"[Symphonic-Mobile Suite  UC ] 3rdMob. :Re:I am Marie","Sawano Hiroyuki",80,9A,26,2026-09-02,03:52,22,"anime, soundtrack","Pop, Classical, Easy Listening","MOBILE SUIT GUNDAM UNICORN Original Motion Picture Soundtrack 4",2014-11-20,11,25,87,4,0,10,-16,E minor,5,3tJcdqyKsAbOvDJfFgFcUm,"SUNRISE Music Label",JPP301400067,no
540,"[Symphonic-Mobile Suite  UC ] 1stMob. :20090522or0331","Sawano Hiroyuki",86,9A,48,2026-09-02,04:03,23,"anime, soundtrack","Pop, Classical, Easy Listening","MOBILE SUIT GUNDAM UNICORN Original Motion Picture Soundtrack 4",2014-11-20,24,21,88,16,0,10,-17,E minor,4,0eD90J6qE5KxPcBTtl2QPd,"SUNRISE Music Label",JPP301400065,no
541,"Home (Glee Cast Version) (feat. Kristin Chenoweth)","Glee Cast, Kristin Chenoweth",97,8B,62,2026-09-02,03:31,31,"christmas, musicals","Pop, Classical, Easy Listening","Glee: The Music, Volume 3 Showstoppers",2010-05-18,29,69,0,11,0,30,-5,C,4,1a7jQ2WGIpLJlHJD0hily2,"Columbia",USQX91000296,no
542,"Finale  Wicked ","Stephen Schwartz, Kristin Chenoweth, Idina Menzel, Stephen Oremus",128,9B,20,2026-09-02,01:41,16,"score, musicals","Classical, Easy Listening, Pop","Wicked (15th Anniversary Special Edition)",2019-02-08,25,96,5,7,0,20,-11,G,3,31eh2tzcB4VjsNUp8pvJR4,"VDB - Verve Decca Broadway",USUMC0300226,no
543,"I'm Not That Girl (Reprise)","Stephen Schwartz, Kristin Chenoweth, Stephen Oremus",149,8B,2,2026-09-02,00:50,15,"score, musicals","Classical, Easy Listening, Pop","Wicked (15th Anniversary Special Edition)",2019-02-08,25,98,0,19,0,10,-25,C,1,0nkDKnoxjON2BnDzbwNyj5,"VDB - Verve Decca Broadway",USUMC0300221,no
544,"No One Mourns The Wicked","Stephen Schwartz, Kristin Chenoweth, Sean McCourt, Cristy Candler, Jan Neuberger, Stephen Oremus",73,11A,47,2026-09-02,06:40,20,"score, musicals","Classical, Easy Listening, Pop","Wicked (15th Anniversary Special Edition)",2019-02-08,26,70,0,22,0,10,-8,F#/G♭ minor,3,3U5lbtg6F4Gv2G0gjwlYTm,"VDB - Verve Decca Broadway",USUMC0300210,no
545,"My New Philosophy","Kristin Chenoweth, Stanley Wayne Mathis, Ilana Levine",103,11B,32,2026-09-02,02:56,51,"musicals","Classical, Easy Listening, Pop","You're a Good Man, Charlie Brown (New Broadway Cast Recording (1999))",1999-03-08,76,65,0,72,40,60,-12,A,4,3ZZcnhEbohNn1rXgcahmwK,"Masterworks Broadway",USBC19900047,no
546,"Love Looks Good on You (feat. Kristin Chenoweth)","Randy Travis, Kristin Chenoweth",109,7B,36,2026-09-02,04:02,13,"country christian, classic country, country, traditional country, musicals","Country, Christian, Classical, Easy Listening, Pop, Traditional Music","Anniversary Celebration",2011-06-03,42,70,0,17,0,10,-9,F,3,4en4udUTrU9PX2m5WUTGAy,"Warner Records",USWB11100678,no
547,"Lovers' Spat","The Cast of Schmigadoon!, Kristin Chenoweth",127,9B,47,2026-09-02,03:40,31,"musicals","Classical, Easy Listening, Pop","Schmigadoon! (Apple TV+ Original Series Soundtrack)",2021-07-16,65,64,0,70,10,50,-8,G,5,6VofmfUL1QuIaE6aWSzbp0,"Milan",USQX92102514,no
548,"Whoever You Are, I Love You","Kristin Chenoweth",166,7B,13,2026-09-02,04:07,10,"musicals","Classical, Easy Listening, Pop","Promises, Promises (New Broadway Cast Recording (2010))",2010-06-21,24,86,0,8,0,10,-13,F,3,46nmIX5AI4VJmb9kxiw7uW,"Masterworks Broadway",USSM11001594,no
549,"You'll Think of Someone","Kristin Chenoweth, Sean Hayes",128,12B,21,2026-09-02,02:19,12,"musicals","Classical, Easy Listening, Pop","Promises, Promises (New Broadway Cast Recording (2010))",2010-06-21,60,83,0,30,0,0,-14,E,4,7zka48TMKy9RGUuC83Eb1q,"Masterworks Broadway",USSM11001584,no
550,"Heart and Music","William Finn, Keith Byron Kirk, Malcolm Gets, Liz Larsen, Mary Testa, Penny Fuller, Norm Lewis, Kristin Chenoweth, Michael Mandell, John Jellison, Ted Sperling",107,5B,43,2026-09-02,03:27,20,"musicals","Classical, Easy Listening, Pop","A New Brain (Original Off-Broadway Cast Recording)",1995-12-31,39,82,0,51,0,10,-8,D#/E♭,5,1zMuaPVcG8QTFvCwk1wGwO,"Masterworks Broadway",USBC19801855,no
551,"Prologue: Prologue: 911 Emergency / I Have So Many Songs","William Finn, Michael Mandell, Kristin Chenoweth, John Jellison, Liz Larsen, Keith Byron Kirk, Mary Testa, Malcolm Gets, Ted Sperling",93,4B,32,2026-09-02,01:45,13,"musicals","Classical, Easy Listening, Pop","A New Brain (Original Off-Broadway Cast Recording)",1995-12-31,44,77,0,54,0,30,-10,G#/A♭,5,5G6HZgikShEA9RhaGWi2hN,"Masterworks Broadway",USBC19801854,no
552,"Schmigadoon!","The Cast of Schmigadoon!, Alan Cumming, Kristin Chenoweth",116,10B,46,2026-09-02,04:12,0,"musicals","Classical, Easy Listening, Pop","Schmigadoon! Episode 1 (Apple TV+ Original Series Soundtrack)",2021-07-16,58,56,0,68,10,0,-9,D,4,7AwFfa4nRD5ijeetQTPQF5,"Milan",USQX92102507,no
553,"Birdhouse In Your Soul","Kristin Chenoweth, Ellen Greene",180,9B,39,2026-09-02,03:13,17,"musicals","Classical, Easy Listening, Pop","Pushing Daisies (Original Television Soundtrack)",2008-01-01,53,77,0,54,0,20,-9,G,4,3lQFVG2kvlAEY3GbEy9wB9,"Varese Sarabande",US3M50893203,no
554,"Love in Any Language (feat. Kristin Chenoweth, Natalie Grant, Melinda Doolittle, Todd Smith, Travis Cottrell, Nicole C Mullen & Russ Taff)","Sandi Patty, Kristin Chenoweth, Natalie Grant, Melinda Doolittle, Todd Smith, Travis Cottrell, Nicole C. Mullen, Russ Taff",129,10B,46,2026-09-02,04:48,0,"ccm, southern gospel, christian, hymns, musicals, worship, christian pop, idol, smooth jazz, vocal jazz, gospel, christian rock, country christian","Christian, Rock, Country, Classical, Easy Listening, Pop, Traditional Music, Jazz","Forever Grateful",2016-02-26,36,14,0,15,0,20,-8,D,4,0Vw3ys8obhYKifd0FqyIdX,"Stylos Records",US3DL1600002,no
555,"O Holy Night","The Tabernacle Choir at Temple Square, Orchestra at Temple Square, Kristin Chenoweth",82,6B,38,2026-09-02,05:05,0,"hymns, choral, christmas, musicals","Pop, Christian, Classical, Easy Listening","Angels Among Us",2019-10-18,14,84,0,6,0,30,-14,A#/B♭,4,4QPQ2SQjMJiV8bhGHfvRF0,"Intellectual Reserve",US23M1900037,no
556,"Max Jacobs","Kristin Chenoweth, Peter Gallagher, James Moye",207,5B,34,2026-09-02,00:53,2,"musicals","Classical, Easy Listening, Pop","On the Twentieth Century (New Broadway Cast Recording)",2015-05-19,60,85,0,77,50,50,-11,D#/E♭,3,4cJocyINChOVjk9KOP2eA7,"PS Classics",USB961553230,no
557,"I've Got It All","Kristin Chenoweth, Peter Gallagher",170,12B,34,2026-09-02,05:05,4,"musicals","Classical, Easy Listening, Pop","On the Twentieth Century (New Broadway Cast Recording)",2015-05-19,53,82,0,53,30,0,-10,E,3,29PUVUdlptjXTPWxD8Dyau,"PS Classics",USB961553220,no
558,"Ch19ヲFIRE★","Sawano Hiroyuki",100,7B,43,2026-09-02,03:56,18,"anime, soundtrack","Pop, Classical, Easy Listening","アルドノア・ゼロ オリジナル・サウンドトラック",2014-09-10,31,21,81,18,0,10,-13,F,3,4qT5mbaTIIktyydFaVMRq1,"Aniplex Inc.",JPE301400799,no
559,"AD2014-7.5/7.9-零・A","Sawano Hiroyuki",103,7A,79,2026-09-02,03:48,19,"anime, soundtrack","Pop, Classical, Easy Listening","アルドノア・ゼロ オリジナル・サウンドトラック",2014-09-10,32,17,85,10,0,10,-13,D minor,4,3EaEOFSazG5LD84q5sii2a,"Aniplex Inc.",JPE301400789,no
560,"2零14zero91零","Sawano Hiroyuki",170,11B,68,2026-09-02,03:49,20,"anime, soundtrack","Pop, Classical, Easy Listening","アルドノア・ゼロ オリジナル・サウンドトラック",2014-09-10,35,17,81,56,0,10,-11,A,4,3RSv2A6beFONL6u2E2vUHw,"Aniplex Inc.",JPE301400786,no
561,"MKAlieZ","Sawano Hiroyuki",122,9A,77,2026-09-02,03:42,43,"anime, soundtrack","Pop, Classical, Easy Listening","アルドノア・ゼロ オリジナル・サウンドトラック",2014-09-10,36,0,7,50,0,10,-9,E minor,4,3DTCJovOSM3wX8PLa00qQ3,"Aniplex Inc.",JPE301400785,no
562,"Too Young - Instrumental","Post Malone",123,9A,26,2026-09-02,03:47,25,"dfw rap, melodic rap, pop, rap","Hip Hop, Pop","Stoney (Complete Edition)",2016-12-09,74,6,80,23,0,10,-11,E minor,4,1q87xLDyoX2YBvNYpHhKz6,"Mercury Records/Republic Owned",USUM72121930,no
563,"Feel - Instrumental","Post Malone",120,3B,38,2026-09-02,03:16,25,"dfw rap, melodic rap, pop, rap","Hip Hop, Pop","Stoney (Complete Edition)",2016-12-09,72,24,80,7,0,10,-12,C♯/D♭,4,5ZAPpWVnN5vpYZ2u6OBeMR,"Mercury Records/Republic Owned",USUM72121928,no
564,"No Option - Instrumental","Post Malone",168,10B,50,2026-09-02,02:57,25,"dfw rap, melodic rap, pop, rap","Hip Hop, Pop","Stoney (Complete Edition)",2016-12-09,64,1,14,27,0,20,-8,D,4,42E5lPIvUHZEDASuSbQsh0,"Mercury Records/Republic Owned",USUM72121911,no
565,"Cold - Instrumental","Post Malone",133,9A,39,2026-09-02,04:29,24,"dfw rap, melodic rap, pop, rap","Hip Hop, Pop","Stoney (Complete Edition)",2016-12-09,81,90,92,35,0,10,-10,E minor,4,0u0SO9cNqI1Yz1SUZzCELj,"Mercury Records/Republic Owned",USUM72121912,no
566,"(My Sweet)Eden","NICO Touches the Walls",156,10B,92,2026-09-02,04:39,14,"anime, j-rock, j-pop","Pop, Rock","Who are you?",2008-09-24,39,0,0,42,0,20,-4,D,4,3NxUL3XO9ssZyWsBWGz2Ys,"Sony Music Labels Inc.",JPP300702261,no
567,"By Candlelight (Reprise) / Finale Ultimo","Kristin Chenoweth, David Garrison, Harry Groener, Guy Haines, Donna McKechnie, Angela Teek",81,6B,54,2026-09-02,03:01,1,"musicals","Classical, Easy Listening, Pop","Cole Porter's You Never Know (World Premiere Cast Recording)",2017-10-06,35,49,0,37,0,30,-7,A#/B♭,4,3c2Hu1X0xfuONWwM59Ojpc,"Ghostlight Records",USSK31781932,no
568,"GR雷","Sawano Hiroyuki",146,7A,73,2026-09-02,05:17,33,"anime, soundtrack","Pop, Classical, Easy Listening","劇場版 七つの大罪 天空の囚われ人　オリジナル・サウンドトラック",2014-00-00,23,0,89,41,0,10,-11,D minor,4,4wZiV2ykFTA8Si3Cxrp2XI,"Aniplex Inc.",JPE301401289,no
569,"[104EYES-29CA2]suite-1楽章","Sawano Hiroyuki",174,11B,59,2026-09-02,05:07,25,"anime, soundtrack","Pop, Classical, Easy Listening","劇場版 七つの大罪 天空の囚われ人　オリジナル・サウンドトラック",2014-00-00,29,11,91,29,0,10,-10,A,4,3umUEUjludQlKhpNbdpEui,"Aniplex Inc.",JPE301800240,no
570,"Selfish - MATTN & D-wayne Remix","Dimitri Vegas & Like Mike, Era Istrefi, D-wayne, MATTN",128,6A,72,2026-09-02,03:39,5,"big room, electronica, edm, albanian hip hop, albanian pop, kosovan pop, future house","Electronic","Selfish (The Remixes)",2019-04-19,50,2,0,68,10,20,-7,G minor,4,6GT6IFsDS8MunG2Te51jcx,"Epic Amsterdam",BEG851900056,no
571,"Hit This Hard","Post Malone",140,8B,55,2026-09-02,04:09,34,"dfw rap, melodic rap, pop, rap","Hip Hop, Pop","Stoney (Complete Edition)",2016-12-09,63,29,1,37,0,0,-9,C,4,30nz7PLdE6jqbkbgIZec87,"Mercury Records/Republic Owned",USUM71614498,yes
572,"Too Young","Post Malone",123,10A,63,2026-09-02,03:57,35,"dfw rap, melodic rap, pop, rap","Hip Hop, Pop","Stoney",2016-12-09,64,27,0,22,0,0,-7,B minor,4,1GccVBNboZ77oSBMYaUpo2,"Mercury Records/Republic Owned",USUM71515989,yes
573,"Orphans of God","Ty Herndon, Kristin Chenoweth, Paul Cardall",140,3B,49,2026-09-02,04:12,8,"classic country, country, musicals, hymns","Country, Christian, Classical, Easy Listening, Pop","Orphans of God",2020-10-23,47,30,0,15,0,0,-6,C♯/D♭,4,1csj3lhWP2rKJrS1yRXIz5,"BFD",QMHCW2026301,no
574,"White Christmas [Feat. Steve Tyrell]","Kristin Chenoweth, Steve Tyrell",138,5A,32,2026-09-02,03:05,2,"musicals, vocal jazz, jazz pop","Classical, Easy Listening, Pop, Jazz","White Christmas [Feat. Steve Tyrell]",2019-11-15,24,91,0,16,0,10,-11,C minor,4,0YHjVUDPTrx4HvABHguVWE,"Concord Records",USC4R1907139,no
575,"Prayer of St. Francis","Kristin Chenoweth",91,9B,12,2026-09-02,02:07,11,"musicals","Classical, Easy Listening, Pop","Prayer of St. Francis",2012-04-08,52,92,0,46,0,10,-10,G,4,0vI0X292usOmfTzAsXvlKz,"Elektra Nashville",USWB11200441,no
576,"Blessed Be the Ties That Bind","Kristin Chenoweth",96,7B,20,2026-09-02,01:17,3,"musicals","Classical, Easy Listening, Pop","Blessed Be The Ties That Bind",2012-03-04,40,88,0,42,0,10,-8,F,1,2pNyiFBIzgQpKJFazGPxzn,"Elektra Nashville",USWB11200270,no
577,"Selfish - DVLM & Brennan Heart VIP Remix","Dimitri Vegas & Like Mike, Era Istrefi, Brennan Heart",148,6A,91,2026-09-02,02:53,32,"big room, electronica, edm, albanian hip hop, albanian pop, kosovan pop, hardstyle, frenchcore, hardcore","Electronic","Selfish (The Remixes)",2019-04-19,35,3,0,49,10,70,-2,G minor,4,7CTFHf1K6ZuzHANR7g1xk7,"Epic Amsterdam",BEG851900052,no
578,"Selfish - HIDDN Remix","Dimitri Vegas & Like Mike, Era Istrefi, HIDDN",120,6B,78,2026-09-02,02:57,2,"big room, electronica, edm, albanian hip hop, albanian pop, kosovan pop, belgian edm","Electronic","Selfish (The Remixes)",2019-04-19,74,0,0,78,0,0,-4,A#/B♭,4,03DZFgFYzVDlyvOmIsPgCv,"Epic Amsterdam",BEG851900050,no
579,"BREAK DANCER","BURNOUT SYNDROMES",136,9A,94,2026-09-02,05:06,21,"anime, j-rock, j-pop","Pop, Rock","PHOENIX",2020-02-12,54,6,0,57,10,40,-3,E minor,4,7h609a8Z4BuPTgBNLjOWyT,"Sony Music Labels Inc.",JPU901903379,no
580,"We Are Lights","Kristin Chenoweth",69,8A,27,2026-09-02,04:24,6,"musicals","Classical, Easy Listening, Pop","HAPPINESS is…Christmas!",2021-10-22,30,83,0,31,0,10,-8,A minor,4,1k4L0MtkbyRahJAWwBfGF1,"Concord Records",USRO22102660,no
581,"Christmas Lullaby","Kristin Chenoweth",137,1B,11,2026-09-02,03:30,1,"musicals","Classical, Easy Listening, Pop","HAPPINESS is…Christmas!",2021-10-22,45,97,0,32,0,10,-13,B,4,3ZDuS1l0QpmgNmKRtRxRjJ,"Concord Records",USRO22102659,no
582,"The Stories That You Told","Kristin Chenoweth",66,7A,24,2026-09-02,03:58,2,"musicals","Classical, Easy Listening, Pop","HAPPINESS is…Christmas!",2021-10-22,27,89,0,34,0,10,-8,D minor,4,5IwTuE2Dlwhf931Cibpba6,"Concord Records",USRO22102656,no
583,"サイエンスZERO2012 エンディングテーマ","Sawano Hiroyuki",125,9B,94,2026-09-02,02:43,3,"anime, soundtrack","Pop, Classical, Easy Listening","澤野弘之　NHK WORKS",2013-02-27,60,1,21,93,0,0,-10,G,4,3nROamoLWWNKl85FcaRFjh,"NHK Pulishing, Inc. / SUZAK MUSIK LTD.",JPS001300081,no
584,"Selfish","Dimitri Vegas & Like Mike, Era Istrefi, Dimitri Vegas",93,6A,79,2026-09-02,02:47,42,"big room, electronica, edm, albanian hip hop, albanian pop, kosovan pop","Electronic","Selfish",2019-02-15,41,17,0,69,20,10,-4,G minor,4,6xUy203RnyyOfbqf96Nven,"Epic Amsterdam",BEG851800045,no
585,"AnALySiS","Sawano Hiroyuki",166,10A,51,2026-09-02,02:42,5,"anime, soundtrack","Pop, Classical, Easy Listening","澤野弘之　NHK WORKS",2013-02-27,60,6,71,57,0,10,-13,B minor,4,7k8NOuEvk4PNGT8sPzz4xp,"NHK Pulishing, Inc. / SUZAK MUSIK LTD.",JPS001300070,no
586,"Redrum (feat. Felix Snow) - What So Not Remix","Era Istrefi, What So Not, Felix Snow",145,1A,73,2026-09-02,03:32,16,"albanian hip hop, albanian pop, kosovan pop, future bass","Electronic","Redrum (feat. Felix Snow) [What So Not Remix]",2017-08-04,52,0,0,29,0,10,-6,G#/A♭ minor,4,7MB3TlGuV2oDvmkZyK7NDW,"Ultra Records, LLC",USUS11700237,yes
587,"Bonbon - Luca Schreiner Remix","Era Istrefi, Luca Schreiner",95,6B,88,2026-09-02,05:35,18,"albanian hip hop, albanian pop, kosovan pop, german dance","","Bonbon EP",2016-07-21,43,2,0,44,10,0,-5,A#/B♭,4,0VtPpz8D8ShmhUu828om2T,"Ultra Records, LLC",USUS11600323,no
588,"Bonbon - Post Malone Remix","Era Istrefi, Post Malone",127,5A,81,2026-09-02,03:22,36,"albanian hip hop, albanian pop, kosovan pop, dfw rap, melodic rap, pop, rap","Hip Hop, Pop","Bonbon EP",2016-07-21,76,13,0,68,10,10,-4,C minor,5,5h0LQWqxtIJ5WeBJTpfOMO,"Ultra Records, LLC",USUS11600322,no
589,"Bonbon - English Version","Era Istrefi",95,5A,77,2026-09-02,02:47,42,"albanian hip hop, albanian pop, kosovan pop","","Bonbon (English Version)",2016-06-24,78,8,0,70,10,10,-4,C minor,4,5YLxzfGKGZil78F1hc7GZT,"Ultra Records, LLC",USUS11600293,no
590,"Njo Si Ti","Era Istrefi",180,6A,72,2026-09-02,02:39,0,"albanian hip hop, albanian pop, kosovan pop","","Njo Si Ti",2015-05-09,62,0,3,74,20,0,-6,G minor,4,3dsbt5jtkIucrjvoAabKij,"NESËR",ALA061500022,no
591,"A po don","Era Istrefi",123,9B,77,2026-09-02,02:09,0,"albanian hip hop, albanian pop, kosovan pop","","A po don",2014-06-26,56,0,12,40,0,10,-9,G,4,421D6MnwymeGYC0mLtuU5E,"Eurolindi",FRX991561609,no
592,"模範囚","BURNOUT SYNDROMES",172,1B,62,2026-09-02,05:10,11,"anime, j-rock, j-pop","Pop, Rock","TOKYO",2021-06-23,47,42,0,51,0,0,-6,B,4,7rNJMcZK4rYikhrHmZY8kZ,"Sony Music Labels Inc.",JPU902101282,no
593,"Hikousen","BURNOUT SYNDROMES",126,8B,54,2026-09-02,04:39,14,"anime, j-rock, j-pop","Pop, Rock","TOKYO",2021-06-23,74,14,0,17,0,10,-7,C,4,6p4t1TroQH1oTT7xkpCTRj,"Sony Music Labels Inc.",JPU902101281,no
594,"UnFazed (feat. The Weeknd)","Lil Uzi Vert, The Weeknd",127,9A,71,2026-09-02,03:10,48,"melodic rap, rage rap, canadian contemporary r&b, canadian pop, pop","R&B, Pop, Hip Hop","Luv Is Rage 2 (Deluxe)",2017-08-25,78,5,0,46,0,10,-4,E minor,4,0RyWaVjR8Mi4Qx9J3IiiqF,"Generation Now/Atlantic",USAT21703434,yes
595,"A Lie","French Montana, The Weeknd, Max B",121,12A,79,2026-09-02,03:46,50,"hip hop, pop rap, rap, southern hip hop, trap, canadian contemporary r&b, canadian pop, pop, nyc rap","R&B, Pop, Hip Hop","Jungle Rules",2017-07-14,52,2,0,52,20,40,-5,C♯/D♭ minor,5,1vVNlXi8gf8tZ7OhnEs4VE,"Bad Boy Entertainment/Epic Records",USSM11705481,yes
596,"tears in the club (feat. the weeknd)","FKA twigs, The Weeknd",168,4B,70,2026-09-02,03:16,45,"art pop, alternative r&b, canadian contemporary r&b, canadian pop, pop","Pop, R&B","tears in the club (feat. the weeknd)",2021-12-16,62,18,0,71,10,0,-6,G#/A♭,4,60wMNCIWYZwbOywZXgfQ9P,"Atlantic Records",USAT22108057,yes
597,"Low Life (feat. The Weeknd)","Future, The Weeknd",144,4B,33,2026-09-02,05:13,84,"rap, trap, canadian contemporary r&b, canadian pop, pop","R&B, Pop, Hip Hop","EVOL",2016-04-13,72,34,28,10,0,10,-8,G#/A♭,4,7EiZI6JVHllARrX9PUvAdX,"Epic/Freebandz/A1",USSM11600557,yes
598,"Bedtime Stories (feat. The Weeknd) - From SR3MM","Rae Sremmurd, Swae Lee, Slim Jxmmi, The Weeknd",132,9A,64,2026-09-02,04:52,54,"melodic rap, mississippi hip hop, pop rap, rap, trap, canadian contemporary r&b, canadian pop, pop","R&B, Pop, Hip Hop","SR3MM",2018-05-04,80,5,0,4,0,30,-5,E minor,4,6nI74KsH94IN0J2vp5shdT,"Mike WiLL Made-It",USUM71805882,yes
599,"Might Not","Belly, The Weeknd",134,3B,56,2026-09-02,03:44,66,"canadian hip hop, canadian trap, canadian contemporary r&b, canadian pop, pop","R&B, Hip Hop, Pop","Up For Days",2015-11-20,79,32,0,32,0,10,-5,C♯/D♭,4,5e9aFSdnkQUrm5y8Dhw0qN,"Belly/Roc Nation",CACA61500009,yes
600,"Thought I Knew You (feat. The Weeknd)","Nicki Minaj, The Weeknd",150,3B,71,2026-09-02,03:18,36,"hip pop, pop, queens hip hop, rap, canadian contemporary r&b, canadian pop","R&B, Pop, Hip Hop","Queen",2018-08-10,77,3,0,47,0,0,-6,C♯/D♭,4,7sSwnQc7LTQ8u74axzYndn,"Young Money/Cash Money Records",USCM51800141,yes
601,"Come Thru (with Mike WiLL Made-It feat. The Weeknd)","Trouble, Mike WiLL Made-It, The Weeknd",77,10A,66,2026-09-02,03:21,43,"atl hip hop, memphis hip hop, trap, rap, southern hip hop, canadian contemporary r&b, canadian pop, pop","Hip Hop, R&B, Pop","Edgewood (41E Edition)",2018-10-26,74,11,0,77,20,30,-4,B minor,4,6yL7sgixx0rUkSd0hRAy4U,"Mike WiLL Made-It",USUM71707471,yes
602,"Drinks On Us","Mike WiLL Made-It, The Weeknd, Swae Lee, Future",129,3A,63,2026-09-02,05:11,53,"atl hip hop, rap, southern hip hop, trap, canadian contemporary r&b, canadian pop, pop, melodic rap","Hip Hop, R&B, Pop","Drinks On Us",2015-03-06,77,37,0,49,20,10,-7,A#/B♭ minor,4,3Z4iF2sFcW63WclmUYd7IE,"Mike WiLL Made-It",USUM71501876,yes
603,"Die For It (ft. Nas)","Belly, The Weeknd, Nas",97,4A,49,2026-09-02,03:19,45,"canadian hip hop, canadian trap, canadian contemporary r&b, canadian pop, pop, old school hip hop, east coast hip hop, hip hop","R&B, Hip Hop, Pop","Die For It (ft. Nas)",2021-08-26,69,37,0,22,0,40,-10,F minor,4,3JvdrCezbM6DQOjNiBiX5q,"XO | Roc Nation Records, LLC",QMJMT2103522,yes
604,"Better Believe","Belly, The Weeknd, Young Thug",125,8B,57,2026-09-02,03:26,52,"canadian hip hop, canadian trap, canadian contemporary r&b, canadian pop, pop, rap, melodic rap, trap","R&B, Hip Hop, Pop","Better Believe",2021-07-22,80,16,0,45,30,10,-8,C,4,3zs87EV3EZSh2UpiXxT52Y,"XO | Roc Nation Records, LLC",QMJMT2103512,yes
605,"Hawái - Remix","Maluma, The Weeknd",180,11A,79,2026-09-02,03:20,64,"reggaeton, latin, urbano latino, canadian contemporary r&b, canadian pop, pop","R&B, Pop, Latin","Hawái (Remix)",2020-11-05,77,11,0,61,30,10,-3,F#/G♭ minor,4,0GzuHFG4Ql6DoyxFRnIk3F,"Sony Music Latin",USSD12000526,no
606,"Heartless - Vapor Wave Remix","The Weeknd, Lil Uzi Vert, DaHeala",75,12A,73,2026-09-02,02:45,38,"canadian contemporary r&b, canadian pop, pop, melodic rap, rage rap","R&B, Pop, Hip Hop","After Hours (Remixes)",2020-04-02,52,16,0,17,0,10,-4,C♯/D♭ minor,4,13s4YFYQEnHLJEcdZvLuol,"Republic Records",USUG12001117,yes
607,"Lust for Life (with The Weeknd)","Lana Del Rey, The Weeknd",100,5A,67,2026-09-02,04:24,48,"art pop, pop, canadian contemporary r&b, canadian pop","Pop, R&B","Lust for Life (with The Weeknd)",2017-04-19,51,58,0,27,0,30,-9,C minor,4,5hzey1kBGjy3B8tDGcyRTY,"Polydor Records",GBUM71701127,no
608,"Starboy - Kygo Remix","The Weeknd, Daft Punk, Kygo",93,8A,61,2026-09-02,04:04,52,"canadian contemporary r&b, canadian pop, pop, french house, electronic, electro, tropical house","R&B, Pop, Electronic","Starboy (Kygo Remix)",2016-11-11,75,21,0,41,0,10,-7,A minor,4,6LJFgCd9wU2VptHEwz2Wl3,"The Weeknd/Lyric",USUG11601353,yes
609,"Wanderlust - Pharrell Remix","The Weeknd",116,12A,60,2026-09-02,05:05,47,"canadian contemporary r&b, canadian pop, pop","R&B, Pop","Wanderlust",2014-06-13,74,10,0,48,0,10,-7,C♯/D♭ minor,4,5WsCmd32VvISX0RrTUZgc8,"The Weeknd/Lyric",USUM71310349,no
610,"The Man That Got Away","Kristin Chenoweth",72,8B,29,2026-09-02,03:59,10,"musicals","Classical, Easy Listening, Pop","For The Girls",2019-09-27,23,91,0,11,0,10,-8,C,4,4UL9jAZ1JUJLKCahQeZMCW,"Concord Records",USC4R1907017,no
611,"When I Fall In Love","Kristin Chenoweth",75,8B,31,2026-09-02,03:33,16,"musicals","Classical, Easy Listening, Pop","For The Girls",2019-09-27,18,91,0,7,0,10,-9,C,4,7IMm5xBCMKhtftkv33kei4,"Concord Records",USC4R1907015,no
612,"What A Diff’rence A Day Makes","Kristin Chenoweth",92,10B,32,2026-09-02,03:42,11,"musicals","Classical, Easy Listening, Pop","For The Girls",2019-09-27,50,92,0,27,0,10,-8,D,4,0EuVrerhFsW2nVmQQkeIb9,"Concord Records",USC4R1907014,no
613,"Before my body is dry:[nZk] ver.〈INST〉","Sawano Hiroyuki",106,2A,64,2026-09-02,04:36,17,"anime, soundtrack","Pop, Classical, Easy Listening","キルラキル コンプリートサウンドトラック",2013-00-00,64,2,68,42,0,20,-11,D#/E♭ minor,4,4IhLgwrFpewTGz2mzOiwiv,"Aniplex Inc.",JPE301302981,no
614,"Till I Die<空OK>","Sawano Hiroyuki",77,10A,70,2026-09-02,04:41,14,"anime, soundtrack","Pop, Classical, Easy Listening","キルラキル コンプリートサウンドトラック",2013-00-00,51,0,43,46,0,30,-9,B minor,4,0nCZ6fez1Lx40KemlC3oRq,"Aniplex Inc.",JPE301400340,no
615,"前半再収録型10☆極★服","Sawano Hiroyuki",136,10B,54,2026-09-02,04:45,15,"anime, soundtrack","Pop, Classical, Easy Listening","キルラキル コンプリートサウンドトラック",2013-00-00,59,1,12,16,0,10,-11,D,4,6HvJWKC4I4CmFy4amUij7d,"Aniplex Inc.",JPE301400332,no
616,"背景敬具型7☆極★服","Sawano Hiroyuki",133,5A,39,2026-09-02,04:21,12,"anime, soundtrack","Pop, Classical, Easy Listening","キルラキル コンプリートサウンドトラック",2013-00-00,46,68,86,32,0,10,-14,C minor,4,6IYYJNVKp3Jn1SDdbiuQCs,"Aniplex Inc.",JPE301400329,no
617,"服着豚型4☆極★服","Sawano Hiroyuki",90,4B,62,2026-09-02,04:13,17,"anime, soundtrack","Pop, Classical, Easy Listening","キルラキル コンプリートサウンドトラック",2013-00-00,28,2,49,22,0,0,-11,G#/A♭,4,17BI17Kj1xzx4mMrIobo5N,"Aniplex Inc.",JPE301400326,no
618,"寝LLna聴9","Sawano Hiroyuki",97,4A,60,2026-09-02,07:09,16,"anime, soundtrack","Pop, Classical, Easy Listening","キルラキル コンプリートサウンドトラック",2013-00-00,34,4,68,21,0,0,-12,F minor,4,3kafONMdPSerRvfb9Tug9s,"Aniplex Inc.",JPE301302920,no
619,"キ龍ha着LL","Sawano Hiroyuki",111,10B,69,2026-09-02,04:18,22,"anime, soundtrack","Pop, Classical, Easy Listening","キルラキル コンプリートサウンドトラック",2013-00-00,27,2,89,9,0,30,-11,D,3,7xNo0J0gcf7Wxc3JKzbn7b,"Aniplex Inc.",JPE301302918,no
620,"Kiっ9=KELL","Sawano Hiroyuki",146,4B,76,2026-09-02,04:51,22,"anime, soundtrack","Pop, Classical, Easy Listening","キルラキル コンプリートサウンドトラック",2013-00-00,35,2,24,15,0,10,-10,G#/A♭,4,2KcerxIO7qgfQ1QouO8SsO,"Aniplex Inc.",JPE301302913,no
621,"KILL7la切ル","Sawano Hiroyuki",96,8A,54,2026-09-02,04:45,25,"anime, soundtrack","Pop, Classical, Easy Listening","キルラキル コンプリートサウンドトラック",2013-00-00,32,0,81,20,0,10,-12,A minor,4,1lwWtHCuBSwVMAFg3fnCzL,"Aniplex Inc.",JPE301302911,no
622,"犬Kあ３L","Sawano Hiroyuki",129,9B,93,2026-09-02,04:33,30,"anime, soundtrack","Pop, Classical, Easy Listening","キルラキル コンプリートサウンドトラック",2013-00-00,58,0,72,79,0,0,-7,G,4,0fQqX91TqzMU6MKwAeF08y,"Aniplex Inc.",JPE301302907,no
623,"Khiyal","Ghezaal Enayat",126,12B,37,2026-09-02,05:38,0,"afghan pop","","Awaragi",2021-11-29,61,31,5,57,0,20,-16,E,3,5mSkNrfQcekdxU4Pk5mNYV,"Ghezaal Enayat",USJ3V2100766,no
624,"Awaragi","Ghezaal Enayat",140,7A,84,2026-09-02,04:58,0,"afghan pop","","Awaragi",2021-11-29,67,15,0,90,0,10,-9,D minor,3,4tCU09uKUATCSbzTiZsdfz,"Ghezaal Enayat",USJ3V2100764,no
625,"Sheen Moter (Wedding Mashup)","Ghezaal Enayat",133,2A,99,2026-09-02,09:58,22,"afghan pop","","Sheen Moter (Wedding Mashup)",2021-11-16,69,47,0,83,10,10,-2,D#/E♭ minor,4,6IkwTNtr7e3LDQn7ck87gn,"PB Studio",FRX872162577,no
626,"Khaista Pashto","Ghezaal Enayat",133,9A,73,2026-09-02,03:14,0,"afghan pop","","Khaista Pashto",2021-10-30,59,15,1,54,10,30,-12,E minor,4,7IRTtLMmycWi9urMFCsMtU,"Ghezaal Enayat",USJ3V2093937,no
627,"Sokoot","Ghezaal Enayat",132,9B,82,2026-09-02,04:21,0,"afghan pop","","Sokoot",2021-10-09,76,56,0,96,0,0,-4,G,4,5i8pnrR2f4TT9bebKChWr5,"Independent",AUBEC2158495,no
628,"Irani Song","Ghezaal Enayat",130,9A,27,2026-09-02,04:12,0,"afghan pop","","Irani Song",2020-08-01,47,72,0,24,0,40,-16,E minor,4,4muSjaEcroe6lnOmh3Qg6u,"1Music",DEXM82002093,no
629,"Jodaye","Ghezaal Enayat",150,6A,61,2026-09-02,03:28,0,"afghan pop","","Jodaye",2020-07-01,40,18,0,60,30,70,-14,G minor,3,0YPzIFfT7ZDh9Scwqoc1gE,"1Music",DEXM82002097,no
630,"Akhay Akhay Mra De Kram","Ghezaal Enayat, Waqas Studio",134,1B,90,2026-09-02,04:39,20,"afghan pop","","Akhay Akhay Mra De Kram",2020-04-17,70,53,0,89,0,20,-2,B,4,6CFJvSQIHnQtMNppA3dAnV,"PB Studio",FR2X42058353,no
631,"Final Lullaby - Bonus Track","The Weeknd",101,1B,26,2026-09-02,03:05,45,"canadian contemporary r&b, canadian pop, pop","R&B, Pop","After Hours (Deluxe)",2020-04-03,60,84,0,32,0,30,-10,B,3,6rhbL6MhAej39S8KupwjrC,"Republic Records",USUG11904290,yes
632,"I Get Along Without You Very Well","Kristin Chenoweth",172,12B,29,2026-09-02,04:27,13,"musicals","Classical, Easy Listening, Pop","The Art Of Elegance",2016-09-23,20,91,0,10,0,10,-11,E,3,5zbn4lDCsqsscwT4TAoc5E,"Concord Records",USC4R1605346,no
633,"The Very Thought Of You","Kristin Chenoweth, Dave Koz",102,5B,28,2026-09-02,04:22,14,"musicals, smooth jazz, jazz","Jazz, Classical, Easy Listening, Pop","The Art Of Elegance",2016-09-23,36,90,0,15,0,10,-9,D#/E♭,5,2zh8nfO1su3ThEmNOtxl26,"Concord Records",USC4R1605343,no
634,"凸】♀】♂】←Titan","Sawano Hiroyuki",140,10B,45,2026-09-02,04:21,42,"anime, soundtrack","Pop, Classical, Easy Listening","TV Anime  Attack on Titan  Original Soundtrack",2013-00-00,59,1,68,34,0,0,-12,D,1,1sxV3W2udWG44iPEgRuEzp,"PONY CANYON INC.",JPPC01301147,no
635,"Rittaikidou","Sawano Hiroyuki",155,10B,57,2026-09-02,05:42,50,"anime, soundtrack","Pop, Classical, Easy Listening","TV Anime  Attack on Titan  Original Soundtrack",2013-00-00,37,1,89,14,0,0,-12,D,3,7u32XGioKOcqZYrEZphaF5,"PONY CANYON INC.",JPPC01301134,no
636,"Watandar","Ghezaal Enayat",120,3B,57,2026-09-02,05:19,0,"afghan pop","","Attan",2021-05-26,52,45,0,91,0,50,-12,C♯/D♭,4,11iBLFZvAnbnZnw0EFnkVf,"Ghezaal Enayat",USJ3V2069057,no
637,"Sa Re Ga Ma Pa","Ghezaal Enayat",95,8A,65,2026-09-02,02:59,0,"afghan pop","","Attan",2021-05-26,43,30,0,89,0,90,-13,A minor,4,3OccPZkHIBibm75d90VOS1,"Ghezaal Enayat",USJ3V2069052,no
638,"Attan","Ghezaal Enayat",60,2A,55,2026-09-02,03:27,0,"afghan pop","","Attan",2021-05-26,59,46,0,95,0,30,-12,D#/E♭ minor,4,6Ty9oPnjyNqb4W3Kkmfdq9,"Ghezaal Enayat",USJ3V2069048,no
639,"国士無双役満少女","BURNOUT SYNDROMES",128,2B,92,2026-09-02,04:38,15,"anime, j-rock, j-pop","Pop, Rock","明星",2019-02-20,59,3,0,68,0,40,-4,F#/G♭,4,03QnE5eXPm8chlYOALAbt5,"Sony Music Labels Inc.",JPU901804383,no
640,"ナミタチヌ","BURNOUT SYNDROMES",127,1B,77,2026-09-02,05:13,23,"anime, j-rock, j-pop","Pop, Rock","明星",2019-02-20,53,31,0,52,0,10,-5,B,4,3vVAS75YZ60nrF2v9S5g0a,"Sony Music Labels Inc.",JPU901803997,no
641,"ダーウィンに捧ぐ","BURNOUT SYNDROMES",134,11B,86,2026-09-02,04:55,22,"anime, j-rock, j-pop","Pop, Rock","明星",2019-02-20,33,10,0,62,10,30,-5,A,4,4QBdXMK0nivwVitfwQ5Oo3,"Sony Music Labels Inc.",JPU901804382,no
642,"Until I Bleed Out","The Weeknd",117,5A,39,2026-09-02,03:10,65,"canadian contemporary r&b, canadian pop, pop","R&B, Pop","After Hours",2020-03-20,29,43,0,15,0,0,-10,C minor,3,2BcnxwxBuar5wjCaLqm5N3,"Republic Records",USUG12000660,yes
643,"Heartless","The Weeknd",170,3A,75,2026-09-02,03:18,82,"canadian contemporary r&b, canadian pop, pop","R&B, Pop","After Hours",2020-03-20,54,2,0,25,10,10,-6,A#/B♭ minor,4,6bnF93Rx87YqUBLSgjiMU8,"Republic Records",USUG11904007,yes
644,"Alone Again","The Weeknd",136,9A,65,2026-09-02,04:10,69,"canadian contemporary r&b, canadian pop, pop","R&B, Pop","After Hours",2020-03-20,41,3,11,6,0,10,-8,E minor,4,6b5P51m8xx2XA6U7sdNZ5E,"Republic Records",USUG12000650,yes
645,"God and Me","Kristin Chenoweth",148,4B,51,2026-09-02,02:58,8,"musicals","Classical, Easy Listening, Pop","Some Lessons Learned",2011-09-09,51,72,0,43,0,10,-6,G#/A♭,4,7yuMArHURfsiaeNuKPS7M7,"Masterworks",USSM11103778,no
646,"TVおうったけ","Sawano Hiroyuki",160,10B,33,2026-09-02,11:19,10,"anime, soundtrack","Pop, Classical, Easy Listening","青の祓魔師 劇場版 オリジナル・サウンドトラック",2012-12-19,37,39,82,6,0,0,-11,D,4,0LGp8ya7W9833yVbUFdYnY,"Aniplex Inc.",JPE301203034,no
647,"ニ・カズ・シオ・ハ・チュウ・エイ・ウ・ジョ","Sawano Hiroyuki",75,7B,44,2026-09-02,03:33,12,"anime, soundtrack","Pop, Classical, Easy Listening","青の祓魔師 劇場版 オリジナル・サウンドトラック",2012-12-19,45,0,85,5,0,10,-11,F,4,3lIxbZxZbo9J9HLGy5ipwQ,"Aniplex Inc.",JPE301203024,no
648,"To Bawar Ba Khoda Kon","Ghezaal Enayat",141,8A,86,2026-09-02,03:40,0,"afghan pop","","Tabasoom",2021-02-04,71,2,0,91,0,80,-9,A minor,3,5u0j3pAVCqRPPBvTIrr5aV,"Ghezaal Enayat",USJ3V2044224,no
649,"Nazi Jan","Ghezaal Enayat",123,8A,57,2026-09-02,03:18,0,"afghan pop","","Tabasoom",2021-02-04,57,28,0,90,0,40,-11,A minor,5,2aFaDC3ImI5XOgbfMT0UYW,"Ghezaal Enayat",USJ3V2044223,no
650,"Sta Pa Jodaye Ke","Ghezaal Enayat",150,6A,58,2026-09-02,03:29,0,"afghan pop","","Tabasoom",2021-02-04,40,19,0,59,30,80,-14,G minor,3,0l1jROeD7Q2mcgiemYvx4P,"Ghezaal Enayat",USJ3V2044221,no
651,"Ro Ro Kida Qadamoona Ashna","Ghezaal Enayat",106,6A,82,2026-09-02,03:32,0,"afghan pop","","Tabasoom",2021-02-04,41,87,0,72,0,90,-9,G minor,4,5Vh5OAFkyqrKZQOhPQHkLa,"Ghezaal Enayat",USJ3V2044220,no
652,"Chashman Seyaham","Ghezaal Enayat",138,9B,66,2026-09-02,04:50,0,"afghan pop","","Tabasoom",2021-02-04,38,39,0,58,20,40,-12,G,4,4xyXunWBKxvsBEdGhYhNHR,"Ghezaal Enayat",USJ3V2044216,no
653,"Del Az to Namegiram","Ghezaal Enayat",93,2B,67,2026-09-02,03:25,0,"afghan pop","","Tabasoom",2021-02-04,58,9,0,81,10,80,-12,F#/G♭,4,2MKjCNh22pX18Bx0zqbJVA,"Ghezaal Enayat",USJ3V2044215,no
654,"君をアンインストールできたなら","BURNOUT SYNDROMES",180,12B,94,2026-09-02,04:45,16,"anime, j-rock, j-pop","Pop, Rock","孔雀",2018-02-21,35,1,0,46,0,0,-4,E,4,6oWSPiuclGeQd081W8Xi0N,"Sony Music Labels Inc.",JPU901704126,no
655,"Home On Christmas Day","Kristin Chenoweth",138,6B,13,2026-09-02,03:58,0,"musicals","Classical, Easy Listening, Pop","A Lovely Way to Spend Christmas",2008-10-17,38,87,0,35,0,10,-14,A#/B♭,4,1ziCxMcupvlbSDqvqmie9N,"Sony Classical",USSM10802916,no
656,"Piano UC-No.2","Sawano Hiroyuki",62,7B,7,2026-09-02,03:14,11,"anime, soundtrack","Pop, Classical, Easy Listening","MOBILE SUIT GUNDAM UNICORN Original Motion Picture Soundtrack 3",2012-11-08,26,96,95,4,0,0,-22,F,4,5bsCZS9Jm79ZpKcYLmuW8M,"SUNRISE Music Label",JPP301200152,no
657,"Sympathy","Sawano Hiroyuki",120,9A,8,2026-09-02,02:11,14,"anime, soundtrack","Pop, Classical, Easy Listening","MOBILE SUIT GUNDAM UNICORN Original Motion Picture Soundtrack 3",2012-11-08,71,63,93,11,0,0,-19,E minor,4,0DEW4UcEzY8v87sqyPkWDn,"SUNRISE Music Label",JPP301200148,no
658,"[Symphonic Suite  UC2012  ] 3rd Mov. :Angelo","Sawano Hiroyuki",113,9B,81,2026-09-02,04:17,20,"anime, soundtrack","Pop, Classical, Easy Listening","MOBILE SUIT GUNDAM UNICORN Original Motion Picture Soundtrack 3",2012-11-08,58,8,86,34,0,30,-14,G,4,1TzIAuGdFX575AJ8RPvmS8,"SUNRISE Music Label",JPP301200143,no
659,"[Symphonic Suite  UC2012  ] 1st Mov. :Banshee","Sawano Hiroyuki",90,9B,56,2026-09-02,05:45,29,"anime, soundtrack","Pop, Classical, Easy Listening","MOBILE SUIT GUNDAM UNICORN Original Motion Picture Soundtrack 3",2012-11-08,31,0,92,6,0,10,-14,G,4,6lCHaC91xQHzcxFR0xglBH,"SUNRISE Music Label",JPP301200141,no
660,"Daguza","Sawano Hiroyuki",61,5A,9,2026-09-02,03:04,17,"anime, soundtrack","Pop, Classical, Easy Listening","MOBILE SUIT GUNDAM UNICORN Original Motion Picture Soundtrack 2",2012-05-08,44,97,92,21,0,0,-22,C minor,4,2fvnA0hJ4P18ufEVAtWq6a,"SUNRISE Music Label",JPP301101518,no
661,"Capture","Sawano Hiroyuki",120,5A,43,2026-09-02,02:53,13,"anime, soundtrack","Pop, Classical, Easy Listening","MOBILE SUIT GUNDAM UNICORN Original Motion Picture Soundtrack 2",2012-05-08,66,38,85,23,0,0,-18,C minor,4,6kL8AucE8mOFWbIiHyCMsj,"SUNRISE Music Label",JPP301101510,no
662,"0001","Sawano Hiroyuki",124,6B,28,2026-09-02,03:14,21,"anime, soundtrack","Pop, Classical, Easy Listening","MOBILE SUIT GUNDAM UNICORN Original Motion Picture Soundtrack 2",2012-05-08,30,20,93,7,0,10,-19,A#/B♭,4,6vQBwnUHQuMIQXPTj44j9v,"SUNRISE Music Label",JPP301101506,no
663,"Zem_Zem","Ghezaal Enayat",182,4A,91,2026-09-02,02:55,5,"afghan pop","","فراموش",2020-10-12,44,41,0,88,20,10,-3,F minor,3,1rOl8FYvYV8BLP0jYOhtjH,"Hop Entertainment",DEXM82104011,no
664,"Gul","Ghezaal Enayat",100,2A,62,2026-09-02,03:43,1,"afghan pop","","فراموش",2020-10-12,71,66,0,71,0,30,-7,D#/E♭ minor,4,3uE1Eeq71Y4rai1Ebp6O55,"Hop Entertainment",DEXM82104008,no
665,"Ashiqi","Ghezaal Enayat",105,6A,81,2026-09-02,04:03,5,"afghan pop","","فراموش",2020-10-12,72,2,0,84,0,10,-8,G minor,4,4f8sc1cpYCNMthVo4n2YYr,"Hop Entertainment",DEXM82104005,no
666,"Sign","BURNOUT SYNDROMES",87,6B,44,2026-09-02,05:42,19,"anime, j-rock, j-pop","Pop, Rock","檸檬",2016-11-09,62,80,0,40,0,10,-6,A#/B♭,4,0Q0eJcGZ8Cr8hz15my6vXy,"Sony Music Labels Inc.",JPU901602730,no
667,"君のための Music","BURNOUT SYNDROMES",105,9B,85,2026-09-02,04:02,19,"anime, j-rock, j-pop","Pop, Rock","檸檬",2016-11-09,57,20,0,69,0,0,-5,G,4,10KM3JAXapXZ9zTTdGc9nC,"Sony Music Labels Inc.",JPU901602735,no
668,"エレベーターガール","BURNOUT SYNDROMES",130,9A,96,2026-09-02,04:12,27,"anime, j-rock, j-pop","Pop, Rock","檸檬",2016-11-09,55,1,0,61,0,30,-3,E minor,4,3qHBCogW35BeH2xqWc4E64,"Sony Music Labels Inc.",JPU901602732,no
669,"All I Know","The Weeknd, Future",120,1A,42,2026-09-02,05:21,65,"canadian contemporary r&b, canadian pop, pop, rap, trap","R&B, Pop, Hip Hop","Starboy",2016-11-25,46,42,0,17,0,10,-11,G#/A♭ minor,4,0NWqNXBJTpXbkI5rPWNy3p,"The Weeknd/Lyric",USUG11601010,yes
670,"Six Feet Under","The Weeknd",140,11A,50,2026-09-02,03:57,69,"canadian contemporary r&b, canadian pop, pop","R&B, Pop","Starboy",2016-11-25,77,13,0,24,0,10,-8,F#/G♭ minor,4,4mU5iXHeLgbR94siF7p1sY,"The Weeknd/Lyric",USUG11601004,yes
671,"Reminder","The Weeknd",160,4B,51,2026-09-02,03:38,85,"canadian contemporary r&b, canadian pop, pop","R&B, Pop","Starboy",2016-11-25,71,14,0,39,10,10,-7,G#/A♭,4,37F0uwRSrdzkBiuj0D5UHI,"The Weeknd/Lyric",USUG11600998,yes
672,"Upon This Rock","Gloria Gaither, Dony Mcguire, Kristin Chenoweth, Tom Howard",130,5B,34,2026-09-02,04:44,8,"southern gospel, ccm, musicals, spoken word","Christian, Classical, Easy Listening, Pop, Traditional Music","As I Am",2005-03-28,53,76,0,17,0,0,-8,D#/E♭,4,0w7uTT2tjwzFB2KN6zsQsZ,"Sony Classical",USSM10500772,no
673,"Just As I Am","William Bradbury, Kristin Chenoweth",89,10B,13,2026-09-02,03:42,6,"musicals","Classical, Easy Listening, Pop","As I Am",2005-03-28,26,97,0,13,0,10,-13,D,4,5ETYoYyLMaYtlbfnX8Rnd9,"Sony Classical",USSM10500773,no
674,"Borrowed Angels","Diane Warren, Kristin Chenoweth, Tom Howard",120,12A,38,2026-09-02,04:02,9,"musicals, spoken word","Classical, Easy Listening, Pop","As I Am",2005-03-28,49,18,0,16,0,0,-8,C♯/D♭ minor,4,4cdvRe07noYrMZGtGTUZSI,"Sony Classical",USSM10500776,no
675,"zai","Sawano Hiroyuki",92,6A,67,2026-09-02,04:46,20,"anime, soundtrack","Pop, Classical, Easy Listening","連続ドラマＷ「推定有罪」オリジナルサウンドトラック",2012-04-11,42,2,93,4,0,10,-9,G minor,3,4YMoCunTQOUMsU2Gd6wslG,"Legendoor",JPZ921201956,no
676,"Hamisha","Ghezaal Enayat",94,2A,83,2026-09-02,04:00,3,"afghan pop","","Bangri",2020-07-23,48,11,0,78,0,20,-6,D#/E♭ minor,4,2ybF6tK9QIjaBE3QY8Zz60,"Hop Entertainment",DEXM82104026,no
677,"Setara","Ghezaal Enayat",128,11B,71,2026-09-02,03:36,2,"afghan pop","","Bangri",2020-07-23,72,1,0,62,10,10,-8,A,4,4xQgwO7gW5vZ4GAJ09152R,"Hop Entertainment",DEXM82104022,no
678,"Name To Bashad","Ghezaal Enayat",128,12A,73,2026-09-02,03:27,2,"afghan pop","","Bangri",2020-07-23,73,1,0,63,10,10,-8,C♯/D♭ minor,4,0TXPhqTrTnT4e5UCl0aKZK,"Hop Entertainment",DEXM82104020,no
679,"Bache Dehqan","Ghezaal Enayat",90,9A,66,2026-09-02,04:02,4,"afghan pop","","Bangri",2020-07-23,64,43,0,79,0,30,-6,E minor,4,3hBNFRyEZAqMLqVeyOZkhQ,"Hop Entertainment",DEXM82104015,no
680,"こどものじかん","BURNOUT SYNDROMES",176,12B,54,2026-09-02,04:46,13,"anime, j-rock, j-pop","Pop, Rock","文學少女",2015-05-13,53,51,0,65,0,0,-7,E,4,12nbeBy3l3MeqG6QJwCv2N,"Handmade Music",JPZ921502769,no
681,"Goin' To The Dance With You* - Vocal","Kristin Chenoweth",117,2A,27,2026-09-02,03:05,6,"musicals","Classical, Easy Listening, Pop","Let Yourself Go",2001-01-31,66,83,0,55,0,0,-9,D#/E♭ minor,4,6lUpWxQSE3MC2OBAMGWLIb,"Sony Classical",USSM10018395,no
682,"Just An Ordinary Guy* - Vocal","Kristin Chenoweth",82,12B,16,2026-09-02,03:51,5,"musicals","Classical, Easy Listening, Pop","Let Yourself Go",2001-01-31,45,96,0,18,0,10,-10,E,4,3eMFJ33uQt6v2JucfTR6eq,"Sony Classical",USSM10018394,no
683,"Nobody's Heart Belongs To Me/Why Can't I Medley - Vocal","Kristin Chenoweth",84,12B,22,2026-09-02,03:20,5,"musicals","Classical, Easy Listening, Pop","Let Yourself Go",2001-01-31,29,98,0,16,0,0,-12,E,4,1GpJcktPoGv6uBxwixqscd,"Sony Classical",USSM10018392,no
684,"Nobody Else But Me from Showboat, 1946 Broadway revival - Vocal","Kristin Chenoweth",137,3A,31,2026-09-02,03:25,6,"musicals","Classical, Easy Listening, Pop","Let Yourself Go",2001-01-31,33,97,0,20,0,10,-9,A#/B♭ minor,3,4Gur15AvsdLjmUrZj30Dnx,"Sony Classical",USSM10018391,no
685,"gT→sYnTH","Sawano Hiroyuki",136,9B,20,2026-09-02,04:56,12,"anime, soundtrack","Pop, Classical, Easy Listening","GUILTY CROWN COMPLETE SOUNDTRACK",2012-00-00,42,88,84,13,0,10,-12,G,4,5vKcnrsruQMXoOGTLhVBML,"Aniplex Inc.",JPE301200668,no
686,"Idaho Potato","Sawano Hiroyuki",56,9B,21,2026-09-02,05:02,9,"anime, soundtrack","Pop, Classical, Easy Listening","GUILTY CROWN COMPLETE SOUNDTRACK",2012-00-00,24,89,39,4,0,10,-18,G,4,4VMtWYlgK1T1MDutqo9gW2,"Aniplex Inc.",JPE301202204,no
687,"Garlic","Sawano Hiroyuki",66,8B,5,2026-09-02,02:58,9,"anime, soundtrack","Pop, Classical, Easy Listening","GUILTY CROWN COMPLETE SOUNDTRACK",2012-00-00,33,96,73,4,0,0,-19,C,4,26hq7rG7zx4UZOip6YWaMZ,"Aniplex Inc.",JPE301202202,no
688,"Αποκσλυψιζ","Sawano Hiroyuki",127,8B,65,2026-09-02,04:49,14,"anime, soundtrack","Pop, Classical, Easy Listening","GUILTY CROWN COMPLETE SOUNDTRACK",2012-00-00,29,12,76,10,0,10,-12,C,4,0xjpe6fjouaAhho1GWNsuk,"Aniplex Inc.",JPE301103975,no
689,"Vぉ1℃→Ki母∪","Sawano Hiroyuki",140,7A,41,2026-09-02,04:31,14,"anime, soundtrack","Pop, Classical, Easy Listening","GUILTY CROWN COMPLETE SOUNDTRACK",2012-00-00,18,75,88,4,0,0,-11,D minor,4,5A1tZjyOggBCpYP5gtHuWK,"Aniplex Inc.",JPE301200068,no
690,"血Con-儀","Sawano Hiroyuki",75,4A,28,2026-09-02,02:47,15,"anime, soundtrack","Pop, Classical, Easy Listening","GUILTY CROWN COMPLETE SOUNDTRACK",2012-00-00,21,62,0,3,0,10,-11,F minor,4,1SPGgZ8XoUiuzEl1Q2MCCM,"Aniplex Inc.",JPE301200064,no
691,"close your eyes","Sawano Hiroyuki",147,9A,80,2026-09-02,03:51,28,"anime, soundtrack","Pop, Classical, Easy Listening","GUILTY CROWN COMPLETE SOUNDTRACK",2012-00-00,55,5,0,56,0,0,-6,E minor,4,7AlWL7YtyBekneNHx572PS,"Aniplex Inc.",JPE301103969,no
692,"i am a HERO","BURNOUT SYNDROMES",168,2B,78,2026-09-02,04:59,13,"anime, j-rock, j-pop","Pop, Rock","世界一美しい世界一美しい世界",2015-01-28,36,17,0,66,0,0,-5,F#/G♭,3,0FIWcG5CVJto3NMkw7Qw0h,"Handmade Music",JPZ921405499,no
693,"日常用 de SUIT 3rd-Mov.：銃剣兄弟GEKIBANger-Foever","Sawano Hiroyuki",168,8B,47,2026-09-02,05:23,6,"anime, soundtrack","Pop, Classical, Easy Listening","青の祓魔師 オリジナル・サウンドトラック II",2011-09-28,70,15,90,65,10,0,-12,C,4,5ltk2yxzocughHRJYo5lap,"Aniplex Inc.",JPE301102631,no
694,"日常用 de SUIT 1st-Mov.：銃剣兄弟GEKIBANger","Sawano Hiroyuki",148,8B,37,2026-09-02,04:16,5,"anime, soundtrack","Pop, Classical, Easy Listening","青の祓魔師 オリジナル・サウンドトラック II",2011-09-28,57,11,43,51,10,10,-11,C,4,328tmXcOrhns5ANXliPryT,"Aniplex Inc.",JPE301102629,no
695,"IiMuRoYa-$.feat 1st-Mov.：M","Sawano Hiroyuki",134,6A,25,2026-09-02,06:02,21,"anime, soundtrack","Pop, Classical, Easy Listening","青の祓魔師 オリジナル・サウンドトラック II",2011-09-28,21,87,56,7,0,10,-12,G minor,3,3RuduDiAvaJ324o73qClVv,"Aniplex Inc.",JPE301102625,no
696,"BGM的-suite 2nd-Mov.：Technology ORCH.","Sawano Hiroyuki",80,3B,66,2026-09-02,03:08,11,"anime, soundtrack","Pop, Classical, Easy Listening","青の祓魔師 オリジナル・サウンドトラック II",2011-09-28,46,21,84,22,0,0,-11,C♯/D♭,4,2Q5FDXXHLEAUrtLiwlUqhN,"Aniplex Inc.",JPE301102622,no
697,"Kiss Land","The Weeknd",122,10A,85,2026-09-02,07:35,68,"canadian contemporary r&b, canadian pop, pop","R&B, Pop","Kiss Land",2013-09-10,32,4,0,40,10,0,-7,B minor,4,5idmfDT06TjCQ1SPDsa5qh,"CP Records",USUM71310346,yes
698,"The Town","The Weeknd",140,12A,52,2026-09-02,05:07,63,"canadian contemporary r&b, canadian pop, pop","R&B, Pop","Kiss Land",2013-09-10,63,37,0,19,0,0,-8,C♯/D♭ minor,4,7jGr8wzgwOVLuktY66qM5f,"CP Records",USUM71310342,no
699,"アッシャー幻saw曲　第二楽章: Tomorrow is another day","Sawano Hiroyuki",138,5B,35,2026-09-02,03:49,27,"anime, soundtrack","Pop, Classical, Easy Listening","青の祓魔師 オリジナル・サウンドトラック I",2011-06-22,15,45,91,5,0,10,-12,D#/E♭,4,1nck3Umt98otMT4x7zF6Ev,"Aniplex Inc.",JPE301101097,no
700,"交狂詩 GeHeNa　第三楽章: Hobgoblin→MASHOU","Sawano Hiroyuki",140,9B,29,2026-09-02,06:42,13,"anime, soundtrack","Pop, Classical, Easy Listening","青の祓魔師 オリジナル・サウンドトラック I",2011-06-22,46,37,90,4,0,10,-14,G,4,6UBlH9C4yxtffMtC48Ms1t,"Aniplex Inc.",JPE301101095,no
701,"攻響組曲　DEVIL　第四楽章: sA†An","Sawano Hiroyuki",140,7B,89,2026-09-02,04:13,18,"anime, soundtrack","Pop, Classical, Easy Listening","青の祓魔師 オリジナル・サウンドトラック I",2011-06-22,54,15,49,14,0,10,-11,F,3,0dvrdflH0ZhT2WpVPkYwnJ,"Aniplex Inc.",JPE301101088,no
702,"Wake Up in the Sky","Gucci Mane, Bruno Mars, Kodak Black",143,9A,58,2026-09-02,03:24,75,"southern hip hop, rap, trap, dance pop, pop, florida drill, florida rap, melodic rap, miami hip hop, trap latino","Electronic, Pop, Hip Hop, Latin","Wake Up in the Sky",2018-09-14,80,0,0,37,0,30,-5,E minor,4,0QIjsbm2fh1cJ45XO9eGqq,"Guwop Enterprises/Atlantic",USAT21811087,yes
703,"Finesse - Pink Panda Remix; feat. Cardi B","Bruno Mars, Cardi B, Pink Panda",124,4A,89,2026-09-02,02:28,50,"dance pop, pop, rap, uk dance","Electronic, Pop, Hip Hop","Finesse (Remix) [feat. Cardi B]",2018-03-23,75,3,0,60,0,20,-5,F minor,4,5LgFeUn0Jx8UVkPlrMbTOc,"Atlantic Records",USAT21800733,no
704,"Finesse - James Hype Remix; feat. Cardi B","Bruno Mars, Cardi B, James Hype",123,4A,76,2026-09-02,03:55,37,"dance pop, pop, rap, house, tech house","Electronic, Pop, Hip Hop","Finesse (Remix) [feat. Cardi B]",2018-03-23,70,28,0,79,10,0,-6,F minor,4,04OERuULAbFq54j25v5dZ4,"Atlantic Records",USAT21800735,no
705,"That's What I Like (feat. Gucci Mane)","Bruno Mars, Gucci Mane",134,3B,56,2026-09-02,03:54,54,"dance pop, pop, southern hip hop, rap, trap","Electronic, Pop, Hip Hop","That's What I Like (feat. Gucci Mane) [Remix]",2017-04-21,85,2,0,90,0,0,-5,C♯/D♭,4,1BEMASUZQDqN5UGxMb1m6A,"Atlantic Records",USAT21701158,no
706,"Treasure - Bailey Smalls Radio Edit","Bruno Mars",128,5A,87,2026-09-02,03:32,46,"dance pop, pop","Electronic, Pop","Treasure Remix EP",2013-08-13,65,24,0,48,0,20,-5,C minor,4,7cHZIHlewdmRCBmuOn4ssV,"Atlantic Records",USAT21302410,no
707,"Treasure - Audien Radio Edit","Bruno Mars",126,5B,87,2026-09-02,03:52,31,"dance pop, pop","Electronic, Pop","Treasure Remix EP",2013-08-13,61,0,0,46,10,80,-3,D#/E♭,4,1vvK3Ey7LxgAFidEmU3QvC,"Atlantic Records",USAT21302408,no
708,"Treasure - Sharam Radio Remix","Bruno Mars",125,4A,76,2026-09-02,03:41,45,"dance pop, pop","Electronic, Pop","Treasure Remix EP",2013-08-13,77,2,0,68,0,20,-5,F minor,4,5k58Fbi1th2ITcaweRSbVq,"Atlantic Records",USAT21302407,no
709,"Locked out of Heaven - The M Machine Remix","Bruno Mars",170,7B,82,2026-09-02,04:02,46,"dance pop, pop","Electronic, Pop","Locked out of Heaven (Remix)",2013-01-21,53,3,0,21,0,10,-5,F,4,5WlVx0a6VedSJ60JFYpRBp,"Atlantic Records",USAT21207624,no
710,"Locked out of Heaven - Sultan and Ned Shepard Remix","Bruno Mars, Shepard, Sultan",128,7A,84,2026-09-02,06:50,52,"dance pop, pop, dancehall","Electronic, Pop, Reggae","Locked out of Heaven (Remix)",2013-01-21,59,0,5,22,0,30,-5,D minor,4,6AIxmLiDNHFQgZstB4lzDB,"Atlantic Records",USAT21207623,no
711,"Grenade - Passion Pit Remix","Bruno Mars, Passion Pit",109,7B,70,2026-09-02,06:10,53,"dance pop, pop, indie","Electronic, Pop, Rock","The Grenade Sessions",2011-02-08,70,0,0,58,0,0,-4,F,4,7HjK2whApIuUgRVP8akqjk,"Elektra (NEK)",USAT21100011,no
712,"Just the Way You Are - Skrillex BatBoi Remix","Bruno Mars",128,8B,61,2026-09-02,03:49,33,"dance pop, pop","Electronic, Pop","Just the Way You Are (Remix)",2010-11-02,59,0,0,74,20,10,-6,C,4,4vy0kVo1ygAIKTZU3F5OoT,"Elektra Records",USAT21002255,no
713,"Just the Way You Are - Steve Smart & Westfunk Club Mix","Bruno Mars",128,8B,63,2026-09-02,07:06,37,"dance pop, pop","Electronic, Pop","Just the Way You Are (Remix)",2010-11-02,72,0,0,80,0,70,-8,C,4,2GdcDOXu8HLFAP9hxANXb7,"Elektra Records",USAT21002328,no
714,"Just the Way You Are - Carl Louis & Martin Danielle Club Mix","Bruno Mars, Carl Louis, Martin Danielle",127,8B,82,2026-09-02,05:19,27,"dance pop, pop, norwegian pop","Electronic, Pop","Just the Way You Are (Remix)",2010-11-02,47,5,2,61,10,0,-6,C,4,7Hg27Pwfh9iTgHUdGS5rTx,"Elektra Records",USAT21002325,no
715,"Just the Way You Are - Simon Steur Club Mix","Bruno Mars",127,2B,70,2026-09-02,05:37,47,"dance pop, pop","Electronic, Pop","Just the Way You Are (Remix)",2010-11-02,64,0,6,4,0,0,-6,F#/G♭,4,30nRBCh0wGhKiTLNWN3k3L,"Elektra Records",USAT21002323,no
716,"Montreal","The Weeknd",184,4A,80,2026-09-02,04:10,57,"canadian contemporary r&b, canadian pop, pop","R&B, Pop","Trilogy",2012-11-13,52,4,0,16,10,40,-4,F minor,4,6fRgjqJptZry7fipP2Beyh,"CP Records",USUM71212139,no
717,"Valerie","The Weeknd",148,4A,54,2026-09-02,04:46,62,"canadian contemporary r&b, canadian pop, pop","R&B, Pop","Trilogy",2012-11-13,64,35,0,42,0,0,-6,F minor,4,4fLnXd56RsWN4ZBtb9TegQ,"CP Records",USUM71212148,no
718,"Bass for My Birthday - Rerecorded","The Troggs",127,9B,22,2026-09-02,03:27,0,"proto-punk","","20 of Their Best (Rerecorded Version)",2009-09-11,88,26,0,57,20,60,-20,G,4,3mzJ1cqouc5FsyERnkN6zT,"K-Tel",USG290601517,no
719,"I Don't - Rerecorded","The Troggs",115,12B,49,2026-09-02,03:26,0,"proto-punk","","20 of Their Best (Rerecorded Version)",2009-09-11,90,4,7,17,40,10,-14,E,4,2cO2IwMToOMA7j51pDyGXe,"K-Tel",USG290601506,no
720,"OMAKE-SUITE　　　The END ～Piano Medley for Listener～","Sawano Hiroyuki",70,8A,6,2026-09-02,09:47,9,"anime, soundtrack","Pop, Classical, Easy Listening","「劇場版 戦国BASARA -The Last Party-」音楽絵巻 ～さらば、宿敵（とも）よ～",2011-06-08,34,99,92,6,0,0,-20,A minor,3,3BRg5iMsLRR38Pq3JXK2Y7,"FlyingDog",JPG751100196,no
721,"Symphonic Suite [SENGOKU]　　5th-Mov. : O","Sawano Hiroyuki",160,3A,84,2026-09-02,03:32,4,"anime, soundtrack","Pop, Classical, Easy Listening","「劇場版 戦国BASARA -The Last Party-」音楽絵巻 ～さらば、宿敵（とも）よ～",2011-06-08,50,0,65,10,0,0,-13,A#/B♭ minor,3,5wZ4Phz6tMIXeUqPl5YtuI,"FlyingDog",JPG751100183,no
722,"Chunky","Bruno Mars",202,4A,54,2026-09-02,03:06,76,"dance pop, pop","Electronic, Pop","24K Magic",2016-11-18,57,2,0,73,10,10,-4,F minor,4,0mBKv9DkYfQHjdMcw2jdyI,"Atlantic Records",USAT21602946,no
723,"取引","物語シリーズ",90,8B,6,2026-09-02,03:11,19,"anime, j-pop","Pop","Otorimonogatari Gekihanongakushu (Original Soundtrack)",2018-11-02,52,89,70,21,0,0,-17,C,3,3Aaq5ONy7Gk8pHTpWa76SH,"Aniplex Inc.",JPE301400167,no
724,"二年二組","物語シリーズ",132,8A,5,2026-09-02,03:36,24,"anime, j-pop","Pop","Otorimonogatari Gekihanongakushu (Original Soundtrack)",2018-11-02,40,95,95,4,0,10,-20,A minor,3,4t5yyrqsRBv9NnMIcDdNs3,"Aniplex Inc.",JPE301400158,no
725,"千石撫子、十四歳。","物語シリーズ",134,10A,0,2026-09-02,01:19,17,"anime, j-pop","Pop","Otorimonogatari Gekihanongakushu (Original Soundtrack)",2018-11-02,42,96,0,32,0,0,-27,B minor,5,7LaciaFb8ffgG4dyDvdTew,"Aniplex Inc.",JPE301400155,no
726,"Heaven Or Las Vegas","The Weeknd",125,10A,70,2026-09-02,05:53,55,"canadian contemporary r&b, canadian pop, pop","R&B, Pop","Thursday (Original)",2011-08-18,53,1,0,21,0,0,-9,B minor,4,5JQ5Acrgv1VrO9UtMUN052,"The Weeknd/Lyric",USUM72111985,no
727,"Danke schön","Sawano Hiroyuki",67,10B,14,2026-09-02,03:55,0,"anime, soundtrack","Pop, Classical, Easy Listening","My Girl original soundtrack",2009-11-25,23,82,93,16,0,20,-23,D,4,5GBBY5GSJfWwKB1qdmzeci,"TV ASAHI MUSIC CO.,LTD.",JPCO00927420,no
728,"Grau","Sawano Hiroyuki",83,5A,8,2026-09-02,03:01,1,"anime, soundtrack","Pop, Classical, Easy Listening","My Girl original soundtrack",2009-11-25,36,79,92,13,0,10,-25,C minor,4,1Le6nXyOQMha5qtNtPKQRH,"TV ASAHI MUSIC CO.,LTD.",JPCO00927380,no
729,"lose Fäden","Sawano Hiroyuki",140,10A,59,2026-09-02,02:54,1,"anime, soundtrack","Pop, Classical, Easy Listening","My Girl original soundtrack",2009-11-25,62,7,91,88,0,20,-11,B minor,4,3MlEbXWxejoFd8FRY5hyu1,"TV ASAHI MUSIC CO.,LTD.",JPCO00927310,no
730,"Vater","Sawano Hiroyuki",89,11B,73,2026-09-02,02:45,1,"anime, soundtrack","Pop, Classical, Easy Listening","My Girl original soundtrack",2009-11-25,66,37,88,94,0,0,-11,A,4,6cDty3cKGKIYaWaLYvs05Z,"TV ASAHI MUSIC CO.,LTD.",JPCO00927250,no
731,"Money Make Her Smile","Bruno Mars",93,8B,68,2026-09-02,03:23,59,"dance pop, pop","Electronic, Pop","Unorthodox Jukebox",2012-12-07,75,9,0,78,0,10,-7,C,4,6FPQabaldvKE5cjqRfY9Os,"Atlantic Records",USAT21206912,no
732,"Show Me","Bruno Mars",78,7B,71,2026-09-02,03:27,63,"dance pop, pop","Electronic, Pop","Unorthodox Jukebox",2012-12-07,74,5,0,51,0,20,-6,F,4,2tCPIp83mRXvVTytTAf1W4,"Atlantic Records",USAT21206911,no
733,"破壊","物語シリーズ",180,10B,98,2026-09-02,02:22,9,"anime, j-pop","Pop","Nisemonogatari Gekihanongakushu (Original Soundtrack)",2018-11-02,43,0,62,65,0,10,-6,D,4,6dB5drFHFoJC33osLQD6fR,"Aniplex Inc.",JPE301202031,no
734,"『例外の方が多い規則』","物語シリーズ",145,1B,84,2026-09-02,01:57,10,"anime, j-pop","Pop","Nisemonogatari Gekihanongakushu (Original Soundtrack)",2018-11-02,50,0,95,16,0,30,-6,B,4,7a09dStqlT5w7eMHemc9Kp,"Aniplex Inc.",JPE301202028,no
735,"式神","物語シリーズ",176,10B,16,2026-09-02,02:00,13,"anime, j-pop","Pop","Nisemonogatari Gekihanongakushu (Original Soundtrack)",2018-11-02,56,99,61,20,0,10,-15,D,4,1AVr4vQUYZM4pyEpgzyKcT,"Aniplex Inc.",JPE301201673,no
736,"罰ゲーム","物語シリーズ",110,12A,84,2026-09-02,02:40,7,"anime, j-pop","Pop","Nisemonogatari Gekihanongakushu (Original Soundtrack)",2018-11-02,80,93,87,97,0,0,-9,C♯/D♭ minor,4,3qioStkakLnM00OovgUBNU,"Aniplex Inc.",JPE301201670,no
737,"鉄仮面","物語シリーズ",104,6A,14,2026-09-02,01:41,12,"anime, j-pop","Pop","Nisemonogatari Gekihanongakushu (Original Soundtrack)",2018-11-02,87,93,92,23,20,0,-15,G minor,5,6e8hXIXFjQ38SpeFGdy5th,"Aniplex Inc.",JPE301201212,no
738,"都市伝説","物語シリーズ",70,4B,61,2026-09-02,02:44,9,"anime, j-pop","Pop","Nisemonogatari Gekihanongakushu (Original Soundtrack)",2018-11-02,33,12,94,35,10,0,-12,G#/A♭,4,1yEXVLuGgxBKltcIh4WLx6,"Aniplex Inc.",JPE301201209,no
739,"毒","物語シリーズ",105,6B,41,2026-09-02,02:10,8,"anime, j-pop","Pop","Nisemonogatari Gekihanongakushu (Original Soundtrack)",2018-11-02,66,99,77,27,0,0,-21,A#/B♭,5,4fQ8HEGe2Iz1sDTPl5Hdta,"Aniplex Inc.",JPE301201203,no
740,"Wicked Games","The Weeknd",114,11B,57,2026-09-02,05:25,78,"canadian contemporary r&b, canadian pop, pop","R&B, Pop","House Of Balloons (Original)",2011-03-21,61,2,0,26,0,30,-7,A,4,00aqkszH1FdUiJJWvX6iEl,"The Weeknd/Lyric",USUM72104140,yes
741,"House Of Balloons / Glass Table Girls","The Weeknd",89,8B,51,2026-09-02,06:47,83,"canadian contemporary r&b, canadian pop, pop","R&B, Pop","House Of Balloons (Original)",2011-03-21,66,0,0,23,0,20,-8,C,4,2r7BPog74oaTG5shNYiUnV,"The Weeknd/Lyric",USUM72104130,yes
742,"What You Need","The Weeknd",134,6A,34,2026-09-02,03:26,74,"canadian contemporary r&b, canadian pop, pop","R&B, Pop","House Of Balloons (Original)",2011-03-21,64,51,1,6,0,10,-11,G minor,4,4Yw8TyBm9J8cpy2guHUYog,"The Weeknd/Lyric",USUM72104129,no
743,"Whatever It Takes - Miss Congeniality Remix","Imagine Dragons, Miss Congeniality",135,3A,80,2026-09-02,05:46,42,"modern rock, pop, rock","Rock, Pop","Whatever It Takes (Miss Congeniality Remix)",2017-11-17,56,0,0,43,0,20,-4,A#/B♭ minor,4,5jS8NWRE77LVJm9mCbpamU,"Kid Ina Korner / Interscope",USUM71711777,no
744,"Believer - Kaskade Remix","Imagine Dragons, Kaskade",126,3A,63,2026-09-02,03:10,55,"modern rock, pop, rock, edm","Electronic, Rock, Pop","Believer (Kaskade Remix)",2017-06-09,73,18,0,18,0,10,-5,A#/B♭ minor,4,6aiHF2IbJr6lG4Vu9em8KF,"Kid Ina Korner / Interscope",USUM71705205,no
745,"Levitate - From The Original Motion Picture “Passengers”","Imagine Dragons",80,1B,68,2026-09-02,03:18,49,"modern rock, pop, rock","Rock, Pop","Levitate (From The Original Motion Picture “Passengers”)",2016-11-29,40,3,0,23,0,10,-5,B,4,60EFFQmSfrNMPUMGnfxBbO,"Kid Ina Korner / Interscope",USUM71615560,no
746,"Shots - Broiler Extended Club Remix","Imagine Dragons, Broiler",120,10A,72,2026-09-02,04:48,43,"modern rock, pop, rock, norwegian pop, russelåter","Rock, Pop","Shots EP",2015-05-04,74,43,10,12,0,40,-9,B minor,4,6lYtgsgsPtdJMstSAlgmy6,"Kid Ina Korner / Interscope",USUM71505465,no
747,"I Bet My Life - Lost Kings Remix","Imagine Dragons",120,3B,83,2026-09-02,03:58,36,"modern rock, pop, rock","Rock, Pop","I Bet My Life (Remixes)",2015-01-26,54,7,0,28,0,10,-7,C♯/D♭,4,3byeoYtEiTC3wbrcslxYn3,"Kid Ina Korner / Interscope",USUM71500433,no
748,"On Top Of The World - RAC Remix","Imagine Dragons, RAC",100,8B,75,2026-09-02,03:37,33,"modern rock, pop, rock, indietronica, metropopolis, nu disco, shimmer pop","Rock, Electronic, Pop","On Top Of The World (RAC Remix)",2013-01-01,64,33,2,46,0,10,-6,C,4,1yBFjOhb3f7xSFd0xJ28SE,"Kid Ina Korner / Interscope",USUM71318182,no
749,"S","Sawano Hiroyuki",111,7B,0,2026-09-02,00:37,1,"anime, soundtrack","Pop, Classical, Easy Listening","連続ドラマW「マークスの山」オリジナルサウンドトラック",2011-01-05,57,68,9,0,30,10,-15,F,3,5RXgA6G2yTCF4TMuQw62qL,"Legendoor",JPZ921011334,no
750,"A","Sawano Hiroyuki",132,6B,7,2026-09-02,00:39,1,"anime, soundtrack","Pop, Classical, Easy Listening","連続ドラマW「マークスの山」オリジナルサウンドトラック",2011-01-05,64,86,92,11,10,0,-19,A#/B♭,3,2RcAYbtzv11lsgo4M0jIzZ,"Legendoor",JPZ921011331,no
751,"M","Sawano Hiroyuki",108,12B,5,2026-09-02,00:39,1,"anime, soundtrack","Pop, Classical, Easy Listening","連続ドラマW「マークスの山」オリジナルサウンドトラック",2011-01-05,45,89,30,14,0,0,-27,E,4,5BvamIegd0WhoNu446527I,"Legendoor",JPZ921011330,no
752,"MYSTIC MOUNTAIN","Sawano Hiroyuki",68,6B,10,2026-09-02,02:54,5,"anime, soundtrack","Pop, Classical, Easy Listening","連続ドラマW「マークスの山」オリジナルサウンドトラック",2011-01-05,19,98,90,4,0,10,-22,A#/B♭,5,3jttYed0yFxHdWBzdXQIIt,"Legendoor",JPZ921011327,no
753,"DARK MOUNTAIN","Sawano Hiroyuki",95,1B,28,2026-09-02,02:39,2,"anime, soundtrack","Pop, Classical, Easy Listening","連続ドラマW「マークスの山」オリジナルサウンドトラック",2011-01-05,42,34,69,3,0,10,-20,B,4,0mANTaCixPBORZuKMva1vc,"Legendoor",JPZ921011325,no
754,"IMPENETRABLE","Sawano Hiroyuki",82,8B,25,2026-09-02,02:30,3,"anime, soundtrack","Pop, Classical, Easy Listening","連続ドラマW「マークスの山」オリジナルサウンドトラック",2011-01-05,12,35,94,4,0,10,-14,C,4,4LVQ2aWfuKEcVgWVkIcxhx,"Legendoor",JPZ921011319,no
755,"DESTINY","Sawano Hiroyuki",94,5A,49,2026-09-02,05:50,22,"anime, soundtrack","Pop, Classical, Easy Listening","連続ドラマW「マークスの山」オリジナルサウンドトラック",2011-01-05,18,2,91,9,0,10,-13,C minor,3,2xv3JiZicWpNIcyG9zElzA,"Legendoor",JPZ921011313,no
756,"吾輩は虎である","物語シリーズ",133,5A,7,2026-09-02,01:50,6,"anime, j-pop","Pop","Nekomonogatari (Shiro) Gekihanongakushu [Original Soundtrack]",2018-11-02,16,92,86,17,0,20,-19,C minor,3,2WAaDF2cGRwtkGLnVqy1mU,"Aniplex Inc.",JPE301302815,no
757,"家族会議","物語シリーズ",120,11B,15,2026-09-02,02:34,23,"anime, j-pop","Pop","Nekomonogatari (Shiro) Gekihanongakushu [Original Soundtrack]",2018-11-02,72,86,88,13,0,10,-19,A,3,2GbKlC4wPyPyQ1g0NIc07M,"Aniplex Inc.",JPE301302806,no
758,"苛虎","物語シリーズ",140,10B,27,2026-09-02,01:15,7,"anime, j-pop","Pop","Nekomonogatari (Shiro) Gekihanongakushu [Original Soundtrack]",2018-11-02,51,98,85,4,0,10,-15,D,4,1tb8LLWbUfzFZHesx4iz0U,"Aniplex Inc.",JPE301302810,no
759,"Skin - Quarterhead Remix","Sabrina Carpenter, Quarterhead",120,9B,76,2026-09-02,03:07,36,"pop, tech house","Pop","Skin (Quarterhead Remix)",2021-02-26,68,1,0,24,10,30,-7,G,4,3DNziCcqRd2v8uQWwec1GW,"Island Records",USUM72102387,no
760,"Sue Me - Dave Audé Remix","Sabrina Carpenter, Dave Audé",128,1A,95,2026-09-02,03:49,28,"pop","Pop","Sue Me (Remixes)",2019-01-18,66,0,16,44,0,10,-4,G#/A♭ minor,4,3WjGTNxFlIDjo9mjmToKf3,"Hollywood Records",USHR11839034,no
761,"Almost Love - Stargate Warehouse Mix","Sabrina Carpenter",118,8A,84,2026-09-02,03:20,29,"pop","Pop","Almost Love (Stargate Warehouse Mix)",2018-09-28,69,24,0,51,0,10,-4,A minor,4,5SQPsKDOYDtAt64IZYPcXu,"Hollywood Records",USHR11838958,no
762,"Alien - M-22 Remix","Sabrina Carpenter, Jonas Blue, M-22",124,3B,87,2026-09-02,03:25,30,"pop, tropical house, house, pop dance","Electronic, Pop","Alien (M-22 Remix)",2018-04-13,74,2,0,68,10,30,-6,C♯/D♭,4,18YI6FM5DHrSdiO4ylzVfj,"Hollywood Records",USHR11838469,no
763,"Alien - Dark Heart Remix","Sabrina Carpenter, Jonas Blue, Dark Heart",106,3B,77,2026-09-02,03:29,26,"pop, tropical house, deep house","Pop, Electronic","Alien (Dark Heart Remix)",2018-04-13,65,8,0,39,0,10,-5,C♯/D♭,4,4m3x28otCU0jIgDwng7hAo,"Hollywood Records",USHR11838470,no
764,"First Love - TELYKast Remix","Lost Kings, Sabrina Carpenter, TELYKAST",95,7B,64,2026-09-02,03:32,24,"pop dance, pop edm, pop, edm","Electronic, Pop","First Love (Remixes)",2017-12-01,59,1,0,38,0,10,-6,F,4,5qJuG66jfxUgzfl6l195FO,"Disruptor Records/RCA Records",USRC11703362,no
765,"First Love","Lost Kings, Sabrina Carpenter",94,7B,94,2026-09-02,03:27,46,"pop dance, pop edm, pop","Pop","First Love",2017-10-13,62,3,0,60,30,10,-5,F,4,01iyINEYgPQ7ThMZuHUsqS,"Disruptor Records/RCA Records",USRC11700931,no
766,"Smoke and Fire","Sabrina Carpenter",170,10A,87,2026-09-02,03:45,50,"pop","Pop","Smoke and Fire",2016-02-19,46,1,0,53,0,0,-4,B minor,4,67zT3NI4tTOj8GreXetF6s,"Hollywood Records",USHR11636962,no
767,"Stand Out - From  How to Build a Better Boy ","Sabrina Carpenter",96,9B,81,2026-09-02,03:28,33,"pop","Pop","Stand Out (From  How to Build a Better Boy )",2014-08-12,41,1,0,77,0,0,-3,G,4,00OKDIsSQbx8rd5Al7fKNw,"Walt Disney Records",USWD11468427,no
768,"Take On the World - Theme Song From  Girl Meets World ","Rowan Blanchard, Sabrina Carpenter",116,7B,71,2026-09-02,03:12,59,"movie tunes, pop","Pop","Take On the World (Theme Song From  Girl Meets World )",2014-01-01,64,0,0,70,0,0,-6,F,4,5lz0NiPw32Gq4kMIUJvuw2,"Walt Disney Records",USWD11468205,no
769,"Silver Nights","Sabrina Carpenter",95,3B,60,2026-09-02,02:26,34,"pop","Pop","Silver Nights",2014-01-01,63,27,0,30,0,10,-5,C♯/D♭,4,4hBJ3HHSLgaKcMOxWxrKm0,"Hollywood Records",USHR11436038,no
770,"攻響組曲　DEVIL　第一楽章: D-Evil","Sawano Hiroyuki",100,6A,83,2026-09-02,04:58,16,"anime, soundtrack","Pop, Classical, Easy Listening","青の祓魔師 京都不浄王篇 オリジナル・サウンドトラック",2011-00-00,57,12,85,24,0,10,-10,G minor,4,6TCb5GCBBoqFtTrYHUgoYf,"Aniplex Inc.",JPE301101085,no
771,"phosphorus十snowman2","Sawano Hiroyuki",144,9B,56,2026-09-02,01:57,8,"anime, soundtrack","Pop, Classical, Easy Listening","青の祓魔師 京都不浄王篇 オリジナル・サウンドトラック",2011-00-00,54,0,94,38,0,0,-8,G,4,062LFd1D6aTFny6Z7BRljI,"Aniplex Inc.",JPE301601186,no
772,"BLUe-eXOSUiTe-toKYOto-仁","Sawano Hiroyuki",80,3A,68,2026-09-02,05:59,16,"anime, soundtrack","Pop, Classical, Easy Listening","青の祓魔師 京都不浄王篇 オリジナル・サウンドトラック",2011-00-00,45,2,81,13,0,10,-9,A#/B♭ minor,4,7seZ0yw03TKLMIApsykrBd,"Aniplex Inc.",JPE301601178,no
773,"Hot Stuff","The Troggs",111,9B,85,2026-09-02,04:01,10,"proto-punk","","Athens Andover",1992-00-00,65,57,1,79,0,50,-7,G,4,6pHjvrYdzhLHEEEUrZS7Xn,"Page One",DESK99290011,no
774,"Suspicious","The Troggs",107,11B,67,2026-09-02,04:22,1,"proto-punk","","Athens Andover",1992-00-00,88,20,0,97,0,10,-11,A,4,3XwzZAXHcJxCXNzfaBOXke,"Page One",DESK99290010,no
775,"Nowhere Road","The Troggs",116,12B,43,2026-09-02,04:44,11,"proto-punk","","Athens Andover",1992-00-00,76,39,0,92,0,0,-14,E,4,3sO6k7Av8hrvRtf2LYX5F2,"Page One",DESK99290005,no
776,"妖刀『心渡』","物語シリーズ",87,10A,1,2026-09-02,01:06,5,"anime, j-pop","Pop","Nekomonogatari (Kuro) Gekihanongakushu [Original Soundtrack]",2018-11-02,31,23,10,4,0,10,-14,B minor,3,3hANQTKAxOUA8hWSXfTpnb,"Aniplex Inc.",JPE301300100,no
777,"約束","物語シリーズ",142,5A,61,2026-09-02,01:24,14,"anime, j-pop","Pop","Nekomonogatari (Kuro) Gekihanongakushu [Original Soundtrack]",2018-11-02,69,99,95,4,0,10,-13,C minor,3,5BemVgaLfqLj1KjVnmTzMt,"Aniplex Inc.",JPE301300090,no
778,"月火ちゃん","物語シリーズ",125,9A,83,2026-09-02,02:20,6,"anime, j-pop","Pop","Nekomonogatari (Kuro) Gekihanongakushu [Original Soundtrack]",2018-11-02,81,8,84,73,10,0,-10,E minor,4,0tt9rrR58n78jAKXKY3EnM,"Aniplex Inc.",JPE301300086,no
779,"タッチならぬキャッチ","物語シリーズ",112,4B,48,2026-09-02,01:17,5,"anime, j-pop","Pop","Nekomonogatari (Kuro) Gekihanongakushu [Original Soundtrack]",2018-11-02,80,43,92,17,10,0,-13,G#/A♭,4,027KFU68Q0tdjS8YavVo7t,"Aniplex Inc.",JPE301300085,no
780,"Digital","Imagine Dragons",167,9B,89,2026-09-02,03:21,53,"modern rock, pop, rock","Rock, Pop","Origins (Deluxe)",2018-11-09,49,0,0,38,10,10,-5,G,4,4qhDA6s0MkD5XpDqGLHIEY,"Kid Ina Korner / Interscope",USUM71816164,no
781,"Fix Me Up (with Sabrina Carpenter)","Fin Argus, Sabrina Carpenter",126,11A,42,2026-09-02,04:37,44,"pop","Pop","CLOUDS (Music From The Disney+ Original Movie)",2020-10-16,40,73,0,14,0,10,-9,F#/G♭ minor,4,3tlYKGhlexHCt8Ac5pYG49,"Wayfarer Studios/Interscope Records",USUG12003842,no
782,"TAKE A DARE","Sawano Hiroyuki",152,9B,41,2026-09-02,03:14,0,"anime, soundtrack","Pop, Classical, Easy Listening","日本テレビ系火曜ドラマ「貧乏男子」オリジナル・サウンドトラック",2008-02-27,69,1,84,7,0,0,-12,G,4,3aUOgBWre4qULsNpq0kgR0,"VAP",JPVP00801617,no
783,"A.I.R-K.I.C.K.-Y.A.H.!!","Sawano Hiroyuki",130,3A,88,2026-09-02,02:53,0,"anime, soundtrack","Pop, Classical, Easy Listening","日本テレビ系火曜ドラマ「貧乏男子」オリジナル・サウンドトラック",2008-02-27,65,0,77,74,0,30,-9,A#/B♭ minor,4,1Os0uNgF2sNYM2lPK9TfvI,"VAP",JPVP00801612,no
784,"SONIC BOOM","Sawano Hiroyuki",100,10B,92,2026-09-02,02:54,0,"anime, soundtrack","Pop, Classical, Easy Listening","日本テレビ系火曜ドラマ「貧乏男子」オリジナル・サウンドトラック",2008-02-27,53,0,86,36,0,30,-6,D,4,2I98j6VlPZH8UZZkPqKCHO,"VAP",JPVP00801611,no
785,"DECISION","Sawano Hiroyuki",100,9A,77,2026-09-02,03:37,0,"anime, soundtrack","Pop, Classical, Easy Listening","日本テレビ系火曜ドラマ「貧乏男子」オリジナル・サウンドトラック",2008-02-27,49,0,90,45,0,10,-8,E minor,4,4ieSVo2ZCPJFMdvBmeCVUE,"VAP",JPVP00801609,no
786,"OmuOmu Theme","Sawano Hiroyuki",172,3B,55,2026-09-02,03:43,0,"anime, soundtrack","Pop, Classical, Easy Listening","日本テレビ系火曜ドラマ「貧乏男子」オリジナル・サウンドトラック",2008-02-27,59,3,33,21,0,0,-8,C♯/D♭,4,7zgiagi66sd4e4NUA0FaKV,"VAP",JPVP00801606,no
787,"Maybe The Madman","The Troggs",61,1B,70,2026-09-02,02:13,7,"proto-punk","","Hit Single Anthology",1991-04-29,37,3,17,41,10,20,-12,B,4,0SLNNN72cSXQlpML5PQzb8,"UMC (Universal Music Catalogue)",GBF080300508,no
788,"As I Ride By","The Troggs",112,11B,81,2026-09-02,02:01,5,"proto-punk","","Hit Single Anthology",1991-04-29,71,53,0,71,10,0,-12,A,4,2JVuir5SpOkJaIUPBMiVVM,"UMC (Universal Music Catalogue)",GBF080300505,no
789,"適材適所","物語シリーズ",75,7A,15,2026-09-02,03:51,9,"anime, j-pop","Pop","Koimonogatari Gekihanongakushu (Original Soundtrack)",2018-11-02,17,79,72,4,0,10,-20,D minor,4,2wWWJJmrBNFsxTGqbM3Yjd,"Aniplex Inc.",JPE301400445,no
790,"フェイント","物語シリーズ",187,9B,23,2026-09-02,03:10,17,"anime, j-pop","Pop","Koimonogatari Gekihanongakushu (Original Soundtrack)",2018-11-02,23,95,93,7,0,0,-17,G,4,1vnVOqx2yug1qIuUUzFvl5,"Aniplex Inc.",JPE301400442,no
791,"I Don’t Know Why","Imagine Dragons",121,10B,64,2026-09-02,03:10,63,"modern rock, pop, rock","Rock, Pop","Evolve",2017-06-23,72,1,0,7,0,10,-7,D,4,28heol5hhOGj6KYbJrRteJ,"Kid Ina Korner / Interscope",USUM71704691,no
792,"I'm Fakin","Sabrina Carpenter",160,12A,83,2026-09-02,02:55,50,"pop","Pop","Singular Act II",2019-07-19,73,9,0,51,0,0,-3,C♯/D♭ minor,4,62dMfMIAoHZcu3ne9Ie3RE,"Hollywood Records",USHR11838869,no
793,"Pushing 20","Sabrina Carpenter",151,8B,81,2026-09-02,02:46,57,"pop","Pop","Singular Act II",2019-07-19,63,17,0,62,30,10,-3,C,4,1xMHC2XPuDyBWU1ULY7eMA,"Hollywood Records",USHR11939071,no
794,"交狂詩 GeHeNa　第一楽章: Mephistopheles","Sawano Hiroyuki",194,9A,86,2026-09-02,05:42,12,"anime, soundtrack","Pop, Classical, Easy Listening","青の祓魔師 Plugless",2011-00-00,42,1,81,12,0,20,-8,E minor,4,10vDKIPFqGTLzny5bGLbve,"Aniplex Inc.",JPE301101093,no
795,"IiMuRoYa-$.feat 3rd-Mov.：HEiW@→KiZUN@","Sawano Hiroyuki",79,9B,27,2026-09-02,04:13,17,"anime, soundtrack","Pop, Classical, Easy Listening","青の祓魔師 Plugless",2011-00-00,10,83,79,5,0,10,-12,G,3,4yOaxp7nUssJFcFNjiOaZD,"Aniplex Inc.",JPE301102627,no
796,"祓魔師強奏曲　第四楽章: D＋T","Sawano Hiroyuki",125,9B,92,2026-09-02,04:52,18,"anime, soundtrack","Pop, Classical, Easy Listening","青の祓魔師 Plugless",2011-00-00,57,0,90,26,0,30,-7,G,4,6ne0NAPeulldjsVLbs0I6l,"Aniplex Inc.",JPE301101084,no
797,"My☆ <Un-Pluglessです>","Sawano Hiroyuki",100,4B,81,2026-09-02,04:14,9,"anime, soundtrack","Pop, Classical, Easy Listening","青の祓魔師 Plugless",2011-00-00,69,24,17,87,0,20,-8,G#/A♭,4,6MT7ldqindV1wJOGnKII4Y,"Aniplex Inc.",JPE301301938,no
798,"D-Evil <正10時楽団 Played>","Sawano Hiroyuki",100,6A,61,2026-09-02,05:03,10,"anime, soundtrack","Pop, Classical, Easy Listening","青の祓魔師 Plugless",2011-00-00,61,17,77,36,0,10,-11,G minor,4,7fpLAv3OZRjujwhvEebIkh,"Aniplex Inc.",JPE301301936,no
799,"Love is all around","The Troggs",94,10B,30,2026-09-02,03:24,18,"proto-punk","","Au",1989-00-00,62,29,45,68,0,0,-17,D,4,7f2wFlQy050aOCq0DrPntu,"New Rose",DESK99290208,no
800,"ただのお願い","物語シリーズ",145,11B,20,2026-09-02,01:56,9,"anime, j-pop","Pop","Kabukimonogatari Gekihanongakushu (Original Soundtrack)",2018-11-02,13,98,87,3,0,10,-17,A,3,7xDInpTUPc3ohznQwBNX4p,"Aniplex Inc.",JPE301303018,no
801,"手紙（傾物語）","物語シリーズ",97,9A,37,2026-09-02,03:05,13,"anime, j-pop","Pop","Kabukimonogatari Gekihanongakushu (Original Soundtrack)",2018-11-02,65,66,91,16,0,10,-11,E minor,3,4i7C642nwrzizF07qqMCtu,"Aniplex Inc.",JPE301303014,no
802,"廃墟の町","物語シリーズ",68,12B,9,2026-09-02,02:20,5,"anime, j-pop","Pop","Kabukimonogatari Gekihanongakushu (Original Soundtrack)",2018-11-02,15,72,93,3,0,0,-25,E,4,3zSGE7XgabQalior8ccB0e,"Aniplex Inc.",JPE301303011,no
803,"生まれ変わり","物語シリーズ",140,5A,8,2026-09-02,02:21,10,"anime, j-pop","Pop","Kabukimonogatari Gekihanongakushu (Original Soundtrack)",2018-11-02,49,97,7,11,0,0,-18,C minor,5,4PPbOPm2QDLcQS69WRx7Fq,"Aniplex Inc.",JPE301303008,no
804,"違和感","物語シリーズ",75,10A,45,2026-09-02,02:59,6,"anime, j-pop","Pop","Kabukimonogatari Gekihanongakushu (Original Soundtrack)",2018-11-02,79,36,11,4,40,0,-11,B minor,4,0eLtTdwNCfYJtEPzGUCjCU,"Aniplex Inc.",JPE301303007,no
805,"Second Chances","Imagine Dragons",171,6B,57,2026-09-02,03:37,40,"modern rock, pop, rock","Rock, Pop","Smoke + Mirrors (Deluxe)",2015-10-23,40,17,1,36,0,10,-9,A#/B♭,3,4MwJiGr3drOvyYvbjgXPCW,"Kid Ina Korner / Interscope",USUM71417943,no
806,"The Fall","Imagine Dragons",120,8B,41,2026-09-02,06:02,41,"modern rock, pop, rock","Rock, Pop","Smoke + Mirrors (Deluxe)",2015-10-23,30,49,4,5,0,10,-10,C,4,6PZ2TaWkJBwlD1QxenOtpq,"Kid Ina Korner / Interscope",USUM71417939,no
807,"Summer","Imagine Dragons",109,11B,82,2026-09-02,03:38,41,"modern rock, pop, rock","Rock, Pop","Smoke + Mirrors (Deluxe)",2015-10-23,54,1,10,62,0,10,-7,A,3,1AZY4tKB3obBrQHVz0feOf,"Kid Ina Korner / Interscope",USUM71417936,no
808,"Gold","Imagine Dragons",165,8A,46,2026-09-02,03:36,50,"modern rock, pop, rock","Rock, Pop","Smoke + Mirrors (Deluxe)",2015-10-23,24,8,1,26,0,0,-7,A minor,3,4IMMdhs18OjvvhDok5mJxW,"Kid Ina Korner / Interscope",USUM71417914,no
809,"bullet (Slushii Remix)","Cö shu Nie",172,12A,94,2026-09-02,03:40,0,"anime, j-rock, j-pop","Pop, Rock","bullet (Slushii Remix)",2019-11-15,55,15,0,22,10,10,-2,C♯/D♭ minor,4,5v26p5syXWqOpAWNzQlZ2E,"NITRON concepts",JPU901902651,no
810,"asura","Cö shu Nie",175,9B,91,2026-09-02,01:34,36,"anime, j-rock, j-pop","Pop, Rock","Aurora",2018-10-24,16,2,0,53,20,30,-3,G,4,5b6analpmkIZMXoaDpGrNU,"Sony Music Labels Inc.",JPU901803193,no
811,"PERSON.","Cö shu Nie",123,4A,91,2026-09-02,03:55,34,"anime, j-rock, j-pop","Pop, Rock","asphyxia",2018-06-01,46,2,0,47,0,50,-4,F minor,4,7l2pOZ1PkBLWWMe65OlRso,"Sony Music Labels Inc.",JPU901801200,no
812,"Hold Tight","Sabrina Carpenter, UHMEER",136,2B,38,2026-09-02,02:55,48,"pop, indie hip hop","Hip Hop, Rock, Pop","Singular Act I",2018-11-09,58,13,0,39,20,20,-9,F#/G♭,4,72DnQlaqdNhz9QJZXfYe6L,"Hollywood Records",USHR11838867,no
813,"Licht Meer","Sawano Hiroyuki",88,7B,18,2026-09-02,03:28,19,"anime, soundtrack","Pop, Classical, Easy Listening","MOBILE SUIT GUNDAM UNICORN Original Motion Picture Soundtrack 1",2010-09-09,10,96,81,4,0,10,-19,F,4,3fjgRBTFvuk4aPG0TWwYUw,"SUNRISE Music Label",JPP301000083,no
814,"The Distant Past","Sawano Hiroyuki",67,8A,13,2026-09-02,02:53,16,"anime, soundtrack","Pop, Classical, Easy Listening","MOBILE SUIT GUNDAM UNICORN Original Motion Picture Soundtrack 1",2010-09-09,39,79,51,14,0,30,-21,A minor,4,08QRO7IDE0iBVVIjKaZtZN,"SUNRISE Music Label",JPP301000078,no
815,"Inequality - A Cloud of War","Sawano Hiroyuki",140,8B,62,2026-09-02,04:15,18,"anime, soundtrack","Pop, Classical, Easy Listening","MOBILE SUIT GUNDAM UNICORN Original Motion Picture Soundtrack 1",2010-09-09,52,0,82,31,0,10,-14,C,4,6OGuTR0cOlYGPvvriaSWpL,"SUNRISE Music Label",JPP301000075,no
816,"E.F.S.F","Sawano Hiroyuki",140,5A,75,2026-09-02,02:21,24,"anime, soundtrack","Pop, Classical, Easy Listening","MOBILE SUIT GUNDAM UNICORN Original Motion Picture Soundtrack 1",2010-09-09,58,17,80,31,0,10,-14,C minor,4,6xxHxnpW0c8asP02noKqsV,"SUNRISE Music Label",JPP301000070,no
817,"The Univers","Sawano Hiroyuki",66,8A,9,2026-09-02,04:22,24,"anime, soundtrack","Pop, Classical, Easy Listening","MOBILE SUIT GUNDAM UNICORN Original Motion Picture Soundtrack 1",2010-09-09,28,84,89,6,0,0,-18,A minor,4,3wKeGDfk7cFouP3QK81PwZ,"SUNRISE Music Label",JPP301000063,no
818,"After the Rain","The Troggs",115,11B,52,2026-09-02,02:50,6,"proto-punk","","The Trogg Tapes",1976-04-08,62,10,0,78,0,0,-13,A,4,4FH8W3kc28oSvn3ytU4Kzz,"Private Stock Records",QM6MZ2175747,no
819,"Supergirl","The Troggs",125,10B,78,2026-09-02,02:40,2,"proto-punk","","The Trogg Tapes",1976-04-08,64,11,43,89,10,30,-11,D,4,4PUESp1KcWHmrysqnabaDd,"Private Stock Records",QM6MZ2175744,no
820,"障り猫","物語シリーズ",100,3B,77,2026-09-02,02:34,16,"anime, j-pop","Pop","Bakemonogatari Gekihanongakushu (Original Soundtrack)",2018-11-02,68,0,66,40,0,0,-8,C♯/D♭,4,3e8O76ASG3nbzGv1lvyVVQ,"Aniplex Inc.",JPE301103705,no
821,"色ボケ猫","物語シリーズ",140,8B,88,2026-09-02,02:46,23,"anime, j-pop","Pop","Bakemonogatari Gekihanongakushu (Original Soundtrack)",2018-11-02,61,2,88,7,0,10,-6,C,4,1NrOlHEvl5mW5JeNUqqWN1,"Aniplex Inc.",JPE301001708,no
822,"蛇切縄","物語シリーズ",130,6B,69,2026-09-02,02:04,10,"anime, j-pop","Pop","Bakemonogatari Gekihanongakushu (Original Soundtrack)",2018-11-02,43,16,48,4,0,0,-10,A#/B♭,4,3C2ofhJAhfUQEP7NSflGYa,"Aniplex Inc.",JPE301103700,no
823,"レイニー・デヴィル","物語シリーズ",146,8B,93,2026-09-02,01:40,24,"anime, j-pop","Pop","Bakemonogatari Gekihanongakushu (Original Soundtrack)",2018-11-02,72,26,78,59,0,10,-8,C,4,4GfZoU6lGyoJe0Eqni1vkM,"Aniplex Inc.",JPE301103695,no
824,"神原駿河の場合〜着衣","物語シリーズ",128,12A,47,2026-09-02,01:53,11,"anime, j-pop","Pop","Bakemonogatari Gekihanongakushu (Original Soundtrack)",2018-11-02,93,0,95,67,0,0,-8,C♯/D♭ minor,1,2yuaQTrKHoQWY654B8g8Rd,"Aniplex Inc.",JPE301103694,no
825,"渦","物語シリーズ",67,5A,77,2026-09-02,01:31,14,"anime, j-pop","Pop","Bakemonogatari Gekihanongakushu (Original Soundtrack)",2018-11-02,50,99,86,17,0,10,-13,C minor,4,3S4asFYqtBTBVHefWssDNY,"Aniplex Inc.",JPE301103687,no
826,"戯言","物語シリーズ",95,1A,95,2026-09-02,02:37,15,"anime, j-pop","Pop","Bakemonogatari Gekihanongakushu (Original Soundtrack)",2018-11-02,75,40,91,85,0,0,-12,G#/A♭ minor,4,1SILpe6x1XMgOt0Rpfz1Tz,"Aniplex Inc.",JPE301000048,no
827,"吹き溜まり","物語シリーズ",70,12B,5,2026-09-02,02:34,14,"anime, j-pop","Pop","Bakemonogatari Gekihanongakushu (Original Soundtrack)",2018-11-02,50,100,73,24,0,10,-14,E,5,5J2YqT248M6Co8P9xTaNxj,"Aniplex Inc.",JPE301103673,no
828,"浄化","物語シリーズ",76,10B,24,2026-09-02,01:52,17,"anime, j-pop","Pop","Bakemonogatari Gekihanongakushu (Original Soundtrack)",2018-11-02,66,87,92,4,10,10,-19,D,4,2BTRpuy7IWYnUEkU03hYOL,"Aniplex Inc.",JPE301103668,no
829,"結界","物語シリーズ",165,11B,1,2026-09-02,01:37,15,"anime, j-pop","Pop","Bakemonogatari Gekihanongakushu (Original Soundtrack)",2018-11-02,31,30,27,3,0,10,-22,A,5,0D10mEfrzhlTwDNNWQF59p,"Aniplex Inc.",JPE301103666,no
830,"神域","物語シリーズ",60,8A,34,2026-09-02,01:58,22,"anime, j-pop","Pop","Bakemonogatari Gekihanongakushu (Original Soundtrack)",2018-11-02,27,84,94,15,0,30,-11,A minor,3,19pUY2gihl3Lk0mdpVYg6p,"Aniplex Inc.",JPE301000051,no
831,"戦争","物語シリーズ",125,8A,86,2026-09-02,01:44,14,"anime, j-pop","Pop","Bakemonogatari Gekihanongakushu (Original Soundtrack)",2018-11-02,46,0,86,32,0,20,-9,A minor,4,2IJaC9IRv2ttJeJuRFEmKB,"Aniplex Inc.",JPE301000046,no
832,"Mercedes Benz (with The Full Tilt Boogie Band)","Janis Joplin, The Full Tilt Boogie Band",87,3A,12,2026-09-02,01:39,28,"classic rock, psychedelic rock, acid rock","Rock","Janis",1974-10-18,67,92,0,52,50,0,-14,A#/B♭ minor,4,0MZME3VSCAqDOAUc0LLZsi,"Columbia/Legacy",USSM10411864,no
833,"America","Imagine Dragons",113,8B,54,2026-09-02,04:32,42,"modern rock, pop, rock","Rock, Pop","Night Visions (Deluxe)",2012-09-04,57,0,7,9,0,10,-8,C,4,3e4pzgxpqCs8qtwlUexOvy,"Kid Ina Korner / Interscope",USUM71300180,no
834,"フラッシュバック","Cö shu Nie",170,2A,96,2026-09-02,03:19,31,"anime, j-rock, j-pop","Pop, Rock","OVERKILL",2018-00-00,24,0,0,26,10,20,-3,D#/E♭ minor,4,1sKocvXzzPUEXqNXUSrMei,"Sony Music Labels Inc.",JPU901803198,no
835,"butterfly addiction","Cö shu Nie",140,8B,90,2026-09-02,03:39,0,"anime, j-rock, j-pop","Pop, Rock","butterfly addiction",2018-00-00,62,1,0,51,0,10,-3,C,4,0nLLAshbwaKszdWDmbmHQb,"Sony Music Labels Inc.",JPU901803197,no
836,"Mirage","Sabrina Carpenter",102,8A,58,2026-09-02,03:25,46,"pop","Pop","EVOLution",2016-10-14,64,21,2,20,0,0,-10,A minor,4,1PnDrmc20HzbzfqVA53iYD,"Hollywood Records",USHR11637549,no
837,"STRATAGEM→Armor-Clad Warrior","Sawano Hiroyuki",144,8A,74,2026-09-02,04:10,3,"anime, soundtrack","Pop, Classical, Easy Listening","「戦国BASARA弐」音楽絵巻 弐 ～乱世、再び！～",2010-09-01,61,14,61,59,0,10,-12,A minor,4,3PMYLUVGrVeeiMkzPnk3Mt,"FlyingDog",JPG751000522,no
838,"the back of the DR@GON","Sawano Hiroyuki",127,9A,95,2026-09-02,02:18,8,"anime, soundtrack","Pop, Classical, Easy Listening","「戦国BASARA弐」音楽絵巻 弐 ～乱世、再び！～",2010-09-01,53,0,89,19,0,30,-5,E minor,4,5hQpvGcDrs3t4EGHaKYtFG,"FlyingDog",JPG751000512,no
839,"the Edge oF a §WORD","Sawano Hiroyuki",96,12B,75,2026-09-02,03:34,11,"anime, soundtrack","Pop, Classical, Easy Listening","「戦国BASARA弐」音楽絵巻 弐 ～乱世、再び！～",2010-09-01,52,2,82,33,0,10,-8,E,4,0ZBDzsKwTYISSeJBSZXYSn,"FlyingDog",JPG751000508,no
840,"Cousin Jane","The Troggs",87,8B,17,2026-09-02,02:23,11,"proto-punk","","Trogglodynamite",1967-02-10,45,77,0,21,10,30,-15,C,4,3pfDG2qv66IM7cK8GGmftK,"UMC (Universal Music Catalogue)",GBF080300564,no
841,"Meet Jaсqueline","The Troggs",108,10B,91,2026-09-02,02:14,5,"proto-punk","","Trogglodynamite",1967-02-10,82,36,0,80,10,0,-8,D,4,4eqWIAQH4UOoMNgcqckUr1,"UMC (Universal Music Catalogue)",GBUM71905496,no
842,"沼地の人生","物語シリーズ",80,4A,23,2026-09-02,01:25,11,"anime, j-pop","Pop","Hanamonogatari Gekihanongakushu (Original Soundtrack)",2018-11-02,56,99,97,4,0,10,-17,F minor,4,1ZN6ebHJ7dP2ZlqJUAn648,"Aniplex Inc.",JPE301401030,no
843,"ナンバーゼロイチ","物語シリーズ",110,4A,26,2026-09-02,04:29,6,"anime, j-pop","Pop","Hanamonogatari Gekihanongakushu (Original Soundtrack)",2018-11-02,95,98,87,29,0,10,-19,F minor,4,1Sco68kySQ6OSrp3UXszds,"Aniplex Inc.",JPE301401029,no
844,"ひたむきな気概","物語シリーズ",144,7A,10,2026-09-02,02:39,17,"anime, j-pop","Pop","Hanamonogatari Gekihanongakushu (Original Soundtrack)",2018-11-02,39,98,85,15,0,0,-18,D minor,4,3BzOylDlpS4aDWgEAObbGZ,"Aniplex Inc.",JPE301400843,no
845,"戸惑う気持ち","物語シリーズ",78,11B,1,2026-09-02,02:40,16,"anime, j-pop","Pop","Hanamonogatari Gekihanongakushu (Original Soundtrack)",2018-11-02,38,96,3,4,0,0,-16,A,4,5LwXvMQbVI1uRQdsOvIyeO,"Aniplex Inc.",JPE301400836,no
846,"茶髪の悪魔","物語シリーズ",79,9B,15,2026-09-02,03:01,6,"anime, j-pop","Pop","Hanamonogatari Gekihanongakushu (Original Soundtrack)",2018-11-02,17,91,44,3,0,20,-17,G,1,7CbQ010ZgjiTdTSP2regIY,"Aniplex Inc.",JPE301400832,no
847,"Get It While You Can","Janis Joplin",147,7B,44,2026-09-02,03:23,48,"classic rock, psychedelic rock, acid rock","Rock","Pearl (Legacy Edition)",1971-01-11,39,58,0,35,0,10,-10,F,3,3dOfHE5J4Qsj1hJ35vnfn4,"Columbia/Legacy",USSM17000793,no
848,"A Woman Left Lonely","Janis Joplin",150,6B,40,2026-09-02,03:29,45,"classic rock, psychedelic rock, acid rock","Rock","Pearl (Legacy Edition)",1971-01-11,33,81,0,24,0,10,-11,A#/B♭,4,5NXI6TWg0mQRmbGPHzkoHk,"Columbia/Legacy",USSM17000786,no
849,"Cha-Ching (Till We Grow Older)","Imagine Dragons",130,9B,87,2026-09-02,04:09,46,"modern rock, pop, rock","Rock, Pop","Night Visions",2012-09-04,51,0,0,11,0,0,-6,G,4,6AynCuiHTQuVMYN2re6jcS,"Kid Ina Korner / Interscope",USUM71208873,no
850,"Every Night","Imagine Dragons",140,8B,60,2026-09-02,03:37,46,"modern rock, pop, rock","Rock, Pop","Night Visions",2012-09-04,45,5,0,42,0,10,-7,C,4,5raubQ8TVZTJO1PFs2bpwq,"Kid Ina Korner / Interscope",USUM71208570,no
851,"サイコプール≒レゴプール","Cö shu Nie",110,7B,79,2026-09-02,03:37,27,"anime, j-rock, j-pop","Pop, Rock","PURE",2019-12-11,58,2,0,47,0,30,-7,F,4,0FKUaGu5qUXYRZA2JdwyMx,"Sony Music Labels Inc.",JPU901901757,no
852,"who are you?","Cö shu Nie",120,4B,73,2026-09-02,01:20,31,"anime, j-rock, j-pop","Pop, Rock","PURE",2019-12-11,62,4,68,39,0,30,-9,G#/A♭,4,4DkSa5Jr60YkusYzvkXTDF,"Sony Music Labels Inc.",JPU901902481,no
853,"We'll Be The Stars","Sabrina Carpenter",83,7B,51,2026-09-02,03:06,50,"pop","Pop","Eyes Wide Open",2015-04-10,56,1,0,43,0,10,-5,F,4,7lqkNvVxJdYDCSAwSJNzHs,"Hollywood Records",USHR11435915,no
854,"Scheusal","Sawano Hiroyuki",172,10A,88,2026-09-02,04:42,1,"anime, soundtrack","Pop, Classical, Easy Listening","映画「彼岸島」オリジナル・サウンドトラック",2010-01-06,48,6,65,24,10,0,-9,B minor,4,73HRGD5FvQwme7Hw4pH8Cc,"EMI MUSIC JAPAN INC.",JPTO00902793,no
855,"infection","Sawano Hiroyuki",138,9B,57,2026-09-02,02:17,0,"anime, soundtrack","Pop, Classical, Easy Listening","映画「彼岸島」オリジナル・サウンドトラック",2010-01-06,47,21,12,23,10,10,-15,G,4,6ksxLW7gCxYRB7vGRHIRO2,"EMI MUSIC JAPAN INC.",JPTO00902790,no
856,"MIYABI Castle","Sawano Hiroyuki",0,9B,0,2026-09-02,00:16,0,"anime, soundtrack","Pop, Classical, Easy Listening","映画「彼岸島」オリジナル・サウンドトラック",2010-01-06,0,48,44,0,0,10,-13,G,0,1yl7DMVmjKTLJhydKHWVgd,"EMI MUSIC JAPAN INC.",JPTO00902785,no
857,"Maruta de DON!!","Sawano Hiroyuki",134,6B,78,2026-09-02,01:59,0,"anime, soundtrack","Pop, Classical, Easy Listening","映画「彼岸島」オリジナル・サウンドトラック",2010-01-06,57,13,84,27,0,10,-13,A#/B♭,4,6gftESw85ITnn4CtwTxxHM,"EMI MUSIC JAPAN INC.",JPTO00902778,no
858,"VAMPIRE","Sawano Hiroyuki",110,9B,80,2026-09-02,03:03,0,"anime, soundtrack","Pop, Classical, Easy Listening","映画「彼岸島」オリジナル・サウンドトラック",2010-01-06,58,0,70,15,0,30,-11,G,4,41L4EetmW2TCWFm8NF3ANv,"EMI MUSIC JAPAN INC.",JPTO00902777,no
859,"Night Of The Long Grass","The Troggs",130,1B,71,2026-09-02,03:05,26,"proto-punk","","From Nowhere",1966-07-25,72,31,0,92,0,10,-12,B,4,0ggxxj29FOdmRD0Gn5QRTJ,"UMC (Universal Music Catalogue)",GBF086700003,no
860,"Jingle Jangle","The Troggs",108,11A,60,2026-09-02,02:29,16,"proto-punk","","From Nowhere",1966-07-25,30,40,7,61,0,30,-11,F#/G♭ minor,4,0B6mcYvOHeIdXn8W8spv2y,"UMC (Universal Music Catalogue)",GBF086600759,no
861,"断言","物語シリーズ",158,9B,4,2026-09-02,01:40,9,"anime, j-pop","Pop","Onimonogatari Gekihanongakushu (Original Soundtrack)",2018-11-02,54,75,88,26,40,0,-16,G,3,10gtKE5oecuhKamHGc5al4,"Aniplex Inc.",JPE301400386,no
862,"赤信号","物語シリーズ",73,3B,22,2026-09-02,00:17,0,"anime, j-pop","Pop","Onimonogatari Gekihanongakushu (Original Soundtrack)",2018-11-02,44,93,87,0,0,10,-14,C♯/D♭,3,1dwV5tllNl2teV3XDQegib,"Aniplex Inc.",JPE301400375,no
863,"I Need a Man to Love","Big Brother & The Holding Company, Janis Joplin",183,9A,69,2026-09-02,04:55,49,"psychedelic rock, acid rock, classic rock","Rock","Cheap Thrills",1968-08-12,31,8,0,69,0,20,-11,E minor,4,5Z27tZEeC8WBiQvoDpx1Sw,"Columbia/Legacy",USSM16801239,no
864,"The Last Time - Single Version","Big Brother & The Holding Company, Janis Joplin",167,3A,69,2026-09-02,02:13,24,"psychedelic rock, acid rock, classic rock","Rock","Big Brother & The Holding Company",1967-00-00,52,65,0,65,40,20,-9,A#/B♭ minor,4,25aLSQIhkOi9zjViAlKBfQ,"Columbia/Legacy",USSM16601330,no
865,"Call On Me","Big Brother & The Holding Company, Janis Joplin",101,12B,36,2026-09-02,02:36,52,"psychedelic rock, acid rock, classic rock","Rock","Big Brother & The Holding Company",1967-00-00,59,53,0,62,0,30,-11,E,3,4HljoGSCvaFsesUZWpb2mK,"Columbia/Legacy",USSM16601333,no
866,"Ballad Of The Boy In The Red Shoes","Elton John",126,4B,71,2026-09-02,04:51,29,"glam rock, mellow gold, piano rock, rock","Rock","Songs From The West Coast (Expanded Edition)",2001-10-01,61,9,0,57,0,10,-6,G#/A♭,4,56Jp9FRrfp3MlGAjizURPY,"EMI",GBF080100300,no
867,"Man","Elton John",130,8B,45,2026-09-02,05:15,30,"glam rock, mellow gold, piano rock, rock","Rock","Made In England",1995-03-17,55,8,0,19,0,30,-10,C,4,52ozps7IMG9Xf38mRNBOEu,"EMI",GBAMS9400010,no
868,"Planes","Elton John",146,9B,30,2026-09-02,04:14,9,"glam rock, mellow gold, piano rock, rock","Rock","Rare Masters",1992-10-20,64,61,0,59,0,10,-16,G,4,3W6PJ1BNaJfEL18sFbj2Rt,"UMC (Universal Music Catalogue)",GBF089200632,no
869,"The North","Elton John",74,8B,47,2026-09-02,05:15,33,"glam rock, mellow gold, piano rock, rock","Rock","The One",1992-06-22,52,4,1,28,0,10,-12,C,4,4l1wkdNUNjEzUerp34s51F,"EMI",GBALX9200194,no
870,"Stone's Throw From Hurtin'","Elton John",139,4A,53,2026-09-02,04:44,29,"glam rock, mellow gold, piano rock, rock","Rock","Sleeping With The Past (Remastered with bonus tracks)",1989-08-29,78,5,0,67,0,0,-12,F minor,4,1MFXJPUz79xxyaxvvg6Q6U,"Mercury Records Limited",GBALX8900107,no
871,"Shine On Through","Elton John",177,5B,33,2026-09-02,07:44,17,"glam rock, mellow gold, piano rock, rock","Rock","The Complete Thom Bell Sessions",1989-02,38,75,0,38,0,0,-17,D#/E♭,4,42vnYEEJ1688pX0CFw1fAf,"EMI",GBF087900797,no
872,"Country Love Song","Elton John",100,9B,48,2026-09-02,05:02,18,"glam rock, mellow gold, piano rock, rock","Rock","The Complete Thom Bell Sessions",1989-02,75,63,0,89,0,20,-14,G,4,7imzMq0CvOH1goYZIJ762z,"EMI",GBF087900794,no
873,"Nice And Slow","Elton John",121,6B,63,2026-09-02,04:40,18,"glam rock, mellow gold, piano rock, rock","Rock","The Complete Thom Bell Sessions",1989-02,78,51,0,88,0,0,-13,A#/B♭,4,0ThIeJpqmnxAb9XvWlSIjO,"EMI",GBF087900793,no
874,"Since God Invented Girls","Elton John",68,4B,49,2026-09-02,04:54,17,"glam rock, mellow gold, piano rock, rock","Rock","Reg Strikes Back",1988-06-24,50,33,0,10,0,10,-10,G#/A♭,4,0agGbBdOQuH2qIsVzL6Hao,"EMI",GBAMS8800010,no
875,"Poor Cow","Elton John",133,5A,82,2026-09-02,03:50,18,"glam rock, mellow gold, piano rock, rock","Rock","Reg Strikes Back",1988-06-24,72,3,0,68,0,10,-8,C minor,4,4V40bM8dzQLOVZvuZ7DCmk,"EMI",GBAMS8800009,no
876,"Too Young","Elton John",75,10B,50,2026-09-02,05:12,28,"glam rock, mellow gold, piano rock, rock","Rock","Ice On Fire",1985-11-07,58,1,0,28,0,30,-10,D,4,0qhvN2SrAlcYSROyiwVnqZ,"EMI",GBAMS8500192,no
877,"Passengers","Elton John",121,8B,50,2026-09-02,03:23,42,"glam rock, mellow gold, piano rock, rock","Rock","Breaking Hearts",1984-07-09,70,33,0,94,0,10,-13,C,4,6niv4soAj768tiJdXoauyg,"UMC (Universal Music Catalogue)",GBALX0080005,no
878,"Saint","Elton John",85,5B,45,2026-09-02,05:20,31,"glam rock, mellow gold, piano rock, rock","Rock","Too Low For Zero",1983-05-30,29,23,1,13,0,10,-9,D#/E♭,4,5jpmtUd2KEApQdmIPrCNIw,"EMI",GBALX8300196,no
879,"Johnny B. Goode","Elton John",127,10B,80,2026-09-02,08:06,24,"glam rock, mellow gold, piano rock, rock","Rock","Victim Of Love",1979-10-13,76,5,1,98,0,40,-11,D,4,1jwAVDcFLM2b2oetQpQoY7,"UMC (Universal Music Catalogue)",GBAMB0080021,no
880,"Georgia","Elton John",127,11B,31,2026-09-02,04:50,27,"glam rock, mellow gold, piano rock, rock","Rock","A Single Man",1978-10-01,51,24,0,23,0,0,-14,A,4,5xUQD7REvYCR2hwMS0uH9o,"EMI",GBAMS7800122,no
881,"Shoulder Holster","Elton John",134,8B,67,2026-09-02,05:10,23,"glam rock, mellow gold, piano rock, rock","Rock","Blue Moves",1976-01-01,74,10,0,93,0,20,-9,C,4,3zW27M7GKnolAlgTrwNIds,"EMI",GBALX7600015,no
882,"Island Girl","Elton John",140,6B,90,2026-09-02,03:42,54,"glam rock, mellow gold, piano rock, rock","Rock","Rock Of The Westies",1975-10-24,70,11,0,39,0,10,-8,A#/B♭,4,1H7x0bYvO4rwUOb8fQXfEk,"EMI",GBAMB7500016,no
883,"Step Into Christmas - Remastered 1995","Elton John",140,10B,93,2026-09-02,04:32,54,"glam rock, mellow gold, piano rock, rock","Rock","Caribou (Remastered 1995)",1974-06-28,54,9,0,78,0,30,-6,D,4,11P4sSu6BH2lAbWk1sL6cK,"EMI",GBAMB9500053,no
884,"Dixie Lily - Remastered 1995","Elton John",90,11B,78,2026-09-02,02:55,30,"glam rock, mellow gold, piano rock, rock","Rock","Caribou (Remastered 1995)",1974-06-28,61,17,0,97,0,10,-9,A,4,1E4S5we2XMOq0kFvuAW7dT,"EMI",GBAMB9500084,no
885,"Roy Rogers - Remastered 2014","Elton John",121,7B,45,2026-09-02,04:07,0,"glam rock, mellow gold, piano rock, rock","Rock","Goodbye Yellow Brick Road (Remastered / Deluxe Edition)",1973-10-05,53,24,0,35,0,20,-9,F,3,6l7ZrfDzuHodT5XfcMmBiX,"UMC (Universal Music Catalogue)",GBUM71304967,no
886,"The Ballad Of Danny Bailey (1909-1934) - Remastered 2014","Elton John",80,9B,66,2026-09-02,04:23,0,"glam rock, mellow gold, piano rock, rock","Rock","Goodbye Yellow Brick Road (Remastered / Deluxe Edition)",1973-10-05,50,40,0,67,0,0,-10,G,4,7asbXXEBjE7yHltLKLUKao,"UMC (Universal Music Catalogue)",GBUM71304962,no
887,"Bennie And The Jets - Remastered 2014","Elton John",133,8B,67,2026-09-02,05:22,0,"glam rock, mellow gold, piano rock, rock","Rock","Goodbye Yellow Brick Road (Remastered / Deluxe Edition)",1973-10-05,67,26,0,78,0,50,-8,C,4,0dBatXn1vVUl0jLgXRClwD,"UMC (Universal Music Catalogue)",GBUM71304955,no
888,"Teacher I Need You","Elton John",155,7B,86,2026-09-02,04:09,41,"glam rock, mellow gold, piano rock, rock","Rock","Don't Shoot Me I'm Only The Piano Player",1973-01-22,51,14,0,68,0,0,-8,F,4,71nUHAbMKXbFP0pB7jzpYT,"EMI",GBAMB9500002,no
889,"Amy","Elton John",93,10A,85,2026-09-02,04:03,36,"glam rock, mellow gold, piano rock, rock","Rock","Honky Chateau",1972-05-19,55,9,0,79,0,20,-6,B minor,4,06jttXe119nc0r9Brkpn8a,"EMI",GBAMB7200009,no
890,"Sisters Of The Cross - Piano Demo Previously Unreleased","Elton John",119,9B,35,2026-09-02,04:38,14,"glam rock, mellow gold, piano rock, rock","Rock","Tumbleweed Connection",1970-10-30,70,95,1,33,0,0,-10,G,4,4S7fSNb3rd5IxGpaSyhCQC,"UMC (Universal Music Catalogue)",GBUM70711665,no
891,"Come Down In Time","Elton John",118,9A,28,2026-09-02,03:25,29,"glam rock, mellow gold, piano rock, rock","Rock","Tumbleweed Connection",1970-10-30,53,66,0,17,0,0,-14,E minor,4,2nCrujwjKjowXKNes0AoJP,"UMC (Universal Music Catalogue)",GBAMB9500016,no
892,"Sixty Years On - Album Edit","Elton John",131,10A,18,2026-09-02,04:35,30,"glam rock, mellow gold, piano rock, rock","Rock","Elton John",1970-04-10,38,94,0,13,0,0,-14,B minor,4,4SOuQPxWb4Bddwj4bLb8Hd,"UMC (Universal Music Catalogue)",GBAMB9500077,no
893,"All Across The Havens","Elton John",130,9B,55,2026-09-02,02:52,21,"glam rock, mellow gold, piano rock, rock","Rock","Empty Sky",1969-06-06,54,69,0,49,0,30,-8,G,4,48QT3qnsdEfGf1RTQaWSbT,"EMI",GBAMB9500037,no
894,"Skyline Pigeon","Elton John",145,5B,37,2026-09-02,03:37,50,"glam rock, mellow gold, piano rock, rock","Rock","Empty Sky",1969-06-06,36,71,0,35,0,10,-7,D#/E♭,4,5MimWt53Ukh0gcv7mC0Rnx,"EMI",GBAMB9500034,no
895,"Hymn 2000","Elton John",158,4A,61,2026-09-02,04:29,22,"glam rock, mellow gold, piano rock, rock","Rock","Empty Sky",1969-06-06,39,15,0,59,0,20,-8,F minor,4,4sh4ALvv53VAiq2D1yszYq,"EMI",GBAMB9500030,no
896,"Can't Let You Go","Matchbox Twenty",125,9B,58,2026-09-02,03:28,32,"post-grunge","Rock","Exile on Mainstream (International)",2007-09-29,53,18,0,38,0,20,-5,G,3,2wjmeIEBfoOI8kou4Rf86y,"Atlantic Records",USAT20704241,no
897,"These Hard Times","Matchbox Twenty",94,10B,68,2026-09-02,03:49,42,"post-grunge","Rock","Exile on Mainstream (International)",2007-09-29,54,4,0,56,0,10,-7,D,4,7JxvUJq6eVrJikHrd5mcbH,"Atlantic Records",USAT20704239,no
898,"All Your Reasons","Matchbox Twenty",142,1B,82,2026-09-02,02:40,32,"post-grunge","Rock","Exile on Mainstream (International)",2007-09-29,53,0,0,59,0,10,-4,B,4,2Yh0kCWGWgv27YoHTP5Z0S,"Atlantic Records",USAT20704238,no
899,"Straight for This Life","Matchbox Twenty",74,10B,28,2026-09-02,03:15,27,"post-grunge","Rock","North (Deluxe Edition)",2012-08-28,64,87,0,25,0,10,-9,D,5,6u29O85kpPwZ1cEWxnGihy,"Emblem/Atlantic",USAT21202948,no
900,"The Way","Matchbox Twenty",136,8B,64,2026-09-02,03:18,36,"post-grunge","Rock","North (Deluxe Edition)",2012-08-28,62,2,0,58,0,20,-6,C,4,6vmCTN9bhoqWOXxb7XsNc4,"Emblem/Atlantic",USAT21202748,no
901,"How Long","Matchbox Twenty",92,6A,75,2026-09-02,02:44,35,"post-grunge","Rock","North (Deluxe Edition)",2012-08-28,62,3,0,76,0,20,-5,G minor,4,58Zar0dzhXiZyfJd0cNSys,"Emblem/Atlantic",USAT21202746,no
902,"Downfall","Matchbox Twenty",129,9B,94,2026-09-02,04:07,44,"post-grunge","Rock","More Than You Think You Are",2002-11-01,45,6,0,28,10,60,-5,G,4,2mp5NtfuneZoxCZa8GzlhD,"Atlantic Records",USAT20202661,no
903,"Never Going Back Again","Matchbox Twenty",75,4A,88,2026-09-02,03:47,24,"post-grunge","Rock","Mad Season (Deluxe Edition)",2000-05-23,50,67,9,75,0,10,-8,F minor,4,13UZOsQ9Z7rR4Cvzq0hflI,"Atlantic Records",USAT22003221,no
904,"Suffer Me","Matchbox Twenty",132,1B,94,2026-09-02,03:10,39,"post-grunge","Rock","Mad Season (Deluxe Edition)",2000-05-23,53,2,0,87,0,10,-4,B,4,1GcQwnNpHv80IvEHpThbqE,"Atlantic Records",USAT22003220,no
905,"Bed of Lies","Matchbox Twenty",91,7B,64,2026-09-02,05:22,47,"post-grunge","Rock","Mad Season",2000-05-23,47,43,0,30,0,20,-7,F,4,1JQXYtYM4YSjOjDyudju8J,"Atlantic Records",USAT20001330,no
906,"Black & White People","Matchbox Twenty",121,9B,85,2026-09-02,03:45,38,"post-grunge","Rock","Mad Season",2000-05-23,54,13,0,70,0,30,-5,G,4,0CKefyZmTxVJLnGZGYwsDq,"Atlantic Records",USAT20001323,no
907,"Angry","Matchbox Twenty",116,10B,82,2026-09-02,03:44,41,"post-grunge","Rock","Mad Season",2000-05-23,51,4,0,28,0,30,-6,D,4,356SS2KraT3fSKZRYCuKVX,"Atlantic Records",USAT20001322,no
908,"Shame","Matchbox Twenty",126,1B,68,2026-09-02,03:34,52,"post-grunge","Rock","Yourself or Someone Like You",1996-10-01,55,0,0,38,0,10,-9,B,4,34Tm4hB6lC8vIFZwlVO1Su,"Lava/Atlantic",USAT29600002,no