 #,Song,Artist,BPM,Camelot,Energy,Added At,Duration,Popularity,Genres,Parent Genres,Album,Album Date,Dance,Acoustic,Instrumental,Valence,Speech,Live,Loud (Db),Key,Time Signature,Spotify Track Id,Label,ISRC,Explicit
1,"Long Day","Matchbox Twenty",104,1A,82,2026-08-08,03:45,65,"post-grunge","Rock","Yourself or Someone Like You",1996-10-01,46,0,0,60,0,10,-7,G#/A♭ minor,4,4r7im8h2DTRPvl25YfNyIT,"Lava/Atlantic",USAT29600050,no
2,"Busted","Matchbox Twenty",155,9A,69,2026-08-08,04:17,43,"post-grunge","Rock","Yourself or Someone Like You",1996-10-01,47,4,0,47,0,40,-8,E minor,4,6K9Tn3LvkikOFk6Lhe4osP,"Lava/Atlantic",USAT29600054,no
3,"Hang","Matchbox Twenty",154,9B,30,2026-08-08,03:47,57,"post-grunge","Rock","Yourself or Someone Like You",1996-10-01,54,63,0,25,0,10,-13,G,4,4nAk5rTFqrGcoAXLP2ppUl,"Lava/Atlantic",USAT29800168,no
4,"Last Beautiful Girl","Matchbox Twenty",150,10B,94,2026-08-08,04:03,46,"post-grunge","Rock","Mad Season",2000-05-23,46,3,0,80,0,20,-6,D,4,2mFcrmNOBPrJrl6KryWV4j,"Atlantic Records",USAT20001325,no
5,"Mad Season","Matchbox Twenty",171,6B,87,2026-08-08,05:02,25,"post-grunge","Rock","Mad Season (Deluxe Edition)",2000-05-23,28,13,0,55,0,10,-5,A#/B♭,4,1BXEPqDJvqocwXDJflrGJg,"Atlantic Records",USAT22003209,no
6,"The Burn","Matchbox Twenty",75,11A,86,2026-08-08,03:27,38,"post-grunge","Rock","Mad Season",2000-05-23,49,3,0,33,0,30,-7,F#/G♭ minor,4,3qnGU52FDEcQwQ0G0SkG92,"Atlantic Records",USAT20001329,no
7,"Bent","Matchbox Twenty",95,11A,83,2026-08-08,04:16,62,"post-grunge","Rock","Mad Season",2000-05-23,52,4,0,53,0,30,-7,F#/G♭ minor,4,6fA7akEuTUL3dW1V0GELaZ,"Atlantic Records",USAT20001176,no
8,"You Won't Be Mine","Matchbox Twenty",61,7A,32,2026-08-08,05:27,37,"post-grunge","Rock","Mad Season",2000-05-23,34,41,1,8,0,0,-9,D minor,4,0G4h6ulvFu3jDrS2jLrh6n,"Atlantic Records",USAT20301060,no
9,"You Won't Be Mine - Orchestral Reprise","Matchbox Twenty",62,7A,25,2026-08-08,02:04,20,"post-grunge","Rock","The Matchbox Twenty Collection",2013-11-08,6,87,89,7,0,0,-12,D minor,4,42wV0e4XYskSjdT7BVuXMh,"Emblem / Atlantic",USAT21303777,no
10,"Feel","Matchbox Twenty",160,10B,93,2026-08-08,03:19,37,"post-grunge","Rock","More Than You Think You Are",2002-11-01,36,0,0,47,0,20,-4,D,4,3ma7dx0eJyhdXeIwkKsw0b,"Atlantic Records",USAT20202654,no
11,"Disease","Matchbox Twenty",115,1A,83,2026-08-08,03:39,47,"post-grunge","Rock","The Matchbox Twenty Collection",2013-11-08,54,2,0,84,0,10,-5,G#/A♭ minor,4,4OepLJ2fUvHRmVB8XklIe8,"Emblem / Atlantic",USAT20202521,no
12,"Bright Lights","Matchbox Twenty",80,12B,73,2026-08-08,03:54,49,"post-grunge","Rock","The Matchbox Twenty Collection",2013-11-08,32,1,0,20,0,60,-4,E,4,5l36mPDpqNWrNIRzwJpwYl,"Emblem / Atlantic",USAT20202655,no
13,"Cold","Matchbox Twenty",88,9B,95,2026-08-08,03:14,37,"post-grunge","Rock","More Than You Think You Are",2002-11-01,44,1,0,67,10,30,-3,G,4,1whPstO6UWXpZoy2MxhSAw,"Atlantic Records",USAT20202657,no
14,"Soul","Matchbox Twenty",164,12B,77,2026-08-08,04:34,37,"post-grunge","Rock","More Than You Think You Are",2002-11-01,42,13,0,53,0,10,-4,E,4,5udCU6rTjnSdjUIIze10Vu,"Atlantic Records",USAT20202662,no
15,"Parade","Matchbox Twenty",130,8B,94,2026-08-08,04:11,48,"post-grunge","Rock","North (Deluxe Edition)",2012-08-28,54,0,0,24,0,30,-4,C,4,6iZqLLZaIXFbU2zeTWSwmT,"Emblem/Atlantic",USAT21202740,no
16,"English Town","Matchbox Twenty",115,8A,70,2026-08-08,04:37,31,"post-grunge","Rock","North (Deluxe Edition)",2012-08-28,62,14,0,34,0,10,-7,A minor,4,5kDJvxVwV5JY1DpCrQRhRk,"Emblem/Atlantic",USAT21202745,no
17,"Radio","Matchbox Twenty",100,11B,89,2026-08-08,03:01,31,"post-grunge","Rock","North (Deluxe Edition)",2012-08-28,60,1,0,85,0,0,-4,A,4,6k3HOSQIM4K5DPMMmOM90x,"Emblem/Atlantic",USAT21202747,no
18,"Like Sugar","Matchbox Twenty",90,9A,69,2026-08-08,03:46,29,"post-grunge","Rock","North (Deluxe Edition)",2012-08-28,64,1,0,82,0,10,-5,E minor,4,0fNcZtsZKEmbyAYwMgVduy,"Emblem/Atlantic",USAT21202749,no
19,"I'll Believe You When","Matchbox Twenty",104,10A,96,2026-08-08,03:16,32,"post-grunge","Rock","Exile on Mainstream (International)",2007-09-29,54,1,0,87,0,20,-4,B minor,4,7wB9rm3wVcWTUYps8htEO4,"Atlantic Records",USAT20704237,no
20,"If I Fall","Matchbox Twenty",136,10B,91,2026-08-08,02:47,20,"post-grunge","Rock","Exile on Mainstream (International)",2007-09-29,49,0,0,43,0,10,-4,D,4,4M9NDQbjDI7pFyOHAUWUd0,"Atlantic Records",USAT20704240,no
21,"Val-Hala","Elton John",130,9B,55,2026-08-08,04:11,25,"glam rock, mellow gold, piano rock, rock","Rock","Empty Sky",1969-06-06,56,54,1,54,0,10,-11,G,4,7jnhwBXKy8G3vLlptKp45D,"EMI",GBAMB9500028,no
22,"Western Ford Gateway","Elton John",142,7B,79,2026-08-08,03:15,37,"glam rock, mellow gold, piano rock, rock","Rock","Empty Sky",1969-06-06,34,25,1,53,0,10,-7,F,4,1Z7m7TZgy7Nd0MpvEws7hT,"EMI",GBAMB9500029,no
23,"Lady What's Tomorrow","Elton John",124,8B,60,2026-08-08,03:09,21,"glam rock, mellow gold, piano rock, rock","Rock","Empty Sky",1969-06-06,64,78,6,55,0,10,-9,C,4,0xh9za4LZW0FEDrMnqDy5e,"EMI",GBAMB9500031,no
24,"Sails","Elton John",126,9A,71,2026-08-08,03:45,23,"glam rock, mellow gold, piano rock, rock","Rock","Empty Sky",1969-06-06,60,47,0,66,0,10,-8,E minor,4,3KA9bpLQJu2X3BsGCrewgW,"EMI",GBAMB9500032,no
25,"Gulliver/It's Hay Chewed - Reprise Version","Elton John",72,8B,51,2026-08-08,06:58,21,"glam rock, mellow gold, piano rock, rock","Rock","Empty Sky",1969-06-06,33,33,0,29,0,10,-9,C,3,6z88bsyDxJSDkGPjb5bVAn,"EMI",GBAMB9500035,no
26,"Lady Samantha","Elton John",78,5B,69,2026-08-08,03:02,24,"glam rock, mellow gold, piano rock, rock","Rock","Empty Sky",1969-06-06,39,73,0,66,0,10,-4,D#/E♭,4,7xDvlkYaXpq8c8WjG83YQS,"EMI",GBAMB9500036,no
27,"Just Like Strange Rain","Elton John",83,6B,65,2026-08-08,03:44,20,"glam rock, mellow gold, piano rock, rock","Rock","Empty Sky",1969-06-06,43,66,0,73,0,20,-10,A#/B♭,4,7vaH8FyS59d7Gyf8futbsP,"EMI",GBAMB9500039,no
28,"No Shoe Strings On Louise","Elton John",145,12B,67,2026-08-08,03:29,29,"glam rock, mellow gold, piano rock, rock","Rock","Elton John",1970-04-10,48,22,0,70,0,0,-8,E,4,2eeyCYseTMNhUVjOHvsJEc,"UMC (Universal Music Catalogue)",GBAMB9500075,no
29,"Border Song","Elton John",129,8B,35,2026-08-08,03:21,39,"glam rock, mellow gold, piano rock, rock","Rock","Elton John",1970-04-10,46,78,0,35,0,10,-8,C,4,3gSoNTSGedgEAdaVfTPTnM,"UMC (Universal Music Catalogue)",GBAMB9500078,no
30,"The Greatest Discovery","Elton John",139,8B,17,2026-08-08,04:10,29,"glam rock, mellow gold, piano rock, rock","Rock","Elton John",1970-04-10,32,91,0,11,0,10,-13,C,4,2hkF5QeuvjvfUWbFO16cm6,"UMC (Universal Music Catalogue)",GBAMB9500079,no
31,"Thank You Mama - Piano Demo","Elton John",146,8B,31,2026-08-08,03:19,18,"glam rock, mellow gold, piano rock, rock","Rock","Elton John",1970-04-10,55,90,0,39,0,10,-10,C,3,4YnVgdm9lKeXOEGuPQLW0D,"UMC (Universal Music Catalogue)",GBUM70711440,no
32,"All The Way Down To El Paso - Piano Demo","Elton John",79,7B,30,2026-08-08,02:48,17,"glam rock, mellow gold, piano rock, rock","Rock","Elton John",1970-04-10,66,95,0,43,0,10,-9,F,4,0AAKvxkoLPYRr9vYDhOfxn,"UMC (Universal Music Catalogue)",GBUM70711441,no
33,"Ballad Of A Well-Known Gun","Elton John",132,10B,73,2026-08-08,04:59,28,"glam rock, mellow gold, piano rock, rock","Rock","Tumbleweed Connection",1970-10-30,70,28,0,80,0,0,-9,D,4,1sDQlh70owYYMNJ2faYtSz,"UMC (Universal Music Catalogue)",GBAMB9500015,no
34,"Country Comfort","Elton John",136,11B,61,2026-08-08,05:06,28,"glam rock, mellow gold, piano rock, rock","Rock","Tumbleweed Connection",1970-10-30,55,47,0,58,0,10,-11,A,4,7oh1M6NlzTUk8z8Rcl0fal,"UMC (Universal Music Catalogue)",GBAMB9500017,no
35,"Madman Across The Water","Elton John, Mick Ronson",134,8A,68,2026-08-08,08:51,20,"glam rock, mellow gold, piano rock, rock, proto-punk","Rock","Tumbleweed Connection",1970-10-30,40,7,0,31,0,10,-9,A minor,4,4nwkGiosMxTrvToB36kJ6d,"UMC (Universal Music Catalogue)",GBAMB9500026,no
36,"Into The Old Man's Shoes","Elton John",130,4B,55,2026-08-08,04:02,16,"glam rock, mellow gold, piano rock, rock","Rock","Tumbleweed Connection",1970-10-30,59,76,0,52,0,10,-9,G#/A♭,4,28nsP4hOJkkxz7sTwueVo5,"UMC (Universal Music Catalogue)",GBAMB9500025,no
37,"Razor Face","Elton John",138,8B,56,2026-08-08,04:42,37,"glam rock, mellow gold, piano rock, rock","Rock","Madman Across The Water",1971-11-05,41,9,0,50,0,10,-12,C,4,3NeqB4bScYh4qHYuAhxYo3,"EMI",GBAMB7100003,no
38,"Holiday Inn","Elton John",152,10B,70,2026-08-08,04:16,37,"glam rock, mellow gold, piano rock, rock","Rock","Madman Across The Water",1971-11-05,52,12,2,67,0,10,-11,D,3,7ufKmUVZaevb5uLk5QjlwA,"EMI",GBAMB7100087,no
39,"All The Nasties","Elton John",148,7B,44,2026-08-08,05:09,32,"glam rock, mellow gold, piano rock, rock","Rock","Madman Across The Water",1971-11-05,36,62,0,22,0,10,-15,F,4,4K5yyo3KxyLisOXDuTV7mn,"EMI",GBAMB7100089,no
40,"Mellow","Elton John",127,6B,57,2026-08-08,05:32,40,"glam rock, mellow gold, piano rock, rock","Rock","Honky Chateau",1972-05-19,50,31,0,54,0,20,-8,A#/B♭,4,51Y1WwassIhqZYBwwaAjzr,"EMI",GBAMB7200003,no
41,"I Think I'm Going To Kill Myself","Elton John",138,8B,54,2026-08-08,03:35,52,"glam rock, mellow gold, piano rock, rock","Rock","Honky Chateau",1972-05-19,63,52,0,72,0,10,-8,C,4,4q7tMaar2kUMweKu6N5bZz,"EMI",GBAMB7200004,no
42,"Salvation","Elton John",133,12B,78,2026-08-08,03:58,37,"glam rock, mellow gold, piano rock, rock","Rock","Honky Chateau",1972-05-19,59,23,0,59,0,10,-8,E,4,36N7FB6SiOxmnjwjfjTcSG,"EMI",GBAMB7200007,no
43,"Elderberry Wine","Elton John",128,6B,86,2026-08-08,03:33,38,"glam rock, mellow gold, piano rock, rock","Rock","Don't Shoot Me I'm Only The Piano Player",1973-01-22,61,14,13,97,0,0,-6,A#/B♭,4,3e7wYePUQkJdvmuaYuC6uw,"EMI",GBAMB9500003,no
44,"Texan Love Song","Elton John",150,9B,36,2026-08-08,03:33,32,"glam rock, mellow gold, piano rock, rock","Rock","Don't Shoot Me I'm Only The Piano Player",1973-01-22,56,22,0,63,0,10,-13,G,4,4aKHrq05ta2e5dQ1KsOVCP,"EMI",GBAMB9500008,no
45,"High Flying Bird","Elton John",127,4B,63,2026-08-08,04:12,36,"glam rock, mellow gold, piano rock, rock","Rock","Don't Shoot Me I'm Only The Piano Player",1973-01-22,59,24,0,60,0,10,-9,G#/A♭,4,3pxL77pLjhrnmrrzsLlItS,"EMI",GBAMB9500010,no
46,"This Song Has No Title - Remastered 2014","Elton John",107,7A,44,2026-08-08,02:23,0,"glam rock, mellow gold, piano rock, rock","Rock","Goodbye Yellow Brick Road (Remastered / Deluxe Edition)",1973-10-05,42,84,0,18,0,0,-8,D minor,4,7exP9YAJn9eYqCp9YB5WpD,"UMC (Universal Music Catalogue)",GBUM71304957,no
47,"Dirty Little Girl - Remastered 2014","Elton John",132,10B,88,2026-08-08,05:00,0,"glam rock, mellow gold, piano rock, rock","Rock","Goodbye Yellow Brick Road (Remastered / Deluxe Edition)",1973-10-05,73,15,0,88,0,10,-7,D,4,6BWIwsxvs7QicvmK0DdSux,"UMC (Universal Music Catalogue)",GBUM71304963,no
48,"Social Disease - Remastered 2014","Elton John",191,10B,79,2026-08-08,03:42,0,"glam rock, mellow gold, piano rock, rock","Rock","Goodbye Yellow Brick Road (Remastered / Deluxe Edition)",1973-10-05,35,22,0,81,0,10,-7,D,4,31kvlu3mbKqP1faIyE3CIr,"UMC (Universal Music Catalogue)",GBUM71304968,no
49,"Grimsby - Remastered 1995","Elton John",135,9B,89,2026-08-08,03:46,32,"glam rock, mellow gold, piano rock, rock","Rock","Caribou (Remastered 1995)",1974-06-28,68,10,1,88,0,20,-7,G,4,0v7vqcby8CF7tSlh7GAYId,"EMI",GBAMB9500042,no
50,"Ticking - Remastered 1995","Elton John",174,7B,35,2026-08-08,07:34,32,"glam rock, mellow gold, piano rock, rock","Rock","Caribou (Remastered 1995)",1974-06-28,37,77,0,11,0,10,-13,F,4,6jfMhVrLQ08guqU9LRVsR8,"EMI",GBAMB9500048,no
51,"Writing","Elton John",137,6A,66,2026-08-08,03:40,17,"glam rock, mellow gold, piano rock, rock","Rock","Captain Fantastic And The Brown Dirt Cowboy (Deluxe Edition)",1975-05-19,78,13,0,74,0,0,-11,G minor,4,2AX5FxOBx0h50RdpnsddHh,"UMC (Universal Music Catalogue)",GBAMB7500008,no
52,"Curtains","Elton John",134,6B,51,2026-08-08,06:40,18,"glam rock, mellow gold, piano rock, rock","Rock","Captain Fantastic And The Brown Dirt Cowboy (Deluxe Edition)",1975-05-19,38,12,1,48,0,10,-10,A#/B♭,4,4iuipnfpOluuRF7X7IZ9SB,"UMC (Universal Music Catalogue)",GBAMB7500010,no
53,"Grow Some Funk Of Your Own","Elton John",141,8B,88,2026-08-08,04:47,31,"glam rock, mellow gold, piano rock, rock","Rock","Rock Of The Westies",1975-10-24,66,5,0,70,0,20,-9,C,4,2N7GESlJ6Wf5ZhgmpbCn4c,"EMI",GBAMB7500017,no
54,"I Feel Like A Bullet (In The Gun Of Robert Ford)","Elton John",131,8B,35,2026-08-08,05:27,34,"glam rock, mellow gold, piano rock, rock","Rock","Rock Of The Westies",1975-10-24,56,63,0,23,0,20,-12,C,4,62Qvzu8oG0RIJYDxr90nWR,"EMI",GBAMB7500018,no
55,"Hard Luck Story","Elton John",140,7B,76,2026-08-08,05:16,26,"glam rock, mellow gold, piano rock, rock","Rock","Rock Of The Westies",1975-10-24,64,16,0,43,0,10,-9,F,4,370wvMsgFk2WFsQfOI7ilP,"EMI",GBAMB7500020,no
56,"Boogie Pilgrim","Elton John",135,11B,65,2026-08-08,06:05,23,"glam rock, mellow gold, piano rock, rock","Rock","Blue Moves",1976-01-01,71,7,1,69,0,0,-9,A,4,5iQruOIwPqK1gptITfOXQv,"EMI",GBALX7600012,no
57,"Cage The Songbird","Elton John",148,11B,24,2026-08-08,03:25,25,"glam rock, mellow gold, piano rock, rock","Rock","Blue Moves",1976-01-01,51,66,0,40,0,10,-16,A,3,1tep8bEj4iyuvVNugiv7OO,"EMI",GBALX7600013,no
58,"The Wide-Eyed And Laughing","Elton John",110,5A,21,2026-08-08,03:27,20,"glam rock, mellow gold, piano rock, rock","Rock","Blue Moves",1976-01-01,52,58,0,33,0,0,-15,C minor,4,6TBDAzlg1zkTRH2NDutTqN,"EMI",GBALX7600019,no
59,"Where's The Shoorah?","Elton John",129,5B,26,2026-08-08,04:09,24,"glam rock, mellow gold, piano rock, rock","Rock","Blue Moves",1976-01-01,50,64,0,13,0,10,-11,D#/E♭,4,0a83CiofJcAGkaaS0SrySG,"EMI",GBALX7600021,no
60,"Big Dipper","Elton John",127,9B,51,2026-08-08,04:04,22,"glam rock, mellow gold, piano rock, rock","Rock","A Single Man",1978-10-01,82,32,0,93,0,30,-11,G,4,6OVzjUYXPUzhC2CHEo1UAk,"EMI",GBAMS7800125,no
61,"It Ain't Gonna Be Easy","Elton John",130,11A,46,2026-08-08,08:27,22,"glam rock, mellow gold, piano rock, rock","Rock","A Single Man",1978-10-01,62,17,0,25,0,0,-11,F#/G♭ minor,4,0PuA4sglslF8Tp3mwadnaA,"EMI",GBAMS7800124,no
62,"Reverie","Elton John",99,10B,0,2026-08-08,00:53,18,"glam rock, mellow gold, piano rock, rock","Rock","A Single Man",1978-10-01,29,82,49,19,0,10,-37,D,1,3PrPfJf3VT0h0jMNRTp3y0,"EMI",GBAMS7800119,no
63,"I Cry At Night","Elton John",78,4B,24,2026-08-08,03:16,17,"glam rock, mellow gold, piano rock, rock","Rock","A Single Man",1978-10-01,43,79,0,11,10,20,-14,G#/A♭,4,7MAVmdpMgE9CtQ4jIIQNfw,"EMI",GBAMS7800130,no
64,"Strangers","Elton John",121,8B,28,2026-08-08,04:46,34,"glam rock, mellow gold, piano rock, rock","Rock","A Single Man",1978-10-01,66,20,0,21,0,0,-12,C,3,4Ousa0idpaZ6KpLmT1iUnF,"EMI",GBAMS7900001,no
65,"Warm Love In A Cold World","Elton John",127,11B,69,2026-08-08,04:30,15,"glam rock, mellow gold, piano rock, rock","Rock","Victim Of Love",1979-10-13,80,1,5,96,0,0,-12,A,4,0FmEkzlCd4TLrs7onQs1KC,"UMC (Universal Music Catalogue)",GBAMB0080023,no
66,"Street Boogie","Elton John",126,11B,84,2026-08-08,03:57,16,"glam rock, mellow gold, piano rock, rock","Rock","Victim Of Love",1979-10-13,79,1,0,98,0,10,-10,A,4,1r9kodAHpZByBZjFc6DiA9,"UMC (Universal Music Catalogue)",GBAMB0000027,no
67,"Chasing The Crown","Elton John",133,8B,61,2026-08-08,05:34,21,"glam rock, mellow gold, piano rock, rock","Rock","21 At 33",1980-05-13,58,0,1,93,0,0,-13,C,4,2rm6U6Q9tb48T8puxaRMBp,"UMC (Universal Music Catalogue)",GBA098000010,no
68,"Dear God","Elton John",100,8A,25,2026-08-08,03:46,19,"glam rock, mellow gold, piano rock, rock","Rock","21 At 33",1980-05-13,57,46,0,27,0,10,-13,A minor,3,4i6r30m0T4qoCjjCYwvJ1c,"UMC (Universal Music Catalogue)",GBA098000060,no
69,"Give Me The Love","Elton John",77,6B,59,2026-08-08,05:30,21,"glam rock, mellow gold, piano rock, rock","Rock","21 At 33",1980-05-13,67,14,0,91,0,0,-13,A#/B♭,4,45yhLSiMoYvz8rfSke939Z,"UMC (Universal Music Catalogue)",GBA098000090,no
70,"Nobody Wins - Remastered 2003","Elton John",118,3A,69,2026-08-08,03:39,33,"glam rock, mellow gold, piano rock, rock","Rock","The Fox",1981-01-01,64,7,0,40,0,20,-10,A#/B♭ minor,4,2fnEJ2Lltacut4fcIwsOcj,"UMC (Universal Music Catalogue)",GBA098100040,no
71,"Spiteful Child - Remastered 2003","Elton John",144,8B,81,2026-08-08,04:15,19,"glam rock, mellow gold, piano rock, rock","Rock","Jump Up!",1982-01-01,68,3,9,64,0,10,-10,C,4,6JthALIr8UuPMqw8COEHOh,"UMC (Universal Music Catalogue)",GBA098200020,no
72,"Legal Boys - Remastered 2003","Elton John",120,5A,49,2026-08-08,03:08,19,"glam rock, mellow gold, piano rock, rock","Rock","Jump Up!",1982-01-01,52,37,0,40,0,10,-12,C minor,4,0Ttvx1AbYYFRl7tIDwuPfR,"UMC (Universal Music Catalogue)",GBA098200040,no
73,"Cold As Christmas (In The Middle Of The Year)","Elton John",127,8B,62,2026-08-08,04:21,34,"glam rock, mellow gold, piano rock, rock","Rock","Too Low For Zero",1983-05-30,64,53,0,39,0,10,-9,C,4,2eCdGml2e9dBfSygX0ItC0,"EMI",GBALX8300189,no
74,"Religion","Elton John",138,9B,93,2026-08-08,04:06,32,"glam rock, mellow gold, piano rock, rock","Rock","Too Low For Zero",1983-05-30,61,19,0,81,0,10,-7,G,4,2UI4siFbFGTMXUaFBnBfGC,"EMI",GBALX8300192,no
75,"The Retreat","Elton John",133,7B,41,2026-08-08,04:46,27,"glam rock, mellow gold, piano rock, rock","Rock","Too Low For Zero",1983-05-30,48,70,0,46,0,50,-11,F,4,40WQq0NlqfULc48h4Rbw36,"EMI",GBALX8200109,no
76,"Soul Glove","Elton John",118,6B,75,2026-08-08,03:31,27,"glam rock, mellow gold, piano rock, rock","Rock","Ice On Fire",1985-11-07,79,1,1,80,0,0,-10,A#/B♭,4,38sTwkSHVBMnbijbygSmSM,"EMI",GBAMS8500191,no
77,"Nikita","Elton John",87,9B,66,2026-08-08,05:43,71,"glam rock, mellow gold, piano rock, rock","Rock","Ice On Fire",1985-11-07,63,12,0,75,0,0,-9,G,4,3G0ENKW9vzV0SuYKaWFflI,"EMI",GBAMS8500203,no
78,"Wrap Her Up","Elton John, George Michael",139,10B,89,2026-08-08,06:21,29,"glam rock, mellow gold, piano rock, rock, new wave pop, soft rock","Rock, Pop","Ice On Fire",1985-11-07,67,1,3,90,0,10,-8,D,4,0sIiAyckK90a6KOKhIeGwM,"EMI",GBAMS8500193,no
79,"Tell Me What The Papers Say","Elton John",150,8B,90,2026-08-08,03:40,18,"glam rock, mellow gold, piano rock, rock","Rock","Ice On Fire",1985-11-07,78,9,0,96,0,0,-10,C,4,1sMtrL5rMP6Qp7wyAQDH9T,"EMI",GBAMS8500195,no
80,"Candy By The Pound","Elton John",148,9B,56,2026-08-08,03:56,17,"glam rock, mellow gold, piano rock, rock","Rock","Ice On Fire",1985-11-07,81,10,0,82,0,0,-10,G,4,4gslKb4WdHVqX9FWo8aaVC,"EMI",GBAMS8500196,no
81,"Shoot Down The Moon","Elton John",75,8A,16,2026-08-08,05:09,25,"glam rock, mellow gold, piano rock, rock","Rock","Ice On Fire",1985-11-07,27,54,0,17,0,10,-19,A minor,4,2gVzJjqGAJZZpEbGzHSssf,"EMI",GBAMS8500197,no
82,"Don't Trust That Woman","Elton John",115,7B,51,2026-08-08,04:59,16,"glam rock, mellow gold, piano rock, rock","Rock","Leather Jackets",1986-10-15,74,4,0,81,0,0,-16,F,4,6ccnG8TlYnQkib9yaRBitv,"EMI",GBALX0080011,no
83,"Slow Rivers","Elton John, Cliff Richard",112,9B,36,2026-08-08,03:07,24,"glam rock, mellow gold, piano rock, rock, christmas","Pop, Rock","Leather Jackets",1986-10-15,67,42,0,37,0,30,-16,G,4,2CW3BiW1wuGFtZFILgbPkr,"EMI",GBALX0080014,no
84,"Paris","Elton John",142,3B,40,2026-08-08,04:00,13,"glam rock, mellow gold, piano rock, rock","Rock","Leather Jackets",1986-10-15,69,6,0,33,0,0,-16,C♯/D♭,4,1XkI2Cz8LneDIXOwGclVDX,"EMI",GBALX0080018,no
85,"I Fall Apart","Elton John",134,9B,20,2026-08-08,04:02,13,"glam rock, mellow gold, piano rock, rock","Rock","Leather Jackets",1986-10-15,44,48,0,11,0,0,-19,G,4,52fhpYycO8jg8ZEysm936D,"EMI",GBALX0080019,no
86,"Goodbye Marlon Brando","Elton John",135,9B,91,2026-08-08,03:30,17,"glam rock, mellow gold, piano rock, rock","Rock","Reg Strikes Back",1988-06-24,61,3,0,94,0,40,-7,G,4,6yCaV30GOlv9bVF1H5yTeT,"EMI",GBAMS8800006,no
87,"The Camera Never Lies","Elton John",116,7B,89,2026-08-08,04:36,17,"glam rock, mellow gold, piano rock, rock","Rock","Reg Strikes Back",1988-06-24,70,2,0,79,0,30,-7,F,4,4jvqotcqMZ32eA6zGiSY2X,"EMI",GBAMS8800007,no
88,"Rope Around A Fool","Elton John",140,9B,80,2026-08-08,03:48,14,"glam rock, mellow gold, piano rock, rock","Rock","Reg Strikes Back",1988-06-24,66,29,0,79,0,10,-8,G,4,6JC9HV0RxMWleQHqsXxq0K,"EMI",GBAMS8800011,no
89,"Mama Can't Buy You Love","Elton John",94,7B,43,2026-08-08,04:04,41,"glam rock, mellow gold, piano rock, rock","Rock","The Complete Thom Bell Sessions",1989-02,53,52,0,56,0,10,-14,F,4,3LIGS2KScSoi6O7XT0NQRv,"EMI",GBALX7900001,no
90,"Durban Deep","Elton John",139,8A,56,2026-08-08,05:28,30,"glam rock, mellow gold, piano rock, rock","Rock","Sleeping With The Past (Remastered with bonus tracks)",1989-08-29,54,0,0,62,0,30,-12,A minor,4,7GORqNEGeCbavXUDaD90nT,"Mercury Records Limited",GBALX8900102,no
91,"Whispers","Elton John",97,4B,45,2026-08-08,05:26,40,"glam rock, mellow gold, piano rock, rock","Rock","Sleeping With The Past (Remastered with bonus tracks)",1989-08-29,66,2,0,39,0,0,-13,G#/A♭,4,3LT82gwyObsF1vpOVpJcMR,"Mercury Records Limited",GBALX8900104,no
92,"Sacrifice","Elton John",113,10A,42,2026-08-08,05:04,78,"glam rock, mellow gold, piano rock, rock","Rock","Sleeping With The Past (Remastered with bonus tracks)",1989-08-29,76,2,0,49,0,0,-13,B minor,4,0e3yhVeNaTfKIWQRw9U9sY,"Mercury Records Limited",GBALX8900001,no
93,"Amazes Me","Elton John",153,12B,46,2026-08-08,04:35,33,"glam rock, mellow gold, piano rock, rock","Rock","Sleeping With The Past (Remastered with bonus tracks)",1989-08-29,49,0,0,11,0,20,-11,E,3,0fgEhBOKV3hluxYnoEB5bZ,"Mercury Records Limited",GBALX8900109,no
94,"Blue Avenue","Elton John",110,4B,44,2026-08-08,04:18,30,"glam rock, mellow gold, piano rock, rock","Rock","Sleeping With The Past (Remastered with bonus tracks)",1989-08-29,63,37,0,50,0,10,-14,G#/A♭,4,6CK7N5K49iTzBnReWF89Nj,"Mercury Records Limited",GBALX8900110,no
95,"Dancing In The End Zone","Elton John",142,10B,88,2026-08-08,03:53,22,"glam rock, mellow gold, piano rock, rock","Rock","Sleeping With The Past (Remastered with bonus tracks)",1989-08-29,64,0,34,91,0,20,-8,D,4,2aLIDPBCq47lT0NI2AUblB,"Mercury Records Limited",GBALX8900112,no
96,"Simple Life","Elton John",102,7B,79,2026-08-08,06:26,35,"glam rock, mellow gold, piano rock, rock","Rock","The One",1992-06-22,66,1,14,48,0,10,-7,F,4,1KkPY76tgPzEnL8hdqTiIu,"EMI",GBALX9200190,no
97,"When A Woman Doesn't Want You","Elton John",133,9B,45,2026-08-08,04:55,30,"glam rock, mellow gold, piano rock, rock","Rock","The One",1992-06-22,54,6,0,33,0,20,-10,G,3,2hfWkzKibVUGoaM24mit5J,"EMI",GBALX9200195,no
98,"Understanding Women","Elton John",92,9B,73,2026-08-08,05:03,27,"glam rock, mellow gold, piano rock, rock","Rock","The One",1992-06-22,61,2,6,57,0,10,-10,G,4,1L209N6WHxTyzljrKhRKN4,"EMI",GBALX9200198,no
99,"Four Moods - From “Friends” Soundtrack","Elton John",115,7B,4,2026-08-08,11:01,12,"glam rock, mellow gold, piano rock, rock","Rock","Rare Masters",1992-10-20,19,94,91,4,0,30,-26,F,4,4LmhWonD3ndS1U3vprtW4f,"UMC (Universal Music Catalogue)",GBAMB0080042,no
100,"Rock Me When He's Gone","Elton John",83,9B,68,2026-08-08,05:00,8,"glam rock, mellow gold, piano rock, rock","Rock","Rare Masters",1992-10-20,54,54,0,67,0,10,-15,G,4,5THQ8j1P1XZ2TMQLTkha6n,"UMC (Universal Music Catalogue)",GBAMB0080044,no
101,"When I Think About Love (I Think About You)","Elton John, P.M. Dawn",132,5B,44,2026-08-08,04:34,24,"glam rock, mellow gold, piano rock, rock, contemporary r&b","R&B, Rock","Duets",1993-11-22,66,33,0,23,0,10,-12,D#/E♭,4,66JF2BxJrg9hPYJwVyTIhd,"EMI",GBALX9390095,no
102,"Belfast","Elton John",172,9B,23,2026-08-08,06:30,30,"glam rock, mellow gold, piano rock, rock","Rock","Made In England",1995-03-17,19,67,0,15,0,10,-15,G,4,7tiHWkAxAOeqEkFxQ31MhA,"EMI",GBAMS9400007,no
103,"Blessed","Elton John",102,7B,41,2026-08-08,05:02,54,"glam rock, mellow gold, piano rock, rock","Rock","Made In England",1995-03-17,76,13,1,46,0,30,-12,F,4,4rKsQBxDysJWqXpY5TAekd,"EMI",GBAMS9400012,no
104,"Live Like Horses","Elton John",130,3B,36,2026-08-08,05:02,36,"glam rock, mellow gold, piano rock, rock","Rock","The Big Picture",1997-09-22,46,29,0,12,0,20,-11,C♯/D♭,4,2KLJQEXMyfxMHmdkXIA0aq,"EMI",GBAMS9600002,no
105,"Love's Got A Lot To Answer For","Elton John",134,9B,36,2026-08-08,05:00,27,"glam rock, mellow gold, piano rock, rock","Rock","The Big Picture",1997-09-22,50,61,0,14,0,10,-12,G,4,57LGc6kMOrfEDM8EiZxQln,"EMI",GBAMS9700002,no
106,"Recover Your Soul","Elton John",103,9B,65,2026-08-08,05:18,41,"glam rock, mellow gold, piano rock, rock","Rock","The Big Picture",1997-09-22,73,13,1,58,0,20,-9,G,4,6FGfXPvZ8sMpq1xd75FHXp,"EMI",GBAMS9700003,no
107,"I Can't Steer My Heart Clear Of You","Elton John",120,3A,53,2026-08-08,04:07,25,"glam rock, mellow gold, piano rock, rock","Rock","The Big Picture",1997-09-22,55,26,0,15,0,10,-9,A#/B♭ minor,4,6m82xAYcFLVjQ4kSpcZI2K,"EMI",GBAMS9700009,no
108,"The Panic In Me - From  The Road To El Dorado  Soundtrack","Elton John",120,7B,60,2026-08-08,05:40,25,"glam rock, mellow gold, piano rock, rock","Rock","The Road To El Dorado (Original Motion Picture Soundtrack)",2000-01-01,66,46,0,31,0,10,-9,F,4,3eG1olclVmYZCFX7fx1xUl,"Geffen",USDW10021673,no
109,"Original Sin","Elton John",105,3B,64,2026-08-08,04:49,45,"glam rock, mellow gold, piano rock, rock","Rock","Songs From The West Coast (Expanded Edition)",2001-10-01,69,12,0,44,0,10,-7,C♯/D♭,4,5bCzEzg4PSJ3jNcNojmdGm,"EMI",GBF080100302,no
110,"The Wasteland","Elton John",135,6A,84,2026-08-08,04:21,21,"glam rock, mellow gold, piano rock, rock","Rock","Songs From The West Coast (Expanded Edition)",2001-10-01,59,8,1,67,0,10,-6,G minor,1,7xhZakHIS5A1nk6e23EQy9,"EMI",GBF080100329,no
111,"Love Her Like Me","Elton John",126,11B,88,2026-08-08,03:58,26,"glam rock, mellow gold, piano rock, rock","Rock","Songs From The West Coast (Expanded Edition)",2001-10-01,70,22,0,85,0,10,-5,A,4,4QRoLbpMElBejhYvU5MSni,"EMI",GBF080100299,no
112,"All That I'm Allowed (I'm Thankful)","Elton John",96,3B,58,2026-08-08,04:52,34,"glam rock, mellow gold, piano rock, rock","Rock","Peachtree Road (Expanded Edition)",2004-11-07,73,76,0,23,0,0,-7,C♯/D♭,4,4BGm0moYOGolRz97B93HrH,"EMI",GBF080400423,no
113,"I Stop And I Breathe","Elton John",124,6B,41,2026-08-08,03:39,15,"glam rock, mellow gold, piano rock, rock","Rock","Peachtree Road (Expanded Edition)",2004-11-07,60,85,0,23,0,10,-8,A#/B♭,4,099IIR76QDTEIkuRISFFzE,"EMI",GBF080400431,no
114,"I Can't Keep This From You","Elton John",130,6B,48,2026-08-08,04:34,15,"glam rock, mellow gold, piano rock, rock","Rock","Peachtree Road (Expanded Edition)",2004-11-07,62,71,0,35,0,0,-8,A#/B♭,4,440GIX1uR5Ve8nPvek7W23,"EMI",GBF080400433,no
115,"Electricity - Bonus Track","Elton John",136,9A,44,2026-08-08,03:29,36,"glam rock, mellow gold, piano rock, rock","Rock","Peachtree Road (Expanded Edition)",2004-11-07,57,18,0,17,0,0,-6,E minor,4,6kSFIFltpBFMMaaHO1g2ON,"EMI",GBF080500131,no
116,"Wouldn't Have You Any Other Way (NYC)","Elton John",122,7B,50,2026-08-08,04:38,18,"glam rock, mellow gold, piano rock, rock","Rock","The Captain and The Kid",2006-09-15,60,63,0,27,0,10,-8,F,4,3WobFokfH5oz1u1o28dVQm,"EMI",GBUM70602622,no
117,"Gone To Shiloh","Elton John, Leon Russell",132,7A,39,2026-08-08,04:50,21,"glam rock, mellow gold, piano rock, rock, outlaw country","Rock, Country","The Union",2010-01-01,51,86,29,11,0,0,-13,D minor,4,65ncFY9Uh30l8cUPwYabMk,"EMI",GBUM71025892,no
118,"I Should Have Sent Roses","Elton John, Leon Russell",75,8A,55,2026-08-08,05:20,16,"glam rock, mellow gold, piano rock, rock, outlaw country","Rock, Country","The Union",2010-01-01,65,39,50,47,0,10,-9,A minor,4,1dVXpeJQI9K2lsWx5bAEF0,"EMI",GBUM71025895,no
119,"My Quicksand","Elton John",137,5A,30,2026-08-08,04:46,14,"glam rock, mellow gold, piano rock, rock","Rock","The Diving Board (Deluxe Version)",2013-09-16,46,82,22,8,0,10,-12,C minor,4,5vp8VizhP11k9iAnTdiBCH,"EMI",GBUM71303180,no
120,"Claw Hammer","Elton John",85,8B,79,2026-08-08,04:22,17,"glam rock, mellow gold, piano rock, rock","Rock","Wonderful Crazy Night (Deluxe)",2016-02-05,58,3,12,70,0,30,-6,C,4,3eLc9F6UeyvjQ6QUwEocZg,"EMI",GBUM71506181,no
121,"I've Got 2 Wings","Elton John",86,8B,66,2026-08-08,04:35,17,"glam rock, mellow gold, piano rock, rock","Rock","Wonderful Crazy Night (Deluxe)",2016-02-05,58,19,5,58,0,10,-7,C,4,4FWVE1N9ikA1dTcUwT9T8q,"EMI",GBUM71506183,no
122,"Tambourine","Elton John",85,9B,66,2026-08-08,04:17,17,"glam rock, mellow gold, piano rock, rock","Rock","Wonderful Crazy Night (Deluxe)",2016-02-05,50,10,0,57,0,10,-6,G,4,3Y6uVmU5ndnKlbGdyuwP4t,"EMI",GBUM71506186,no
123,"Fools In Fashion","Elton John",129,6B,51,2026-08-08,04:18,0,"glam rock, mellow gold, piano rock, rock","Rock","Jewel Box",2020-11-13,80,77,0,61,0,10,-14,A#/B♭,4,3lZdbVZzrpj8Q6qvi3ujvv,"UMC (Universal Music Catalogue)",GBUM70711381,no
124,"Highlander","Elton John",74,8A,28,2026-08-08,03:40,0,"glam rock, mellow gold, piano rock, rock","Rock","Jewel Box",2020-11-13,13,10,84,4,0,10,-17,A minor,4,01yHS3XIdXJMbtMUtyrqq7,"UMC (Universal Music Catalogue)",GBUM70711390,no
125,"Medicine Man","Elton John",109,9A,64,2026-08-08,04:36,0,"glam rock, mellow gold, piano rock, rock","Rock","Jewel Box",2020-11-13,73,17,0,82,0,0,-13,E minor,4,1plA4rKKHpJuhCdjvUSDzY,"UMC (Universal Music Catalogue)",GBUM70711156,no
126,"Did Anybody Sleep With Joan Of Arc","Elton John",124,3B,56,2026-08-08,04:19,0,"glam rock, mellow gold, piano rock, rock","Rock","Jewel Box",2020-11-13,61,8,0,43,0,0,-10,C♯/D♭,3,2giFM8ZwEaDiOBWXfka4qI,"UMC (Universal Music Catalogue)",GBF080100522,no
127,"Easy Rider","Big Brother & The Holding Company, Janis Joplin",79,9B,42,2026-08-08,02:25,34,"psychedelic rock, acid rock, classic rock","Rock","Big Brother & The Holding Company",1967-00-00,62,13,0,54,0,60,-11,G,4,6uwJgwm1ipdr7JKNfEjjV1,"Columbia/Legacy",USSM16601322,no
128,"Down On Me","Big Brother & The Holding Company, Janis Joplin",141,9B,58,2026-08-08,02:07,43,"psychedelic rock, acid rock, classic rock","Rock","Big Brother & The Holding Company",1967-00-00,60,26,2,80,0,10,-9,G,3,42TKLlMFDXauhLzj7zOPUx,"Columbia/Legacy",USSM16601113,no
129,"All Is Loneliness","Big Brother & The Holding Company, Janis Joplin",80,7B,24,2026-08-08,02:19,25,"psychedelic rock, acid rock, classic rock","Rock","Big Brother & The Holding Company",1967-00-00,38,51,0,37,0,10,-12,F,4,5H20gnkPJR19BI1GR3t33v,"Columbia/Legacy",USSM11600060,no
130,"Combination of the Two","Big Brother & The Holding Company, Janis Joplin",153,11B,92,2026-08-08,05:47,40,"psychedelic rock, acid rock, classic rock","Rock","Cheap Thrills",1968-08-12,37,1,4,36,10,60,-11,A,4,6xxR2WCzYgE9ri0PXX5pV3,"Columbia/Legacy",USSM16801238,no
131,"Summertime","Big Brother & The Holding Company, Janis Joplin",181,7B,30,2026-08-08,04:01,59,"psychedelic rock, acid rock, classic rock","Rock","Cheap Thrills",1968-08-12,30,9,0,38,0,10,-14,F,3,3eYCJXTViFwl5mdtcTsF4G,"Columbia/Legacy",USSM16801240,no
132,"Roadblock","Big Brother & The Holding Company, Janis Joplin",114,8B,71,2026-08-08,05:34,29,"psychedelic rock, acid rock, classic rock","Rock","Cheap Thrills",1968-08-12,49,3,7,56,10,50,-11,C,4,5Q86UA8tykye4KMN7gtKxl,"Columbia/Legacy",USSM16801430,no
133,"Flower In the Sun","Big Brother & The Holding Company, Janis Joplin",134,11A,54,2026-08-08,03:03,37,"psychedelic rock, acid rock, classic rock","Rock","Cheap Thrills",1968-08-12,54,13,0,64,10,40,-11,F#/G♭ minor,4,3O59UWV5NDKZ6Td64Acpzv,"Columbia/Legacy",USSM16801431,no
134,"One Good Man","Janis Joplin",175,11B,62,2026-08-08,04:11,43,"classic rock, acid rock, psychedelic rock","Rock","I Got Dem Ol' Kozmic Blues Again Mama!",1969-09-11,30,8,13,38,10,70,-10,A,3,6Evy14WwFHLIJNxvBMnoX6,"Columbia/Legacy",USSM16900948,no
135,"Little Girl Blue","Janis Joplin",130,7B,37,2026-08-08,03:47,51,"classic rock, acid rock, psychedelic rock","Rock","I Got Dem Ol' Kozmic Blues Again Mama!",1969-09-11,40,46,0,14,0,10,-11,F,3,6tv6EVWMV7AIWi8PhZ0uvO,"Columbia/Legacy",USSM16900952,no
136,"Work Me, Lord","Janis Joplin",118,12B,34,2026-08-08,06:35,37,"classic rock, acid rock, psychedelic rock","Rock","I Got Dem Ol' Kozmic Blues Again Mama!",1969-09-11,47,31,2,23,0,20,-10,E,4,6WkRgfJb0t4WIWqadhxJj1,"Columbia/Legacy",USSM16900953,no
137,"white lies","物語シリーズ",161,8A,69,2026-08-08,03:24,29,"anime, j-pop","Pop","Onimonogatari Gekihanongakushu (Original Soundtrack)",2018-11-02,39,2,93,26,0,10,-8,A minor,4,6I8lJ0aTvAhJySbzAteKVY,"Aniplex Inc.",JPE301400341,no
138,"現象","物語シリーズ",82,2B,54,2026-08-08,02:17,5,"anime, j-pop","Pop","Onimonogatari Gekihanongakushu (Original Soundtrack)",2018-11-02,47,0,71,40,0,10,-17,F#/G♭,4,2mZX9gcM2DKm5csJCfbUAx,"Aniplex Inc.",JPE301400376,no
139,"異常事態","物語シリーズ",136,9B,13,2026-08-08,02:16,15,"anime, j-pop","Pop","Onimonogatari Gekihanongakushu (Original Soundtrack)",2018-11-02,63,92,94,39,0,0,-19,G,4,6ANijjqmlGWxxXuZUii5i1,"Aniplex Inc.",JPE301400381,no
140,"お見通しの千里眼","物語シリーズ",76,10B,49,2026-08-08,02:14,9,"anime, j-pop","Pop","Onimonogatari Gekihanongakushu (Original Soundtrack)",2018-11-02,50,21,97,9,0,0,-15,D,4,4N7dplZKdpV02a04EbTDWy,"Aniplex Inc.",JPE301400385,no
141,"臥煙家の血統","物語シリーズ",120,7B,2,2026-08-08,01:59,10,"anime, j-pop","Pop","Onimonogatari Gekihanongakushu (Original Soundtrack)",2018-11-02,55,26,22,5,0,30,-21,F,4,6NVyiYif1zaGpcE7lRWLGj,"Aniplex Inc.",JPE301400387,no
142,"The Kitty Cat Song","The Troggs",115,11B,65,2026-08-08,02:14,21,"proto-punk","","From Nowhere",1966-07-25,79,73,0,93,0,0,-11,A,4,25BFZPF3QX9LmN7Jq7vreR,"UMC (Universal Music Catalogue)",GBUM71904038,no
143,"Ride Your Pony","The Troggs",130,8B,54,2026-08-08,02:27,17,"proto-punk","","From Nowhere",1966-07-25,61,39,0,70,0,10,-12,C,4,69QgmvbVEFgVu4aTeXB8IU,"UMC (Universal Music Catalogue)",GBUM71904040,no
144,"Our Love Will Still Be There","The Troggs",118,11B,38,2026-08-08,03:12,37,"proto-punk","","From Nowhere",1966-07-25,69,54,12,54,0,10,-13,A,4,6O8DVsKZjfXrdVWZlt4LnI,"UMC (Universal Music Catalogue)",GBF086600758,no
145,"When I'm With You","The Troggs",62,11B,55,2026-08-08,02:25,16,"proto-punk","","From Nowhere",1966-07-25,57,71,0,85,0,0,-11,A,4,7zNs8d0EjhNI3vPClA4ejz,"UMC (Universal Music Catalogue)",GBUM71501154,no
146,"From Home","The Troggs",123,11B,57,2026-08-08,02:19,23,"proto-punk","","From Nowhere",1966-07-25,63,77,81,96,0,10,-13,A,4,5u4OzQF9g4fX3CwXNkGv9T,"UMC (Universal Music Catalogue)",GBF086600002,no
147,"the moment to decide","Sawano Hiroyuki",120,4B,25,2026-08-08,02:12,1,"anime, soundtrack","Pop, Classical, Easy Listening","映画「彼岸島」オリジナル・サウンドトラック",2010-01-06,23,77,90,14,0,10,-18,G#/A♭,4,5PBXRzlh3Ohw0uf5wgDG4E,"EMI MUSIC JAPAN INC.",JPTO00902775,no
148,"That is HIGANJIMA","Sawano Hiroyuki",160,9B,36,2026-08-08,01:39,1,"anime, soundtrack","Pop, Classical, Easy Listening","映画「彼岸島」オリジナル・サウンドトラック",2010-01-06,44,75,87,31,0,10,-18,G,4,1rzhHiaCTqBs0B3VCCFhdD,"EMI MUSIC JAPAN INC.",JPTO00902776,no
149,"good bye my friend","Sawano Hiroyuki",64,11A,18,2026-08-08,02:58,4,"anime, soundtrack","Pop, Classical, Easy Listening","映画「彼岸島」オリジナル・サウンドトラック",2010-01-06,21,88,75,17,0,10,-17,F#/G♭ minor,3,2ACicpbrEu9CqVRvTemEL8,"EMI MUSIC JAPAN INC.",JPTO00902779,no
150,"memory of brother","Sawano Hiroyuki",122,8A,11,2026-08-08,02:34,4,"anime, soundtrack","Pop, Classical, Easy Listening","映画「彼岸島」オリジナル・サウンドトラック",2010-01-06,32,86,80,7,0,0,-19,A minor,4,5Vgc4R9QKlL7qyySEggOvI,"EMI MUSIC JAPAN INC.",JPTO00902783,no
151,"PON","Sawano Hiroyuki",63,9B,3,2026-08-08,01:33,0,"anime, soundtrack","Pop, Classical, Easy Listening","映画「彼岸島」オリジナル・サウンドトラック",2010-01-06,47,99,92,12,0,0,-29,G,3,0XGmnCvxHNwz1i8JGuUUly,"EMI MUSIC JAPAN INC.",JPTO00902789,no
152,"to be continue!?","Sawano Hiroyuki",62,9B,24,2026-08-08,04:22,1,"anime, soundtrack","Pop, Classical, Easy Listening","映画「彼岸島」オリジナル・サウンドトラック",2010-01-06,11,68,85,10,0,10,-14,G,4,42NgLoXUgg9CopqqBVmmtU,"EMI MUSIC JAPAN INC.",JPTO00902795,no
153,"Aaa～Eee～","Sawano Hiroyuki",162,9A,5,2026-08-08,00:20,0,"anime, soundtrack","Pop, Classical, Easy Listening","映画「彼岸島」オリジナル・サウンドトラック",2010-01-06,9,57,98,0,0,50,-14,E minor,3,2myCb92cgoRuVOXe3CPfmC,"EMI MUSIC JAPAN INC.",JPTO00902796,no
154,"MIYABI","Sawano Hiroyuki",68,3B,54,2026-08-08,03:56,0,"anime, soundtrack","Pop, Classical, Easy Listening","映画「彼岸島」オリジナル・サウンドトラック",2010-01-06,19,2,85,4,0,0,-12,C♯/D♭,4,1rQ2syV1wi0Wdk0y65iV1K,"EMI MUSIC JAPAN INC.",JPTO00902798,no
155,"Can't Blame a Girl for Trying","Sabrina Carpenter",144,8B,39,2026-08-08,02:49,57,"pop","Pop","Eyes Wide Open",2015-04-10,60,45,0,35,0,10,-7,C,4,5K7fGxZQB0K5sPKhLe9e07,"Hollywood Records",USHR11435414,no
156,"Two Young Hearts","Sabrina Carpenter",110,1A,69,2026-08-08,03:53,44,"pop","Pop","Eyes Wide Open",2015-04-10,61,0,0,20,0,10,-8,G#/A♭ minor,4,47hRbUwwBU3E2wyIA8OE4x,"Hollywood Records",USHR11435916,no
157,"Your Love's Like","Sabrina Carpenter",78,8B,74,2026-08-08,03:29,46,"pop","Pop","Eyes Wide Open",2015-04-10,54,1,0,39,0,10,-6,C,4,1fVnTuUKlhkFqZ6HXV56s6,"Hollywood Records",USHR11435917,no
158,"Too Young","Sabrina Carpenter",151,10B,49,2026-08-08,04:14,47,"pop","Pop","Eyes Wide Open",2015-04-10,32,38,0,17,0,20,-7,D,3,694MyEbGgAtoEVYqdtfvp2,"Hollywood Records",USHR11435923,no
159,"White Flag","Sabrina Carpenter",96,4B,73,2026-08-08,03:18,44,"pop","Pop","Eyes Wide Open",2015-04-10,68,29,0,86,0,0,-4,G#/A♭,4,6xQdHOX1Tq3IrKsQdLs0nc,"Hollywood Records",USHR11435423,no
160,"character","Cö shu Nie",178,7B,94,2026-08-08,02:27,34,"anime, j-rock, j-pop","Pop, Rock","PURE",2019-12-11,22,0,0,25,20,40,-3,F,4,0bmAAziRHWYqJYlHlzq9G8,"Sony Music Labels Inc.",JPU901803190,no
161,"inertia","Cö shu Nie",82,10B,29,2026-08-08,03:09,32,"anime, j-rock, j-pop","Pop, Rock","PURE",2019-12-11,42,65,0,23,10,40,-13,D,1,7aN33C31nKrfdfr2vIdqAC,"Sony Music Labels Inc.",JPU901902486,no
162,"Hear Me","Imagine Dragons",125,12B,83,2026-08-08,03:55,53,"modern rock, pop, rock","Rock, Pop","Night Visions",2012-09-04,61,0,0,54,0,0,-5,E,4,2OgOgEBfiZEj2XlIY2XD7f,"Kid Ina Korner / Interscope",USUM71208571,no
163,"Working Man","Imagine Dragons",101,8B,86,2026-08-08,03:53,48,"modern rock, pop, rock","Rock, Pop","Night Visions",2012-09-04,65,2,0,65,0,0,-6,C,4,3fipHLkzOLcHciI86QgOAB,"Kid Ina Korner / Interscope",USUM71208825,no
164,"My Baby","Janis Joplin",99,8B,46,2026-08-08,03:45,37,"classic rock, acid rock, psychedelic rock","Rock","Pearl (Legacy Edition)",1971-01-11,42,27,3,76,0,0,-11,C,4,21VU4WIu7EXD68EWGzPUn7,"Columbia/Legacy",USSM17000789,no
165,"Happy Birthday, John (Happy Trails)","Janis Joplin",96,10B,30,2026-08-08,01:09,29,"classic rock, acid rock, psychedelic rock","Rock","Pearl (Legacy Edition)",1971-01-11,67,56,0,91,0,60,-12,D,4,6MbncUXyxzF6AKeS4t1P7e,"Columbia/Legacy",USSM17000214,no
166,"Cry Baby - Alternate Version","Janis Joplin",169,8B,41,2026-08-08,04:57,30,"classic rock, acid rock, psychedelic rock","Rock","Pearl (Legacy Edition)",1971-01-11,51,69,0,61,10,0,-10,C,3,1428ZqugHKn0ifOv8zv4Rs,"Columbia/Legacy",USSM17000215,no
167,"My Baby - Alternate Version","Janis Joplin",100,8B,61,2026-08-08,03:59,26,"classic rock, acid rock, psychedelic rock","Rock","Pearl (Legacy Edition)",1971-01-11,45,35,2,70,0,10,-10,C,3,4sgXUklhAidGPHyozoinDE,"Columbia/Legacy",USSM10408489,no
168,"私の話と、彼女の話","物語シリーズ",172,7B,24,2026-08-08,02:53,11,"anime, j-pop","Pop","Hanamonogatari Gekihanongakushu (Original Soundtrack)",2018-11-02,12,91,90,4,0,10,-14,F,5,6t4d5eqO2oidJtUO5Vo9iS,"Aniplex Inc.",JPE301400827,no
169,"いまどきの後輩","物語シリーズ",214,5A,18,2026-08-08,02:34,10,"anime, j-pop","Pop","Hanamonogatari Gekihanongakushu (Original Soundtrack)",2018-11-02,60,97,0,62,10,10,-17,C minor,4,0vuL5HnavtagNSlSlPDpKT,"Aniplex Inc.",JPE301400829,no
170,"挑発的な物言い","物語シリーズ",180,10B,27,2026-08-08,02:53,6,"anime, j-pop","Pop","Hanamonogatari Gekihanongakushu (Original Soundtrack)",2018-11-02,48,85,41,15,0,0,-15,D,3,0xfjcsN4N2dEtYcZrUi4Mx,"Aniplex Inc.",JPE301400833,no
171,"バスケットボール","物語シリーズ",156,4A,87,2026-08-08,02:35,6,"anime, j-pop","Pop","Hanamonogatari Gekihanongakushu (Original Soundtrack)",2018-11-02,76,97,76,98,0,10,-11,F minor,4,0LMr5pn8uBQTajXX6AZy6d,"Aniplex Inc.",JPE301401025,no
172,"悪魔の理不尽","物語シリーズ",60,4A,14,2026-08-08,04:01,5,"anime, j-pop","Pop","Hanamonogatari Gekihanongakushu (Original Soundtrack)",2018-11-02,19,99,90,4,0,10,-16,F minor,4,2fy6GVJ5SIGopai4iEjrMK,"Aniplex Inc.",JPE301401027,no
173,"不幸の蒐集","物語シリーズ",180,4A,16,2026-08-08,03:35,6,"anime, j-pop","Pop","Hanamonogatari Gekihanongakushu (Original Soundtrack)",2018-11-02,35,99,96,4,0,10,-17,F minor,3,13EqPTkfJASUFpFzDTiheX,"Aniplex Inc.",JPE301401028,no
174,"納得","物語シリーズ",80,6A,16,2026-08-08,02:49,12,"anime, j-pop","Pop","Hanamonogatari Gekihanongakushu (Original Soundtrack)",2018-11-02,43,99,62,19,0,10,-13,G minor,4,7D9SSoDADwCqytJqk37iK3,"Aniplex Inc.",JPE301401032,no
175,"Last Summer","The Troggs",106,8B,47,2026-08-08,02:54,14,"proto-punk","","Trogglodynamite",1967-02-10,61,18,0,55,0,40,-12,C,3,1Un66y6SibSnHIalY7G2os,"UMC (Universal Music Catalogue)",GBUM71905504,no
176,"Mona (I Need You Baby)","The Troggs",110,1B,94,2026-08-08,05:09,10,"proto-punk","","Trogglodynamite",1967-02-10,56,0,53,84,0,10,-8,B,4,0y9ihb4l7TBXxZtTDn0s9h,"UMC (Universal Music Catalogue)",GBUM71905497,no
177,"Little Queenie","The Troggs",150,8B,95,2026-08-08,02:52,5,"proto-punk","","Trogglodynamite",1967-02-10,55,40,0,77,0,10,-8,C,4,1CcA9DynXHaZF9Y0D12SMN,"UMC (Universal Music Catalogue)",GBUM71905501,no
178,"Baby Come Closer","The Troggs",103,10A,82,2026-08-08,02:33,3,"proto-punk","","Trogglodynamite",1967-02-10,85,27,30,88,0,0,-7,B minor,4,6Ky1uPPIgS65JYzpmLXi3F,"UMC (Universal Music Catalogue)",GBUM71905503,no
179,"This is a Fight to Change the World","Sawano Hiroyuki",100,8B,90,2026-08-08,03:35,23,"anime, soundtrack","Pop, Classical, Easy Listening","「戦国BASARA弐」音楽絵巻 弐 ～乱世、再び！～",2010-09-01,56,0,6,39,0,20,-5,C,4,2KhHmhHIZu6F4x5UtJE8o0,"FlyingDog",JPG751000510,no
180,"sacrificed PIECE","Sawano Hiroyuki",180,10A,81,2026-08-08,04:10,3,"anime, soundtrack","Pop, Classical, Easy Listening","「戦国BASARA弐」音楽絵巻 弐 ～乱世、再び！～",2010-09-01,35,0,73,19,0,20,-8,B minor,4,0yDhP9FoJ5fXlNXwEOeolo,"FlyingDog",JPG751000515,no
181,"THE pOINT Of A sword → E-moll","Sawano Hiroyuki",92,9A,35,2026-08-08,04:24,3,"anime, soundtrack","Pop, Classical, Easy Listening","「戦国BASARA弐」音楽絵巻 弐 ～乱世、再び！～",2010-09-01,29,46,77,8,0,0,-12,E minor,3,2ZSRJ6rNBWbwUVfgtlmBdQ,"FlyingDog",JPG751000516,no
182,"Feels Like Loneliness","Sabrina Carpenter",128,8A,64,2026-08-08,03:20,46,"pop","Pop","EVOLution",2016-10-14,75,10,1,33,0,10,-5,A minor,4,0QTOY1FBKwC7jA33N8cLSi,"Hollywood Records",USHR11637545,no
183,"Run and Hide","Sabrina Carpenter",156,4B,36,2026-08-08,03:29,47,"pop","Pop","EVOLution",2016-10-14,52,86,0,45,0,10,-8,G#/A♭,4,24fhYqs2KtWbHfY4Ngdf5U,"Hollywood Records",USHR11637548,no
184,"Space","Sabrina Carpenter",100,8A,71,2026-08-08,03:06,44,"pop","Pop","EVOLution",2016-10-14,62,6,0,62,0,20,-6,A minor,4,4uiZziAgyMvmKr4tujpcXm,"Hollywood Records",USHR11637552,no
185,"All We Have Is Love","Sabrina Carpenter",130,9B,70,2026-08-08,03:02,45,"pop","Pop","EVOLution",2016-10-14,66,50,0,44,0,0,-5,G,4,4WFWvM4zjMgjQxmP21ezfO,"Hollywood Records",USHR11637553,no
186,"透明","Cö shu Nie",185,11B,96,2026-08-08,03:58,32,"anime, j-rock, j-pop","Pop, Rock","OVERKILL",2018-00-00,29,4,0,34,30,30,-3,A,4,25sYgp7isiZvcOIEZSVkPY,"Sony Music Labels Inc.",JPU901803196,no
187,"DIAMOND","Cö shu Nie",90,4B,96,2026-08-08,03:32,26,"anime, j-rock, j-pop","Pop, Rock","OVERKILL",2018-00-00,50,0,0,56,0,20,-3,G#/A♭,4,5wUY7c5v8YO9qwpCq5dPAt,"Sony Music Labels Inc.",JPU901803199,no
188,"The River","Imagine Dragons",170,3B,64,2026-08-08,03:24,41,"modern rock, pop, rock","Rock, Pop","Night Visions (Deluxe)",2012-09-04,40,1,0,28,0,30,-6,C♯/D♭,4,3EwcIKpn9x4NwgCP2xM4CU,"Kid Ina Korner / Interscope",USUM71208575,no
189,"I Don't Mind","Imagine Dragons",118,8B,85,2026-08-08,03:18,40,"modern rock, pop, rock","Rock, Pop","Night Visions (Deluxe)",2012-09-04,45,0,0,8,0,20,-5,C,4,4WHsrf7gr9uE03pCnwva0c,"Kid Ina Korner / Interscope",USUM71300182,no
190,"Ball and Chain (with Kozmic Blues Band) - Live in Frankfurt, Germany","Janis Joplin, Kozmic Blues Band",80,8B,43,2026-08-08,05:15,13,"classic rock, acid rock, psychedelic rock","Rock","Janis",1974-10-18,44,17,0,54,10,90,-13,C,3,5pphFZpuVroIrOmIGTNjUD,"Columbia/Legacy",USSM10411865,no
191,"Move Over (with The Full Tilt Boogie Band)","Janis Joplin, The Full Tilt Boogie Band",134,8A,82,2026-08-08,04:18,13,"classic rock, acid rock, psychedelic rock","Rock","Janis",1974-10-18,59,51,12,87,30,70,-9,A minor,4,0XkZ60pW3vTlIYMW2SI2I4,"Columbia/Legacy",USSM10411871,no
192,"Me and Bobby McGee (with The Full Tilt Boogie Band)","Janis Joplin, The Full Tilt Boogie Band",93,10B,54,2026-08-08,04:30,22,"classic rock, acid rock, psychedelic rock","Rock","Janis",1974-10-18,49,27,4,60,0,10,-9,D,4,089ntbQmtxxKV6AykXZMnY,"Columbia/Legacy",USSM10411876,no
193,"豫告","物語シリーズ",115,11B,72,2026-08-08,01:01,17,"anime, j-pop","Pop","Bakemonogatari Gekihanongakushu (Original Soundtrack)",2018-11-02,41,33,85,24,0,10,-11,A,4,5koq6I5cvSBWLUpXgnLZ52,"Aniplex Inc.",JPE301103661,no
194,"羽川翼の場合","物語シリーズ",67,4A,9,2026-08-08,01:18,27,"anime, j-pop","Pop","Bakemonogatari Gekihanongakushu (Original Soundtrack)",2018-11-02,44,98,98,4,0,10,-19,F minor,5,6YcIRT6kVkyRdewEQg5ZWq,"Aniplex Inc.",JPE301103664,no
195,"修験道","物語シリーズ",184,10B,29,2026-08-08,01:52,25,"anime, j-pop","Pop","Bakemonogatari Gekihanongakushu (Original Soundtrack)",2018-11-02,69,89,91,36,10,10,-16,D,4,2OJJzDO9AnmcAoZ65Np7ni,"Aniplex Inc.",JPE301000050,no
196,"けだもの","物語シリーズ",96,9B,46,2026-08-08,01:38,13,"anime, j-pop","Pop","Bakemonogatari Gekihanongakushu (Original Soundtrack)",2018-11-02,66,100,97,4,20,10,-17,G,4,2rXHNuVhfohZITwDkyKtNb,"Aniplex Inc.",JPE301103674,no
197,"散歩","物語シリーズ",144,11B,47,2026-08-08,02:24,30,"anime, j-pop","Pop","Bakemonogatari Gekihanongakushu (Original Soundtrack)",2018-11-02,67,24,89,18,10,10,-14,A,4,0nSyJPOQCM0g3bCIMoyJmI,"Aniplex Inc.",JPE301001701,no
198,"言い訳","物語シリーズ",157,5B,15,2026-08-08,02:05,11,"anime, j-pop","Pop","Bakemonogatari Gekihanongakushu (Original Soundtrack)",2018-11-02,55,97,82,14,10,0,-13,D#/E♭,5,0B8vCosAvK3dk6Go71RWIv,"Aniplex Inc.",JPE301103683,no
199,"戦場ヶ原ひたぎの場合","物語シリーズ",120,2A,67,2026-08-08,01:16,12,"anime, j-pop","Pop","Bakemonogatari Gekihanongakushu (Original Soundtrack)",2018-11-02,85,83,95,86,10,0,-12,D#/E♭ minor,1,3mH0IsRIxnEYxf3xe0YjSs,"Aniplex Inc.",JPE301103689,no
200,"迷い牛","物語シリーズ",73,5A,12,2026-08-08,03:02,20,"anime, j-pop","Pop","Bakemonogatari Gekihanongakushu (Original Soundtrack)",2018-11-02,19,86,91,4,0,10,-18,C minor,3,6iHZr2PEbmV3aUjJKbkAvG,"Aniplex Inc.",JPE301103690,no
201,"千石撫子の場合","物語シリーズ",168,8B,44,2026-08-08,01:16,14,"anime, j-pop","Pop","Bakemonogatari Gekihanongakushu (Original Soundtrack)",2018-11-02,68,83,81,67,20,0,-12,C,3,2AB6fXRLSf6rAvz7NzEhHX,"Aniplex Inc.",JPE301103698,no
202,"思案中","物語シリーズ",120,9B,25,2026-08-08,02:48,22,"anime, j-pop","Pop","Bakemonogatari Gekihanongakushu (Original Soundtrack)",2018-11-02,68,99,92,97,10,10,-18,G,4,0HC5KbMJzfNOI9WWx6iGiN,"Aniplex Inc.",JPE301001705,no
203,"お人よし","物語シリーズ",156,10B,22,2026-08-08,02:31,19,"anime, j-pop","Pop","Bakemonogatari Gekihanongakushu (Original Soundtrack)",2018-11-02,59,75,2,20,0,0,-14,D,4,66yakQh3aeXBLBTXmLwfFU,"Aniplex Inc.",JPE301001710,no
204,"次回、つばさキャット","物語シリーズ",166,12B,32,2026-08-08,00:58,9,"anime, j-pop","Pop","Bakemonogatari Gekihanongakushu (Original Soundtrack)",2018-11-02,55,56,66,23,0,0,-12,E,4,6g5jmL0ZUrW95GsvMHM61L,"Aniplex Inc.",JPE301103708,no
205,"普通最高","物語シリーズ",130,7A,28,2026-08-08,02:31,10,"anime, j-pop","Pop","Bakemonogatari Gekihanongakushu (Original Soundtrack)",2018-11-02,98,73,74,78,10,0,-11,D minor,4,1gahmCyDDM8BT6FmPdIa4z,"Aniplex Inc.",JPE301103710,no
206,"Get You Tonight","The Troggs",117,8B,72,2026-08-08,02:48,4,"proto-punk","","The Trogg Tapes",1976-04-08,68,3,43,84,10,40,-10,C,4,0FT32tOuKaCzcgVRvprIp9,"Private Stock Records",QM6MZ2175739,no
207,"Down South to Georgia","The Troggs",113,11A,88,2026-08-08,03:48,3,"proto-punk","","The Trogg Tapes",1976-04-08,53,6,28,68,20,20,-11,F#/G♭ minor,4,2HxHyVVqxvi0MczsplLfXU,"Private Stock Records",QM6MZ2175742,no
208,"Rolling Stone","The Troggs",102,1B,68,2026-08-08,02:13,3,"proto-punk","","The Trogg Tapes",1976-04-08,72,4,3,93,20,10,-10,B,4,4Qj0YSFQpvA6U2OS2M4iS1,"Private Stock Records",QM6MZ2175746,no
209,"Rock 'n' Roll Lady","The Troggs",141,10B,87,2026-08-08,03:03,2,"proto-punk","","The Trogg Tapes",1976-04-08,59,6,78,63,10,10,-9,D,4,2gBzQuG4yC00OH4PuwVZ1b,"Private Stock Records",QM6MZ2175748,no
210,"Walkin' the Dog","The Troggs",105,9B,78,2026-08-08,04:10,2,"proto-punk","","The Trogg Tapes",1976-04-08,52,8,90,73,0,20,-10,G,4,1jtwCIZ70nALNOhH6zca5g,"Private Stock Records",QM6MZ2175749,no
211,"U.C.0096","Sawano Hiroyuki",75,6B,71,2026-08-08,02:50,25,"anime, soundtrack","Pop, Classical, Easy Listening","MOBILE SUIT GUNDAM UNICORN Original Motion Picture Soundtrack 1",2010-09-09,39,12,79,36,10,0,-13,A#/B♭,4,7zgbnXNObF6R5606Twb21z,"SUNRISE Music Label",JPP301000061,no
212,"Unicorn","Sawano Hiroyuki",105,8A,77,2026-08-08,04:46,43,"anime, soundtrack","Pop, Classical, Easy Listening","MOBILE SUIT GUNDAM UNICORN Original Motion Picture Soundtrack 1",2010-09-09,20,2,88,17,0,10,-11,A minor,4,7q1pK4BgyC0H2Y8t9rh6Qh,"SUNRISE Music Label",JPP301000062,no
213,"Laplace","Sawano Hiroyuki",160,6B,72,2026-08-08,02:40,27,"anime, soundtrack","Pop, Classical, Easy Listening","MOBILE SUIT GUNDAM UNICORN Original Motion Picture Soundtrack 1",2010-09-09,53,9,6,52,0,40,-12,A#/B♭,4,1QMgwNJtkuYkrIQcwKoW3k,"SUNRISE Music Label",JPP301000066,no
214,"A Letter","Sawano Hiroyuki",120,9A,30,2026-08-08,04:05,33,"anime, soundtrack","Pop, Classical, Easy Listening","MOBILE SUIT GUNDAM UNICORN Original Motion Picture Soundtrack 1",2010-09-09,49,30,0,29,0,10,-13,E minor,4,4cBPwap1JVtn57kHljIJ4m,"SUNRISE Music Label",JPP301000068,no
215,"On Your Mark","Sawano Hiroyuki",140,8A,46,2026-08-08,04:11,27,"anime, soundtrack","Pop, Classical, Easy Listening","MOBILE SUIT GUNDAM UNICORN Original Motion Picture Soundtrack 1",2010-09-09,14,27,71,15,0,10,-14,A minor,4,5VecWp4YpIgmYJqutVSRO5,"SUNRISE Music Label",JPP301000072,no
216,"Full-Frontal","Sawano Hiroyuki",117,3A,63,2026-08-08,03:09,30,"anime, soundtrack","Pop, Classical, Easy Listening","MOBILE SUIT GUNDAM UNICORN Original Motion Picture Soundtrack 1",2010-09-09,64,2,89,34,0,10,-14,A#/B♭ minor,4,13vVAJWGO7rL1OcT17THcC,"SUNRISE Music Label",JPP301000073,no
217,"Otto - For a Change","Sawano Hiroyuki",77,7A,26,2026-08-08,05:35,15,"anime, soundtrack","Pop, Classical, Easy Listening","MOBILE SUIT GUNDAM UNICORN Original Motion Picture Soundtrack 1",2010-09-09,63,52,44,15,0,10,-17,D minor,4,4lJWRkOTrCNw8ZwtkyDxVV,"SUNRISE Music Label",JPP301000076,no
218,"Go on a Foray","Sawano Hiroyuki",135,7B,75,2026-08-08,02:49,19,"anime, soundtrack","Pop, Classical, Easy Listening","MOBILE SUIT GUNDAM UNICORN Original Motion Picture Soundtrack 1",2010-09-09,45,0,86,19,0,10,-16,F,4,3zsI2ccIe0u5biF5yaUtp6,"SUNRISE Music Label",JPP301000079,no
219,"H@RO","Sawano Hiroyuki",130,8A,33,2026-08-08,02:15,14,"anime, soundtrack","Pop, Classical, Easy Listening","MOBILE SUIT GUNDAM UNICORN Original Motion Picture Soundtrack 1",2010-09-09,74,37,42,32,0,0,-15,A minor,4,4L88F0RMGhyRvV1tE95UWZ,"SUNRISE Music Label",JPP301000081,no
220,"RX-0","Sawano Hiroyuki",110,9A,72,2026-08-08,02:53,35,"anime, soundtrack","Pop, Classical, Easy Listening","MOBILE SUIT GUNDAM UNICORN Original Motion Picture Soundtrack 1",2010-09-09,49,1,88,43,0,10,-12,E minor,4,7xiahwfj87douth4mQHGuN,"SUNRISE Music Label",JPP301000082,no
221,"Zero Gravity","Sawano Hiroyuki",134,8A,40,2026-08-08,03:35,20,"anime, soundtrack","Pop, Classical, Easy Listening","MOBILE SUIT GUNDAM UNICORN Original Motion Picture Soundtrack 1",2010-09-09,37,19,95,16,0,20,-14,A minor,4,2GcBOBvLOBjVxxCD8ero25,"SUNRISE Music Label",JPP301000084,no
222,"Mona Lisa","Sabrina Carpenter",144,12A,47,2026-08-08,02:18,53,"pop","Pop","Singular Act I",2018-11-09,76,28,0,53,0,10,-7,C♯/D♭ minor,4,7Gq4tfeuWPjr6WQiB7aBXz,"Hollywood Records",USHR11838873,no
223,"Diamonds Are Forever","Sabrina Carpenter",176,10A,57,2026-08-08,03:49,50,"pop","Pop","Singular Act I",2018-11-09,42,0,0,32,0,10,-4,B minor,3,2KTdmzSdPipwFYdUdilmi3,"Hollywood Records",USHR11838868,no
224,"葡萄","Cö shu Nie",135,12A,95,2026-08-08,02:36,30,"anime, j-rock, j-pop","Pop, Rock","Aurora",2018-10-24,36,11,0,35,20,20,-4,C♯/D♭ minor,4,6nHsJx9JGI6It3FfC6dt8y,"Sony Music Labels Inc.",JPU901803191,no
225,"defection","Cö shu Nie",115,7B,35,2026-08-08,03:47,36,"anime, j-rock, j-pop","Pop, Rock","Aurora",2018-10-24,50,52,0,24,0,0,-6,F,4,3eCZSPWEGDhbfLBVPxCIpk,"Sony Music Labels Inc.",JPU901803192,no
226,"asphyxia (piano ver.)","Cö shu Nie",199,7B,15,2026-08-08,04:45,40,"anime, j-rock, j-pop","Pop, Rock","Aurora",2018-10-24,46,88,0,36,0,10,-9,F,3,3dLiLNCzaheIT0GOCCPcnt,"Sony Music Labels Inc.",JPU901803194,no
227,"Lamp (Instrumental)","Cö shu Nie",180,11B,91,2026-08-08,02:50,7,"anime, j-rock, j-pop","Pop, Rock","絶体絶命 / Lamp",2019-03-13,31,1,85,46,0,10,-6,A,3,3lVhf0kI8baKqGxHOvduk4,"Sony Music Labels Inc.",JPU901900243,no
228,"水槽のフール","Cö shu Nie",90,1A,85,2026-08-08,03:08,39,"anime, j-rock, j-pop","Pop, Rock","水槽のフール",2020-10-14,56,3,0,61,0,10,-3,G#/A♭ minor,4,5TuiRpR8l9pdFSshvjPpla,"Sony Music Labels Inc.",JPU902002426,no
229,"ずっとそばに","Cö shu Nie",135,1B,89,2026-08-08,04:06,43,"anime, j-rock, j-pop","Pop, Rock","ずっとそばに",2020-10-28,58,5,0,57,10,10,-4,B,4,4zXqNHCmDvm2q7fGk2Detq,"Sony Music Labels Inc.",JPU902002430,no
230,"ice melt","Cö shu Nie",99,4A,62,2026-08-08,03:11,33,"anime, j-rock, j-pop","Pop, Rock","LITMUS",2020-11-11,48,17,0,61,10,20,-7,F minor,4,07JUoZ3jQ0kr9DwFJeOGlr,"Sony Music Labels Inc.",JPU902002427,no
231,"夢を金色に染めて","Cö shu Nie",120,7B,84,2026-08-08,02:05,29,"anime, j-rock, j-pop","Pop, Rock","LITMUS",2020-11-11,51,3,0,47,10,0,-3,F,4,3LC4W9bIfCtmRqtlVTOfQj,"Sony Music Labels Inc.",JPU902002428,no
232,"黒い砂","Cö shu Nie",100,9A,63,2026-08-08,02:44,37,"anime, j-rock, j-pop","Pop, Rock","LITMUS",2020-11-11,61,45,0,51,0,20,-5,E minor,4,7IUJBPXstgXwll83CacLXU,"Sony Music Labels Inc.",JPU902002429,no
233,"give it back - Slushii Remix","Cö shu Nie, Slushii",105,3B,83,2026-08-08,03:08,23,"anime, j-rock, j-pop, future bass","Pop, Electronic, Rock","give it back (Slushii Remix)",2021-02-12,62,11,0,16,0,10,-5,C♯/D♭,4,16cBbWob4t9bZqsmBOORok,"Sony Music Labels Inc.",JPU902100114,no
234,"Smoke And Mirrors","Imagine Dragons",110,9B,64,2026-08-08,04:20,45,"modern rock, pop, rock","Rock, Pop","Smoke + Mirrors (Deluxe)",2015-10-23,60,6,2,9,0,40,-7,G,4,6Aiu4fCAEzvXpjmy1HsJxM,"Kid Ina Korner / Interscope",USUM71417930,no
235,"I’m So Sorry","Imagine Dragons",143,7A,69,2026-08-08,03:50,53,"modern rock, pop, rock","Rock, Pop","Smoke + Mirrors (Deluxe)",2015-10-23,53,14,0,42,0,20,-6,D minor,4,0GCXZmk0Uf74BdgWl0GaX2,"Kid Ina Korner / Interscope",USUM71417931,no
236,"Dream","Imagine Dragons",142,12A,51,2026-08-08,04:18,49,"modern rock, pop, rock","Rock, Pop","Smoke + Mirrors (Deluxe)",2015-10-23,36,64,0,11,0,0,-8,C♯/D♭ minor,4,0Wnzdtso3gHPcSFZwT2Pi9,"Kid Ina Korner / Interscope",USUM71417935,no
237,"The Unknown","Imagine Dragons",120,8B,77,2026-08-08,03:24,38,"modern rock, pop, rock","Rock, Pop","Smoke + Mirrors (Deluxe)",2015-10-23,43,3,0,35,0,0,-8,C,4,27zRTKEWiXOlDG91Q6F2Oo,"Kid Ina Korner / Interscope",USUM71417940,no
238,"Battle Cry","Imagine Dragons",130,5A,90,2026-08-08,04:32,54,"modern rock, pop, rock","Rock, Pop","Smoke + Mirrors (Deluxe)",2015-10-23,27,4,1,4,10,10,-7,C minor,4,6SCDzH7OCgpzwCP8yo7HIP,"Kid Ina Korner / Interscope",USUM71406333,no
239,"Monster","Imagine Dragons",180,5B,77,2026-08-08,04:10,57,"modern rock, pop, rock","Rock, Pop","Smoke + Mirrors (Deluxe)",2015-10-23,48,21,0,41,0,10,-5,D#/E♭,4,4uyDe8SeM0Nsgzp9KMtXWn,"Kid Ina Korner / Interscope",USUM71311709,no
240,"Shots - Broiler Remix","Imagine Dragons, Broiler",120,10A,78,2026-08-08,03:11,42,"modern rock, pop, rock, norwegian pop, russelåter","Rock, Pop","Smoke + Mirrors (Deluxe)",2015-10-23,74,39,7,55,0,10,-7,B minor,4,1ASo7euq1w4KHaz9tq6jkt,"Kid Ina Korner / Interscope",USUM71503624,no
241,"まがいものそのものの女","物語シリーズ",118,11B,11,2026-08-08,02:01,22,"anime, j-pop","Pop","Kabukimonogatari Gekihanongakushu (Original Soundtrack)",2018-11-02,46,88,82,3,0,10,-19,A,4,69BUxzOTbASCqu3spS9890,"Aniplex Inc.",JPE301303005,no
242,"親切","物語シリーズ",192,11B,27,2026-08-08,01:41,26,"anime, j-pop","Pop","Kabukimonogatari Gekihanongakushu (Original Soundtrack)",2018-11-02,69,56,92,27,30,0,-20,A,4,5NerVmX6Tz9K9TmuMhtIwj,"Aniplex Inc.",JPE301303015,no
243,"There's always something there to remind me","The Troggs",107,12B,70,2026-08-08,02:53,2,"proto-punk","","Au",1989-00-00,66,15,31,40,0,0,-14,E,4,1BBdgUMiM8ZPsLY5dz7opX,"New Rose",DESK99290201,no
244,"The Disco Kid versus Sid Chicane","The Troggs",89,10B,78,2026-08-08,03:39,1,"proto-punk","","Au",1989-00-00,65,61,0,70,0,0,-13,D,4,5eadM7AT3HsnuUtg18y1ZC,"New Rose",DESK99290205,no
245,"Maximum overdrive","The Troggs",98,10B,93,2026-08-08,02:55,1,"proto-punk","","Au",1989-00-00,56,17,1,35,0,30,-11,D,4,1m7skz00z5ov9qwvqHT5fV,"New Rose",DESK99290210,no
246,"Battle Scars <Plugless Version>","Sawano Hiroyuki",100,2A,97,2026-08-08,04:05,17,"anime, soundtrack","Pop, Classical, Easy Listening","青の祓魔師 Plugless",2011-00-00,66,12,0,76,0,0,-4,D#/E♭ minor,4,1QcL8RXvctljx61nze2Thv,"Aniplex Inc.",JPE301301934,no
247,"MATSURI <朝臭珍丼屋 V>","Sawano Hiroyuki",88,10A,45,2026-08-08,03:12,9,"anime, soundtrack","Pop, Classical, Easy Listening","青の祓魔師 Plugless",2011-00-00,75,67,67,84,0,10,-8,B minor,4,3plnDlS66n4j4ZHHttaOpi,"Aniplex Inc.",JPE301301939,no
248,"eXORCiST <cal off arr.>","Sawano Hiroyuki",80,11B,50,2026-08-08,04:25,12,"anime, soundtrack","Pop, Classical, Easy Listening","青の祓魔師 Plugless",2011-00-00,51,57,87,33,0,10,-9,A,4,37agheAT9ma1oidmdjSd2x,"Aniplex Inc.",JPE301301944,no
249,"BLUE <pfs>","Sawano Hiroyuki",122,4B,4,2026-08-08,04:02,22,"anime, soundtrack","Pop, Classical, Easy Listening","青の祓魔師 Plugless",2011-00-00,56,98,87,7,0,10,-20,G#/A♭,4,5ukjDAQDB9t9NbgKrIJgqL,"Aniplex Inc.",JPE301301945,no
250,"MATSURI","Sawano Hiroyuki",88,10A,90,2026-08-08,05:58,9,"anime, soundtrack","Pop, Classical, Easy Listening","青の祓魔師 Plugless",2011-00-00,61,9,64,72,0,10,-10,B minor,4,3adt0T2sut4eSlbGy5G23w,"Aniplex Inc.",JPE301203027,no
251,"祓魔師強奏曲　第三楽章: U & Cloud","Sawano Hiroyuki",100,6B,92,2026-08-08,03:43,28,"anime, soundtrack","Pop, Classical, Easy Listening","青の祓魔師 Plugless",2011-00-00,44,2,60,40,0,30,-7,A#/B♭,4,1soTLXmiuSghFpi7RODyLo,"Aniplex Inc.",JPE301101083,no
252,"BLUE","Sawano Hiroyuki",130,4A,20,2026-08-08,03:57,37,"anime, soundtrack","Pop, Classical, Easy Listening","青の祓魔師 Plugless",2011-00-00,37,89,90,13,0,10,-14,F minor,4,7F1qu0e6hEdQGvUPB3zxeD,"Aniplex Inc.",JPE301203032,no
253,"攻響組曲　DEVIL　第二楽章: i-AM","Sawano Hiroyuki",78,5B,28,2026-08-08,05:35,20,"anime, soundtrack","Pop, Classical, Easy Listening","青の祓魔師 Plugless",2011-00-00,34,85,53,10,0,10,-12,D#/E♭,4,3sZxzO6LEl2jmAYXnoN1Yn,"Aniplex Inc.",JPE301101086,no
254,"In My Bed","Sabrina Carpenter",218,8A,39,2026-08-08,03:09,51,"pop","Pop","Singular Act II",2019-07-19,55,7,0,66,30,0,-6,A minor,4,1FjD1jpm51dH5LzLvrDVPY,"Hollywood Records",USHR11939246,no
255,"Take Off All Your Cool","Sabrina Carpenter",117,8A,71,2026-08-08,03:03,46,"pop","Pop","Singular Act II",2019-07-19,51,22,0,81,40,10,-4,A minor,5,27B9H3cOefm9lWDfh9A0gj,"Hollywood Records",USHR11838872,no
256,"Tell Em","Sabrina Carpenter",103,1B,13,2026-08-08,04:40,47,"pop","Pop","Singular Act II",2019-07-19,79,14,0,20,0,10,-11,B,4,1CXLy7cfmAuxoIYcVM3wtK,"Hollywood Records",USHR11939248,no
257,"Rise Up","Imagine Dragons",94,5B,74,2026-08-08,03:51,68,"modern rock, pop, rock","Rock, Pop","Evolve",2017-06-23,45,1,0,10,0,10,-7,D#/E♭,4,3zT2616WcD9Df5m21OsCX0,"Kid Ina Korner / Interscope",USUM71704659,no
258,"I’ll Make It Up To You","Imagine Dragons",177,9B,67,2026-08-08,04:22,57,"modern rock, pop, rock","Rock, Pop","Evolve",2017-06-23,33,1,4,13,10,30,-7,G,3,0FfX0nofboxZjP0diT1eFv,"Kid Ina Korner / Interscope",USUM71704656,no
259,"Mouth Of The River","Imagine Dragons",96,4B,91,2026-08-08,03:41,59,"modern rock, pop, rock","Rock, Pop","Evolve",2017-06-23,48,0,5,29,0,10,-7,G#/A♭,4,1dekgAFF9uTCqLsklDaCWb,"Kid Ina Korner / Interscope",USUM71704657,no
260,"Start Over","Imagine Dragons",98,12A,93,2026-08-08,03:06,55,"modern rock, pop, rock","Rock, Pop","Evolve",2017-06-23,70,1,0,76,0,10,-5,C♯/D♭ minor,3,2Iug43iQrHN8CbGsUd2tEt,"Kid Ina Korner / Interscope",USUM71704649,no
261,"悪い冗談","物語シリーズ",158,9B,22,2026-08-08,03:37,16,"anime, j-pop","Pop","Koimonogatari Gekihanongakushu (Original Soundtrack)",2018-11-02,58,97,91,12,0,10,-16,G,3,5YaszzzX2yD9mAcSVAGQhr,"Aniplex Inc.",JPE301400441,no
262,"満身創痍","物語シリーズ",86,7A,11,2026-08-08,06:29,19,"anime, j-pop","Pop","Koimonogatari Gekihanongakushu (Original Soundtrack)",2018-11-02,42,99,89,7,0,10,-15,D minor,4,1A2EDb4ssJFFqCEQPLHb05,"Aniplex Inc.",JPE301400444,no
263,"Anyway That You Want Me","The Troggs",96,12A,28,2026-08-08,02:55,27,"proto-punk","","Hit Single Anthology",1991-04-29,42,80,17,36,0,10,-14,C♯/D♭ minor,3,12ob6zxomcdEDOBDzXdffk,"UMC (Universal Music Catalogue)",GBF086600007,no
264,"Give It To Me","The Troggs",113,11A,85,2026-08-08,02:13,20,"proto-punk","","Hit Single Anthology",1991-04-29,72,21,1,81,0,0,-11,F#/G♭ minor,4,75XDyYgBQuF78n6r8A3Ugn,"UMC (Universal Music Catalogue)",GBF086700002,no
265,"Girl In Black","The Troggs",115,11B,83,2026-08-08,02:01,8,"proto-punk","","Hit Single Anthology",1991-04-29,50,0,0,75,10,30,-11,A,4,5yFa5WF23CBrNDBTyhyowg,"UMC (Universal Music Catalogue)",GBF080300504,no
266,"When Will The Rain Come","The Troggs",127,10B,74,2026-08-08,02:39,9,"proto-punk","","Hit Single Anthology",1991-04-29,67,3,61,93,0,0,-8,D,4,3UqldZ0XVgGRmGwxr694yW,"UMC (Universal Music Catalogue)",GBF080300506,no
267,"a sLicE oF LiFE","Sawano Hiroyuki",164,4B,73,2026-08-08,02:56,0,"anime, soundtrack","Pop, Classical, Easy Listening","日本テレビ系火曜ドラマ「貧乏男子」オリジナル・サウンドトラック",2008-02-27,72,7,62,93,10,30,-7,G#/A♭,4,3APgtQfHq0Y3tMPRu9pX64,"VAP",JPVP00801604,no
268,"OUTLAW","Sawano Hiroyuki",90,9A,82,2026-08-08,03:03,0,"anime, soundtrack","Pop, Classical, Easy Listening","日本テレビ系火曜ドラマ「貧乏男子」オリジナル・サウンドトラック",2008-02-27,63,6,3,85,0,0,-7,E minor,4,4tq2ewhXHyj6dRNLXpDP0j,"VAP",JPVP00801605,no
269,"life's tapestry","Sawano Hiroyuki",177,7A,31,2026-08-08,04:06,0,"anime, soundtrack","Pop, Classical, Easy Listening","日本テレビ系火曜ドラマ「貧乏男子」オリジナル・サウンドトラック",2008-02-27,9,0,83,7,0,10,-10,D minor,1,5zFszFAEPH3x3A5Bu9y9NW,"VAP",JPVP00801610,no
270,"friends <guitar version>","Sawano Hiroyuki",122,12B,22,2026-08-08,03:23,0,"anime, soundtrack","Pop, Classical, Easy Listening","日本テレビ系火曜ドラマ「貧乏男子」オリジナル・サウンドトラック",2008-02-27,44,72,16,4,0,10,-14,E,4,0VN5ECJ6FvPwRn7ZgYyHcR,"VAP",JPVP00801614,no
271,"That's All Right !?!","Sawano Hiroyuki",132,11B,59,2026-08-08,03:33,0,"anime, soundtrack","Pop, Classical, Easy Listening","日本テレビ系火曜ドラマ「貧乏男子」オリジナル・サウンドトラック",2008-02-27,75,62,80,68,0,0,-5,A,3,6Oudz1bcxCiocfykiLwOmN,"VAP",JPVP00801616,no
272,"Back to the Starting Point <sax and strings version>","Sawano Hiroyuki",122,7B,25,2026-08-08,04:17,0,"anime, soundtrack","Pop, Classical, Easy Listening","日本テレビ系火曜ドラマ「貧乏男子」オリジナル・サウンドトラック",2008-02-27,26,24,43,8,0,30,-9,F,4,3f9rGYvGQi7VbaVACbnrgq,"VAP",JPVP00801620,no
273,"How To Go To Confession","Sabrina Carpenter",162,8B,55,2026-08-08,03:06,36,"pop","Pop","CLOUDS (Music From The Disney+ Original Movie)",2020-10-16,28,48,0,19,0,10,-6,C,3,0v0o4Otymd018Md9coeR4i,"Wayfarer Studios/Interscope Records",USUG12003844,no
274,"Machine","Imagine Dragons",81,12B,68,2026-08-08,03:01,65,"modern rock, pop, rock","Rock, Pop","Origins (Deluxe)",2018-11-09,64,0,1,59,0,10,-5,E,4,4uGY9CqDtGtaTTLg1cgsWD,"Kid Ina Korner / Interscope",USUM71816159,no
275,"Cool Out","Imagine Dragons",144,12A,72,2026-08-08,03:37,55,"modern rock, pop, rock","Rock, Pop","Origins (Deluxe)",2018-11-09,64,0,0,44,0,20,-5,C♯/D♭ minor,4,6LXMUR2rpxFBDo6nilS3yX,"Kid Ina Korner / Interscope",USUM71816160,no
276,"Burn Out","Imagine Dragons",135,3A,49,2026-08-08,04:33,52,"modern rock, pop, rock","Rock, Pop","Origins (Deluxe)",2018-11-09,59,2,0,29,0,10,-9,A#/B♭ minor,4,5Q7zuH8VNu7aLappSusPu6,"Kid Ina Korner / Interscope",USUM71816169,no
277,"ヤンデレ","物語シリーズ",120,12B,9,2026-08-08,00:46,5,"anime, j-pop","Pop","Nekomonogatari (Kuro) Gekihanongakushu [Original Soundtrack]",2018-11-02,37,89,0,4,0,10,-16,E,4,3ErqONXEHZno0pjefTRlPH,"Aniplex Inc.",JPE301300081,no
278,"火憐ちゃん","物語シリーズ",102,3B,54,2026-08-08,01:37,6,"anime, j-pop","Pop","Nekomonogatari (Kuro) Gekihanongakushu [Original Soundtrack]",2018-11-02,77,0,87,63,0,0,-8,C♯/D♭,4,3dM6hE3lCpfK9RmEe30vTP,"Aniplex Inc.",JPE301300087,no
279,"赤の他人","物語シリーズ",63,5A,2,2026-08-08,01:18,9,"anime, j-pop","Pop","Nekomonogatari (Kuro) Gekihanongakushu [Original Soundtrack]",2018-11-02,52,99,89,6,0,10,-22,C minor,4,6C7d0pvuM714XJ8Chc8cLH,"Aniplex Inc.",JPE301300089,no
280,"名残","物語シリーズ",127,10A,0,2026-08-08,01:12,13,"anime, j-pop","Pop","Nekomonogatari (Kuro) Gekihanongakushu [Original Soundtrack]",2018-11-02,59,99,96,42,30,10,-26,B minor,3,4Ap8Ln9QIqn6OVHlDI0ici,"Aniplex Inc.",JPE301300092,no
281,"朴念仁","物語シリーズ",80,11B,37,2026-08-08,01:47,9,"anime, j-pop","Pop","Nekomonogatari (Kuro) Gekihanongakushu [Original Soundtrack]",2018-11-02,79,46,8,89,40,0,-16,A,3,7IJkZsLuols3rJ1AsghcCI,"Aniplex Inc.",JPE301300093,no
282,"憔悴","物語シリーズ",105,10B,29,2026-08-08,02:00,7,"anime, j-pop","Pop","Nekomonogatari (Kuro) Gekihanongakushu [Original Soundtrack]",2018-11-02,64,69,94,49,0,10,-16,D,4,2OV2PAlwYTSPLtKfiX4e8v,"Aniplex Inc.",JPE301300097,no
283,"「普通の女の子」","物語シリーズ",64,7A,22,2026-08-08,03:56,26,"anime, j-pop","Pop","Nekomonogatari (Kuro) Gekihanongakushu [Original Soundtrack]",2018-11-02,54,88,88,13,0,10,-12,D minor,4,4sNSRsCh2egwPnxxrbniMF,"Aniplex Inc.",JPE301300099,no
284,"鬼出鬼没","物語シリーズ",80,8B,44,2026-08-08,01:21,5,"anime, j-pop","Pop","Nekomonogatari (Kuro) Gekihanongakushu [Original Soundtrack]",2018-11-02,29,70,96,19,0,30,-11,C,4,4Gzi1ww258UB854QebU7m1,"Aniplex Inc.",JPE301300101,no
285,"Crazy Annie","The Troggs",108,9A,36,2026-08-08,04:43,12,"proto-punk","","Athens Andover",1992-00-00,79,24,66,74,0,0,-14,E minor,4,19pbYhUUAxwS24rxzEc69Y,"Page One",DESK99290001,no
286,"Deja Vu","The Troggs",120,9B,56,2026-08-08,03:33,10,"proto-punk","","Athens Andover",1992-00-00,79,18,0,88,0,10,-15,G,4,3zJRvDd5jPh4t16ryT25L5,"Page One",DESK99290004,no
287,"Don't You Know","The Troggs",108,10B,60,2026-08-08,04:06,15,"proto-punk","","Athens Andover",1992-00-00,72,45,4,72,0,10,-12,D,4,7wodFhIj9DrnUvdolEWx93,"Page One",DESK99290008,no
288,"What's Your Game","The Troggs",128,10B,89,2026-08-08,04:56,1,"proto-punk","","Athens Andover",1992-00-00,76,34,0,68,0,10,-9,D,4,6ctFh0sdKA0lll5iH6TBzt,"Page One",DESK99290009,no
289,"BLUe-eXOSUiTe-toKYOto-弌","Sawano Hiroyuki",138,3B,52,2026-08-08,05:44,16,"anime, soundtrack","Pop, Classical, Easy Listening","青の祓魔師 京都不浄王篇 オリジナル・サウンドトラック",2011-00-00,24,23,90,6,0,10,-12,C♯/D♭,3,3BF5Zyf0dS3g78vHq9pSrE,"Aniplex Inc.",JPE301601177,no
290,"BPF3","Sawano Hiroyuki",68,7B,15,2026-08-08,02:42,3,"anime, soundtrack","Pop, Classical, Easy Listening","青の祓魔師 京都不浄王篇 オリジナル・サウンドトラック",2011-00-00,37,97,89,4,0,0,-22,F,3,7EOwCZ4DHMtALb8FtB1KCC,"Aniplex Inc.",JPE301601184,no
291,"phosphorus十snowman1","Sawano Hiroyuki",83,9A,17,2026-08-08,02:56,11,"anime, soundtrack","Pop, Classical, Easy Listening","青の祓魔師 京都不浄王篇 オリジナル・サウンドトラック",2011-00-00,24,24,77,3,0,10,-15,E minor,3,5OHGSLmxENjDN7qER2tFR2,"Aniplex Inc.",JPE301601185,no
292,"アッシャー幻saw曲　第三楽章: die Himmlische Musik","Sawano Hiroyuki",107,7A,26,2026-08-08,04:18,10,"anime, soundtrack","Pop, Classical, Easy Listening","青の祓魔師 京都不浄王篇 オリジナル・サウンドトラック",2011-00-00,17,94,98,3,0,10,-13,D minor,4,3YDEbxzePanEYFx8QVuu7x,"Aniplex Inc.",JPE301101098,no
293,"I'll Be Home For Christmas","Ali Brustofski, Sabrina Carpenter, Danielle Lowe",69,1B,13,2026-08-08,03:35,24,"acoustic pop, pop","Pop","I'll Be Home For Christmas",2012-12-19,33,86,0,20,0,20,-11,B,4,4xrSZaNoi4OisFTGYlhPYu,"mudhutdigital.com",GBDMT1200530,no
294,"Christmas the Whole Year Round","Sabrina Carpenter",188,2B,90,2026-08-08,02:59,37,"pop","Pop","Christmas the Whole Year Round",2015-01-01,56,15,0,96,0,10,-3,F#/G♭,4,065CI94mu3IZwqPU4BX4Cb,"Hollywood Records",USHR11536830,no
295,"A Dream is a Wish Your Heart Makes/So This is Love","Sabrina Carpenter",94,3B,24,2026-08-08,02:29,43,"pop","Pop","A Dream Is a Wish Your Heart Makes/So This Is Love",2016-08-26,50,91,0,22,0,10,-9,C♯/D♭,4,3WlCLuC6emWu8kbpaEb0KT,"Walt Disney Records",USWD11676303,no
296,"Thumbs - Acoustic","Sabrina Carpenter",129,5A,32,2026-08-08,03:24,34,"pop","Pop","Thumbs (Acoustic)",2017-04-21,66,59,0,73,0,10,-6,C minor,4,1soAeZZbjaECAC5IH0CNiL,"Hollywood Records",USHR11737939,no
297,"Have Yourself a Merry Little Christmas","Sabrina Carpenter",201,4B,24,2026-08-08,03:46,33,"pop","Pop","Have Yourself a Merry Little Christmas",2017-10-27,31,83,0,17,0,10,-11,G#/A♭,3,3raNSxsive7mKRQvSAoAmE,"Hollywood Records",USHR11738265,no
298,"First Love - Ashworth Remix","Lost Kings, Sabrina Carpenter, Ashworth",105,7B,70,2026-08-08,03:10,23,"pop dance, pop edm, pop, tropical house","Pop, Electronic","First Love (Remixes)",2017-12-01,68,22,0,74,0,20,-7,F,4,21HUuj1qSnAFn5iSOIlq6v,"Disruptor Records/RCA Records",USRC11703361,no
299,"Sue Me - Marian Hill Remix","Sabrina Carpenter, Marian Hill",114,1B,40,2026-08-08,03:36,24,"pop, electropop","Electronic, Pop","Sue Me (Remixes)",2019-01-18,72,24,6,12,10,0,-8,B,4,2zAqDXHqTTcTDXgxPsA4DH,"Hollywood Records",USHR11839033,no
300,"Honeymoon Fades","Sabrina Carpenter",115,4A,52,2026-08-08,03:15,54,"pop","Pop","Honeymoon Fades",2020-02-14,50,43,0,35,20,10,-8,F minor,5,2o2R6ghiVJfAqEXnlmOihz,"Hollywood Records",USHR12039661,no
301,"Let Me Move You - From the Netflix film  Work It ","Sabrina Carpenter",115,9A,63,2026-08-08,02:27,55,"pop","Pop","Let Me Move You (From the Netflix film Work It)",2020-07-24,62,1,2,77,0,0,-7,E minor,4,0roOLcll6SSTYZwsQFmXqP,"Hollywood Records",USHR12040322,no
302,"真実からは程遠い存在","物語シリーズ",144,9A,48,2026-08-08,03:03,27,"anime, j-pop","Pop","Nekomonogatari (Shiro) Gekihanongakushu [Original Soundtrack]",2018-11-02,58,51,85,14,0,10,-13,E minor,5,2gxbtT9daqb0yz69dzUS1Q,"Aniplex Inc.",JPE301302804,no
303,"唐突な問い","物語シリーズ",140,5B,31,2026-08-08,02:41,15,"anime, j-pop","Pop","Nekomonogatari (Shiro) Gekihanongakushu [Original Soundtrack]",2018-11-02,72,85,79,10,0,10,-15,D#/E♭,4,5AriCDZ9NJM8AhLmmJsWOV,"Aniplex Inc.",JPE301302805,no
304,"貫徹","物語シリーズ",180,4B,35,2026-08-08,02:30,16,"anime, j-pop","Pop","Nekomonogatari (Shiro) Gekihanongakushu [Original Soundtrack]",2018-11-02,54,100,95,63,0,10,-20,G#/A♭,3,56YNlJJHnuynM4MOgwribQ,"Aniplex Inc.",JPE301302807,no
305,"民倉荘","物語シリーズ",170,10B,61,2026-08-08,02:39,24,"anime, j-pop","Pop","Nekomonogatari (Shiro) Gekihanongakushu [Original Soundtrack]",2018-11-02,70,98,91,48,30,0,-14,D,4,1vY3Jta7WBIB1sDeL5JEl6,"Aniplex Inc.",JPE301302808,no
306,"怪訝","物語シリーズ",71,8B,14,2026-08-08,02:27,20,"anime, j-pop","Pop","Nekomonogatari (Shiro) Gekihanongakushu [Original Soundtrack]",2018-11-02,41,96,94,11,0,10,-14,C,4,2BhskYUVfsXyCk7CEuHuO1,"Aniplex Inc.",JPE301302812,no
307,"羽川翼は-否定する。","物語シリーズ",160,8A,56,2026-08-08,02:47,8,"anime, j-pop","Pop","Nekomonogatari (Shiro) Gekihanongakushu [Original Soundtrack]",2018-11-02,36,4,20,6,0,10,-8,A minor,4,2HYiUEm20AnMdiSfdAxCHC,"Aniplex Inc.",JPE301302816,no
308,"Our First Time","Bruno Mars",78,8A,45,2026-08-08,04:03,58,"dance pop, pop","Electronic, Pop","Doo-Wops & Hooligans",2010-05-11,71,42,0,87,0,20,-8,A minor,4,4LjkHlY5qDz0hhFJJH5M7a,"Elektra (NEK)",USAT21001884,no
309,"ORGANIZATION","Sawano Hiroyuki",85,3B,51,2026-08-08,02:25,2,"anime, soundtrack","Pop, Classical, Easy Listening","連続ドラマW「マークスの山」オリジナルサウンドトラック",2011-01-05,57,28,68,43,0,10,-17,C♯/D♭,4,6lFHhOkmSuuATFDuq4Jim2,"Legendoor",JPZ921011315,no
310,"GRAY TONE","Sawano Hiroyuki",109,7B,4,2026-08-08,04:09,8,"anime, soundtrack","Pop, Classical, Easy Listening","連続ドラマW「マークスの山」オリジナルサウンドトラック",2011-01-05,35,99,93,10,0,0,-23,F,1,3VAVmwumbDPk79d4T0tTY3,"Legendoor",JPZ921011317,no
311,"INVESTIGATION","Sawano Hiroyuki",196,10B,70,2026-08-08,02:42,3,"anime, soundtrack","Pop, Classical, Easy Listening","連続ドラマW「マークスの山」オリジナルサウンドトラック",2011-01-05,56,9,78,49,0,10,-12,D,4,13ABMjs9VShffagT2TJvib,"Legendoor",JPZ921011318,no
312,"PREMEDITATED CRIME","Sawano Hiroyuki",166,10A,61,2026-08-08,02:14,2,"anime, soundtrack","Pop, Classical, Easy Listening","連続ドラマW「マークスの山」オリジナルサウンドトラック",2011-01-05,52,8,72,58,0,10,-12,B minor,3,23xTYvv4PMKnPMlRUzWYTI,"Legendoor",JPZ921011321,no
313,"BLUE & RED","Sawano Hiroyuki",132,7A,42,2026-08-08,04:36,1,"anime, soundtrack","Pop, Classical, Easy Listening","連続ドラマW「マークスの山」オリジナルサウンドトラック",2011-01-05,54,19,46,8,30,0,-15,D minor,4,4DCCApt6JexKW4dYWZ5pIb,"Legendoor",JPZ921011322,no
314,"M-TONE","Sawano Hiroyuki",61,4A,7,2026-08-08,03:18,1,"anime, soundtrack","Pop, Classical, Easy Listening","連続ドラマW「マークスの山」オリジナルサウンドトラック",2011-01-05,42,98,81,6,0,10,-20,F minor,4,7d4MtGLMPS0wvnUppgJiuz,"Legendoor",JPZ921011326,no
315,"R","Sawano Hiroyuki",70,8B,0,2026-08-08,00:46,1,"anime, soundtrack","Pop, Classical, Easy Listening","連続ドラマW「マークスの山」オリジナルサウンドトラック",2011-01-05,58,98,96,0,10,10,-26,C,4,4vgB9GzEHtVgL8lmmbcGUf,"Legendoor",JPZ921011332,no
316,"K","Sawano Hiroyuki",180,5A,16,2026-08-08,00:55,2,"anime, soundtrack","Pop, Classical, Easy Listening","連続ドラマW「マークスの山」オリジナルサウンドトラック",2011-01-05,3,96,93,4,0,10,-23,C minor,5,1a3eEiVaFaB2tot8YKn3EZ,"Legendoor",JPZ921011333,no
317,"I Bet My Life - Alex Adair Remix","Imagine Dragons",117,3B,51,2026-08-08,03:10,49,"modern rock, pop, rock","Rock, Pop","I Bet My Life (Remixes)",2015-01-26,58,9,0,57,20,10,-9,C♯/D♭,4,3bnEhDlFFXeCyyYhbRszW7,"Kid Ina Korner / Interscope",USUM71500434,no
318,"Shots - Astrolith Remix","Imagine Dragons, Broiler",123,10A,80,2026-08-08,03:29,27,"modern rock, pop, rock, norwegian pop, russelåter","Rock, Pop","Shots EP",2015-05-04,73,6,0,63,0,30,-5,B minor,4,2u1ZBIYvcNZOEf1NqDReTG,"Kid Ina Korner / Interscope",USUM71505972,no
319,"Gold - Jorgen Odegard Remix","Imagine Dragons, Jorgen Odegard",118,8A,85,2026-08-08,04:06,33,"modern rock, pop, rock","Rock, Pop","Gold (Jorgen Odegard Remix)",2016-09-16,67,2,0,18,0,20,-6,A minor,4,1yN8sa0MAn11upEsSJupAB,"Kid Ina Korner / Interscope",USUM71607003,no
320,"Whatever It Takes - Jorgen Odegard Remix","Imagine Dragons, Jorgen Odegard",135,3A,73,2026-08-08,03:52,40,"modern rock, pop, rock","Rock, Pop","Whatever It Takes (Jorgen Odegard Remix)",2017-11-10,73,47,0,34,0,10,-6,A#/B♭ minor,4,6EOPpeRq5Qd1VBHd6GO2y5,"Kid Ina Korner / Interscope",USUM71711779,no
321,"Cutthroat","Imagine Dragons",166,9B,63,2026-08-08,02:49,45,"modern rock, pop, rock","Rock, Pop","Follow You / Cutthroat",2021-03-12,66,8,1,69,30,0,-5,G,4,0n0TbMUY2xrZlvd5J6XsqO,"KIDinaKORNER/Interscope Records",USUM72102980,no
322,"The Morning","The Weeknd",120,11A,51,2026-08-08,05:14,80,"canadian contemporary r&b, canadian pop, pop","R&B, Pop","House Of Balloons (Original)",2011-03-21,68,14,0,19,0,0,-10,F#/G♭ minor,4,4jBfUB4kQJCWOrjGLQqhO0,"The Weeknd/Lyric",USUM72104139,yes
323,"The Party & The After Party","The Weeknd",102,4A,58,2026-08-08,07:39,80,"canadian contemporary r&b, canadian pop, pop","R&B, Pop","House Of Balloons (Original)",2011-03-21,65,22,0,16,0,0,-10,F minor,4,0GROiXm03OrMC5ltXLhGIu,"The Weeknd/Lyric",USUM72104141,yes
324,"The Knowing","The Weeknd",86,11A,67,2026-08-08,05:42,63,"canadian contemporary r&b, canadian pop, pop","R&B, Pop","House Of Balloons (Original)",2011-03-21,45,21,0,17,0,0,-6,F#/G♭ minor,4,6tjsbysvZh8Pq8DZA5ldrn,"The Weeknd/Lyric",USUM72104144,no
325,"恋人同士","物語シリーズ",140,6B,18,2026-08-08,02:13,20,"anime, j-pop","Pop","Nisemonogatari Gekihanongakushu (Original Soundtrack)",2018-11-02,81,97,91,7,20,10,-16,A#/B♭,4,1pS5iMNymLG9HukPZsM81h,"Aniplex Inc.",JPE301201204,no
326,"物語","物語シリーズ",146,10B,54,2026-08-08,02:03,10,"anime, j-pop","Pop","Nisemonogatari Gekihanongakushu (Original Soundtrack)",2018-11-02,39,0,57,5,0,10,-10,D,4,3zFa6xK7RVgE9cL9WfGcfJ,"Aniplex Inc.",JPE301201205,no
327,"前髪","物語シリーズ",116,9B,41,2026-08-08,02:04,13,"anime, j-pop","Pop","Nisemonogatari Gekihanongakushu (Original Soundtrack)",2018-11-02,87,61,2,96,10,10,-14,G,4,3jasuFgk5FOZ0cLkN4Bijb,"Aniplex Inc.",JPE301201481,no
328,"燃える女","物語シリーズ",142,2B,93,2026-08-08,01:42,7,"anime, j-pop","Pop","Nisemonogatari Gekihanongakushu (Original Soundtrack)",2018-11-02,62,0,63,31,0,0,-10,F#/G♭,4,0FobpKaYdbIrvJZ6uPLQVZ,"Aniplex Inc.",JPE301201483,no
329,"悲痛","物語シリーズ",120,8A,46,2026-08-08,02:47,10,"anime, j-pop","Pop","Nisemonogatari Gekihanongakushu (Original Soundtrack)",2018-11-02,69,94,96,69,0,10,-12,A minor,4,12RDC7XROOLizi3si2Mozf,"Aniplex Inc.",JPE301201487,no
330,"囲い火蜂","物語シリーズ",87,1A,70,2026-08-08,01:51,6,"anime, j-pop","Pop","Nisemonogatari Gekihanongakushu (Original Soundtrack)",2018-11-02,53,27,76,35,0,10,-8,G#/A♭ minor,5,6bOU6hk9QraSyIfJAgMSoJ,"Aniplex Inc.",JPE301201491,no
331,"絆","物語シリーズ",90,8A,80,2026-08-08,02:53,21,"anime, j-pop","Pop","Nisemonogatari Gekihanongakushu (Original Soundtrack)",2018-11-02,79,70,57,62,0,20,-8,A minor,4,33aPiJ05FgH0Nvhl0cC9vl,"Aniplex Inc.",JPE301201492,no
332,"嘘","物語シリーズ",100,12B,40,2026-08-08,03:40,6,"anime, j-pop","Pop","Nisemonogatari Gekihanongakushu (Original Soundtrack)",2018-11-02,87,88,93,12,10,10,-12,E,4,2j5aCaRCdeM4vhWEr5xUZu,"Aniplex Inc.",JPE301201666,no
333,"条件","物語シリーズ",80,9B,10,2026-08-08,01:34,5,"anime, j-pop","Pop","Nisemonogatari Gekihanongakushu (Original Soundtrack)",2018-11-02,46,95,41,8,0,20,-11,G,3,6CVW0QFfLlFaCr1nnbe4PK,"Aniplex Inc.",JPE301201667,no
334,"必勝法","物語シリーズ",90,2B,73,2026-08-08,02:55,6,"anime, j-pop","Pop","Nisemonogatari Gekihanongakushu (Original Soundtrack)",2018-11-02,75,21,90,96,0,0,-9,F#/G♭,4,5LIrKr5cT0cFHVbhn46WCW,"Aniplex Inc.",JPE301201669,no
335,"優等生","物語シリーズ",156,10B,42,2026-08-08,02:27,25,"anime, j-pop","Pop","Nisemonogatari Gekihanongakushu (Original Soundtrack)",2018-11-02,59,26,76,22,0,0,-14,D,4,5FOzHarBUzfpMtaLM1KQUS,"Aniplex Inc.",JPE301201672,no
336,"ドーナツ・ハイ","物語シリーズ",110,7B,93,2026-08-08,01:37,5,"anime, j-pop","Pop","Nisemonogatari Gekihanongakushu (Original Soundtrack)",2018-11-02,63,44,82,97,0,0,-5,F,4,3USqa8olDIRxDC6R6gNLT9,"Aniplex Inc.",JPE301202027,no
337,"Young Girls","Bruno Mars",126,11A,75,2026-08-08,03:48,73,"dance pop, pop","Electronic, Pop","Unorthodox Jukebox",2012-12-07,56,46,0,50,0,20,-5,F#/G♭ minor,4,3G5iN5QBqMeXx3uZPy8tgB,"Atlantic Records",USAT21206100,no
338,"Moonshine","Bruno Mars",105,10B,78,2026-08-08,03:48,65,"dance pop, pop","Electronic, Pop","Unorthodox Jukebox",2012-12-07,71,21,0,42,0,0,-4,D,4,30raivfq7rSt5nKltiHfzG,"Atlantic Records",USAT21206700,no
339,"mein Mädchen","Sawano Hiroyuki",125,11B,19,2026-08-08,05:14,4,"anime, soundtrack","Pop, Classical, Easy Listening","My Girl original soundtrack",2009-11-25,36,84,96,11,0,10,-14,A,4,2UIs8LCop1WP2OV115SwqG,"TV ASAHI MUSIC CO.,LTD.",JPCO00927220,no
340,"mein Mädchen (für Gitarre)","Sawano Hiroyuki",120,11B,13,2026-08-08,03:40,2,"anime, soundtrack","Pop, Classical, Easy Listening","My Girl original soundtrack",2009-11-25,66,88,63,10,0,10,-15,A,4,6DMfNQlvO1inXnWo9MLEZQ,"TV ASAHI MUSIC CO.,LTD.",JPCO00927290,no
341,"mein Mädchen (für Klavier)","Sawano Hiroyuki",116,7A,7,2026-08-08,03:42,2,"anime, soundtrack","Pop, Classical, Easy Listening","My Girl original soundtrack",2009-11-25,52,98,93,16,0,10,-24,D minor,4,4PAlsECEFKC0aB3HIX7hcD,"TV ASAHI MUSIC CO.,LTD.",JPCO00927340,no
342,"mein Mädchen (für Cello)","Sawano Hiroyuki",120,7B,18,2026-08-08,02:58,2,"anime, soundtrack","Pop, Classical, Easy Listening","My Girl original soundtrack",2009-11-25,46,91,88,17,0,10,-18,F,4,5W6oekcoBRWJ2p7nGjH8Xu,"TV ASAHI MUSIC CO.,LTD.",JPCO00927390,no
343,"Come Now (Rerecorded)","The Troggs",173,8B,62,2026-08-08,02:26,0,"proto-punk","","Wild Thing - The Best of the Troggs (Rerecorded Version)",2002-03-01,29,38,2,66,10,20,-16,C,4,3eURViE9baojeB2Pvs06CM,"K-Tel",USDEI9400807,no
344,"Lover (Rerecorded)","The Troggs",110,4B,63,2026-08-08,02:24,0,"proto-punk","","Wild Thing - The Best of the Troggs (Rerecorded Version)",2002-03-01,56,87,77,73,0,20,-9,G#/A♭,4,6Vfm5igQXo6UAxR4nCopo0,"K-Tel",USDEI9403582,no
345,"Wild Thing (Heavy Version) (Rerecorded)","The Troggs",190,11B,62,2026-08-08,03:55,0,"proto-punk","","Wild Thing - The Best of the Troggs (Rerecorded Version)",2002-03-01,33,9,9,53,0,20,-9,A,4,03sHgisg2NMYQoXQhG4vyI,"K-Tel",USDEI9404817,no
346,"Any Way That You Want Me (Rerecorded)","The Troggs",98,11B,27,2026-08-08,02:47,0,"proto-punk","","Wild Thing - The Best of the Troggs (Rerecorded Version)",2002-03-01,41,67,4,21,0,10,-16,A,4,6RDKMx2wO0PJBmyXe5bjSf,"K-Tel",USDEI8300806,no
347,"Disco Kid (Rerecorded)","The Troggs",89,9A,79,2026-08-08,03:35,0,"proto-punk","","Wild Thing - The Best of the Troggs (Rerecorded Version)",2002-03-01,64,34,5,80,0,0,-12,E minor,4,7yJlgBrf2C8gT2LD3c108g,"K-Tel",USDEI9400809,no
348,"Lonely Star","The Weeknd",158,10B,62,2026-08-08,05:49,61,"canadian contemporary r&b, canadian pop, pop","R&B, Pop","Thursday (Original)",2011-08-18,48,27,3,17,0,40,-9,D,4,5JpSjNcjuP8L9QrYmv3xcn,"The Weeknd/Lyric",USUM72111895,yes
349,"Life Of The Party","The Weeknd",138,10B,55,2026-08-08,04:56,60,"canadian contemporary r&b, canadian pop, pop","R&B, Pop","Thursday (Original)",2011-08-18,60,0,0,52,0,60,-8,D,4,6eJbjaoLRlfwrfWpeS6alF,"The Weeknd/Lyric",USUM72111917,no
350,"Thursday","The Weeknd",179,5A,49,2026-08-08,05:20,60,"canadian contemporary r&b, canadian pop, pop","R&B, Pop","Thursday (Original)",2011-08-18,26,48,3,21,0,0,-8,C minor,3,0l1p13Fbujayv894H0hfpS,"The Weeknd/Lyric",USUM72111928,no
351,"The Birds Pt. 2","The Weeknd",79,8A,56,2026-08-08,05:50,64,"canadian contemporary r&b, canadian pop, pop","R&B, Pop","Thursday (Original)",2011-08-18,28,46,0,18,0,20,-8,A minor,3,2yYDijitHN6psA2tH0ndXs,"The Weeknd/Lyric",USUM72111982,yes
352,"Rolling Stone","The Weeknd",130,1A,35,2026-08-08,03:50,59,"canadian contemporary r&b, canadian pop, pop","R&B, Pop","Thursday (Original)",2011-08-18,68,54,0,40,0,10,-12,G#/A♭ minor,4,4dXnS1YXBkn4oAIxRLPJcK,"The Weeknd/Lyric",USUM72111984,yes
353,"蛇髪娘","物語シリーズ",120,6A,10,2026-08-08,02:13,10,"anime, j-pop","Pop","Otorimonogatari Gekihanongakushu (Original Soundtrack)",2018-11-02,49,94,84,4,0,0,-14,G minor,4,4okV9Po5v8i3APZhKqhGTJ,"Aniplex Inc.",JPE301400156,no
354,"A級不審人物","物語シリーズ",160,1B,19,2026-08-08,03:00,17,"anime, j-pop","Pop","Otorimonogatari Gekihanongakushu (Original Soundtrack)",2018-11-02,60,93,69,32,0,0,-16,B,4,0E3JCv7W4ovrabAvtXdWk2,"Aniplex Inc.",JPE301400157,no
355,"失言","物語シリーズ",140,8A,12,2026-08-08,02:23,14,"anime, j-pop","Pop","Otorimonogatari Gekihanongakushu (Original Soundtrack)",2018-11-02,77,78,97,18,10,10,-24,A minor,3,52YvMsyXXiTT9i6o92zUJr,"Aniplex Inc.",JPE301400159,no
356,"死体探し","物語シリーズ",131,7A,20,2026-08-08,03:30,16,"anime, j-pop","Pop","Otorimonogatari Gekihanongakushu (Original Soundtrack)",2018-11-02,78,71,1,22,0,0,-16,D minor,3,2F3wHK3OCCrev5973jQvNx,"Aniplex Inc.",JPE301400163,no
357,"ジャンヌ・ダルク気取り","物語シリーズ",120,10B,24,2026-08-08,04:03,8,"anime, j-pop","Pop","Otorimonogatari Gekihanongakushu (Original Soundtrack)",2018-11-02,45,66,92,6,0,10,-14,D,4,12PAwnYGpatpPUVCdY5xTk,"Aniplex Inc.",JPE301400170,no
358,"勝手な話","物語シリーズ",148,9A,28,2026-08-08,03:24,15,"anime, j-pop","Pop","Otorimonogatari Gekihanongakushu (Original Soundtrack)",2018-11-02,68,88,89,12,10,0,-12,E minor,4,0cpt0qXZXPjVJmeDpxFj4H,"Aniplex Inc.",JPE301400165,no
359,"24K Magic","Bruno Mars",107,3B,80,2026-08-08,03:45,87,"dance pop, pop","Electronic, Pop","24K Magic",2016-11-18,82,3,0,63,0,10,-4,C♯/D♭,4,6b8Be6ljOzmkOmFslEb23P,"Atlantic Records",USAT21602944,no
360,"Straight up & Down","Bruno Mars",144,2A,73,2026-08-08,03:18,66,"dance pop, pop","Electronic, Pop","24K Magic",2016-11-18,55,2,0,64,0,0,-7,D#/E♭ minor,4,2mrZYZGmPFV3QOyYPZ1zsn,"Atlantic Records",USAT21602950,no
361,"Calling All My Lovelies","Bruno Mars",160,12A,71,2026-08-08,04:10,68,"dance pop, pop","Electronic, Pop","24K Magic",2016-11-18,66,4,0,87,0,10,-7,C♯/D♭ minor,4,6ObpR8ek44tvWefQRcSo8K,"Atlantic Records",USAT21602951,no
362,"Symphonic Suite [SENGOKU]　　2nd-Mov. : E","Sawano Hiroyuki",100,4B,79,2026-08-08,05:06,6,"anime, soundtrack","Pop, Classical, Easy Listening","「劇場版 戦国BASARA -The Last Party-」音楽絵巻 ～さらば、宿敵（とも）よ～",2011-06-08,51,1,73,21,0,0,-10,G#/A♭,4,4WmCFqhyvd2y38TAUtxHmz,"FlyingDog",JPG751100180,no
363,"Symphonic Suite [SENGOKU]　　3rd-Mov. : N","Sawano Hiroyuki",93,3B,66,2026-08-08,02:41,4,"anime, soundtrack","Pop, Classical, Easy Listening","「劇場版 戦国BASARA -The Last Party-」音楽絵巻 ～さらば、宿敵（とも）よ～",2011-06-08,58,0,80,4,0,20,-14,C♯/D♭,4,7fFcav3cHIelcd7QL7gNgD,"FlyingDog",JPG751100181,no
364,"Symphonic Suite [SENGOKU]　　4th-Mov. : G","Sawano Hiroyuki",89,4B,64,2026-08-08,04:43,4,"anime, soundtrack","Pop, Classical, Easy Listening","「劇場版 戦国BASARA -The Last Party-」音楽絵巻 ～さらば、宿敵（とも）よ～",2011-06-08,32,35,83,15,0,10,-13,G#/A♭,4,23wkcEM02UEflmBlqAzGG8,"FlyingDog",JPG751100182,no
365,"Symphonic Suite [SENGOKU]　　6th-Mov. : K","Sawano Hiroyuki",156,5A,50,2026-08-08,03:20,2,"anime, soundtrack","Pop, Classical, Easy Listening","「劇場版 戦国BASARA -The Last Party-」音楽絵巻 ～さらば、宿敵（とも）よ～",2011-06-08,26,32,24,20,0,40,-14,C minor,3,3PPmsDDPtwpB0Rp5XjGdHe,"FlyingDog",JPG751100184,no
366,"OMAKE-SUITE　　the Edge oF a §WORD <Final Ver.>","Sawano Hiroyuki",96,10A,90,2026-08-08,03:36,8,"anime, soundtrack","Pop, Classical, Easy Listening","「劇場版 戦国BASARA -The Last Party-」音楽絵巻 ～さらば、宿敵（とも）よ～",2011-06-08,43,0,83,29,0,20,-8,B minor,4,64V6vN4zqiiLy1Gc8uQgPB,"FlyingDog",JPG751100189,no
367,"OMAKE-SUITE　　Outtake弐-04","Sawano Hiroyuki",167,4A,19,2026-08-08,02:40,7,"anime, soundtrack","Pop, Classical, Easy Listening","「劇場版 戦国BASARA -The Last Party-」音楽絵巻 ～さらば、宿敵（とも）よ～",2011-06-08,14,49,47,9,0,10,-11,F minor,5,3CvhXDAL9jeuDTtjEDJPmK,"FlyingDog",JPG751100194,no
368,"I Do Do (Rerecorded)","The Troggs",121,12B,64,2026-08-08,02:48,1,"proto-punk","","20 of Their Best (Rerecorded Version)",2009-09-11,77,2,67,97,0,0,-11,E,4,0iO7fhr7nFYjbPwgX87V7h,"K-Tel",USG290601505,no
369,"Hot Days (Rerecorded)","The Troggs",130,9B,38,2026-08-08,02:54,0,"proto-punk","","20 of Their Best (Rerecorded Version)",2009-09-11,87,2,11,68,20,0,-15,G,4,2zQnrqTWw2vafUJGxB7y9N,"K-Tel",USG290601503,no
370,"Widge You (Rerecorded)","The Troggs",134,11A,84,2026-08-08,03:53,0,"proto-punk","","20 of Their Best (Rerecorded Version)",2009-09-11,59,6,21,90,0,10,-9,F#/G♭ minor,4,09pUAPFbpsiB1qP13R4Dzd,"K-Tel",USG290601514,no
371,"Last Night (Rerecorded)","The Troggs",184,9B,44,2026-08-08,02:55,0,"proto-punk","","20 of Their Best (Rerecorded Version)",2009-09-11,41,42,60,64,10,60,-13,G,3,0u5sShBHJkM0XT6W0oar5Z,"K-Tel",USG290601508,no
372,"D.D.","The Weeknd",120,6A,71,2026-08-08,04:35,58,"canadian contemporary r&b, canadian pop, pop","R&B, Pop","Trilogy",2012-11-13,68,48,0,38,10,50,-7,G minor,4,7eZ7ODAt9cALYnWLO8F6Fd,"CP Records",USUM71212138,no
373,"Outside","The Weeknd",140,5A,45,2026-08-08,04:20,48,"canadian contemporary r&b, canadian pop, pop","R&B, Pop","Trilogy",2012-11-13,56,70,0,27,0,40,-9,C minor,4,1yhDPgIPGoe3Bf8wRsK4u7,"CP Records",USUM71212140,yes
374,"XO / The Host","The Weeknd",128,10B,60,2026-08-08,07:23,52,"canadian contemporary r&b, canadian pop, pop","R&B, Pop","Trilogy",2012-11-13,44,38,0,8,0,30,-8,D,4,0C5WrEPjUYPxVkKyth1Lbz,"CP Records",USUM71212141,yes
375,"Initiation","The Weeknd",140,3B,53,2026-08-08,04:20,48,"canadian contemporary r&b, canadian pop, pop","R&B, Pop","Trilogy",2012-11-13,66,45,0,49,10,20,-7,C♯/D♭,4,3H37ijjdmKz0dQLgUGzpjx,"CP Records",USUM71212142,yes
376,"Echoes Of Silence","The Weeknd",76,11A,16,2026-08-08,04:00,46,"canadian contemporary r&b, canadian pop, pop","R&B, Pop","Trilogy",2012-11-13,21,95,1,13,0,10,-18,F#/G♭ minor,3,5dikapPlQPrsT3xUsUjj0N,"CP Records",USUM71212146,no
377,"mein schatz","物語シリーズ",105,3A,77,2026-08-08,04:05,26,"anime, j-pop","Pop","Owarimonogatari Gekihanongakushu (Original Soundtrack)",2018-11-02,50,16,1,30,0,30,-7,A#/B♭ minor,3,6Y4aoedUzZ4losxpXscJWy,"Aniplex Inc.",JPE301600105,no
378,"Treasure - Cash Cash Radio Mix","Bruno Mars",122,4A,94,2026-08-08,03:28,54,"dance pop, pop","Electronic, Pop","Treasure Remix EP",2013-08-13,66,10,0,75,10,70,-2,F minor,4,7dQGDSVjt1vS6BsDURjYhS,"Atlantic Records",USAT21302409,no
379,"That's What I Like - PARTYNEXTDOOR Remix","Bruno Mars, PARTYNEXTDOOR",134,3B,70,2026-08-08,03:26,51,"dance pop, pop, dark r&b, r&b, trap soul","Electronic, Pop, R&B, Hip Hop","That's What I Like (PARTYNEXTDOOR Remix)",2017-04-18,74,2,0,86,0,0,-5,C♯/D♭,4,64TkpV7m7f09JY7K436pju,"Atlantic Records",USAT21701040,no
380,"24K Magic - R3hab Remix","Bruno Mars, R3HAB",106,4A,71,2026-08-08,02:38,53,"dance pop, pop, slap house, edm","Electronic, Pop","24K Magic (R3hab Remix)",2017-05-26,76,15,0,57,20,30,-6,F minor,4,1nSzCAvAvzJj5oIt7m90G0,"Atlantic Records",USAT21701346,no
381,"Versace on the Floor (Bruno Mars vs. David Guetta)","Bruno Mars, David Guetta",100,10B,70,2026-08-08,03:48,58,"dance pop, pop, edm","Electronic, Pop","Versace On The Floor (Bruno Mars vs. David Guetta)",2017-06-27,75,11,0,59,0,0,-5,D,4,5UJshy5HDHdNEVqlJwzsQB,"Atlantic Records",USAT21701884,no
382,"Please Me","Cardi B, Bruno Mars",134,3B,57,2026-08-08,03:20,76,"pop, rap, dance pop","Electronic, Pop, Hip Hop","Please Me",2019-02-15,75,6,0,65,0,0,-7,C♯/D♭,4,0PG9fbaaHFHfre2gUVo7AN,"Atlantic/KSR",USAT21811659,yes
383,"Silk Sonic Intro","Bruno Mars, Anderson .Paak, Silk Sonic",115,3B,55,2026-08-08,01:03,0,"dance pop, pop, escape room, hip hop, indie soul, neo soul","Electronic, Pop, Hip Hop, R&B","Silk Sonic Intro",2021-03-04,70,10,0,67,0,60,-9,C♯/D♭,4,6B80CiyrakAy7Nryb1PW9G,"Aftermath Entertainment/Atlantic",USAT22100909,no
384,"祓魔師強奏曲　第二楽章: X","Sawano Hiroyuki",100,3B,90,2026-08-08,04:02,25,"anime, soundtrack","Pop, Classical, Easy Listening","青の祓魔師 オリジナル・サウンドトラック I",2011-06-22,53,0,95,80,0,20,-8,C♯/D♭,4,0TkC6KMA4C1HN60hyj04au,"Aniplex Inc.",JPE301101082,no
385,"攻響組曲　DEVIL　第三楽章: eXORCiST","Sawano Hiroyuki",160,9A,90,2026-08-08,04:24,37,"anime, soundtrack","Pop, Classical, Easy Listening","青の祓魔師 オリジナル・サウンドトラック I",2011-06-22,44,2,69,15,10,30,-10,E minor,4,7fOzGo3dEM2Cn8ygMLNJOw,"Aniplex Inc.",JPE301101087,no
386,"AOE組曲　第一楽章: My☆","Sawano Hiroyuki",100,4B,86,2026-08-08,04:20,12,"anime, soundtrack","Pop, Classical, Easy Listening","青の祓魔師 オリジナル・サウンドトラック I",2011-06-22,58,12,0,30,0,10,-9,G#/A♭,4,1q3H6HXHBJpCAYnLOav5Ic,"Aniplex Inc.",JPE301101089,no
387,"AOE組曲　第四楽章: AI","Sawano Hiroyuki",133,6B,11,2026-08-08,02:57,27,"anime, soundtrack","Pop, Classical, Easy Listening","青の祓魔師 オリジナル・サウンドトラック I",2011-06-22,54,71,97,5,0,10,-19,A#/B♭,4,6STCKWUXbEiaDouCFW0Qqi,"Aniplex Inc.",JPE301101092,no
388,"交狂詩 GeHeNa　第二楽章: A-maimon","Sawano Hiroyuki",135,3A,95,2026-08-08,03:36,16,"anime, soundtrack","Pop, Classical, Easy Listening","青の祓魔師 オリジナル・サウンドトラック I",2011-06-22,56,0,77,18,10,20,-9,A#/B♭ minor,4,7nrbsGYL4qXtP77CzBdqyy,"Aniplex Inc.",JPE301101094,no
389,"What You Doin' There","The Troggs",181,11B,33,2026-08-08,04:29,0,"proto-punk","","The Complete Troggs",2016-03-18,29,35,2,33,0,0,-12,A,4,7IWhP27w0lM8wcRtqHlZGh,"Empire of Sound",UKDNQ1506796,no
390,"Professional","The Weeknd",120,10A,62,2026-08-08,06:08,66,"canadian contemporary r&b, canadian pop, pop","R&B, Pop","Kiss Land",2013-09-10,41,16,0,23,0,0,-9,B minor,4,5ZicFGBDAi9J2YCVesboUp,"CP Records",USUM71310341,no
391,"Adaptation","The Weeknd",115,10A,79,2026-08-08,04:43,61,"canadian contemporary r&b, canadian pop, pop","R&B, Pop","Kiss Land",2013-09-10,64,16,0,62,0,30,-7,B minor,4,4pHQ9RYFhn3W0ha5KEuMnj,"CP Records",USUM71310343,no
392,"Belong To The World","The Weeknd",121,4A,86,2026-08-08,05:07,56,"canadian contemporary r&b, canadian pop, pop","R&B, Pop","Kiss Land",2013-09-10,50,0,0,36,0,10,-6,F minor,4,3D7izPzeEcz7lBhcCZJccl,"CP Records",USUM71308530,no
393,"Pretty","The Weeknd",126,10A,69,2026-08-08,06:15,58,"canadian contemporary r&b, canadian pop, pop","R&B, Pop","Kiss Land",2013-09-10,57,4,0,33,0,30,-7,B minor,4,0ei3uNcwJOiUocuks1vWcb,"CP Records",USUM71310347,yes
394,"Tears In The Rain","The Weeknd",160,3B,64,2026-08-08,07:24,59,"canadian contemporary r&b, canadian pop, pop","R&B, Pop","Kiss Land",2013-09-10,66,11,23,19,0,0,-8,C♯/D♭,4,5oAOK7xCJD8hzp9PuxjULL,"CP Records",USUM71310348,no
395,"BGM的-suite 1st-Mov.：E戦場-Aria","Sawano Hiroyuki",142,5A,43,2026-08-08,02:58,16,"anime, soundtrack","Pop, Classical, Easy Listening","青の祓魔師 オリジナル・サウンドトラック II",2011-09-28,22,82,91,10,0,10,-17,C minor,4,6XirOFa373xU7EQ3yJoRwg,"Aniplex Inc.",JPE301102621,no
396,"日常用 de SUIT 2nd-Mov.：銃剣兄弟GEKIBANger-Returns","Sawano Hiroyuki",170,9B,57,2026-08-08,03:08,6,"anime, soundtrack","Pop, Classical, Easy Listening","青の祓魔師 オリジナル・サウンドトラック II",2011-09-28,54,49,88,56,20,10,-12,G,4,0CtlWX3TAViZzTFe79sGzG,"Aniplex Inc.",JPE301102630,no
397,"交響$weet 1st-Mov.：st-RING","Sawano Hiroyuki",123,8A,18,2026-08-08,04:23,8,"anime, soundtrack","Pop, Classical, Easy Listening","青の祓魔師 オリジナル・サウンドトラック II",2011-09-28,45,92,86,5,0,0,-15,A minor,4,2YryjyzI62s9yY6n20OvIY,"Aniplex Inc.",JPE301102633,no
398,"交響$weet 4th-Mov.：f","Sawano Hiroyuki",76,10B,8,2026-08-08,03:44,17,"anime, soundtrack","Pop, Classical, Easy Listening","青の祓魔師 オリジナル・サウンドトラック II",2011-09-28,29,96,90,5,0,0,-20,D,3,4HtIJokdLiYktVUjv6HmEi,"Aniplex Inc.",JPE301102636,no
399,"むー","BURNOUT SYNDROMES",126,9B,70,2026-08-08,04:20,12,"anime, j-rock, j-pop","Pop, Rock","世界一美しい世界一美しい世界",2015-01-28,47,0,0,59,0,20,-6,G,4,4iB2nTgeaGSfkfMHu7u1ed,"Handmade Music",JPZ921405498,no
400,"ラブレター。","BURNOUT SYNDROMES",121,9B,68,2026-08-08,03:23,13,"anime, j-rock, j-pop","Pop, Rock","世界一美しい世界一美しい世界",2015-01-28,59,1,0,76,0,10,-6,G,4,78gvqnBAbZE28JdRooTn2J,"Handmade Music",JPZ921405500,no
401,"LOSTTIME","BURNOUT SYNDROMES",180,12B,84,2026-08-08,04:54,15,"anime, j-rock, j-pop","Pop, Rock","世界一美しい世界一美しい世界",2015-01-28,36,0,0,66,0,10,-5,E,4,4JnV5MkdyHMhO9ZrqOtWfo,"Handmade Music",JPZ921405501,no
402,"神戸在住","BURNOUT SYNDROMES",88,1B,76,2026-08-08,05:31,11,"anime, j-rock, j-pop","Pop, Rock","世界一美しい世界一美しい世界",2015-01-28,64,10,0,82,0,0,-8,B,4,6HOPLosXnNSqXG5YYq5iYX,"Handmade Music",JPZ921405502,no
403,"Ready to Go","Sawano Hiroyuki",95,4A,84,2026-08-08,04:16,25,"anime, soundtrack","Pop, Classical, Easy Listening","GUILTY CROWN COMPLETE SOUNDTRACK",2012-00-00,58,2,0,50,20,30,-5,F minor,4,4OuAaKDeNtHYxu6kRh9m2s,"Aniplex Inc.",JPE301103964,no
404,"friends","Sawano Hiroyuki",118,11B,90,2026-08-08,03:50,29,"anime, soundtrack","Pop, Classical, Easy Listening","GUILTY CROWN COMPLETE SOUNDTRACK",2012-00-00,64,4,0,62,0,0,-5,A,4,32kRIe8ygO5CRRqPyseGFs,"Aniplex Inc.",JPE301103965,no
405,"Rё∀L","Sawano Hiroyuki",128,2B,82,2026-08-08,04:12,34,"anime, soundtrack","Pop, Classical, Easy Listening","GUILTY CROWN COMPLETE SOUNDTRACK",2012-00-00,67,1,0,51,0,10,-6,F#/G♭,4,0xHoXmtEuEtlbfDlRgfkQg,"Aniplex Inc.",JPE301103979,no
406,"Hill Of Sorrow","Sawano Hiroyuki",96,9B,86,2026-08-08,04:11,34,"anime, soundtrack","Pop, Classical, Easy Listening","GUILTY CROWN COMPLETE SOUNDTRACK",2012-00-00,55,5,13,28,0,0,-7,G,4,3CPFL972FgwQYqYECdyA7e,"Aniplex Inc.",JPE301103974,no
407,"美♂-K＋$タすpAd","Sawano Hiroyuki",69,6B,10,2026-08-08,02:35,25,"anime, soundtrack","Pop, Classical, Easy Listening","GUILTY CROWN COMPLETE SOUNDTRACK",2012-00-00,23,95,0,34,0,10,-12,A#/B♭,4,47WCtkXVVbxuzQ1hcLJsHl,"Aniplex Inc.",JPE301200069,no
408,"α","Sawano Hiroyuki",127,9B,82,2026-08-08,05:48,14,"anime, soundtrack","Pop, Classical, Easy Listening","GUILTY CROWN COMPLETE SOUNDTRACK",2012-00-00,66,1,80,30,0,10,-8,G,4,5sFbqIZU1HLvccEE6pFzxc,"Aniplex Inc.",JPE301103962,no
409,"1616","Sawano Hiroyuki",140,10B,30,2026-08-08,03:22,15,"anime, soundtrack","Pop, Classical, Easy Listening","GUILTY CROWN COMPLETE SOUNDTRACK",2012-00-00,60,48,87,24,0,10,-14,D,4,1Ghd8Av0gs9Wkz4vLc6IF3,"Aniplex Inc.",JPE301200667,no
410,"pF-AdLibⅣ","Sawano Hiroyuki",68,10A,10,2026-08-08,02:04,23,"anime, soundtrack","Pop, Classical, Easy Listening","GUILTY CROWN COMPLETE SOUNDTRACK",2012-00-00,60,97,90,8,0,0,-16,B minor,3,2zMoJnmgdYwPC3iYUSPIbu,"Aniplex Inc.",JPE301200669,no
411,"Ω","Sawano Hiroyuki",160,6A,89,2026-08-08,04:31,18,"anime, soundtrack","Pop, Classical, Easy Listening","GUILTY CROWN COMPLETE SOUNDTRACK",2012-00-00,46,34,85,21,0,10,-9,G minor,4,3y8e80cQCYFmmZsDEmf92W,"Aniplex Inc.",JPE301103963,no
412,"Gエ19<FullSize>","Sawano Hiroyuki",128,9A,39,2026-08-08,04:11,14,"anime, soundtrack","Pop, Classical, Easy Listening","GUILTY CROWN COMPLETE SOUNDTRACK",2012-00-00,28,34,92,9,0,10,-13,E minor,4,0tSDI1CvrvWyy7Sv9BWChd,"Aniplex Inc.",JPE301200067,no
413,"刺U","Sawano Hiroyuki",170,11A,77,2026-08-08,03:34,14,"anime, soundtrack","Pop, Classical, Easy Listening","GUILTY CROWN COMPLETE SOUNDTRACK",2012-00-00,39,3,94,24,0,10,-8,F#/G♭ minor,4,279kONvN3zXEzd3oApUpUt,"Aniplex Inc.",JPE301200063,no
414,"Βασιλευζ","Sawano Hiroyuki",99,11B,88,2026-08-08,04:17,23,"anime, soundtrack","Pop, Classical, Easy Listening","GUILTY CROWN COMPLETE SOUNDTRACK",2012-00-00,26,6,84,28,0,10,-11,A,4,4Pn64W8JGrYGMvdEDhspur,"Aniplex Inc.",JPE301103970,no
415,"Oノ存ξ","Sawano Hiroyuki",105,5A,51,2026-08-08,04:47,15,"anime, soundtrack","Pop, Classical, Easy Listening","GUILTY CROWN COMPLETE SOUNDTRACK",2012-00-00,27,11,87,4,0,0,-11,C minor,3,4FQM2rSEckzpcopFd1I8vK,"Aniplex Inc.",JPE301200066,no
416,"Miss手リAs","Sawano Hiroyuki",120,7A,9,2026-08-08,04:48,17,"anime, soundtrack","Pop, Classical, Easy Listening","GUILTY CROWN COMPLETE SOUNDTRACK",2012-00-00,28,97,93,5,0,0,-19,D minor,4,14Op11o5yJmehMHLmZZOxR,"Aniplex Inc.",JPE301200062,no
417,"θεοι","Sawano Hiroyuki",91,4B,50,2026-08-08,03:37,12,"anime, soundtrack","Pop, Classical, Easy Listening","GUILTY CROWN COMPLETE SOUNDTRACK",2012-00-00,48,15,88,21,0,10,-11,G#/A♭,4,2dw7OP0CPltAKshkK1qwk5,"Aniplex Inc.",JPE301103968,no
418,"Genesi§","Sawano Hiroyuki",135,11B,83,2026-08-08,03:17,20,"anime, soundtrack","Pop, Classical, Easy Listening","GUILTY CROWN COMPLETE SOUNDTRACK",2012-00-00,45,1,77,20,0,20,-8,A,4,5rGX2cRlboXdA0dZlvYrVd,"Aniplex Inc.",JPE301103977,no
419,"Oliｖe Oil","Sawano Hiroyuki",74,8A,22,2026-08-08,01:47,8,"anime, soundtrack","Pop, Classical, Easy Listening","GUILTY CROWN COMPLETE SOUNDTRACK",2012-00-00,56,88,87,12,0,0,-15,A minor,4,0JGYUZ1XRZeuK6zciSeVxw,"Aniplex Inc.",JPE301202203,no
420,"Tamanegi","Sawano Hiroyuki",101,9B,39,2026-08-08,05:18,9,"anime, soundtrack","Pop, Classical, Easy Listening","GUILTY CROWN COMPLETE SOUNDTRACK",2012-00-00,48,15,60,30,0,10,-13,G,4,5YAe8Yex7FryVly7EvQJB3,"Aniplex Inc.",JPE301202206,no
421,"pF-AdLibⅢ","Sawano Hiroyuki",69,6A,3,2026-08-08,02:48,8,"anime, soundtrack","Pop, Classical, Easy Listening","GUILTY CROWN COMPLETE SOUNDTRACK",2012-00-00,33,93,70,4,0,0,-25,G minor,5,7pnFclJvOkPc9ucfh156cK,"Aniplex Inc.",JPE301200666,no
422,"Let Yourself Go from the film Follow the Fleet, 1936 - Vocal","Kristin Chenoweth",187,3B,56,2026-08-08,03:00,14,"musicals","Classical, Easy Listening, Pop","Let Yourself Go",2001-01-31,53,58,0,75,10,0,-5,C♯/D♭,4,4ASanTuQu4hu5kEvscYLMz,"Sony Classical",USSM10018383,no
423,"How Long Has This Been Going On? from Rosalie, 1927 - Vocal","Kristin Chenoweth",92,9A,10,2026-08-08,03:51,10,"musicals","Classical, Easy Listening, Pop","Let Yourself Go",2001-01-31,39,99,0,15,0,10,-13,E minor,4,0sh5BGCQGyRzGJDHmvWgvv,"Sony Classical",USSM10018385,no
424,"I'll Tell The Man In The Street from I Married an Angel, 1938 - Vocal","Kristin Chenoweth",122,8B,38,2026-08-08,02:36,7,"musicals","Classical, Easy Listening, Pop","Let Yourself Go",2001-01-31,26,93,0,11,0,20,-8,C,3,0a62hyADXEUpPzjkzXaFUd,"Sony Classical",USSM10018389,no
425,"I'm A Stranger Here Myself from One Touch of Venus, 1943 - Vocal","Kristin Chenoweth",114,2A,30,2026-08-08,02:57,13,"musicals","Classical, Easy Listening, Pop","Let Yourself Go",2001-01-31,57,82,0,31,0,10,-8,D#/E♭ minor,4,4NwAJUtzgOuDEt6fSHquwI,"Sony Classical",USSM10018390,no
426,"Should I Be Sweet? from Take A Chance, 1933 - Vocal","Kristin Chenoweth",99,8B,31,2026-08-08,02:13,6,"musicals","Classical, Easy Listening, Pop","Let Yourself Go",2001-01-31,37,87,0,16,0,20,-7,C,4,7dAtjPTPa2ea3sGU3WzGkY,"Sony Classical",USSM10018393,no
427,"Daddy - Vocal","Kristin Chenoweth",115,6B,44,2026-08-08,03:16,8,"musicals","Classical, Easy Listening, Pop","Let Yourself Go",2001-01-31,54,62,0,57,0,30,-6,A#/B♭,4,01MN8sm0aK0warpGQswU85,"Sony Classical",USSM10018398,no
428,"Disco Kid - Studio","The Troggs",89,9A,85,2026-08-08,03:34,0,"proto-punk","","Lets Drink a Toast",2019-10-08,64,60,0,73,10,0,-10,E minor,4,6QBZ5RmotdW4ThEk0Z1ZhV,"Orange Leisure",QMBZ91926543,no
429,"Losers","The Weeknd, Labrinth",91,5A,49,2026-08-08,04:41,61,"canadian contemporary r&b, canadian pop, pop, indie poptimism","R&B, Pop","Beauty Behind The Madness",2015-08-28,67,4,0,29,0,50,-10,C minor,4,1bAvtmTl0F9loyz9AwPwp7,"The Weeknd/Lyric",USUG11500915,yes
430,"As You Are","The Weeknd",174,5A,33,2026-08-08,05:40,69,"canadian contemporary r&b, canadian pop, pop","R&B, Pop","Beauty Behind The Madness",2015-08-28,38,13,1,5,0,20,-10,C minor,4,3H3qBumaYj67PT3aMEBvAP,"The Weeknd/Lyric",USUG11500927,yes
431,"Dark Times","The Weeknd, Ed Sheeran",133,9B,40,2026-08-08,04:20,62,"canadian contemporary r&b, canadian pop, pop, soft pop","R&B, Pop","Beauty Behind The Madness",2015-08-28,50,12,0,27,0,10,-10,G,3,6J7PIkhtHwmFjPLq0SyuPj,"The Weeknd/Lyric",USUG11500929,yes
432,"Angel","The Weeknd",128,3A,58,2026-08-08,06:17,64,"canadian contemporary r&b, canadian pop, pop","R&B, Pop","Beauty Behind The Madness",2015-08-28,63,11,0,34,0,10,-8,A#/B♭ minor,4,0wzPHTgOtFIDhk2rD3Au4x,"The Weeknd/Lyric",USUG11500925,yes
433,"100万回のアイ・ラヴ・ユー","BURNOUT SYNDROMES",132,6B,96,2026-08-08,04:45,20,"anime, j-rock, j-pop","Pop, Rock","文學少女",2015-05-13,44,1,0,50,0,30,-2,A#/B♭,3,2uWBAsjxx8zdWPt72gGfif,"Handmade Music",JPZ921502771,no
434,"Bangri","Ghezaal Enayat",133,11A,75,2026-08-08,03:42,7,"afghan pop","","Bangri",2020-07-23,52,57,0,62,0,10,-7,F#/G♭ minor,3,2nA4rMp1gLRE5clx4I3js2,"Hop Entertainment",DEXM82104016,no
435,"Sarbaz","Ghezaal Enayat",107,10A,67,2026-08-08,05:26,1,"afghan pop","","Bangri",2020-07-23,54,54,0,28,0,30,-5,B minor,3,6TLmBd50ttUzKS2CzDYbAT,"Hop Entertainment",DEXM82104017,no
436,"دل بی قرار","Ghezaal Enayat",85,3B,62,2026-08-08,02:27,31,"afghan pop","","Bangri",2020-07-23,57,80,0,97,10,10,-7,C♯/D♭,1,7osXpdhuPqi2zVnZjLDjFS,"Hop Entertainment",DEXM82104029,no
437,"tei","Sawano Hiroyuki",90,6A,25,2026-08-08,03:09,10,"anime, soundtrack","Pop, Classical, Easy Listening","連続ドラマＷ「推定有罪」オリジナルサウンドトラック",2012-04-11,27,92,14,22,0,10,-14,G minor,3,3kOnc5tu0RV23zkLhTB0da,"Legendoor",JPZ921201958,no
438,"Word Of God Speak","Bart Millard, Pete Kipley, Kristin Chenoweth",140,2B,23,2026-08-08,03:15,9,"hymns, country christian, christian jazz, southern gospel, christian, christian folk, musicals","Christian, Country, Classical, Easy Listening, Pop, Traditional Music","As I Am",2005-03-28,52,40,0,7,0,10,-9,F#/G♭,4,5DfBitKRzN2Vey9sBOMeQK,"Sony Classical",USSM10500766,no
439,"Because He Lives","Bill Gaither, Gloria Gaither, Kristin Chenoweth",108,7B,39,2026-08-08,04:56,14,"southern gospel, country christian, hymns, gospel, christian bluegrass, musicals","Christian, Country, Classical, Easy Listening, Pop, Traditional Music","As I Am",2005-03-28,47,38,0,31,0,10,-9,F,4,0i8I9FvqM1oOdlXNA7Lpl3,"Sony Classical",USSM10500771,no
440,"There Will Never Be Another","Amy Grant, Brown Bannister, Kristin Chenoweth",88,10B,43,2026-08-08,03:59,5,"christmas, ccm, christian, musicals","Christian, Pop, Classical, Easy Listening","As I Am",2005-03-28,54,67,0,32,0,10,-8,D,4,3lGqltYSKuuNFepdlKWItx,"Sony Classical",USSM10500768,no
441,"The Song Remembers When","Hugh Prestwood, Kristin Chenoweth",80,7B,27,2026-08-08,03:55,6,"musicals","Classical, Easy Listening, Pop","As I Am",2005-03-28,53,27,3,23,0,10,-10,F,4,2dsNmqQxzpvHfvvkjmmZEt,"Sony Classical",USSM10500775,no
442,"Party Monster","The Weeknd",78,3B,63,2026-08-08,04:09,80,"canadian contemporary r&b, canadian pop, pop","R&B, Pop","Starboy",2016-11-25,57,19,0,22,10,20,-8,C♯/D♭,4,4F7A0DXBrmUAkp32uenhZt,"The Weeknd/Lyric",USUG11600997,yes
443,"Rockin’","The Weeknd",113,8A,89,2026-08-08,03:52,65,"canadian contemporary r&b, canadian pop, pop","R&B, Pop","Starboy",2016-11-25,74,1,0,75,20,0,-6,A minor,4,36YCdzT57us0LhDmCYtrNE,"The Weeknd/Lyric",USUG11600999,yes
444,"True Colors","The Weeknd",77,3B,42,2026-08-08,03:26,63,"canadian contemporary r&b, canadian pop, pop","R&B, Pop","Starboy",2016-11-25,62,29,0,58,20,10,-8,C♯/D♭,4,1oGdVdYjeQvojGKDddxLQQ,"The Weeknd/Lyric",USUG11601001,no
445,"Sidewalks","The Weeknd, Kendrick Lamar",150,12A,72,2026-08-08,03:51,70,"canadian contemporary r&b, canadian pop, pop, hip hop, west coast hip hop","R&B, Pop, Hip Hop","Starboy",2016-11-25,54,15,0,62,0,30,-5,C♯/D♭ minor,4,4h90qkbnW1Qq6pBhoPvwko,"The Weeknd/Lyric",USUG11601003,yes
446,"Attention","The Weeknd",148,9A,43,2026-08-08,03:17,63,"canadian contemporary r&b, canadian pop, pop","R&B, Pop","Starboy",2016-11-25,67,69,0,36,10,10,-7,E minor,4,6pDVjCUA3B1vg9waKutAsv,"The Weeknd/Lyric",USUG11601007,yes
447,"Ordinary Life","The Weeknd",150,6A,59,2026-08-08,03:41,63,"canadian contemporary r&b, canadian pop, pop","R&B, Pop","Starboy",2016-11-25,54,3,0,37,0,10,-7,G minor,4,15k2nBQJ0teDmPZHrOXL2N,"The Weeknd/Lyric",USUG11601008,no
448,"ナイトサイクリング","BURNOUT SYNDROMES",85,1B,95,2026-08-08,05:14,21,"anime, j-rock, j-pop","Pop, Rock","檸檬",2016-11-09,34,0,0,71,0,10,-2,B,4,4xRV8GvUKgKsaPqfrKfbxU,"Sony Music Labels Inc.",JPU901602734,no
449,"君は僕の Rainbow","BURNOUT SYNDROMES",130,10A,79,2026-08-08,05:04,19,"anime, j-rock, j-pop","Pop, Rock","檸檬",2016-11-09,61,16,0,62,0,0,-4,B minor,4,098w4NTm04JTKGfPVaoKIj,"Sony Music Labels Inc.",JPU901602736,no
450,"Dil","Ghezaal Enayat",75,8B,60,2026-08-08,04:39,6,"afghan pop","","فراموش",2020-10-12,50,10,0,43,0,10,-8,C,4,5vjYkDIxkXd77ykUg3s47W,"Hop Entertainment",DEXM82104002,no
451,"Ghame_To","Ghezaal Enayat",110,4A,43,2026-08-08,03:48,1,"afghan pop","","فراموش",2020-10-12,45,83,0,60,0,30,-8,F minor,4,5u2DI29PB2cIcrMdJ5lbvA,"Hop Entertainment",DEXM82104006,no
452,"Jelwa_e_Ishq","Ghezaal Enayat",100,12B,87,2026-08-08,04:28,2,"afghan pop","","فراموش",2020-10-12,54,46,0,61,0,10,-6,E,4,4m17F9965A2soQ9yplN0qT,"Hop Entertainment",DEXM82104010,no
453,"Bagh_Watan","Ghezaal Enayat",113,8B,87,2026-08-08,03:58,0,"afghan pop","","فراموش",2020-10-12,59,23,1,81,0,20,-6,C,4,5L62x2coQg7MpuOZ8RQzSt,"Hop Entertainment",DEXM82104012,no
454,"Ego","Sawano Hiroyuki",179,9A,32,2026-08-08,03:14,38,"anime, soundtrack","Pop, Classical, Easy Listening","MOBILE SUIT GUNDAM UNICORN Original Motion Picture Soundtrack 2",2012-05-08,29,71,0,44,0,10,-14,E minor,4,76ucx0i5WBu3fTPIrG1jh3,"SUNRISE Music Label",JPP301101501,no
455,"Mad-Nug","Sawano Hiroyuki",93,8A,67,2026-08-08,04:22,30,"anime, soundtrack","Pop, Classical, Easy Listening","MOBILE SUIT GUNDAM UNICORN Original Motion Picture Soundtrack 2",2012-05-08,42,2,89,14,0,10,-12,A minor,4,4AppbYZZPnWvewwFNXy7Yk,"SUNRISE Music Label",JPP301101504,no
456,"Sinanju","Sawano Hiroyuki",136,9B,57,2026-08-08,02:45,17,"anime, soundtrack","Pop, Classical, Easy Listening","MOBILE SUIT GUNDAM UNICORN Original Motion Picture Soundtrack 2",2012-05-08,61,1,88,65,0,0,-14,G,4,2gRYDcK8o6IrqfLQwtaViD,"SUNRISE Music Label",JPP301101507,no
457,"0-G:EP1","Sawano Hiroyuki",82,8A,12,2026-08-08,01:28,13,"anime, soundtrack","Pop, Classical, Easy Listening","MOBILE SUIT GUNDAM UNICORN Original Motion Picture Soundtrack 2",2012-05-08,21,48,63,20,0,20,-18,A minor,5,6TFKre94dUowNcjWFRk7KU,"SUNRISE Music Label",JPP301101509,no
458,"Desert","Sawano Hiroyuki",128,9A,45,2026-08-08,02:39,19,"anime, soundtrack","Pop, Classical, Easy Listening","MOBILE SUIT GUNDAM UNICORN Original Motion Picture Soundtrack 2",2012-05-08,59,67,88,37,0,10,-18,E minor,4,6KgJSMTT6bZDWZCeR1LEEs,"SUNRISE Music Label",JPP301101514,no
459,"Remind You","Sawano Hiroyuki",136,8A,63,2026-08-08,04:56,31,"anime, soundtrack","Pop, Classical, Easy Listening","MOBILE SUIT GUNDAM UNICORN Original Motion Picture Soundtrack 2",2012-05-08,48,7,0,15,0,0,-9,A minor,4,65wILiMv7t8DN4wweVQT0C,"SUNRISE Music Label",JPP301101517,no
460,"[Symphonic Suite  UC2012  ] 2nd Mov. :Psycho-Field","Sawano Hiroyuki",131,11B,62,2026-08-08,04:23,18,"anime, soundtrack","Pop, Classical, Easy Listening","MOBILE SUIT GUNDAM UNICORN Original Motion Picture Soundtrack 3",2012-11-08,29,1,83,5,0,10,-13,A,4,0p1Db17gSrd4rGy9EE2cB2,"SUNRISE Music Label",JPP301200142,no
461,"[Symphonic Suite  UC2012  ] 4th Mov. :Neo Zeon","Sawano Hiroyuki",85,9A,9,2026-08-08,05:42,14,"anime, soundtrack","Pop, Classical, Easy Listening","MOBILE SUIT GUNDAM UNICORN Original Motion Picture Soundtrack 3",2012-11-08,17,84,89,10,0,10,-16,E minor,4,72koXdYPndtJsjimnNneyQ,"SUNRISE Music Label",JPP301200144,no
462,"[Symphonic Suite  UC2012  ] 5th Mov. :Gundam","Sawano Hiroyuki",100,9A,73,2026-08-08,05:48,27,"anime, soundtrack","Pop, Classical, Easy Listening","MOBILE SUIT GUNDAM UNICORN Original Motion Picture Soundtrack 3",2012-11-08,31,2,86,18,0,10,-12,E minor,3,46mmx9GkSZ3pUoxOGYubLD,"SUNRISE Music Label",JPP301200145,no
463,"Riddhe","Sawano Hiroyuki",133,9A,15,2026-08-08,03:53,13,"anime, soundtrack","Pop, Classical, Easy Listening","MOBILE SUIT GUNDAM UNICORN Original Motion Picture Soundtrack 3",2012-11-08,29,94,92,4,0,0,-23,E minor,4,3ruWYpB0QK3wrm0h0jv2f2,"SUNRISE Music Label",JPP301200146,no
464,"Red Comet","Sawano Hiroyuki",150,9B,44,2026-08-08,03:31,17,"anime, soundtrack","Pop, Classical, Easy Listening","MOBILE SUIT GUNDAM UNICORN Original Motion Picture Soundtrack 3",2012-11-08,62,44,86,38,0,10,-17,G,4,6K9r78yiHjC63ipzeqcrsj,"SUNRISE Music Label",JPP301200149,no
465,"Audrey","Sawano Hiroyuki",120,8A,60,2026-08-08,02:52,23,"anime, soundtrack","Pop, Classical, Easy Listening","MOBILE SUIT GUNDAM UNICORN Original Motion Picture Soundtrack 3",2012-11-08,68,25,83,19,0,10,-14,A minor,4,3u0IKtmGvBS6ibTdyE1mV0,"SUNRISE Music Label",JPP301200150,no
466,"Sing","Kristin Chenoweth",140,11B,46,2026-08-08,02:59,0,"musicals","Classical, Easy Listening, Pop","A Lovely Way to Spend Christmas",2008-10-17,46,38,0,22,0,10,-10,A,4,3N1isHiyYG7RIIqIQpPsj0,"Sony Classical",USSM10802912,no
467,"Come On Ring Those Bells","Kristin Chenoweth",202,1B,58,2026-08-08,03:09,0,"musicals","Classical, Easy Listening, Pop","A Lovely Way to Spend Christmas",2008-10-17,50,8,0,77,0,10,-10,B,4,1rc1S67mMUWt4NtrUTjNHK,"Sony Classical",USSM10802914,no
468,"Sleep Well Little Children/What A Wonderful World","Kristin Chenoweth",97,3B,14,2026-08-08,03:20,0,"musicals","Classical, Easy Listening, Pop","A Lovely Way to Spend Christmas",2008-10-17,33,89,0,16,0,0,-14,C♯/D♭,3,4q1Mcxs3g0fVrLwTxz6IYj,"Sony Classical",USSM10802918,no
469,"A Lovely Way To Spend Christmas","Kristin Chenoweth, George Doering, Michael Thompson, Harvey Mason, Robbie Buchanan, Randy Waldman, Neil Stubenhaus, Eric Rigler",73,10B,25,2026-08-08,04:13,0,"musicals, score, soundtrack, concerto, jazz funk, post-disco, smooth jazz, jazz fusion, big band, celtic","Jazz, Electronic, Rock, Classical, Easy Listening, Pop","A Lovely Way to Spend Christmas",2008-10-17,20,88,0,9,0,20,-13,D,3,5RYu88Dr466rwCqalfB9E7,"Sony Classical",USSM10802911,no
470,"Try Me","The Weeknd",92,1A,68,2026-08-08,03:41,73,"canadian contemporary r&b, canadian pop, pop","R&B, Pop","My Dear Melancholy,",2018-03-30,45,60,0,11,0,10,-6,G#/A♭ minor,4,4ppTAJUbNXELZcoUaL90wo,"The Weeknd/Lyric",USUG11800562,no
471,"Wasted Times","The Weeknd",123,3A,68,2026-08-08,03:40,69,"canadian contemporary r&b, canadian pop, pop","R&B, Pop","My Dear Melancholy,",2018-03-30,55,61,0,29,0,10,-6,A#/B♭ minor,4,7DKS0rX27cCEPsK0R6tFWS,"The Weeknd/Lyric",USUG11800564,yes
472,"Privilege","The Weeknd",94,10A,56,2026-08-08,02:50,65,"canadian contemporary r&b, canadian pop, pop","R&B, Pop","My Dear Melancholy,",2018-03-30,46,91,0,38,0,10,-7,B minor,4,0Nwar8rweBUyfyuoyjjUvk,"The Weeknd/Lyric",USUG11800568,yes
473,"若草山スターマイン","BURNOUT SYNDROMES",126,2A,91,2026-08-08,04:34,22,"anime, j-rock, j-pop","Pop, Rock","孔雀",2018-02-21,60,2,0,69,0,10,-4,D#/E♭ minor,4,5PuSaQjXkaEIZ47EuzDKuk,"Sony Music Labels Inc.",JPU901704123,no
474,"Melodic Surfers","BURNOUT SYNDROMES",173,1B,89,2026-08-08,04:24,21,"anime, j-rock, j-pop","Pop, Rock","孔雀",2018-02-21,39,2,0,64,0,30,-3,B,4,3QL2LX4a7LthH6aUGwRcSs,"Sony Music Labels Inc.",JPU901704121,no
475,"ハイスコアガール","BURNOUT SYNDROMES",182,10B,96,2026-08-08,04:29,31,"anime, j-rock, j-pop","Pop, Rock","孔雀",2018-02-21,41,1,0,54,10,20,-2,D,4,1DQOEiNz3aff3CpGb6j0cF,"Sony Music Labels Inc.",JPU901702540,no
476,"Dilem","Ghezaal Enayat",159,9B,54,2026-08-08,04:34,0,"afghan pop","","Tabasoom",2021-02-04,62,25,0,91,0,90,-15,G,3,6ur0tWIsnwYZVpV3qnYrzO,"Ghezaal Enayat",USJ3V2044217,no
477,"Pa Ashiqi Ki","Ghezaal Enayat",165,3B,58,2026-08-08,02:43,0,"afghan pop","","Tabasoom",2021-02-04,31,50,0,74,20,70,-15,C♯/D♭,3,5e8amzACXFuJpd4MInsnV3,"Ghezaal Enayat",USJ3V2044219,no
478,"Sultan Qalbam","Ghezaal Enayat",173,5A,63,2026-08-08,04:04,0,"afghan pop","","Tabasoom",2021-02-04,25,47,0,38,10,90,-10,C minor,3,13XK9NrwiRLZn9YHv2P12w,"Ghezaal Enayat",USJ3V2044222,no
479,"祝・映画化！！","Sawano Hiroyuki",180,3B,32,2026-08-08,01:45,13,"anime, soundtrack","Pop, Classical, Easy Listening","青の祓魔師 劇場版 オリジナル・サウンドトラック",2012-12-19,41,35,96,7,0,0,-16,C♯/D♭,3,6cdRTS9WEv8IF12mL3FnrJ,"Aniplex Inc.",JPE301203021,no
480,"祝・1000M！！","Sawano Hiroyuki",136,10A,44,2026-08-08,04:26,8,"anime, soundtrack","Pop, Classical, Easy Listening","青の祓魔師 劇場版 オリジナル・サウンドトラック",2012-12-19,76,4,81,71,0,0,-10,B minor,4,4kZP2zCN8FaLbFRnTq9wMO,"Aniplex Inc.",JPE301203022,no
481,"En/Kin/Nai/Kan/Sin/Ki/Ei/Satsu","Sawano Hiroyuki",60,4A,19,2026-08-08,03:11,19,"anime, soundtrack","Pop, Classical, Easy Listening","青の祓魔師 劇場版 オリジナル・サウンドトラック",2012-12-19,19,91,83,5,0,10,-14,F minor,4,4eApWnOdelg5TNfFLw3YXE,"Aniplex Inc.",JPE301203028,no
482,"COAL TAR","Sawano Hiroyuki",140,10A,90,2026-08-08,04:13,7,"anime, soundtrack","Pop, Classical, Easy Listening","青の祓魔師 劇場版 オリジナル・サウンドトラック",2012-12-19,48,0,72,17,0,20,-9,B minor,3,70qzqLLCnOsTls8aZF916G,"Aniplex Inc.",JPE301203031,no
483,"USA-麻呂","Sawano Hiroyuki",67,4A,6,2026-08-08,04:53,21,"anime, soundtrack","Pop, Classical, Easy Listening","青の祓魔師 劇場版 オリジナル・サウンドトラック",2012-12-19,31,95,54,14,0,10,-17,F minor,4,1Dqli1Di9wTtONJbOiEDQA,"Aniplex Inc.",JPE301203033,no
484,"I Was Here","Kristin Chenoweth",82,3B,64,2026-08-08,03:36,16,"musicals","Classical, Easy Listening, Pop","Some Lessons Learned",2011-09-09,53,17,0,18,0,10,-4,C♯/D♭,3,2vgBO9rIRDbnz3ZavJ12H1,"Masterworks",USSM11103783,no
485,"I Want Somebody (Bitch About)","Kristin Chenoweth",172,2B,79,2026-08-08,03:10,10,"musicals","Classical, Easy Listening, Pop","Some Lessons Learned",2011-09-09,46,4,0,64,0,10,-3,F#/G♭,4,4jDX3Zk4eVsRGbXwmpBCqn,"Masterworks",USSM11102528,no
486,"Wreck You","Kristin Chenoweth",132,8B,66,2026-08-08,03:48,5,"musicals","Classical, Easy Listening, Pop","Some Lessons Learned",2011-09-09,49,8,0,34,0,10,-4,C,4,7fdyO2uOxnVTF9tvJMxRfC,"Masterworks",USSM11103788,no
487,"What If We Never","Kristin Chenoweth",106,4B,53,2026-08-08,03:37,6,"musicals","Classical, Easy Listening, Pop","Some Lessons Learned",2011-09-09,46,5,0,26,0,20,-5,G#/A♭,4,09kXjeQTPwppWH9x7VO8nD,"Masterworks",USSM11103780,no
488,"Too Late","The Weeknd",120,9A,86,2026-08-08,03:59,68,"canadian contemporary r&b, canadian pop, pop","R&B, Pop","After Hours",2020-03-20,64,5,0,23,10,60,-5,E minor,4,2K9Ovn1o2bTGqbsABGC6m3,"Republic Records",USUG12000651,yes
489,"Hardest To Love","The Weeknd",82,6A,61,2026-08-08,03:31,67,"canadian contemporary r&b, canadian pop, pop","R&B, Pop","After Hours",2020-03-20,39,9,0,11,0,10,-8,G minor,4,6kWxIqQDsKFYCJGbU4AjCX,"Republic Records",USUG12000652,yes
490,"Snowchild","The Weeknd",148,8B,61,2026-08-08,04:07,64,"canadian contemporary r&b, canadian pop, pop","R&B, Pop","After Hours",2020-03-20,55,16,0,24,10,10,-7,C,4,3WlbeuhfRSqU7ylK2Ui5U7,"Republic Records",USUG12000654,yes
491,"Escape From LA","The Weeknd",145,4A,53,2026-08-08,05:55,67,"canadian contemporary r&b, canadian pop, pop","R&B, Pop","After Hours",2020-03-20,37,5,0,17,0,20,-9,F minor,4,1sOW4PuG5X3Ie3EXUhAopJ,"Republic Records",USUG12000655,yes
492,"In Your Eyes","The Weeknd",100,6A,72,2026-08-08,03:57,79,"canadian contemporary r&b, canadian pop, pop","R&B, Pop","After Hours",2020-03-20,67,0,0,72,0,0,-5,G minor,4,7szuecWAPwGoV1e5vGu8tl,"Republic Records",USUG12000657,yes
493,"SPEECH","BURNOUT SYNDROMES",95,9B,95,2026-08-08,04:54,24,"anime, j-rock, j-pop","Pop, Rock","明星",2019-02-20,38,1,0,45,10,20,-4,G,4,1LH7JeAjsvjWdC5LiovNWE,"Sony Music Labels Inc.",JPU901804006,no
494,"あゝ","BURNOUT SYNDROMES",127,6A,93,2026-08-08,04:32,13,"anime, j-rock, j-pop","Pop, Rock","明星",2019-02-20,49,4,0,58,10,30,-4,G minor,4,0vJ2xadks8mOK3JYt2mdHD,"Sony Music Labels Inc.",JPU901804385,no
495,"我が家はルーヴル","BURNOUT SYNDROMES",96,8A,94,2026-08-08,04:37,11,"anime, j-rock, j-pop","Pop, Rock","明星",2019-02-20,44,3,0,32,20,10,-4,A minor,4,5TkSZnsQAb4Rxs8kLNuDlG,"Sony Music Labels Inc.",JPU901804386,no
496,"Afghan Jelabi - Remix","Ghezaal Enayat",119,11B,60,2026-08-08,03:40,0,"afghan pop","","Attan",2021-05-26,58,74,0,90,40,80,-17,A,4,6EPqg9XcAHEGbDNMR1KPEp,"Ghezaal Enayat",USJ3V2069051,no
497,"Sadriddin Saqi","Ghezaal Enayat",140,1A,50,2026-08-08,05:22,0,"afghan pop","","Attan",2021-05-26,54,83,0,58,0,30,-10,G#/A♭ minor,4,0tCp7cAo0RI46IeYUvzys6,"Ghezaal Enayat",USJ3V2069053,no
498,"Tawakal Ba Khuda","Ghezaal Enayat",107,3A,73,2026-08-08,03:42,0,"afghan pop","","Attan",2021-05-26,72,16,0,92,0,30,-8,A#/B♭ minor,4,2uGS9O4QzXDxjwY2RDLD2N,"Ghezaal Enayat",USJ3V2069055,no
499,"Way Arman","Ghezaal Enayat",180,9A,73,2026-08-08,04:03,0,"afghan pop","","Attan",2021-05-26,45,37,0,93,20,60,-9,E minor,3,7us1VjRZLODnTAKgUVklPj,"Ghezaal Enayat",USJ3V2069058,no
500,"Counter Attack-Mankind","Sawano Hiroyuki",110,11A,85,2026-08-08,06:06,50,"anime, soundtrack","Pop, Classical, Easy Listening","TV Anime  Attack on Titan  Original Soundtrack",2013-00-00,35,1,88,19,0,30,-10,F#/G♭ minor,4,34o9rDFXv6bFX5qtkySnRQ,"PONY CANYON INC.",JPPC01301135,no
501,"Vogel Im Kafig","Sawano Hiroyuki",75,8A,34,2026-08-08,06:20,61,"anime, soundtrack","Pop, Classical, Easy Listening","TV Anime  Attack on Titan  Original Soundtrack",2013-00-00,11,39,91,4,0,10,-13,A minor,4,7AEcphXUR52QGYxdZ8TDVI,"PONY CANYON INC.",JPPC01301136,no
502,"E.M.A","Sawano Hiroyuki",125,8B,75,2026-08-08,05:42,48,"anime, soundtrack","Pop, Classical, Easy Listening","TV Anime  Attack on Titan  Original Soundtrack",2013-00-00,34,1,83,10,0,20,-10,C,4,7rzja9bo3uucVXzVDSBOWi,"PONY CANYON INC.",JPPC01301138,no
503,"2chijou","Sawano Hiroyuki",120,7B,48,2026-08-08,06:47,37,"anime, soundtrack","Pop, Classical, Easy Listening","TV Anime  Attack on Titan  Original Soundtrack",2013-00-00,48,13,42,27,0,0,-12,F,4,4R5tBwQiYVPpWKkzzdVmvQ,"PONY CANYON INC.",JPPC01301140,no
504,"Xl-Tt","Sawano Hiroyuki",182,10B,58,2026-08-08,06:37,50,"anime, soundtrack","Pop, Classical, Easy Listening","TV Anime  Attack on Titan  Original Soundtrack",2013-00-00,27,4,91,15,0,10,-11,D,4,6eB5y7GZrfjCVpK1fjku3Q,"PONY CANYON INC.",JPPC01301149,no
505,"Let’s Fall In Love","Kristin Chenoweth",118,3B,39,2026-08-08,03:09,40,"musicals","Classical, Easy Listening, Pop","The Art Of Elegance",2016-09-23,54,78,0,43,0,10,-9,C♯/D♭,4,6YCIFKFWx0pxMEUl8Vko6l,"Concord Records",USC4R1605340,no
506,"Bewitched, Bothered And Bewildered","Kristin Chenoweth",68,9B,23,2026-08-08,04:59,23,"musicals","Classical, Easy Listening, Pop","The Art Of Elegance",2016-09-23,24,91,0,16,0,10,-10,G,4,6s3M5o92LNB2cEApT6uyq7,"Concord Records",USC4R1605341,no
507,"They Can’t Take That Away From Me","Kristin Chenoweth",114,8B,39,2026-08-08,03:04,14,"musicals","Classical, Easy Listening, Pop","The Art Of Elegance",2016-09-23,66,82,0,44,0,10,-8,C,4,6b2KjcKMIHXQWqh1rbsje7,"Concord Records",USC4R1605344,no
508,"I’m A Fool To Want You","Kristin Chenoweth",76,10A,22,2026-08-08,05:37,12,"musicals","Classical, Easy Listening, Pop","The Art Of Elegance",2016-09-23,16,96,0,4,0,10,-11,B minor,4,67elE9HG9uaDUWsclOlMKe,"Concord Records",USC4R1605348,no
509,"白線渡り","BURNOUT SYNDROMES",93,6B,84,2026-08-08,04:25,28,"anime, j-rock, j-pop","Pop, Rock","BURNOUT SYNDROMEZ",2020-03-24,57,4,0,66,0,0,-3,A#/B♭,4,2VBpgO4nhwqm7EkK3vXRYU,"Sony Music Labels Inc.",JPU902000432,no
510,"Dosti","Sadriddin, Ghezaal Enayat, Mozhda jamalzada, Nazir khara",128,6A,84,2026-08-08,03:43,20,"afghan pop, tajik pop","","Dosti",2018-07-25,65,7,0,82,10,40,-3,G minor,5,0RT6nTNs8QUxO1YG2jiw3j,"RaminMansour",TCADT1821894,no
511,"Qadamoona Ashna","Ghezaal Enayat",106,6A,83,2026-08-08,03:32,0,"afghan pop","","Qadamoona Ashna",2020-05-06,42,87,0,73,10,90,-8,G minor,4,3oKI4nzpSm3AOUwIP2zRNu,"1Music",DEXM82002095,no
512,"De Toro Ghro Pa Sar Me","Ghezaal Enayat",127,8A,90,2026-08-08,03:42,24,"afghan pop","","De Toro Ghro Pa Sar Me",2020-05-22,53,75,0,94,20,10,-4,A minor,4,3YR32pmATt5ZeV7iW8NAna,"PB Studio",FR96X2009320,no
513,"Salaam Gol","Ghezaal Enayat",106,9B,56,2026-08-08,04:34,0,"afghan pop","","Salaam Gol",2020-07-14,49,24,0,91,0,90,-15,G,4,4iWLVEwMl5YH7BDJHRb5fC,"1Music",DEXM82002096,no
514,"Yarak Nadan","Ghezaal Enayat",107,8B,81,2026-08-08,03:02,1,"afghan pop","","Yarak Nadan",2020-07-23,68,8,0,91,10,30,-8,C,4,3T0C7qlIcSZ76VNdct0vyL,"Hop Entertainment",DEXM82104365,no
515,"Rata Ma Kaway Zari","Ghezaal Enayat",166,1B,97,2026-08-08,05:50,8,"afghan pop","","Rata Ma Kaway Zari",2020-12-17,62,64,0,76,10,10,-2,B,3,0yGCzZblXWjqk7B0UUpwNo,"PB Studio",DGA062026498,no
516,"Safa Safa","Ghezaal Enayat",132,12A,86,2026-08-08,03:12,0,"afghan pop","","Safa Safa",2021-10-30,51,75,88,76,10,60,-9,C♯/D♭ minor,4,3NArXtZO2ZZO86whaqpVNi,"Ghezaal Enayat",USJ3V2093936,no
517,"Raaz","Ghezaal Enayat",104,2B,68,2026-08-08,06:56,0,"afghan pop","","Awaragi",2021-11-29,72,29,1,72,0,10,-11,F#/G♭,4,0kYfc7NkHDlfkmijRVpuZ2,"Ghezaal Enayat",USJ3V2100765,no
518,"Fasana","Ghezaal Enayat",88,4A,73,2026-08-08,04:33,0,"afghan pop","","Awaragi",2021-11-29,46,16,0,38,0,30,-3,F minor,4,5X1JUpFgl35VyDwxW1gY9d,"Ghezaal Enayat",USJ3V2100767,no
519,"Bajirao Mastani","Ghezaal Enayat",81,3A,50,2026-08-08,03:20,0,"afghan pop","","Awaragi",2021-11-29,50,59,0,37,0,30,-10,A#/B♭ minor,4,65ctM0TEErvpcnNrgG3uwx,"Ghezaal Enayat",USJ3V2100768,no
520,"AdラLib","Sawano Hiroyuki",140,6A,4,2026-08-08,03:23,33,"anime, soundtrack","Pop, Classical, Easy Listening","キルラキル コンプリートサウンドトラック",2013-00-00,42,98,91,4,0,0,-20,G minor,3,4AwCgFvlH58SmKbNWFKsWY,"Aniplex Inc.",JPE301302909,no
521,"鬼龍G@キLL","Sawano Hiroyuki",106,8A,65,2026-08-08,04:37,33,"anime, soundtrack","Pop, Classical, Easy Listening","キルラキル コンプリートサウンドトラック",2013-00-00,23,0,84,30,0,20,-10,A minor,4,72WlviA3pL9lUKqNKWzSwh,"Aniplex Inc.",JPE301302910,no
522,"Suck your blood","Sawano Hiroyuki",75,10B,92,2026-08-08,03:39,30,"anime, soundtrack","Pop, Classical, Easy Listening","キルラキル コンプリートサウンドトラック",2013-00-00,59,0,1,70,10,10,-6,D,4,7IVvMkKxVJh9gnnzyWUaNv,"Aniplex Inc.",JPE301302912,no
523,"k1ll◎iLL","Sawano Hiroyuki",138,4A,78,2026-08-08,03:08,27,"anime, soundtrack","Pop, Classical, Easy Listening","キルラキル コンプリートサウンドトラック",2013-00-00,35,0,85,44,0,10,-10,F minor,4,3LoGLDbr87bszm6FZlkAKN,"Aniplex Inc.",JPE301302914,no
524,"昼裸lilL♪","Sawano Hiroyuki",128,11B,37,2026-08-08,02:02,18,"anime, soundtrack","Pop, Classical, Easy Listening","キルラキル コンプリートサウンドトラック",2013-00-00,85,56,90,58,0,0,-12,A,4,0grXbkiaoPlLzF4k5ePZ0H,"Aniplex Inc.",JPE301302916,no
525,"斬LLLア生LL","Sawano Hiroyuki",168,10A,65,2026-08-08,04:25,24,"anime, soundtrack","Pop, Classical, Easy Listening","キルラキル コンプリートサウンドトラック",2013-00-00,32,0,82,24,0,20,-10,B minor,4,0wYHmiuHT2cLFJD3TI1LR0,"Aniplex Inc.",JPE301302917,no
526,"Kiる厭KiLL","Sawano Hiroyuki",136,5A,55,2026-08-08,05:08,24,"anime, soundtrack","Pop, Classical, Easy Listening","キルラキル コンプリートサウンドトラック",2013-00-00,30,2,27,19,0,10,-11,C minor,4,6VjPs4zXMJklzrByWbbCmh,"Aniplex Inc.",JPE301302921,no
527,"Till I Die","Sawano Hiroyuki",77,10A,72,2026-08-08,04:41,27,"anime, soundtrack","Pop, Classical, Easy Listening","キルラキル コンプリートサウンドトラック",2013-00-00,51,1,0,35,0,30,-7,B minor,4,6T8leI24CRbpFsEvFg0pn4,"Aniplex Inc.",JPE301302922,no
528,"日常劇場型3☆極★服","Sawano Hiroyuki",132,10B,59,2026-08-08,03:36,15,"anime, soundtrack","Pop, Classical, Easy Listening","キルラキル コンプリートサウンドトラック",2013-00-00,47,8,23,45,0,0,-10,D,4,18OsSrAi4ITmM4E8MySBNu,"Aniplex Inc.",JPE301400325,no
529,"名付扇子0型5☆極★服","Sawano Hiroyuki",90,9B,69,2026-08-08,05:12,21,"anime, soundtrack","Pop, Classical, Easy Listening","キルラキル コンプリートサウンドトラック",2013-00-00,24,0,78,39,0,20,-9,G,4,4qNepDamdjBzilSu2BV2L9,"Aniplex Inc.",JPE301400327,no
530,"多分裸SBOSS-型9☆極★服","Sawano Hiroyuki",80,9A,64,2026-08-08,03:31,21,"anime, soundtrack","Pop, Classical, Easy Listening","キルラキル コンプリートサウンドトラック",2013-00-00,35,4,83,33,0,20,-11,E minor,4,6F7K5UJPMy28s8EZaKjBhx,"Aniplex Inc.",JPE301400331,no
531,"重要物発行強調型12☆極★服","Sawano Hiroyuki",140,8A,51,2026-08-08,04:09,18,"anime, soundtrack","Pop, Classical, Easy Listening","キルラキル コンプリートサウンドトラック",2013-00-00,35,8,89,22,0,20,-12,A minor,4,1pysigPhazInfrK4GAcG0u,"Aniplex Inc.",JPE301400334,no
532,"Blumenkranz<空OK>","Sawano Hiroyuki",160,4B,73,2026-08-08,04:18,18,"anime, soundtrack","Pop, Classical, Easy Listening","キルラキル コンプリートサウンドトラック",2013-00-00,53,1,85,48,0,40,-10,G#/A♭,4,7hHSTMNlmq7KNMxFpsiLf1,"Aniplex Inc.",JPE301400337,no
533,"Light your heart up<空OK>","Sawano Hiroyuki",100,4A,76,2026-08-08,03:55,12,"anime, soundtrack","Pop, Classical, Easy Listening","キルラキル コンプリートサウンドトラック",2013-00-00,55,0,79,87,0,0,-9,F minor,4,1hbEeEOsN412plAP869GRf,"Aniplex Inc.",JPE301400338,no
534,"Blumenkranz:[nZk]ver.","Sawano Hiroyuki",160,5A,46,2026-08-08,04:22,27,"anime, soundtrack","Pop, Classical, Easy Listening","キルラキル コンプリートサウンドトラック",2013-00-00,56,4,0,44,0,10,-10,C minor,4,6jcQBPrNRRGBj0uZMkIkDB,"Aniplex Inc.",JPE301302977,no
535,"Till I Die:[nZk]ver.","Sawano Hiroyuki",77,10A,54,2026-08-08,04:42,21,"anime, soundtrack","Pop, Classical, Easy Listening","キルラキル コンプリートサウンドトラック",2013-00-00,53,17,0,32,0,10,-11,B minor,4,3Hs9pqwvyiYAXOO62AaZuF,"Aniplex Inc.",JPE301302980,no
536,"Blumenkranz:[nZk]ver.〈INST〉","Sawano Hiroyuki",160,5A,43,2026-08-08,04:22,15,"anime, soundtrack","Pop, Classical, Easy Listening","キルラキル コンプリートサウンドトラック",2013-00-00,56,0,89,37,0,10,-12,C minor,4,3O0Qz3QkNmpiCG3ioph3ir,"Aniplex Inc.",JPE301302982,no
537,"Till I Die:[nZk]ver.〈INST〉","Sawano Hiroyuki",77,10A,56,2026-08-08,04:38,13,"anime, soundtrack","Pop, Classical, Easy Listening","キルラキル コンプリートサウンドトラック",2013-00-00,49,4,94,22,0,10,-12,B minor,4,5XzPKEccUmj2bvbyxUn6ag,"Aniplex Inc.",JPE301302985,no
538,"The Way We Were","Kristin Chenoweth",74,9B,38,2026-08-08,03:24,12,"musicals","Classical, Easy Listening, Pop","For The Girls",2019-09-27,30,92,0,19,0,10,-7,G,4,1zKxkKkmQ6yWK3m8l34IAx,"Concord Records",USC4R1907010,no
539,"I Will Always Love You (with Dolly Parton)","Kristin Chenoweth, Dolly Parton",136,9B,42,2026-08-08,03:22,21,"musicals, country, classic country","Country, Classical, Easy Listening, Pop","For The Girls",2019-09-27,36,73,0,17,0,10,-8,G,4,5fGPg1WXZToY8WlZhr4gYM,"Concord Records",USC4R1907013,no
540,"Crazy","Kristin Chenoweth",72,6A,34,2026-08-08,03:03,12,"musicals","Classical, Easy Listening, Pop","For The Girls",2019-09-27,42,90,0,15,0,0,-8,G minor,4,5IBNMokyHDMR4CLsqfTNMI,"Concord Records",USC4R1907016,no
541,"I Wanna Be Around","Kristin Chenoweth",80,9B,43,2026-08-08,04:03,8,"musicals","Classical, Easy Listening, Pop","For The Girls",2019-09-27,43,84,0,21,0,0,-7,G,4,4knRnTviKQurozTaSgdszg,"Concord Records",USC4R1907020,no
542,"Desperado","Kristin Chenoweth",119,4B,18,2026-08-08,03:43,12,"musicals","Classical, Easy Listening, Pop","For The Girls",2019-09-27,36,96,0,19,0,10,-9,G#/A♭,3,5woeOtGVa2yxSUCAexTOHY,"Concord Records",USC4R1907021,no
543,"Wanderlust - Steve Pitron & Max Sanna Radio Edit","The Weeknd",123,11A,89,2026-08-08,03:47,26,"canadian contemporary r&b, canadian pop, pop","R&B, Pop","Wanderlust (Remixes)",2014-05-19,60,0,1,62,0,70,-5,F#/G♭ minor,4,6CC7OQNB05sVjlmATgT7Ln,"The Weeknd/Lyric",USUG11400419,no
544,"Wanderlust - Clean Bandit Remix","The Weeknd",127,3A,81,2026-08-08,03:16,24,"canadian contemporary r&b, canadian pop, pop","R&B, Pop","Wanderlust (Remixes)",2014-05-19,80,4,0,44,0,30,-7,A#/B♭ minor,4,1dHxMfxIxRjA406CGC8pWH,"The Weeknd/Lyric",USUG11400420,no
545,"Often - Kygo Remix","The Weeknd, Kygo",80,6A,49,2026-08-08,03:54,65,"canadian contemporary r&b, canadian pop, pop, tropical house","R&B, Pop, Electronic","Often (Kygo Remix)",2015-04-07,58,12,0,39,0,30,-10,G minor,4,27NV2KxoQ8WuLMqlTDI61F,"The Weeknd/Lyric",USUG11500524,yes
546,"The Hills - Remix","The Weeknd, Nicki Minaj",106,5A,60,2026-08-08,04:02,53,"canadian contemporary r&b, canadian pop, pop, hip pop, queens hip hop, rap","R&B, Pop, Hip Hop","The Hills Remixes",2015-10-11,40,12,0,19,10,10,-7,C minor,1,42bUsj5M2olT2wRMRaro9g,"The Weeknd/Lyric",USUG11501525,yes
547,"Reminder - Remix","The Weeknd, A$AP Rocky, Young Thug",160,5A,65,2026-08-08,03:41,48,"canadian contemporary r&b, canadian pop, pop, rap, melodic rap, trap","R&B, Pop, Hip Hop","Reminder (Remix)",2017-08-01,75,15,0,53,20,10,-6,C minor,4,7F1LWA9sIlTorHUo4amGqk,"The Weeknd/Lyric",USUG11701250,yes
548,"After Hours - The Blaze Remix","The Weeknd, The Blaze",109,5A,54,2026-08-08,03:58,46,"canadian contemporary r&b, canadian pop, pop, new french touch","R&B, Pop","After Hours (Remixes)",2020-04-02,61,43,16,28,0,0,-7,C minor,4,3WAXILvmHFoyVHnK0kDK1S,"Republic Records",USUG12001118,no
549,"Over Now (with The Weeknd)","Calvin Harris, The Weeknd",178,9A,88,2026-08-08,03:30,64,"edm, canadian contemporary r&b, canadian pop, pop","R&B, Pop, Electronic","Over Now (with The Weeknd)",2020-08-28,61,8,0,68,0,20,-4,E minor,4,58AGoOGbwsQMhBbH0eFLRR,"Columbia",GBARL2000986,yes
550,"Blinding Lights - Instrumental","The Weeknd",171,4A,57,2026-08-08,03:22,38,"canadian contemporary r&b, canadian pop, pop","R&B, Pop","Blinding Lights",2020-09-11,58,0,81,44,0,0,-8,F minor,4,3nA3gSFyHptpWrE8GpHGfn,"The Weeknd/Lyric",USUG12003586,no
551,"King Of The Fall","The Weeknd",78,9A,76,2026-08-08,05:01,65,"canadian contemporary r&b, canadian pop, pop","R&B, Pop","King Of The Fall",2020-09-25,59,10,0,21,0,20,-5,E minor,4,7o3Mcis1uKcYDuuJD1W0Rm,"The Weeknd/Lyric",USUG12003771,yes
552,"Christmas Blues (with The Weeknd)","Sabrina Claudio, The Weeknd",125,6B,42,2026-08-08,03:25,32,"alternative r&b, r&b, canadian contemporary r&b, canadian pop, pop","Pop, R&B","Christmas Blues (with The Weeknd)",2020-11-26,65,45,0,18,0,10,-9,A#/B♭,4,2DH1nHJ05F0V71BCKxVNcn,"SC Entertainment/Atlantic Records",USAT22007567,no
553,"You Right","Doja Cat, The Weeknd",129,4B,62,2026-08-08,03:06,0,"dance pop, pop, canadian contemporary r&b, canadian pop","R&B, Pop, Electronic","You Right",2021-06-24,83,2,0,44,0,0,-6,G#/A♭,4,0IakguBBeTUsAILmugkEam,"Kemosabe Records/RCA Records",USRC12100544,yes
554,"Take My Breath - Single Version","The Weeknd",121,4B,74,2026-08-08,03:40,57,"canadian contemporary r&b, canadian pop, pop","R&B, Pop","Take My Breath",2021-08-05,75,1,0,52,0,10,-6,G#/A♭,4,6M3PsepEj5gyJoIi7Xvr7u,"XO / Republic Records",USUG12102076,no
555,"Take My Breath - Extended Version","The Weeknd",121,3A,75,2026-08-08,05:51,41,"canadian contemporary r&b, canadian pop, pop","R&B, Pop","Take My Breath",2021-08-05,70,1,0,40,0,0,-7,A#/B♭ minor,4,23FnV9ThaK01oNWc3E87yh,"XO / Republic Records",USUG12102079,no
556,"Moth To A Flame (with The Weeknd)","Swedish House Mafia, The Weeknd",120,4B,66,2026-08-08,03:54,9,"edm, canadian contemporary r&b, canadian pop, pop","R&B, Pop, Electronic","Moth To A Flame",2021-10-22,54,0,0,11,0,10,-7,G#/A♭,4,2gpWyfu7eZ01zzncHpxOtA,"Republic Records",USUG12105524,no
557,"Nomads (feat. The Weeknd)","Ricky Hil, The Weeknd",120,7A,70,2026-08-08,04:01,50,"horrorcore, canadian contemporary r&b, canadian pop, pop","R&B, Pop","SYLDD",2014-11-04,70,33,0,36,0,10,-4,D minor,4,2pnj2V2X92a0jvJB2lxfaR,"Limosa Nostra",USUYG1056757,yes
558,"Remember You","Wiz Khalifa, The Weeknd",128,10B,78,2026-08-08,04:49,45,"hip hop, pittsburgh rap, pop rap, rap, southern hip hop, trap, canadian contemporary r&b, canadian pop, pop","R&B, Pop, Hip Hop","O.N.I.F.C.",2012-12-04,73,22,0,78,20,20,-4,D,4,5XJrWePMleGbMmwNQ9Cdrq,"Rostrum/Atlantic",USAT21203908,yes
559,"What You Want","Belly, The Weeknd",164,10B,84,2026-08-08,03:12,41,"canadian hip hop, canadian trap, canadian contemporary r&b, canadian pop, pop","R&B, Hip Hop, Pop","IMMIGRANT",2018-10-12,51,11,0,30,40,10,-4,D,4,2IYe9rxH98uKdiyXXqrDrr,"Roc Nation Records",QMJMT1801623,yes
560,"In Vein","Rick Ross, The Weeknd",97,2A,50,2026-08-08,04:21,8,"southern hip hop, canadian contemporary r&b, canadian pop, pop","R&B, Pop, Hip Hop","Mastermind (Deluxe)",2014-01-01,71,28,0,62,0,20,-7,D#/E♭ minor,4,3JVYnKW43PB7aO1X9kSDxH,"Def Jam Recordings",USUM71401694,yes
561,"Power is Power (feat. The Weeknd & Travis Scott)","SZA, The Weeknd, Travis Scott, Game of Thrones",180,12B,64,2026-08-08,03:31,62,"r&b, canadian contemporary r&b, canadian pop, pop, rap","R&B, Pop, Hip Hop","For The Throne (Music Inspired by the HBO Series Game of Thrones)",2019-04-26,51,0,0,17,0,20,-7,E,4,4cbdPT6uaBOgOQe3fLMofl,"Columbia",USQX91900900,no
562,"Pullin Up (feat. The Weeknd)","Meek Mill, The Weeknd",132,3A,59,2026-08-08,04:29,55,"rap, canadian contemporary r&b, canadian pop, pop","R&B, Pop, Hip Hop","Dreams Worth More Than Money",2015-06-29,50,17,0,22,0,10,-6,A#/B♭ minor,4,1oxRy7LzzzV9g6oaWoFON5,"MMG/Atlantic",USAT21501696,yes
563,"Some Way","NAV, The Weeknd",155,8B,72,2026-08-08,02:59,67,"melodic rap, canadian contemporary r&b, canadian pop, pop","R&B, Pop, Hip Hop","NAV",2017-02-24,75,10,0,34,30,0,-6,C,4,7zxRMhXxJMQCeDDg0rKAVo,"XO Records",USUM71701371,yes
564,"6 Inch (feat. The Weeknd)","Beyoncé, The Weeknd",138,2B,64,2026-08-08,04:20,63,"pop, r&b, canadian contemporary r&b, canadian pop","R&B, Pop","Lemonade",2016-04-23,52,4,0,32,0,10,-9,F#/G♭,4,0pxNyJJiL2zZZ5GgJ4JhsQ,"Parkwood Entertainment/Columbia",USSM11603179,yes
565,"Pray 4 Love (feat. The Weeknd)","Travis Scott, The Weeknd",80,3B,58,2026-08-08,05:07,66,"rap, canadian contemporary r&b, canadian pop, pop","R&B, Pop, Hip Hop","Rodeo",2015-09-04,63,20,0,21,0,10,-5,C♯/D♭,4,2dJ4rGtsOHOgvTQawsCRtg,"Cactus Jack / Epic",USSM11506732,yes
566,"Crew Love","Drake, The Weeknd",160,5A,55,2026-08-08,03:28,74,"rap, canadian contemporary r&b, canadian pop, pop","R&B, Pop, Hip Hop","Take Care (Deluxe)",2011-11-15,42,23,0,29,20,20,-9,C minor,4,0V4l4GQhgnWQGtCWpvA7va,"Cash Money Records/Young Money Ent./Universal Rec.",USCM51100546,yes
567,"2020年渋谷の旅","BURNOUT SYNDROMES",97,8B,53,2026-08-08,02:05,7,"anime, j-rock, j-pop","Pop, Rock","TOKYO",2021-06-23,25,40,0,16,0,10,-8,C,1,0ojRNuGTCPY3OSGKjn2ar3,"Sony Music Labels Inc.",JPU902101274,no
568,"邪教・拝金教","BURNOUT SYNDROMES",97,11A,80,2026-08-08,04:46,21,"anime, j-rock, j-pop","Pop, Rock","TOKYO",2021-06-23,33,4,0,39,10,10,-6,F#/G♭ minor,3,1OcTqqKXIxlTSmZThpPBcy,"Sony Music Labels Inc.",JPU902101276,no
569,"Love is Action!","BURNOUT SYNDROMES",136,11B,79,2026-08-08,04:41,15,"anime, j-rock, j-pop","Pop, Rock","TOKYO",2021-06-23,54,7,0,49,0,10,-7,A,4,6vpuCyx8ykM32DMVk9M9dJ,"Sony Music Labels Inc.",JPU902101278,no
570,"Wake Up H×ERO! -TOKYO Edition-","BURNOUT SYNDROMES, 炎城烈人（CV：松岡禎丞）",160,6B,94,2026-08-08,04:49,10,"anime, j-rock, j-pop","Pop, Rock","TOKYO",2021-06-23,34,4,0,45,10,10,-4,A#/B♭,4,05kzvbYCPbVAgmUeOkDQ8E,"Sony Music Labels Inc.",JPU902101284,no
571,"Mani Per Money","Era Istrefi",91,6A,66,2026-08-08,03:19,0,"albanian hip hop, albanian pop, kosovan pop","","Mani Per Money",2014-02-06,64,28,0,65,10,10,-6,G minor,4,6826pDJ2pZjvdNQyAuDxRG,"Bzzz",QZES71855027,no
572,"E dehun","Era Istrefi",170,4A,83,2026-08-08,03:37,0,"albanian hip hop, albanian pop, kosovan pop","","Mos em le",2014-05-09,49,28,0,37,20,10,-5,F minor,4,2lufrQQLlcwUPiXAjLrAQ4,"Eurolindi",FRX871589855,no
573,"Shume Pis","Era Istrefi, Ledri Vula",92,9B,78,2026-08-08,03:13,0,"albanian hip hop, albanian pop, kosovan pop","","Shume Pis",2015-07-04,70,0,0,51,10,0,-8,G,4,2Mee22akIyfA6LFceNV9u4,"NESËR",ALA061500021,no
574,"Bonbon","Era Istrefi",126,5A,68,2026-08-08,02:47,63,"albanian hip hop, albanian pop, kosovan pop","","Bonbon EP",2016-07-21,63,13,0,63,10,10,-5,C minor,5,79Nnbjlw4ulw59lkHUZm9N,"Ultra Records, LLC",USUS11600156,no
575,"Bonbon - Marshmello Remix","Era Istrefi, Marshmello",108,5A,83,2026-08-08,03:03,26,"albanian hip hop, albanian pop, kosovan pop, edm","Electronic","Bonbon EP",2016-07-21,53,0,0,48,30,10,-3,C minor,4,2V9ld8J0Q59jUr4Rbhz5yJ,"Ultra Records, LLC",USUS11600324,no
576,"Bonbon - Jerry Wallis x Greg Lassierra Remix","Era Istrefi, Jerry Wallis, Greg Lassierra",103,8B,85,2026-08-08,03:08,18,"albanian hip hop, albanian pop, kosovan pop, moombahton, shatta","Electronic, Latin","Bonbon (Jerry Wallis x Greg Lassierra Remix)",2016-08-05,79,0,22,63,0,0,-5,C,4,7F5oKYPDgkHNzHb5R0gBke,"Ultra Records, LLC",USUS11600348,no
577,"Bonbon - Tep No Remix","Era Istrefi, Tep No",120,4B,77,2026-08-08,02:57,26,"albanian hip hop, albanian pop, kosovan pop, tropical house","Electronic","Bonbon (Tep No Remix)",2016-08-19,78,2,1,49,0,10,-6,G#/A♭,4,1LnlVJwF0DN5yI6ucnfCwV,"Ultra Records, LLC",USUS11600369,no
578,"Redrum (feat. Felix Snow)","Era Istrefi, Felix Snow",145,2A,66,2026-08-08,02:49,35,"albanian hip hop, albanian pop, kosovan pop","","Redrum (feat. Felix Snow)",2017-02-24,60,30,0,37,0,10,-5,D#/E♭ minor,4,1PkjHpAfaGxZBRfTrYkjbs,"Ultra Records, LLC",USUS11600444,yes
579,"No I Love Yous","Era Istrefi, French Montana",118,8B,80,2026-08-08,03:00,27,"albanian hip hop, albanian pop, kosovan pop, hip hop, pop rap, rap, southern hip hop, trap","Hip Hop, Pop","No I Love Yous",2017-09-29,82,9,0,92,0,50,-4,C,3,19yIQRLAYMNxmEfdnnQDsS,"Ultra Records, LLC",USUS11700325,yes
580,"Origami (feat. DJ Maphorisa)","Era Istrefi, DJ Maphorisa",100,3A,66,2026-08-08,03:18,24,"albanian hip hop, albanian pop, kosovan pop, amapiano, private school piano, gqom, 3 step, afropiano, bacardi, afrobeats","","Origami (feat. DJ Maphorisa)",2018-03-30,77,4,0,55,10,0,-6,A#/B♭ minor,4,0qo0ibv3YoVwJ3jKjpB8lQ,"Ultra Records, LLC",USUS11800016,no
581,"AcE&ArMs","Sawano Hiroyuki",140,7B,70,2026-08-08,05:17,16,"anime, soundtrack","Pop, Classical, Easy Listening","澤野弘之　NHK WORKS",2013-02-27,26,0,18,36,0,0,-11,F,4,0eJIfZpddOz6Ft2W5GzVmT,"NHK Pulishing, Inc. / SUZAK MUSIK LTD.",JPS001300069,no
582,"AThLeTe","Sawano Hiroyuki",115,3A,80,2026-08-08,02:10,4,"anime, soundtrack","Pop, Classical, Easy Listening","澤野弘之　NHK WORKS",2013-02-27,52,0,83,46,0,10,-11,A#/B♭ minor,4,0NKXRx5RCBfPBMb31SkLam,"NHK Pulishing, Inc. / SUZAK MUSIK LTD.",JPS001300071,no
583,"AdVANcE","Sawano Hiroyuki",160,8B,54,2026-08-08,02:15,5,"anime, soundtrack","Pop, Classical, Easy Listening","澤野弘之　NHK WORKS",2013-02-27,26,0,95,13,0,20,-9,C,4,5d8x99lkQuonmwjTmdLJRa,"NHK Pulishing, Inc. / SUZAK MUSIK LTD.",JPS001300072,no
584,"WiLL","Sawano Hiroyuki",115,9B,73,2026-08-08,04:50,17,"anime, soundtrack","Pop, Classical, Easy Listening","澤野弘之　NHK WORKS",2013-02-27,52,1,40,39,0,10,-10,G,4,504kgU8GtzCCmOXN73ZyGm,"NHK Pulishing, Inc. / SUZAK MUSIK LTD.",JPS001300075,no
585,"Well","Sawano Hiroyuki",117,9B,87,2026-08-08,03:11,6,"anime, soundtrack","Pop, Classical, Easy Listening","澤野弘之　NHK WORKS",2013-02-27,55,1,72,72,0,0,-9,G,4,0sKn57G53U2lX09lRSYplZ,"NHK Pulishing, Inc. / SUZAK MUSIK LTD.",JPS001300077,no
586,"Oh God (feat. Konshens)","Era Istrefi, Konshens",100,7B,83,2026-08-08,03:17,32,"albanian hip hop, albanian pop, kosovan pop, dancehall, soca, riddim, ragga, reggae, shatta","Reggae, Hip Hop, Electronic","Oh God (feat. Konshens)",2018-07-27,81,3,0,18,10,0,-3,F,4,7cs2ujAGExV7scDYTPLsMX,"Ultra Records, LLC",USUS11800101,yes
587,"サイエンスZEROオープニングテーマ","Sawano Hiroyuki",127,8B,92,2026-08-08,03:16,5,"anime, soundtrack","Pop, Classical, Easy Listening","澤野弘之　NHK WORKS",2013-02-27,51,0,82,51,0,0,-9,C,4,7zJWWSEeEtjoGvrh2lZ8dV,"NHK Pulishing, Inc. / SUZAK MUSIK LTD.",JPS001300078,no
588,"サイエンスZEROエンディングテーマ","Sawano Hiroyuki",109,7A,71,2026-08-08,03:47,4,"anime, soundtrack","Pop, Classical, Easy Listening","澤野弘之　NHK WORKS",2013-02-27,59,5,62,63,0,0,-10,D minor,4,7mrGQ0qGwrnIAUsbCivSIZ,"NHK Pulishing, Inc. / SUZAK MUSIK LTD.",JPS001300080,no
589,"Merry Christmas, Darling","Kristin Chenoweth",65,9B,23,2026-08-08,04:04,5,"musicals","Classical, Easy Listening, Pop","HAPPINESS is…Christmas!",2021-10-22,35,85,0,16,0,10,-11,G,4,6dehwS2DnlgK0S5EDg4p7X,"Concord Records",USRO22102654,no
590,"(Everybody’s Waitin’ For) The Man With The Bag / Jingle Bell Rock - Medley","Kristin Chenoweth",124,9B,77,2026-08-08,02:37,3,"musicals","Classical, Easy Listening, Pop","HAPPINESS is…Christmas!",2021-10-22,69,39,0,59,0,20,-3,G,4,3rBJ2LUVjuGXyk89uMcgtu,"Concord Records",USRO22102655,no
591,"Merry Christmas Baby [with Keb' Mo']","Kristin Chenoweth, Keb' Mo'",95,2B,49,2026-08-08,05:14,3,"musicals, modern blues, blues, country blues, blues rock, classic blues, soul blues","Blues, Rock, Classical, Easy Listening, Pop","HAPPINESS is…Christmas!",2021-10-22,46,45,1,39,0,0,-8,F#/G♭,3,1H62J4ULsAQ7WIGmI4bcC2,"Concord Records",USRO22102658,no
592,"Have Yourself A Merry Little Christmas","Kristin Chenoweth",88,9B,37,2026-08-08,04:03,1,"musicals","Classical, Easy Listening, Pop","HAPPINESS is…Christmas!",2021-10-22,60,63,0,22,0,10,-8,G,4,1ItyCJC4Egr4UlWDfagwn3,"Concord Records",USRO22102662,no
593,"Broken Whiskey Glass","Post Malone",100,8B,67,2026-08-08,03:53,31,"dfw rap, melodic rap, pop, rap","Hip Hop, Pop","Stoney",2016-12-09,43,29,0,11,0,10,-7,C,4,2BxGUHYALj0a1Dxbj1Yw4Y,"Mercury Records/Republic Owned",USUM71614466,yes
594,"No Option","Post Malone",84,10B,73,2026-08-08,02:59,33,"dfw rap, melodic rap, pop, rap","Hip Hop, Pop","Stoney",2016-12-09,57,8,0,49,0,20,-5,D,4,6lKpSNsl2KJqoRtlBbKI7Y,"Mercury Records/Republic Owned",USUM71614471,yes
595,"PIANOTUNE","BURNOUT SYNDROMES",130,11B,90,2026-08-08,03:55,23,"anime, j-rock, j-pop","Pop, Rock","ヒカリアレ",2016-10-26,47,0,0,67,0,0,-4,A,4,7acMO4ldEUDen9eYXqrkJ6,"Sony Music Labels Inc.",JPU901602725,no
596,"Ms.Thunderbolt","BURNOUT SYNDROMES",126,9B,86,2026-08-08,04:35,23,"anime, j-rock, j-pop","Pop, Rock","Good Morning World!",2019-08-21,55,0,0,38,0,10,-3,G,4,1KKwFuVPa5IWqSyp4Xg2tN,"Sony Music Labels Inc.",JPU901901750,no
597,"BLIZZARD - Instrumental","BURNOUT SYNDROMES",138,10A,87,2026-08-08,03:45,3,"anime, j-rock, j-pop","Pop, Rock","BLIZZARD / 銀世界",2021-05-19,51,0,90,53,0,10,-5,B minor,4,4xjDDJSrQIdiV1GBiQfhqP,"Sony Music Labels Inc.",JPU902100894,no
598,"Nuk E Di","Era Istrefi, Nora Istrefi",180,10A,79,2026-08-08,03:37,0,"albanian hip hop, albanian pop, kosovan pop, tallava","","Nuk E Di",2019-04-19,70,6,0,60,10,20,-4,B minor,4,0oXckz13nJ26ZsI98biZjW,"Ultra Records",USUS11900114,no
599,"Selfish - Jay Frog & DJ Falk Remix","Dimitri Vegas & Like Mike, Era Istrefi, Jay Frog, DJ Falk",112,7A,83,2026-08-08,02:37,2,"big room, electronica, edm, albanian hip hop, albanian pop, kosovan pop, pop house, russelåter","Electronic","Selfish (The Remixes)",2019-04-19,74,0,24,83,0,0,-4,D minor,4,0C5CwKCbhaP7yOPXGFDpsg,"Epic Amsterdam",BEG851900048,no
600,"AcE ＜pF vEr.＞","Sawano Hiroyuki",128,7A,3,2026-08-08,02:23,14,"anime, soundtrack","Pop, Classical, Easy Listening","澤野弘之　NHK WORKS",2013-02-27,62,99,77,28,0,0,-22,D minor,4,24qkXeOB6WnArXg1kzxsvF,"NHK Pulishing, Inc. / SUZAK MUSIK LTD.",JPS001300085,no
601,"72-:31 X9","Sawano Hiroyuki",146,11B,39,2026-08-08,04:21,21,"anime, soundtrack","Pop, Classical, Easy Listening","劇場版 七つの大罪 天空の囚われ人　オリジナル・サウンドトラック",2014-00-00,42,26,80,4,0,10,-13,A,3,5HdOXJiHYUqq9e1MJBQtPh,"Aniplex Inc.",JPE301800673,no
602,"96-6ki4","Sawano Hiroyuki",105,8A,75,2026-08-08,04:28,16,"anime, soundtrack","Pop, Classical, Easy Listening","劇場版 七つの大罪 天空の囚われ人　オリジナル・サウンドトラック",2014-00-00,47,3,86,9,0,10,-9,A minor,4,1MQtzGCKYgmBeQRpaQBrWO,"Aniplex Inc.",JPE301800675,no
603,"L-Latte","Sawano Hiroyuki",166,9A,17,2026-08-08,02:57,25,"anime, soundtrack","Pop, Classical, Easy Listening","劇場版 七つの大罪 天空の囚われ人　オリジナル・サウンドトラック",2014-00-00,9,5,82,4,0,0,-15,E minor,5,6jQdatOOSilIhDGQ15oCpK,"Aniplex Inc.",JPE301800676,no
604,"ELIEtheBEST","Sawano Hiroyuki",125,9B,34,2026-08-08,02:05,24,"anime, soundtrack","Pop, Classical, Easy Listening","劇場版 七つの大罪 天空の囚われ人　オリジナル・サウンドトラック",2014-00-00,24,12,81,19,0,10,-10,G,4,7tbSfcNFTDV17R8K16Az0E,"Aniplex Inc.",JPE301800680,no
605,"I Want Somebody (Bitch About) [Chew Fu Bitches Brew Refix]","Kristin Chenoweth, Chew Fu",105,2B,79,2026-08-08,02:54,1,"musicals","Classical, Easy Listening, Pop","I Want Somebody (Bitch About) [Chew Fu Bitches Brew Refix]",2011-09-02,60,3,9,87,0,30,-11,F#/G♭,4,2ynEn3nmdcM5faiDcTkARp,"Masterworks",USSM11104852,no
606,"Higher Love - Bonus Track","Kristin Chenoweth",142,2B,89,2026-08-08,03:27,2,"musicals","Classical, Easy Listening, Pop","More from Some Lessons Learned",2012-08-31,57,14,0,60,0,60,-3,F#/G♭,4,4KKaGznNdwfamc8mjAREVQ,"Masterworks",USSM11103785,no
607,"Obedience School","Kristin Chenoweth",124,8B,47,2026-08-08,02:04,2,"musicals","Classical, Easy Listening, Pop","Obedience School",2017-10-06,68,66,0,56,0,10,-9,C,4,1JJD68Ssezz9ppR37dxvrN,"Kristin Chenoweth",TCADH1715030,no
608,"Tonight","Kristin Chenoweth, Hugh Panaro",75,5A,19,2026-08-08,04:14,2,"musicals","Classical, Easy Listening, Pop","A Place For Us - A Tribute to 50 Years of West Side Story",2007-08-27,21,98,0,4,0,10,-11,C minor,3,2bl9nk9w4we6PQEHyKqp4R,"Masterworks Broadway",USSM10702224,no
609,"For Good - From  Wicked  Original Broadway Cast Recording/2003","Kristin Chenoweth, Idina Menzel",80,3B,14,2026-08-08,05:06,0,"musicals","Classical, Easy Listening, Pop","Halloween Hits 🎃",2021-09-29,27,95,0,25,0,10,-14,C♯/D♭,4,6uKnP9nhiFVMOC5Unjvlyj,"UME - Global Clearing House",USUMC0300225,no
610,"エトランジェ","NICO Touches the Walls",176,6A,85,2026-08-08,05:08,25,"anime, j-rock, j-pop","Pop, Rock","Who are you?",2008-09-24,35,10,0,70,0,10,-5,G minor,4,08fM8cSBTwDiweUcjV9HHE,"Sony Music Labels Inc.",JPKS00801683,no
611,"image training","NICO Touches the Walls",156,10B,80,2026-08-08,04:52,21,"anime, j-rock, j-pop","Pop, Rock","Who are you?",2008-09-24,43,0,0,60,0,10,-4,D,4,3wEwgFWONYwpcqFbQ0BmBg,"Sony Music Labels Inc.",JPKS00701382,no
612,"Go Flex","Post Malone",82,7B,50,2026-08-08,02:59,42,"dfw rap, melodic rap, pop, rap","Hip Hop, Pop","Stoney",2016-12-09,67,23,0,13,0,0,-8,F,4,1gMMxgDbbY8Qm5xM3mBE69,"Mercury Records/Republic Owned",USUM71603455,yes
613,"Feel","Post Malone, Kehlani",119,4A,51,2026-08-08,03:17,33,"dfw rap, melodic rap, pop, rap, r&b","Hip Hop, Pop, R&B","Stoney",2016-12-09,50,21,0,19,0,0,-8,F minor,4,5nelqHxdJGfPOLt2bbO7eT,"Mercury Records/Republic Owned",USUM71614479,yes
614,"Congratulations","Post Malone, Quavo",123,2B,80,2026-08-08,03:40,41,"dfw rap, melodic rap, pop, rap, atl hip hop, trap","Hip Hop, Pop","Stoney",2016-12-09,63,22,0,49,0,20,-4,F#/G♭,4,14LOPYFegGakg50LJbVeai,"Mercury Records/Republic Owned",USUM71614484,yes
615,"Leave","Post Malone",90,12B,55,2026-08-08,05:24,36,"dfw rap, melodic rap, pop, rap","Hip Hop, Pop","Stoney (Complete Edition)",2016-12-09,54,25,0,62,0,10,-7,E,4,7H8ZiBuUPuN1I0zlWobua1,"Mercury Records/Republic Owned",USUM71614496,yes
616,"Big Lie - Instrumental","Post Malone",171,11A,34,2026-08-08,03:23,24,"dfw rap, melodic rap, pop, rap","Hip Hop, Pop","Stoney (Complete Edition)",2016-12-09,55,66,81,21,0,10,-12,F#/G♭ minor,4,73C8OZvy2e6QqtWzdRzk6A,"Mercury Records/Republic Owned",USUM72121905,no
617,"Anything More - Will Sparks Remix","Steve Aoki, Era Istrefi, Will Sparks",124,3B,85,2026-08-08,03:06,0,"electro house, edm, albanian hip hop, albanian pop, kosovan pop, melbourne bounce, big room, techno","Electronic","Neon Future III (Remixes)",2019-02-15,41,0,1,3,0,10,-3,C♯/D♭,1,3J5UMI0RYvUYYIW1KEYAID,"Ultra Records",USUS11900055,no
618,"Anything More","Steve Aoki, Era Istrefi",92,3B,68,2026-08-08,02:59,0,"electro house, edm, albanian hip hop, albanian pop, kosovan pop","Electronic","Neon Future III",2018-11-09,62,1,0,43,0,0,-4,C♯/D♭,4,0WgEuIlJskonVELZJUYisE,"Ultra Records",USUS11800294,no
619,"Sayonara детка","Eldzhey, Era Istrefi",145,11A,48,2026-08-08,02:44,0,"russian hip hop, russian pop, albanian hip hop, albanian pop, kosovan pop","","Sayonara детка",2019-06-21,86,14,0,75,0,10,-8,F#/G♭ minor,4,2zsWlV90zLETy5eAJ1OrNi,"Effective Records",RUB421901124,no
620,"Purpose","Jonas Blue, Era Istrefi",100,10A,80,2026-08-08,02:50,39,"tropical house, albanian hip hop, albanian pop, kosovan pop","Electronic","Blue",2018-11-09,69,1,0,46,0,10,-5,B minor,4,6APLWNdNt72jjkLfB1dYey,"Positiva",GBUM71806218,no
621,"10A0D-Beet","Sawano Hiroyuki",94,8A,28,2026-08-08,06:20,16,"anime, soundtrack","Pop, Classical, Easy Listening","劇場版 七つの大罪 天空の囚われ人　オリジナル・サウンドトラック",2014-00-00,13,29,89,6,0,10,-10,A minor,3,3UNrwIbo9Oyrj0vEuP9TGl,"Aniplex Inc.",JPE301800684,no
622,"96-6ki4-◯4n","Sawano Hiroyuki",105,12B,72,2026-08-08,02:31,11,"anime, soundtrack","Pop, Classical, Easy Listening","劇場版 七つの大罪 天空の囚われ人　オリジナル・サウンドトラック",2014-00-00,53,4,73,6,0,20,-11,E,4,6UXOO5HfGYsuIDkzR67gwQ,"Aniplex Inc.",JPE301800698,no
623,"[104EYES-29CA2]suite-2楽章","Sawano Hiroyuki",138,11B,76,2026-08-08,04:18,42,"anime, soundtrack","Pop, Classical, Easy Listening","劇場版 七つの大罪 天空の囚われ人　オリジナル・サウンドトラック",2014-00-00,19,0,89,23,0,0,-7,A,4,7sqvEvvYbqTtFOop32dhu2,"Aniplex Inc.",JPE301800241,no
624,"[104EYES-29CA2]suite-4楽章","Sawano Hiroyuki",166,10B,46,2026-08-08,06:29,26,"anime, soundtrack","Pop, Classical, Easy Listening","劇場版 七つの大罪 天空の囚われ人　オリジナル・サウンドトラック",2014-00-00,35,11,93,11,0,30,-11,D,4,3FPJOwB1u7LrQOSpn92E5v,"Aniplex Inc.",JPE301800243,no
625,"What Shall I Do? (feat. David Garrison & Harry Groener)","Kristin Chenoweth, David Garrison, Harry Groener",137,8B,52,2026-08-08,03:07,1,"musicals","Classical, Easy Listening, Pop","Cole Porter's You Never Know (World Premiere Cast Recording)",2017-10-06,48,57,0,57,0,20,-6,C,4,0NkceLa3wcYsgtkxzAnSfV,"Ghostlight Records",USSK31781923,no
626,"Let's Misbehave","David Garrison, Kristin Chenoweth",145,11B,45,2026-08-08,03:07,3,"musicals","Classical, Easy Listening, Pop","Cole Porter's You Never Know (World Premiere Cast Recording)",2017-10-06,52,50,0,39,10,30,-8,A,4,6KcIN7qecl07xSjnWdVqnW,"Ghostlight Records",USSK31781924,no
627,"Ridin' High","David Garrison, Kristin Chenoweth",121,4A,78,2026-08-08,02:14,7,"musicals","Classical, Easy Listening, Pop","Cole Porter's You Never Know (World Premiere Cast Recording)",2017-10-06,68,49,0,65,20,40,-5,F minor,4,7ec29im0XwUogGLyZygufd,"Ghostlight Records",USSK31781931,no
628,"夜の果て","NICO Touches the Walls",167,8A,78,2026-08-08,04:49,22,"anime, j-rock, j-pop","Pop, Rock","Who are you?",2008-09-24,24,1,0,49,0,0,-3,A minor,4,74gubSJL2HiW7l4jxKQb7q,"Sony Music Labels Inc.",JPKS00701901,no
629,"葵","NICO Touches the Walls",83,6B,60,2026-08-08,05:43,23,"anime, j-rock, j-pop","Pop, Rock","Who are you?",2008-09-24,28,14,0,34,0,30,-7,A#/B♭,4,2i0Y6c8xpKAqLNJpwjbINx,"Sony Music Labels Inc.",JPKS00801686,no
630,"anytime,anywhere","NICO Touches the Walls",87,8B,86,2026-08-08,04:20,11,"anime, j-rock, j-pop","Pop, Rock","Who are you?",2008-09-24,34,0,0,39,0,20,-4,C,4,5ZCYHjxuhngJ8tee5UPoQ6,"Sony Music Labels Inc.",JPKS00801687,no
631,"トマト","NICO Touches the Walls",82,8A,66,2026-08-08,06:22,13,"anime, j-rock, j-pop","Pop, Rock","ビッグフット",2009-00-00,43,11,0,30,0,10,-6,A minor,4,7KyegAFEgK4D0cb8yrrSgg,"Sony Music Labels Inc.",JPKS00900662,no
632,"Aurora","NICO Touches the Walls",150,11B,85,2026-08-08,01:43,23,"anime, j-rock, j-pop","Pop, Rock","オーロラ",2009-11-25,56,2,0,69,0,20,-5,A,4,3GgbwFd2rZkjyWw2rd1enk,"Sony Music Labels Inc.",JPKS00902561,no
633,"Lonesome Ghost","NICO Touches the Walls",125,8A,83,2026-08-08,03:49,14,"anime, j-rock, j-pop","Pop, Rock","オーロラ",2009-11-25,62,0,0,54,0,0,-5,A minor,4,2KpmLCzGUi6pHCIq1nZzNa,"Sony Music Labels Inc.",JPKS00902564,no
634,"Patient - Instrumental","Post Malone",90,4B,34,2026-08-08,03:15,23,"dfw rap, melodic rap, pop, rap","Hip Hop, Pop","Stoney (Complete Edition)",2016-12-09,77,21,77,28,10,10,-9,G#/A♭,4,59WdwJuDEMdFN0wXJcAPCC,"Mercury Records/Republic Owned",USUM72121925,no
635,"Go Flex - Instrumental","Post Malone",82,7B,28,2026-08-08,02:58,25,"dfw rap, melodic rap, pop, rap","Hip Hop, Pop","Stoney (Complete Edition)",2016-12-09,77,12,88,7,0,10,-11,F,4,45I0cFWvCXJg1HUYNcwIF6,"Mercury Records/Republic Owned",USUM72121927,no
636,"AZPV","Sawano Hiroyuki",99,4A,63,2026-08-08,02:57,24,"anime, soundtrack","Pop, Classical, Easy Listening","アルドノア・ゼロ オリジナル・サウンドトラック",2014-09-10,48,5,91,17,0,0,-12,F minor,4,2J84NSpvxqE8XYWGk2xsy4,"Aniplex Inc.",JPE301400783,no
637,"A-0picturez","Sawano Hiroyuki",125,4A,73,2026-08-08,03:48,23,"anime, soundtrack","Pop, Classical, Easy Listening","アルドノア・ゼロ オリジナル・サウンドトラック",2014-09-10,38,0,80,43,0,10,-10,F minor,4,278dxcKDmL79pZCKyH9cyW,"Aniplex Inc.",JPE301400784,no
638,"The Call to Arms","Sawano Hiroyuki",160,4A,82,2026-08-08,03:48,22,"anime, soundtrack","Pop, Classical, Easy Listening","アルドノア・ゼロ オリジナル・サウンドトラック",2014-09-10,51,1,5,72,0,10,-7,F minor,4,0xDxdAk5TjVPp7qaNuvRQb,"Aniplex Inc.",JPE301400791,no
639,"FIRE★","Sawano Hiroyuki",99,8B,63,2026-08-08,05:02,20,"anime, soundtrack","Pop, Classical, Easy Listening","アルドノア・ゼロ オリジナル・サウンドトラック",2014-09-10,27,1,89,18,0,20,-11,C,3,1RKcuFn4fToCeWDz5WcPRZ,"Aniplex Inc.",JPE301400793,no
640,"R零B零T","Sawano Hiroyuki",126,7A,53,2026-08-08,04:04,20,"anime, soundtrack","Pop, Classical, Easy Listening","アルドノア・ゼロ オリジナル・サウンドトラック",2014-09-10,26,1,88,8,0,10,-12,D minor,4,1o4xKwWtczzJPLsoLkaQ3C,"Aniplex Inc.",JPE301400794,no
641,"Ver$","Sawano Hiroyuki",140,8A,12,2026-08-08,03:46,17,"anime, soundtrack","Pop, Classical, Easy Listening","アルドノア・ゼロ オリジナル・サウンドトラック",2014-09-10,33,17,83,11,0,10,-17,A minor,3,38QzKaN1RfrXIJZu3aUfOJ,"Aniplex Inc.",JPE301400797,no
642,"aズ-17歩","Sawano Hiroyuki",133,6B,30,2026-08-08,02:43,22,"anime, soundtrack","Pop, Classical, Easy Listening","アルドノア・ゼロ オリジナル・サウンドトラック",2014-09-10,18,1,80,5,0,0,-13,A#/B♭,4,7fJu0gH275bqwEtoAoBvuF,"Aniplex Inc.",JPE301400798,no
643,"AcyOrt","Sawano Hiroyuki",85,9A,71,2026-08-08,04:45,19,"anime, soundtrack","Pop, Classical, Easy Listening","アルドノア・ゼロ オリジナル・サウンドトラック",2014-09-10,27,1,91,16,0,10,-9,E minor,4,1fROFm9j7GthQlk2UuOnzB,"Aniplex Inc.",JPE301400800,no
644,"Indian Maiden's Lament","Paula Leggett Chase, Kristin Chenoweth",87,7B,23,2026-08-08,01:27,2,"musicals","Classical, Easy Listening, Pop","On the Twentieth Century (New Broadway Cast Recording)",2015-05-19,36,96,0,27,0,30,-11,F,4,2Y51DeqasJHsHrYZ8le2qy,"PS Classics",USB961553208,no
645,"Our Private World","Peter Gallagher, Kristin Chenoweth",78,3B,29,2026-08-08,03:07,2,"musicals","Classical, Easy Listening, Pop","On the Twentieth Century (New Broadway Cast Recording)",2015-05-19,24,89,0,33,0,10,-11,C♯/D♭,3,65O8fNNsJhRlLIYzADgzU6,"PS Classics",USB961553216,no
646,"Sign, Lily, Sign","Michael McGrath, Mark Linn-Baker, Peter Gallagher, Mary Louise Wilson, Andy Karl, Kristin Chenoweth",101,8B,33,2026-08-08,06:11,3,"musicals","Classical, Easy Listening, Pop","On the Twentieth Century (New Broadway Cast Recording)",2015-05-19,46,84,0,28,0,40,-10,C,4,1STj4fTinumCiPcwa9RHD1,"PS Classics",USB961553228,no
647,"Lily / Oscar","Jim Walton, Michael McGrath, Kristin Chenoweth, Peter Gallagher",74,12B,36,2026-08-08,02:51,1,"musicals","Classical, Easy Listening, Pop","On the Twentieth Century (New Broadway Cast Recording)",2015-05-19,41,80,0,22,0,30,-10,E,4,2IieHmEo9GsVgshkrcw8h8,"PS Classics",USB961553234,no
648,"Mary, Did You Know","The Tabernacle Choir at Temple Square, Orchestra at Temple Square, Kristin Chenoweth",100,11A,10,2026-08-08,04:15,0,"hymns, choral, christmas, musicals","Pop, Christian, Classical, Easy Listening","Angels Among Us",2019-10-18,36,95,0,17,0,0,-16,F#/G♭ minor,5,5kEW6C1ebeGrswrjsBNvky,"Intellectual Reserve",US23M1900040,no
649,"Angels from the Realms of Glory","The Tabernacle Choir at Temple Square, Orchestra at Temple Square, Kristin Chenoweth",117,5A,29,2026-08-08,04:44,0,"hymns, choral, christmas, musicals","Pop, Christian, Classical, Easy Listening","Angels Among Us",2019-10-18,26,91,0,11,0,0,-14,C minor,4,0jCLJYxKg2vbRNdpkzm7UK,"Intellectual Reserve",US23M1900054,no
650,"Sitting Becalmed in the Lee of Cuttyhunk","William Finn, Malcolm Gets, Kristin Chenoweth, Penny Fuller, John Jellison, Keith Byron Kirk, Liz Larsen, Norm Lewis, Michael Mandell, Mary Testa, Ted Sperling",113,8B,37,2026-08-08,03:24,13,"musicals","Classical, Easy Listening, Pop","A New Brain (Original Off-Broadway Cast Recording)",1995-12-31,54,88,0,60,0,0,-11,C,4,47786A70l1aqyrIDQ3gv9q,"Masterworks Broadway",USBC19801864,no
651,"Yes","William Finn, Malcolm Gets, Chip Zien, Kristin Chenoweth, John Jellison, Keith Byron Kirk, Liz Larsen, Ted Sperling",132,12B,34,2026-08-08,03:17,12,"musicals","Classical, Easy Listening, Pop","A New Brain (Original Off-Broadway Cast Recording)",1995-12-31,55,77,0,57,20,20,-11,E,3,1YmqTy8LS6CsRte5aQcO6Y,"Masterworks Broadway",USBC19801867,no
652,"I Say a Little Prayer","Kristin Chenoweth, Promises, Promises Ensemble (2010)",135,2B,37,2026-08-08,02:49,18,"musicals","Classical, Easy Listening, Pop","Promises, Promises (New Broadway Cast Recording (2010))",2010-06-21,51,70,0,60,0,10,-10,F#/G♭,4,7n73IrzzuSQBr7VoX8zZ1X,"Masterworks Broadway",USSM11001586,no
653,"I'll Never Fall In Love Again (Reprise)","Kristin Chenoweth, Sean Hayes",116,8B,14,2026-08-08,03:12,7,"musicals","Classical, Easy Listening, Pop","Promises, Promises (New Broadway Cast Recording (2010))",2010-06-21,56,86,0,36,0,0,-14,C,4,52X0cjdgabTTf383Kka9XF,"Masterworks Broadway",USSM11001600,no
654,"Just Walk Away","Burt Bacharach, Steven Sater, Kristin Chenoweth",123,12A,42,2026-08-08,02:39,0,"adult standards, easy listening, baroque pop, musicals","Easy Listening, Classical, Pop","Some Lovers (World Premiere Recording)",2021-09-30,50,59,0,38,0,10,-6,C♯/D♭ minor,4,6bcF7kirM0zjmDWEzy968G,"Broadway Records",QMQYB2123711,no
655,"Snoopy","Roger Bart, Ilana Levine, Kristin Chenoweth",126,9B,28,2026-08-08,03:13,29,"movie tunes, musicals","Classical, Easy Listening, Pop","You're a Good Man, Charlie Brown (New Broadway Cast Recording (1999))",1999-03-08,47,70,0,28,0,10,-13,G,4,4Xna4NRovSsXqrPHEM21Pb,"Masterworks Broadway",USBC19900041,no
656,"What Is This Feeling?","Stephen Schwartz, Kristin Chenoweth, Idina Menzel, Stephen Oremus",152,8B,42,2026-08-08,03:32,22,"score, musicals","Classical, Easy Listening, Pop","Wicked (15th Anniversary Special Edition)",2019-02-08,63,73,0,52,10,10,-9,C,4,3lmJOkR3f8qh1Aa20mPQau,"VDB - Verve Decca Broadway",USUMC0300214,no
657,"One Short Day","Stephen Schwartz, Kristin Chenoweth, Idina Menzel, Stephen Oremus",118,9B,58,2026-08-08,03:03,19,"score, musicals","Classical, Easy Listening, Pop","Wicked (15th Anniversary Special Edition)",2019-02-08,46,74,0,52,10,10,-8,G,4,2BfTccOl6H0otMZDSnOgux,"VDB - Verve Decca Broadway",USUMC0300217,no
658,"Thank Goodness","Stephen Schwartz, Kristin Chenoweth, Carole Shelley, Stephen Oremus",148,5B,33,2026-08-08,06:23,18,"score, musicals","Classical, Easy Listening, Pop","Wicked (15th Anniversary Special Edition)",2019-02-08,40,76,0,48,0,80,-9,D#/E♭,4,5JopEm109awuyBr4NYpVYe,"VDB - Verve Decca Broadway",USUMC0300220,no
659,"Easy Street (Rooster, Miss Hannigan, Lily St. Regis) - Voice","Charles Strouse, Kathy Bates, Alan Cumming, Kristin Chenoweth, Alicia Morton, Marissa Rago, Danelle Wilson, Nanea Miyata, Audra McDonald, Victor Garber, Bobbi Page",110,3B,49,2026-08-08,04:46,37,"musicals, ragtime","Classical, Easy Listening, Pop, Jazz","Annie - Original Telefilm Soundtrack",1999-10-04,46,63,0,48,0,20,-6,C♯/D♭,4,2Ew3wFIQIPYyjzoS16GjNB,"Sony Classical",USSM19921795,no
660,"Mama, I'm a Big Girl Now","Maddie Baillio, Ariana Grande, Dove Cameron, Harvey Fierstein, Andrea Martin, Kristin Chenoweth, Joshua Alexander, Will Bell, Helene, Riley Costello, Kelli Ann Erdmann, Sam Faulkner, Marissa Heart, Joanna Jones, Jacque Lewarne, Tommy Martinez, Tiana Okoye, Amos Oliver III, Re'Sean Pates, Katherine Roarty",141,7B,76,2026-08-08,03:11,45,"musicals, pop, movie tunes","Classical, Easy Listening, Pop","Hairspray LIVE! Original Soundtrack of the NBC Television Event",2016-12-02,75,63,0,79,0,0,-4,F,4,5D1NSvQajIAbwTgnNfKNdR,"Masterworks Broadway",USQX91602481,no
661,"(The Legend of) Miss Baltimore Crabs","Kristin Chenoweth, Joshua Alexander, Will Bell, Helene, Riley Costello, Kelli Ann Erdmann, Sam Faulkner, Marissa Heart, Joanna Jones, Jacque Lewarne, Tommy Martinez, Tiana Okoye, Amos Oliver III, Re'Sean Pates, Katherine Roarty, Rhon Saunders, Ricky Schroeder, Heather Tepe, Mason Trueblood, Karl Skyler Urban",134,3B,60,2026-08-08,03:26,28,"musicals","Classical, Easy Listening, Pop","Hairspray LIVE! Original Soundtrack of the NBC Television Event",2016-12-02,57,47,0,72,20,10,-6,C♯/D♭,4,5rT9NE6pUQ19V6634oToNX,"Masterworks Broadway",USQX91602483,no
662,"Happy (Glee Cast Version) (feat. Kristin Chenoweth & Gwyneth Paltrow)","Glee Cast, Kristin Chenoweth, Gwyneth Paltrow",160,4B,89,2026-08-08,03:53,25,"christmas, musicals","Pop, Classical, Easy Listening","Glee: The Music - Celebrating 100 Episodes",2014-03-25,62,38,0,81,10,10,-5,G#/A♭,4,3p931wiN8QoIq4d1NJ1qiy,"Columbia",USQX91400190,no
663,"Total Eclipse of the Heart (Glee Cast Season 5 Version) (feat. Kristin Chenoweth)","Glee Cast, Kristin Chenoweth",127,9B,72,2026-08-08,03:46,25,"christmas, musicals","Pop, Classical, Easy Listening","Glee: The Music - Celebrating 100 Episodes",2014-03-25,55,9,0,34,0,10,-5,G,4,74QUzRLY3Txrzy0W4TZypn,"Columbia",USQX91400192,no
664,"[Symphonic-Mobile Suite  UC ] 2ndMob. :MSGUCEP7","Sawano Hiroyuki",136,10B,58,2026-08-08,03:52,18,"anime, soundtrack","Pop, Classical, Easy Listening","MOBILE SUIT GUNDAM UNICORN Original Motion Picture Soundtrack 4",2014-11-20,51,4,90,31,0,10,-14,D,4,6htIdxXnCTjqLfValfFzL4,"SUNRISE Music Label",JPP301400066,no
665,"[Symphonic-Mobile Suite  UC ] 4thMob. :νTYPE-OYM","Sawano Hiroyuki",94,10A,17,2026-08-08,03:26,16,"anime, soundtrack","Pop, Classical, Easy Listening","MOBILE SUIT GUNDAM UNICORN Original Motion Picture Soundtrack 4",2014-11-20,24,6,80,7,0,0,-19,B minor,3,0uirWhsW1KuI521YHJasu1,"SUNRISE Music Label",JPP301400068,no
666,"[Symphonic-Mobile Suite  UC ] 5thMob. :UXO-→RX0","Sawano Hiroyuki",110,7B,82,2026-08-08,02:42,28,"anime, soundtrack","Pop, Classical, Easy Listening","MOBILE SUIT GUNDAM UNICORN Original Motion Picture Soundtrack 4",2014-11-20,53,0,87,32,0,10,-12,F,4,55BZQy9dDAhnyShTUIXfyZ,"SUNRISE Music Label",JPP301400069,no
667,"A Letter - nZk Ver.","Sawano Hiroyuki",120,9A,32,2026-08-08,04:04,25,"anime, soundtrack","Pop, Classical, Easy Listening","MOBILE SUIT GUNDAM UNICORN Original Motion Picture Soundtrack 4",2014-11-20,50,5,1,18,0,0,-11,E minor,4,08yxSGoAtwXUYa9NxwaZv3,"SUNRISE Music Label",JPP301400075,no
668,"Sternengesang","Sawano Hiroyuki",100,8A,69,2026-08-08,04:37,33,"anime, soundtrack","Pop, Classical, Easy Listening","MOBILE SUIT GUNDAM UNICORN Original Motion Picture Soundtrack 4",2014-11-20,56,20,0,36,0,20,-9,A minor,3,74YQosn2Vdx90m8nEys1K0,"SUNRISE Music Label",JPP301400076,no
669,"N極とN極","NICO Touches the Walls",168,12B,90,2026-08-08,02:55,27,"anime, j-rock, j-pop","Pop, Rock","オーロラ",2009-11-25,30,0,0,60,0,0,-3,E,4,3V4i177PaFSdrgyn2YMwQr,"Sony Music Labels Inc.",JPKS00902569,no
670,"風人","NICO Touches the Walls",151,11B,89,2026-08-08,04:22,15,"anime, j-rock, j-pop","Pop, Rock","オーロラ",2009-11-25,45,0,0,45,0,10,-3,A,4,5kLyLWCwy75GAyOPiWKtZT,"Sony Music Labels Inc.",JPKS00900941,no
671,"波","NICO Touches the Walls",75,11B,44,2026-08-08,04:44,13,"anime, j-rock, j-pop","Pop, Rock","オーロラ",2009-11-25,54,18,0,35,0,30,-8,A,4,5flLc2BgTLox24N32lBsvi,"Sony Music Labels Inc.",JPKS00902571,no
672,"Up There - Instrumental","Post Malone",146,4A,26,2026-08-08,03:16,23,"dfw rap, melodic rap, pop, rap","Hip Hop, Pop","Stoney (Complete Edition)",2016-12-09,74,45,77,28,0,10,-11,F minor,4,7Bmo6whfoysQseB6O5Wm4V,"Mercury Records/Republic Owned",USUM72121932,no
673,"Najher","Yll Limani",73,3A,69,2026-08-08,03:26,0,"albanian pop, kosovan pop","","Najher",2016-02-12,58,37,0,49,0,10,-6,A#/B♭ minor,4,67EW4DIdy9D2S3hyyh9lPn,"Yll Limani",ALA091800043,no
674,"Shiu","Yll Limani",110,8B,46,2026-08-08,03:22,0,"albanian pop, kosovan pop","","Shiu",2017-02-02,60,57,0,30,0,10,-7,C,4,2iPRZQrycijwOTOOHrGc2Z,"Yll Limani",ALA091800045,no
675,"A Ja Ka Vlejt","Yll Limani",156,7A,68,2026-08-08,03:33,0,"albanian pop, kosovan pop","","A Ja Ka Vlejt",2018-04-05,64,6,0,61,0,10,-6,D minor,4,1vGoGpmvTLwpR1mZaTeoAd,"Yll Limani",ALA091800048,no
676,"Prej Se Jena Nda","Yll Limani",97,5A,78,2026-08-08,02:56,0,"albanian pop, kosovan pop","","Prej Se Jena Nda",2018-07-16,73,27,0,68,0,10,-4,C minor,4,5fqhCeKiCHBsvijfprzH46,"Yll Limani",ALA091800049,no
677,"Vaj","Yll Limani",161,10A,72,2026-08-08,03:10,0,"albanian pop, kosovan pop","","Vaj",2018-12-05,54,27,0,65,10,20,-4,B minor,4,2s2lpqR5cx5siFMhsQdV1o,"Yll Limani",ALA091800117,no
678,"Harrom","Yll Limani",109,3B,45,2026-08-08,04:32,0,"albanian pop, kosovan pop","","Harrom",2019-01-28,57,64,0,45,0,10,-6,C♯/D♭,5,3bO4JR3GDVjZmbq8JmoW89,"Yll Limani",ALA091900011,no
679,"Nuk Po Kalojka","Yll Limani, Alex Stavi",110,3A,74,2026-08-08,03:17,0,"albanian pop, kosovan pop","","Nuk Po Kalojka",2019-07-11,85,23,1,88,10,20,-5,A#/B♭ minor,4,5LqeZBH3wLlenwSCAZoLtB,"ONIMA",QZHPJ1947280,no
680,"Pse je me to","Yll Limani",95,5A,93,2026-08-08,03:13,0,"albanian pop, kosovan pop","","Pse je me to",2019-08-24,68,8,0,84,0,30,-3,C minor,4,1GXgJ5rYtlKf353xrOiWkm,"Yll Limani",ALA091900193,no
681,"Engjej","Yll Limani",142,8B,54,2026-08-08,02:49,0,"albanian pop, kosovan pop","","Engjej",2019-12-28,73,47,0,61,0,10,-5,C,4,2cDqyPFAKfEx37I7P87Ooe,"Yll Limani",ALA091900242,no
682,"Pate","Lumi B, Yll Limani",108,11A,69,2026-08-08,02:44,0,"albanian hip hop, albanian pop, kosovan pop","","Pate",2020-08-14,84,9,0,35,0,10,-7,F#/G♭ minor,4,69vRrZMXGejeyHYDOs8uG9,"Lumi B",ALA092000108,no
683,"Mos Shko","Dafina Zeqiri, Yll Limani",159,10A,50,2026-08-08,03:27,0,"albanian pop, kosovan pop","","Mos Shko",2020-12-27,72,59,0,51,0,10,-8,B minor,4,3XLgYIQQyIbOMKauS5H6D4,"Bzzz Entertainment & MONEYZ",QZPLR2097930,no
684,"Kur T'Kujtohet","Yll Limani",79,8B,41,2026-08-08,03:59,0,"albanian pop, kosovan pop","","Kur T'Kujtohet",2021-01-20,38,33,0,38,0,10,-10,C,4,74vcikZ11PwTQyBkt9PHkD,"Yll Limani",ALA092000189,no
685,"E di","Elvana Gjata, Yll Limani",82,2A,71,2026-08-08,02:23,48,"albanian pop, kosovan pop","","Marre x E di",2021-07-18,68,14,0,73,0,10,-5,D#/E♭ minor,4,5M5T9rswunAx6vX8Odd3HD,"EMM distributed by Loudcom Media",ALA0B2100009,no
686,"Qaj","Yll Limani",118,12A,45,2026-08-08,03:04,0,"albanian pop, kosovan pop","","Lshoja Zanin",2021-12-05,78,51,0,46,0,0,-9,C♯/D♭ minor,4,6CzIZKQ7xzFUWb0EX4aZkI,"LOUD.",AMA032100009,no
687,"Vonë","Yll Limani",100,4B,14,2026-08-08,03:17,0,"albanian pop, kosovan pop","","Lshoja Zanin",2021-12-05,66,94,0,40,0,10,-14,G#/A♭,4,6BiHLCvHroUmdzU4jn9rHE,"LOUD.",AMA032100005,no
688,"9","Yll Limani",148,1B,56,2026-08-08,03:09,0,"albanian pop, kosovan pop","","9",2022-04-10,77,64,0,91,0,10,-7,B,4,5BKwY6Jb3jVhOFhLY1xNKg,"LOUD. / Hidden Records / Yll Limani",AMA032200002,yes
689,"Mobile","Avril Lavigne",100,11B,73,2026-08-08,03:31,55,"canadian pop, candy pop, dance pop, pop","Pop, Electronic","Let Go",2002-06-04,59,0,0,63,0,10,-6,A,4,3D3B7vahQasg8rdAYrEbNT,"Arista",USAR10200225,no
690,"Tomorrow","Avril Lavigne",136,11A,79,2026-08-08,03:48,57,"canadian pop, candy pop, dance pop, pop","Pop, Electronic","Let Go",2002-06-04,63,1,0,61,0,10,-7,F#/G♭ minor,4,1T0Dv84b0Za7FoLcoeajgh,"Arista",USAR10200230,no
691,"Things I'll Never Say","Avril Lavigne",102,10B,81,2026-08-08,03:43,60,"canadian pop, candy pop, dance pop, pop","Pop, Electronic","Let Go",2002-06-04,57,0,0,59,0,10,-5,D,4,3nH2w4Q9yths31lC9C26fT,"Arista",USAR10200228,no
692,"Too Much to Ask","Avril Lavigne",147,9B,70,2026-08-08,03:45,50,"canadian pop, candy pop, dance pop, pop","Pop, Electronic","Let Go",2002-06-04,50,1,0,41,0,10,-7,G,3,7jgPM1tEs9WNqQ0mYBAvWA,"Arista",USAR10200233,no
693,"銅鑼Gong4N","Sawano Hiroyuki",133,10B,79,2026-08-08,05:36,41,"anime, soundtrack","Pop, Classical, Easy Listening","七つの大罪 オリジナル・サウンドトラック",2014-12-24,31,0,92,43,0,10,-10,D,4,09WofySH2PFTw4GbzPsyKG,"Aniplex Inc.",JPE301401277,no
694,"YoSay&B→A","Sawano Hiroyuki",90,7B,39,2026-08-08,05:32,38,"anime, soundtrack","Pop, Classical, Easy Listening","七つの大罪 オリジナル・サウンドトラック",2014-12-24,22,30,91,4,0,10,-15,F,3,4aNxUQBEobtUH1v7YS8QQu,"Aniplex Inc.",JPE301401280,no
695,"广2tree02 ネ日｜-血","Sawano Hiroyuki",151,9A,61,2026-08-08,05:35,32,"anime, soundtrack","Pop, Classical, Easy Listening","七つの大罪 オリジナル・サウンドトラック",2014-12-24,37,2,53,35,0,20,-13,E minor,4,3JHpPNCMQZEhYgTS8ZcRuV,"Aniplex Inc.",JPE301401281,no
696,"駄メ男rIs","Sawano Hiroyuki",110,3A,58,2026-08-08,04:05,19,"anime, soundtrack","Pop, Classical, Easy Listening","七つの大罪 オリジナル・サウンドトラック",2014-12-24,42,40,87,21,0,10,-13,A#/B♭ minor,4,7lctlZYAaG0jh6dCfF7TCx,"Aniplex Inc.",JPE301401284,no
697,"Deerン怒&過多6-$","Sawano Hiroyuki",135,9B,34,2026-08-08,03:58,20,"anime, soundtrack","Pop, Classical, Easy Listening","七つの大罪 オリジナル・サウンドトラック",2014-12-24,50,68,6,30,0,10,-15,G,3,2FmqzcNrxJ7WuPiBmhTjMq,"Aniplex Inc.",JPE301401286,no
698,"mouth×宣華 ○2LI","Sawano Hiroyuki",102,7B,77,2026-08-08,04:35,28,"anime, soundtrack","Pop, Classical, Easy Listening","七つの大罪 オリジナル・サウンドトラック",2014-12-24,29,2,32,29,0,10,-10,F,4,0lfKqjNXUWYWhjlF3jebvP,"Aniplex Inc.",JPE301401287,no
699,"Big罪罪罪罪罪罪罪","Sawano Hiroyuki",91,8A,53,2026-08-08,04:50,38,"anime, soundtrack","Pop, Classical, Easy Listening","七つの大罪 オリジナル・サウンドトラック",2014-12-24,45,13,85,15,0,0,-14,A minor,3,7zr8QJ3upE2861YlhbMurD,"Aniplex Inc.",JPE301401291,no
700,"サドンデスゲーム　Instrumental","NICO Touches the Walls",170,9A,96,2026-08-08,05:27,1,"anime, j-rock, j-pop","Pop, Rock","サドンデスゲーム",2010-08-11,33,0,83,25,0,30,-4,E minor,4,2kX5BCSbluPkDtTf3zVUss,"Sony Music Labels Inc.",JPKS01001603,no
701,"サドンデスゲーム　Instrumental　(-Furumura Guitar)","NICO Touches the Walls",170,8B,95,2026-08-08,05:27,0,"anime, j-rock, j-pop","Pop, Rock","サドンデスゲーム",2010-08-11,41,0,77,39,0,20,-6,C,4,4EdBsBVK9sJRcgBqBLsnQ5,"Sony Music Labels Inc.",JPKS01001605,no
702,"サドンデスゲーム　Instrumental　（-Sakakura Bass)","NICO Touches the Walls",170,9A,100,2026-08-08,05:27,0,"anime, j-rock, j-pop","Pop, Rock","サドンデスゲーム",2010-08-11,37,0,82,8,20,30,-5,E minor,4,5aSBx4GCEYPtwCDZvLtIq8,"Sony Music Labels Inc.",JPKS01001606,no
703,"サドンデスゲーム　Instrumental(-Tsushima Drums)","NICO Touches the Walls",113,9A,66,2026-08-08,05:25,0,"anime, j-rock, j-pop","Pop, Rock","サドンデスゲーム",2010-08-11,40,0,84,30,0,30,-5,E minor,3,1SYDnUOSF7X1WR9j7sC3xd,"Sony Music Labels Inc.",JPKS01001607,no
704,"Paranoid","Post Malone",160,8B,54,2026-08-08,03:41,66,"dfw rap, melodic rap, pop, rap","Hip Hop, Pop","beerbongs & bentleys",2018-04-27,62,4,0,25,0,10,-5,C,4,3fpVWegR6YOS1Yk5HSMYIq,"Republic Records",USUM71710835,no
705,"Zack And Codeine","Post Malone",138,4A,82,2026-08-08,03:24,62,"dfw rap, melodic rap, pop, rap","Hip Hop, Pop","beerbongs & bentleys",2018-04-27,74,15,0,39,0,10,-5,F minor,4,5lZZmityu9TAjNvSY6GLhR,"Republic Records",USUM71805167,yes
706,"Takin' Shots","Post Malone",120,8B,62,2026-08-08,03:36,61,"dfw rap, melodic rap, pop, rap","Hip Hop, Pop","beerbongs & bentleys",2018-04-27,76,61,0,60,0,40,-6,C,4,5ffntNJnJOeFv7b7DCd0Bw,"Republic Records",USUM71805168,yes
707,"Blame It On Me","Post Malone",122,10A,59,2026-08-08,04:21,62,"dfw rap, melodic rap, pop, rap","Hip Hop, Pop","beerbongs & bentleys",2018-04-27,65,14,0,27,0,10,-7,B minor,4,1ZemPoaj7LBj1RAQrb89EC,"Republic Records",USUM71805173,no
708,"Same Bitches (feat. G-Eazy & YG)","Post Malone, G-Eazy, YG",100,3A,77,2026-08-08,03:32,63,"dfw rap, melodic rap, pop, rap, indie pop rap, oakland hip hop, pop rap, hyphy","Hip Hop, Pop","beerbongs & bentleys",2018-04-27,73,43,0,22,0,10,-5,A#/B♭ minor,4,688QpQAwqsLdBR6lr13wK1,"Republic Records",USUM71805174,yes
709,"Candy Paint","Post Malone",180,12B,67,2026-08-08,03:47,77,"dfw rap, melodic rap, pop, rap","Hip Hop, Pop","beerbongs & bentleys",2018-04-27,66,64,0,38,10,0,-6,E,4,32lItqlMi4LBhb4k0BaSaC,"Republic Records",USUM71711842,yes
710,"Sugar Wraith","Post Malone",164,4A,78,2026-08-08,03:48,64,"dfw rap, melodic rap, pop, rap","Hip Hop, Pop","beerbongs & bentleys",2018-04-27,61,26,0,31,0,10,-4,F minor,4,0MrRAUcB8AZiB9ue2VOBYe,"Republic Records",USUM71805177,yes
711,"Ska Dashni","Dani, Yll Limani",140,1A,69,2026-08-08,03:07,0,"albanian pop, kosovan pop","","Ska Dashni",2018-05-23,79,2,0,97,0,0,-8,G#/A♭ minor,4,66fGMz7JvLOUojaAdrDaIQ,"Yll Limani",ALA091800017,no
712,"Pretty Woman","Etnon, Yll Limani, DJ DAGZ",120,8A,93,2026-08-08,03:00,12,"albanian hip hop, albanian pop, kosovan pop","","Greatest Hits 1",2019-08-21,75,6,0,61,0,0,-4,A minor,4,3Ho5MYTrEhY2zKRCABWSVw,"Black Fish Entertainment",TCAEJ1998424,no
713,"Take Me Away","Avril Lavigne",99,9A,89,2026-08-08,02:57,57,"canadian pop, candy pop, dance pop, pop","Pop, Electronic","Under My Skin",2004-00-00,51,0,0,26,0,20,-2,E minor,4,4e8HF8QcD4HlfgRT6TGDlO,"Arista",USAR10400373,no
714,"Together","Avril Lavigne",82,6A,86,2026-08-08,03:14,50,"canadian pop, candy pop, dance pop, pop","Pop, Electronic","Under My Skin",2004-00-00,44,0,9,30,0,20,-3,G minor,4,54ZydtdUOVRV78drWmJeII,"Arista",USAR10400483,no
715,"Forgotten","Avril Lavigne",132,5A,68,2026-08-08,03:17,50,"canadian pop, candy pop, dance pop, pop","Pop, Electronic","Under My Skin",2004-00-00,57,0,0,35,0,20,-3,C minor,4,5tvMPInkVFU1YQJZnQzEEL,"Arista",USAR10400488,no
716,"Fall To Pieces","Avril Lavigne",178,8B,90,2026-08-08,03:28,58,"canadian pop, candy pop, dance pop, pop","Pop, Electronic","Under My Skin",2004-00-00,43,0,0,49,0,60,-3,C,4,396WOfbkqKaXYFwx6XjdOF,"Arista",USAR10400490,no
717,"Enemies (feat. DaBaby)","Post Malone, DaBaby",76,2B,67,2026-08-08,03:16,67,"dfw rap, melodic rap, pop, rap, hip hop, north carolina hip hop, pop rap, trap","Hip Hop, Pop","Hollywood's Bleeding",2019-09-06,54,6,0,67,20,10,-4,F#/G♭,4,0Xek5rqai2jcOWCYWJfVCF,"Republic Records",USUM71915725,yes
718,"Allergic","Post Malone",145,8B,74,2026-08-08,02:36,61,"dfw rap, melodic rap, pop, rap","Hip Hop, Pop","Hollywood's Bleeding",2019-09-06,66,15,0,57,0,30,-4,C,4,1YscJ7yVTlFxW3eF6pv5ba,"Republic Records",USUM71915722,yes
719,"Circles","Post Malone",120,8B,76,2026-08-08,03:35,88,"dfw rap, melodic rap, pop, rap","Hip Hop, Pop","Hollywood's Bleeding",2019-09-06,70,19,0,55,0,0,-3,C,4,21jGcNKet2qwijlDFuPiPb,"Republic Records",USUM71915699,no
720,"Staring At The Sun (feat. SZA)","Post Malone, SZA",95,11A,77,2026-08-08,02:48,66,"dfw rap, melodic rap, pop, rap, r&b","Hip Hop, Pop, R&B","Hollywood's Bleeding",2019-09-06,72,25,0,35,10,30,-4,F#/G♭ minor,4,5KE9b4x7Zj2A8XtbkqhqTe,"Republic Records",USUM71915728,yes
721,"I Know","Post Malone",103,3B,60,2026-08-08,02:21,62,"dfw rap, melodic rap, pop, rap","Hip Hop, Pop","Hollywood's Bleeding",2019-09-06,67,50,0,26,0,10,-6,C♯/D♭,4,6b2mfHMqWCA74XmUuVJm8r,"Republic Records",USUM71915732,yes
722,"Arthur","Sawano Hiroyuki, Takafumi Wada",111,9A,85,2026-08-08,03:17,22,"anime, soundtrack","Pop, Classical, Easy Listening","七つの大罪 オリジナル・サウンドトラック 2",2015-04-08,34,8,73,28,10,20,-10,E minor,1,5vvBWjyEWkcpU4DMxmL4iB,"Aniplex Inc.",JPE301500186,no
723,"A Peaceful Day","Sawano Hiroyuki",69,10B,38,2026-08-08,04:49,24,"anime, soundtrack","Pop, Classical, Easy Listening","七つの大罪 オリジナル・サウンドトラック 2",2015-04-08,16,28,63,7,0,10,-11,D,4,2fHT6143GiB4Iym5QmWwGU,"Aniplex Inc.",JPE301500191,no
724,"DG4-1:罪","Sawano Hiroyuki",114,10B,94,2026-08-08,02:40,22,"anime, soundtrack","Pop, Classical, Easy Listening","七つの大罪 オリジナル・サウンドトラック 2",2015-04-08,46,0,94,62,0,30,-7,D,4,7w27nlkq0FQwXrgWQM0Id3,"Aniplex Inc.",JPE301500192,no
725,"DAN-5:罪","Sawano Hiroyuki",183,10B,32,2026-08-08,01:41,14,"anime, soundtrack","Pop, Classical, Easy Listening","七つの大罪 オリジナル・サウンドトラック 2",2015-04-08,75,31,2,83,10,0,-12,D,3,4bMHgnf9Vgd1i7F1ersbw8,"Aniplex Inc.",JPE301500196,no
726,"RGS-7:罪","Sawano Hiroyuki",77,9A,21,2026-08-08,02:30,24,"anime, soundtrack","Pop, Classical, Easy Listening","七つの大罪 オリジナル・サウンドトラック 2",2015-04-08,23,33,11,4,0,10,-14,E minor,5,6Eyg2fAwBwQuOccH2QJgdA,"Aniplex Inc.",JPE301500198,no
727,"pfAD-13:罪","Sawano Hiroyuki",121,9A,2,2026-08-08,03:09,22,"anime, soundtrack","Pop, Classical, Easy Listening","七つの大罪 オリジナル・サウンドトラック 2",2015-04-08,53,98,58,37,0,0,-22,E minor,4,0ZrOTZlpfPe80TjTTQtEY4,"Aniplex Inc.",JPE301500204,no
728,"pfAD-15:罪","Sawano Hiroyuki",93,4B,18,2026-08-08,02:36,9,"anime, soundtrack","Pop, Classical, Easy Listening","七つの大罪 オリジナル・サウンドトラック 2",2015-04-08,23,91,89,4,0,0,-18,G#/A♭,1,0G3dGSlr7XqduwYqexjNji,"Aniplex Inc.",JPE301500206,no
729,"ページ１","NICO Touches the Walls",102,10A,90,2026-08-08,04:14,13,"anime, j-rock, j-pop","Pop, Rock","PASSENGER",2011-04-06,52,0,0,58,0,10,-5,B minor,4,6nOTgHIDxtTMd4wCOWoh9s,"Sony Music Labels Inc.",JPKS01100663,no
730,"SURVIVE","NICO Touches the Walls",158,8A,81,2026-08-08,04:21,13,"anime, j-rock, j-pop","Pop, Rock","PASSENGER",2011-04-06,45,0,0,76,0,10,-4,A minor,4,7ndmMgf8jRtnKHcPBI18hM,"Sony Music Labels Inc.",JPKS01100665,no
731,"容疑者","NICO Touches the Walls",132,6B,83,2026-08-08,05:08,20,"anime, j-rock, j-pop","Pop, Rock","PASSENGER",2011-04-06,50,0,0,79,0,10,-4,A#/B♭,4,1Ghk31re70ooH7A3ALGm5l,"Sony Music Labels Inc.",JPKS01100666,no
732,"友情讃歌","NICO Touches the Walls",122,8B,64,2026-08-08,04:14,14,"anime, j-rock, j-pop","Pop, Rock","PASSENGER",2011-04-06,58,8,0,60,0,10,-5,C,4,5YwMtqwkhZq342G714Deq7,"Sony Music Labels Inc.",JPKS01002981,no
733,"マトリョーシカ","NICO Touches the Walls",168,8A,92,2026-08-08,05:00,36,"anime, j-rock, j-pop","Pop, Rock","PASSENGER",2011-04-06,29,0,0,24,10,50,-5,A minor,4,1x8uUJ3mSGhL4O6SQ6DcAJ,"Sony Music Labels Inc.",JPKS01100667,no
734,"Passenger","NICO Touches the Walls",144,8A,68,2026-08-08,07:24,15,"anime, j-rock, j-pop","Pop, Rock","PASSENGER",2011-04-06,41,3,0,30,0,10,-5,A minor,4,2xVnWQfDjxeowGHUtBdX6z,"Sony Music Labels Inc.",JPKS01100668,no
735,"Innocence","Avril Lavigne",138,12A,71,2026-08-08,03:52,60,"canadian pop, candy pop, dance pop, pop","Pop, Electronic","The Best Damn Thing (Expanded Edition)",2007-04-17,39,15,0,34,0,20,-4,C♯/D♭ minor,4,5OuP08bgU2H7ZeDQQFQ6q8,"RCA Records Label",USRC10700080,no
736,"I Don't Have To Try","Avril Lavigne",212,3B,97,2026-08-08,03:17,46,"canadian pop, candy pop, dance pop, pop","Pop, Electronic","The Best Damn Thing (Expanded Edition)",2007-04-17,42,0,0,25,30,0,-3,C♯/D♭,4,21zXru0J6n2em6MC61dVYE,"RCA Records Label",USRC10700204,yes
737,"Contagious","Avril Lavigne",158,3B,91,2026-08-08,02:09,48,"canadian pop, candy pop, dance pop, pop","Pop, Electronic","The Best Damn Thing (Expanded Edition)",2007-04-17,45,0,0,45,0,30,-4,C♯/D♭,4,0xMbfVm5z0Q1VdnYvox460,"RCA Records Label",USRC10700074,no
738,"Alone","Avril Lavigne",172,8A,97,2026-08-08,03:13,45,"canadian pop, candy pop, dance pop, pop","Pop, Electronic","The Best Damn Thing (Expanded Edition)",2007-04-17,41,1,0,28,10,30,-3,A minor,4,7CUPfpfuPwjicclWi4qKH4,"RCA Records Label",USRC10700134,no
739,"Tacos, Enchiladas And Beans (with George Sirava and His Orchestra)","Doris Day, George Sirava and His Orchestra",126,9B,13,2026-08-08,02:52,19,"adult standards, big band","Easy Listening, Jazz","Golden Girl (The Columbia Recordings 1944-1966)",1999-06-01,82,87,0,61,0,10,-13,G,4,6ckro7vrZwBfKgSO0ElhfH,"Columbia/Legacy",USSM14700096,no
740,"Put 'Em In A Box, Tie 'Em With A Ribbon (And Throw 'Em In The Deep Blue Sea) (with George Sirava and His Orchestra)","Doris Day, George Sirava and His Orchestra",127,10B,8,2026-08-08,03:07,31,"adult standards, big band","Easy Listening, Jazz","Golden Girl (The Columbia Recordings 1944-1966)",1999-06-01,84,92,0,64,0,0,-13,D,4,1LR5f3RDx8frz1gncHw6s4,"Columbia/Legacy",USSM14700097,no
741,"Someone Like You","Buddy Clark, Doris Day",140,3A,9,2026-08-08,02:49,21,"big band, adult standards","Easy Listening, Jazz","Golden Girl (The Columbia Recordings 1944-1966)",1999-06-01,66,89,0,60,0,10,-15,A#/B♭ minor,3,3WSGBO7dKn1FefCLv8qYQE,"Columbia/Legacy",USSM14700098,no
742,"Cuttin' Capers (with Frank DeVol & His Orchestra)","Doris Day, Frank DeVol & His Orchestra",173,7B,20,2026-08-08,02:40,12,"adult standards, big band, man's orchestra","Easy Listening, Jazz","Golden Girl (The Columbia Recordings 1944-1966)",1999-06-01,59,90,0,70,10,0,-13,F,4,27YKMVCRX8kK5Gj7IDawRn,"Columbia/Legacy",USSM14900164,no
743,"Too Marvelous For Words (with Harry James & His Orchestra)","Doris Day, Harry James",78,3A,4,2026-08-08,03:17,24,"adult standards, big band, swing music, jazz","Easy Listening, Jazz","Golden Girl (The Columbia Recordings 1944-1966)",1999-06-01,53,95,0,38,0,10,-21,A#/B♭ minor,4,4dDSg9ep0H1IiaRJKcad8h,"Columbia/Legacy",USSM15000125,no
744,"I Only Have Eyes for You (with Axel Stordahl & His Orchestra)","Doris Day, Axel Stordahl And His Orchestra",169,9B,15,2026-08-08,03:21,19,"adult standards, big band, exotica","Easy Listening, Jazz","Golden Girl (The Columbia Recordings 1944-1966)",1999-06-01,19,88,0,21,0,20,-16,G,4,3CZt9u1wYSeZiikPDqJtRi,"Columbia/Legacy",USSM15000127,no
745,"I've Never Been In Love Before (with David Rose & His Orchestra) - From  Guys and Dolls ","Doris Day, David Rose & His Orchestra",82,9B,9,2026-08-08,03:04,28,"adult standards, big band, light music, man's orchestra","Easy Listening, Jazz","Golden Girl (The Columbia Recordings 1944-1966)",1999-06-01,24,95,0,23,0,30,-16,G,4,0voo6ZDdfa25QvjHsHiZfT,"Columbia/Legacy",USSM15000129,no
746,"It Had to Be You (with Paul Weston & His Orchestra)","Doris Day, Paul Weston And His Orchestra",81,8A,7,2026-08-08,02:39,19,"adult standards, big band","Easy Listening, Jazz","Golden Girl (The Columbia Recordings 1944-1966)",1999-06-01,30,97,0,22,0,0,-17,A minor,1,1Vh0FehnRmXFEVXmzJzWxq,"Columbia/Legacy",USSM15100213,no
747,"Sugarbush (with Frankie Laine)","Doris Day, Frankie Laine",113,9B,36,2026-08-08,01:58,14,"adult standards, big band","Easy Listening, Jazz","Golden Girl (The Columbia Recordings 1944-1966)",1999-06-01,72,89,0,89,0,20,-16,G,4,2jNYPDe6ct9LutjWjMtzMh,"Columbia/Legacy",USSM15200150,no
748,"A Guy Is a Guy","Doris Day",120,10B,28,2026-08-08,02:39,32,"adult standards, big band","Easy Listening, Jazz","Golden Girl (The Columbia Recordings 1944-1966)",1999-06-01,73,90,0,76,0,10,-14,D,4,1lZSR5NKeNGuCPSTNL7BhW,"Columbia/Legacy",USSM15200151,no
749,"April In Paris (with Paul Weston & His Orchestra & The Norman Luboff Choir)","Doris Day, Paul Weston And His Orchestra, The Norman Luboff Choir",79,9B,11,2026-08-08,03:08,11,"adult standards, big band, easy listening","Easy Listening, Jazz","Golden Girl (The Columbia Recordings 1944-1966)",1999-06-01,23,98,0,10,0,10,-13,G,3,2iAgMPyJ1SBHEBzPGKmeNk,"Columbia/Legacy",USSM15200152,no
750,"Secret Love","Doris Day",134,1B,18,2026-08-08,03:38,17,"adult standards, big band","Easy Listening, Jazz","Golden Girl (The Columbia Recordings 1944-1966)",1999-06-01,30,96,0,17,0,10,-12,B,4,5aJG1Vh9cQmFipevrkM0AA,"Columbia/Legacy",USSM15300148,no
751,"If I Give My Heart to You (with The Mellomen)","Doris Day, The Mellomen",77,11B,6,2026-08-08,02:49,39,"adult standards, big band, movie tunes","Easy Listening, Jazz","Golden Girl (The Columbia Recordings 1944-1966)",1999-06-01,46,97,0,33,0,10,-16,A,4,20G1XJaTwIm2IuwA3Pjg1d,"Columbia/Legacy",USSM15400087,no
752,"Whatever Will Be, Will Be (Que Sera, Sera) (with Frank DeVol & His Orchestra) - Single Version","Doris Day, Frank DeVol & His Orchestra",176,11B,30,2026-08-08,02:04,42,"adult standards, big band, man's orchestra","Easy Listening, Jazz","Golden Girl (The Columbia Recordings 1944-1966)",1999-06-01,40,86,0,75,0,60,-14,A,3,3lZKDVtIIJ7BrzMbIm5Lab,"Columbia/Legacy",USSM15600286,no
753,"Everybody Loves a Lover","Doris Day",92,5B,28,2026-08-08,02:40,32,"adult standards, big band","Easy Listening, Jazz","Golden Girl (The Columbia Recordings 1944-1966)",1999-06-01,83,65,0,68,10,0,-13,D#/E♭,4,6QfGyzfwf7dm38Tmf49BpC,"Columbia/Legacy",USSM15800702,no
754,"Lover Come Back (with Frank DeVol & His Orchestra) - Mono","Doris Day, Frank DeVol & His Orchestra",121,4A,35,2026-08-08,02:14,12,"adult standards, big band, man's orchestra","Easy Listening, Jazz","Golden Girl (The Columbia Recordings 1944-1966)",1999-06-01,68,83,0,78,0,10,-11,F minor,4,67xTBZLMacOVnrMHSJlJWx,"Columbia/Legacy",USSM16101038,no
755,"Let The Little Girl Limbo","Doris Day",152,8B,56,2026-08-08,02:31,10,"adult standards, big band","Easy Listening, Jazz","Golden Girl (The Columbia Recordings 1944-1966)",1999-06-01,51,59,0,81,0,30,-10,C,4,1uR8zC9JcY6Ggd5guHWWc9,"Columbia/Legacy",USSM16300912,no
756,"Move Over Darling","Doris Day",106,10B,43,2026-08-08,02:37,33,"adult standards, big band","Easy Listening, Jazz","Golden Girl (The Columbia Recordings 1944-1966)",1999-06-01,43,49,0,52,0,10,-10,D,4,3cjOGPcrFpBseML7Xll49c,"Columbia/Legacy",USSM16300913,no
757,"Through My Blood","Sawano Hiroyuki",128,1B,85,2026-08-08,04:14,32,"anime, soundtrack","Pop, Classical, Easy Listening","甲鉄城のカバネリ COMPLETE SOUNDTRACK",2019-04-24,34,1,0,45,0,10,-5,B,4,2wkgrN0lGkkK2cAwCusOg8,"Aniplex Inc.",JPE301600267,no
758,"icon","Sawano Hiroyuki",172,11A,73,2026-08-08,04:25,24,"anime, soundtrack","Pop, Classical, Easy Listening","甲鉄城のカバネリ COMPLETE SOUNDTRACK",2019-04-24,48,3,0,35,0,0,-6,F#/G♭ minor,4,3xm6FW48QEKYhZiZYBPrhR,"Aniplex Inc.",JPE301600278,no
759,"KABANERI-SEAGATE二","Sawano Hiroyuki",134,7A,44,2026-08-08,07:21,16,"anime, soundtrack","Pop, Classical, Easy Listening","甲鉄城のカバネリ COMPLETE SOUNDTRACK",2019-04-24,31,2,86,4,0,10,-13,D minor,4,4TwBQXydEdWHByAmRv8k0P,"Aniplex Inc.",JPE301900376,no
760,"88城","Sawano Hiroyuki",140,10B,81,2026-08-08,04:35,12,"anime, soundtrack","Pop, Classical, Easy Listening","甲鉄城のカバネリ COMPLETE SOUNDTRACK",2019-04-24,26,0,89,25,0,10,-9,D,4,5SGHfsi4Z4zVzn0X5YyJQT,"Aniplex Inc.",JPE301600269,no
761,"KGK","Sawano Hiroyuki",142,10B,38,2026-08-08,05:23,11,"anime, soundtrack","Pop, Classical, Easy Listening","甲鉄城のカバネリ COMPLETE SOUNDTRACK",2019-04-24,27,7,93,17,0,10,-12,D,4,1Wpj0fRYEzCfsX5QasuWEH,"Aniplex Inc.",JPE301600265,no
762,"克JOU気MACHINE甲","Sawano Hiroyuki",109,3B,77,2026-08-08,06:57,10,"anime, soundtrack","Pop, Classical, Easy Listening","甲鉄城のカバネリ COMPLETE SOUNDTRACK",2019-04-24,28,2,85,19,0,0,-9,C♯/D♭,4,0GobBEgwi1Izup3fUqzluq,"Aniplex Inc.",JPE301600274,no
763,"KABANERIOFTHEIRONFORTRESS","Sawano Hiroyuki",88,6A,57,2026-08-08,05:18,27,"anime, soundtrack","Pop, Classical, Easy Listening","甲鉄城のカバネリ COMPLETE SOUNDTRACK",2019-04-24,29,3,61,19,0,0,-9,G minor,4,2Etqh7RCZAxd7mmgx9jZ14,"Aniplex Inc.",JPE301600263,no
764,"Warcry<MODv>","Sawano Hiroyuki",123,3B,96,2026-08-08,04:02,19,"anime, soundtrack","Pop, Classical, Easy Listening","甲鉄城のカバネリ COMPLETE SOUNDTRACK",2019-04-24,63,2,0,70,0,20,-5,C♯/D♭,4,0K8KmYBuq0TSVYV7GTiGTk,"Aniplex Inc.",JPE301600435,no
765,"Grenzlinie<MODv>","Sawano Hiroyuki",134,11A,43,2026-08-08,04:44,19,"anime, soundtrack","Pop, Classical, Easy Listening","甲鉄城のカバネリ COMPLETE SOUNDTRACK",2019-04-24,29,22,0,21,0,0,-7,F#/G♭ minor,4,3TPT9YzqG9Dz2UD8Wt7Bcq,"Aniplex Inc.",JPE301600437,no
766,"araganeekiNo@8女","Sawano Hiroyuki",128,6A,18,2026-08-08,04:38,9,"anime, soundtrack","Pop, Classical, Easy Listening","甲鉄城のカバネリ COMPLETE SOUNDTRACK",2019-04-24,55,83,94,4,0,30,-19,G minor,4,3jChdX5YMVirPlwiLRwdAs,"Aniplex Inc.",JPE301600273,no
767,"KK1PfVer","Sawano Hiroyuki",69,6A,8,2026-08-08,03:16,16,"anime, soundtrack","Pop, Classical, Easy Listening","甲鉄城のカバネリ COMPLETE SOUNDTRACK",2019-04-24,48,99,92,12,0,10,-20,G minor,4,3chgZjxHggI6ESROW6kiIA,"Aniplex Inc.",JPE301600438,no
768,"KK2-5","Sawano Hiroyuki",134,11A,35,2026-08-08,02:11,12,"anime, soundtrack","Pop, Classical, Easy Listening","甲鉄城のカバネリ COMPLETE SOUNDTRACK",2019-04-24,71,2,17,34,0,20,-15,F#/G♭ minor,4,1cXu5JDG8gD7L6PTaIBZwY,"Aniplex Inc.",JPE301600440,no
769,"Next of Kin(Instrumental)","Sawano Hiroyuki",96,8B,89,2026-08-08,03:28,7,"anime, soundtrack","Pop, Classical, Easy Listening","甲鉄城のカバネリ COMPLETE SOUNDTRACK",2019-04-24,56,0,93,28,0,0,-8,C,4,2kQ0angLaU6btAfjjwG4ll,"Aniplex Inc.",JPE301600448,no
770,"icon(Instrumental)","Sawano Hiroyuki",172,11A,76,2026-08-08,04:23,9,"anime, soundtrack","Pop, Classical, Easy Listening","甲鉄城のカバネリ COMPLETE SOUNDTRACK",2019-04-24,38,0,91,15,0,0,-10,F#/G♭ minor,4,4SgpTe0ri1r2T4MyqSUwYb,"Aniplex Inc.",JPE301600449,no
771,"ninelie(Lv)(Instrumental)","Sawano Hiroyuki",172,11A,81,2026-08-08,04:23,10,"anime, soundtrack","Pop, Classical, Easy Listening","甲鉄城のカバネリ COMPLETE SOUNDTRACK",2019-04-24,39,0,72,15,0,10,-9,F#/G♭ minor,4,05hxtFqOhr6JLiePIPUe3C,"Aniplex Inc.",JPE301900378,no
772,"Next of Kin<MODv>(Instrumental)","Sawano Hiroyuki",96,8B,74,2026-08-08,03:26,5,"anime, soundtrack","Pop, Classical, Easy Listening","甲鉄城のカバネリ COMPLETE SOUNDTRACK",2019-04-24,60,2,86,87,0,10,-7,C,4,1R2VbJh8ggkrBVDauYgg6n,"Aniplex Inc.",JPE301600451,no
773,"Heim","NICO Touches the Walls",103,11B,11,2026-08-08,01:36,10,"anime, j-rock, j-pop","Pop, Rock","HUMANIA",2011-12-07,68,92,0,32,0,10,-14,A,3,22MqR7mFS80BOU1zap3i9j,"Sony Music Labels Inc.",JPKS01102781,no
774,"衝突","NICO Touches the Walls",164,8A,91,2026-08-08,04:07,22,"anime, j-rock, j-pop","Pop, Rock","HUMANIA",2011-12-07,41,0,0,40,10,30,-3,A minor,4,7DjLGcEJlLs8irAXVBBrqY,"Sony Music Labels Inc.",JPKS01102782,no
775,"バイシクル","NICO Touches the Walls",165,10B,91,2026-08-08,04:40,30,"anime, j-rock, j-pop","Pop, Rock","HUMANIA",2011-12-07,33,0,0,52,0,30,-3,D,4,0fXn7pFNqL4LsndUxznfBk,"Sony Music Labels Inc.",JPKS01102721,no
776,"恋をしよう","NICO Touches the Walls",94,11A,73,2026-08-08,05:22,24,"anime, j-rock, j-pop","Pop, Rock","HUMANIA",2011-12-07,35,1,0,51,0,30,-5,F#/G♭ minor,4,4xVpm5g2MlKZ8CElESYVeR,"Sony Music Labels Inc.",JPKS01102785,no
777,"Endless roll","NICO Touches the Walls",132,12A,76,2026-08-08,05:01,15,"anime, j-rock, j-pop","Pop, Rock","HUMANIA",2011-12-07,43,0,0,34,0,10,-5,C♯/D♭ minor,4,1QtTVjFijtou9n4kmGDZib,"Sony Music Labels Inc.",JPKS01102786,no
778,"Lemon Tree","Post Malone",116,10A,58,2026-08-08,04:03,49,"dfw rap, melodic rap, pop, rap","Hip Hop, Pop","Twelve Carat Toothache (Deluxe)",2022-06-07,61,8,0,18,0,40,-7,B minor,4,3nCvNB04BBiBbK77KKYFCB,"Mercury Records/Republic Records",USUM72208021,yes
779,"I Cannot Be (A Sadder Song) (with Gunna)","Post Malone, Gunna",80,3B,67,2026-08-08,02:49,48,"dfw rap, melodic rap, pop, rap","Hip Hop, Pop","Twelve Carat Toothache (Deluxe)",2022-06-07,52,7,0,65,10,40,-6,C♯/D♭,4,2uoUmwEy9kSi1gp285zdsS,"Mercury Records/Republic Records",USUM72208024,yes
780,"Insane","Post Malone",83,3A,67,2026-08-08,02:49,54,"dfw rap, melodic rap, pop, rap","Hip Hop, Pop","Twelve Carat Toothache (Deluxe)",2022-06-07,65,6,0,37,0,10,-7,A#/B♭ minor,4,6zc1W5CuZER3AbTvRCfLoa,"Mercury Records/Republic Records",USUM72208025,yes
781,"Wasting Angels (with The Kid LAROI)","Post Malone, The Kid LAROI",85,11B,43,2026-08-08,04:03,47,"dfw rap, melodic rap, pop, rap, australian hip hop","Hip Hop, Pop","Twelve Carat Toothache (Deluxe)",2022-06-07,58,80,0,37,0,0,-8,A,4,2mecYcpCQOoFtkRbtDiGg0,"Mercury Records/Republic Records",USUM72208027,no
782,"When I’m Alone","Post Malone",140,3A,66,2026-08-08,03:15,47,"dfw rap, melodic rap, pop, rap","Hip Hop, Pop","Twelve Carat Toothache (Deluxe)",2022-06-07,49,3,0,11,0,10,-6,A#/B♭ minor,4,2eQQ8JdEJkb9tRXCnMd1QO,"Mercury Records/Republic Records",USUM72208029,no
783,"New Recording 12, Jan 3, 2020","Post Malone",106,11B,16,2026-08-08,01:32,39,"dfw rap, melodic rap, pop, rap","Hip Hop, Pop","Twelve Carat Toothache (Deluxe)",2022-06-07,48,93,0,21,0,10,-15,A,3,3KZxVGMNNzlEdZ2sGcqWze,"Mercury Records/Republic Records",USUM72208031,no
784,"Stop Standing There","Avril Lavigne",142,8B,89,2026-08-08,03:27,45,"canadian pop, candy pop, dance pop, pop","Pop, Electronic","Goodbye Lullaby (Expanded Edition)",2011-03-08,64,0,0,91,0,0,-5,C,4,1M1TBaVUDY7fgR9T7qq8rT,"Epic",USRC11100012,no
785,"Everybody Hurts","Avril Lavigne",102,6B,75,2026-08-08,03:41,53,"canadian pop, candy pop, dance pop, pop","Pop, Electronic","Goodbye Lullaby (Expanded Edition)",2011-03-08,45,1,0,36,0,10,-4,A#/B♭,4,57gIhFXdJ5M9JuNDcbpcEk,"Epic",USRC11100014,no
786,"4 Real","Avril Lavigne",78,8B,84,2026-08-08,03:28,45,"canadian pop, candy pop, dance pop, pop","Pop, Electronic","Goodbye Lullaby (Expanded Edition)",2011-03-08,52,0,0,28,0,10,-6,C,4,2HUBtrX9MicIMxhzrSRlHA,"Epic",USRC11100016,no
787,"Wish You Were Here - Acoustic Version","Avril Lavigne",166,12B,55,2026-08-08,03:45,46,"canadian pop, candy pop, dance pop, pop","Pop, Electronic","Goodbye Lullaby (Expanded Edition)",2011-03-08,41,71,0,28,0,0,-5,E,4,4rmfjaAl0kWsyznoJU2ws3,"Epic",USRC11100027,yes
788,"Silver Bells","Doris Day",106,7B,4,2026-08-08,02:42,6,"adult standards, big band","Easy Listening, Jazz","Personal Christmas Collection",1994-08-23,55,94,0,42,0,10,-17,F,3,7xQ7v9FbabyaQP3xXeRn5L,"Legacy/Columbia",USSM10018213,no
789,"Here Comes Santa Claus (Down Santa Claus Lane)","Doris Day",185,8B,26,2026-08-08,02:36,24,"adult standards, big band","Easy Listening, Jazz","Personal Christmas Collection",1994-08-23,65,60,0,87,0,0,-13,C,4,70OUj8g2IUjubbLcW1vynZ,"Legacy/Columbia",USSM10018214,no
790,"Ol' Saint Nicholas","Doris Day, John Rarig",164,4B,17,2026-08-08,02:20,14,"adult standards, big band","Easy Listening, Jazz","Personal Christmas Collection",1994-08-23,70,73,0,79,0,10,-14,G#/A♭,4,0sGjsf1DIgiGYOVG5KdKq6,"Legacy/Columbia",USSM10018215,no
791,"Be A Child At Christmas Time","Doris Day",101,9B,18,2026-08-08,02:15,4,"adult standards, big band","Easy Listening, Jazz","Personal Christmas Collection",1994-08-23,33,95,0,29,0,10,-15,G,4,6aKLM195qpc1RDNw57w73L,"Legacy/Columbia",USSM10018218,no
792,"Christmas Present","Doris Day",110,8B,13,2026-08-08,02:46,4,"adult standards, big band","Easy Listening, Jazz","Personal Christmas Collection",1994-08-23,26,96,0,10,0,10,-17,C,3,1xe23tnhDxk0tn1DZa6fPN,"Legacy/Columbia",USSM10018220,no
793,"Winter Wonderland","Doris Day",70,4A,14,2026-08-08,02:55,8,"adult standards, big band","Easy Listening, Jazz","Personal Christmas Collection",1994-08-23,38,98,1,8,0,10,-15,F minor,4,0tAwo50r1pUBe5zvDiUa5l,"Legacy/Columbia",USSM10018221,no
794,"Snowfall","Doris Day",80,3B,10,2026-08-08,03:20,5,"adult standards, big band","Easy Listening, Jazz","Personal Christmas Collection",1994-08-23,19,98,13,6,0,10,-21,C♯/D♭,4,1HX8c7aQOymHO3cpZTNGIW,"Legacy/Columbia",USSM10018222,no
795,"thunderBOLTfantasy","Sawano Hiroyuki",146,5A,84,2026-08-08,05:35,32,"anime, soundtrack","Pop, Classical, Easy Listening","Thunderbolt Fantasy 東離劍遊紀　オリジナルサウンドトラック",2016-08-24,25,2,29,32,0,10,-7,C minor,4,09WSdjh5Xa0rYZs3SIxh4P,"Aniplex Inc.",JPE301600616,no
796,"tanh1","Sawano Hiroyuki",148,11A,71,2026-08-08,04:05,18,"anime, soundtrack","Pop, Classical, Easy Listening","Thunderbolt Fantasy 東離劍遊紀　オリジナルサウンドトラック",2016-08-24,54,2,81,27,0,0,-10,F#/G♭ minor,4,48HDZxX3gw6PzxBVTNW6mC,"Aniplex Inc.",JPE301600618,no
797,"GKpeople","Sawano Hiroyuki",174,12B,85,2026-08-08,04:11,12,"anime, soundtrack","Pop, Classical, Easy Listening","Thunderbolt Fantasy 東離劍遊紀　オリジナルサウンドトラック",2016-08-24,25,0,91,39,0,0,-8,E,4,0pFL6ZOvldP2Yi2b9UALkF,"Aniplex Inc.",JPE301600622,no
798,"○bolt-arr1","Sawano Hiroyuki",77,4B,56,2026-08-08,04:07,8,"anime, soundtrack","Pop, Classical, Easy Listening","Thunderbolt Fantasy 東離劍遊紀　オリジナルサウンドトラック",2016-08-24,31,42,93,26,0,10,-11,G#/A♭,4,0FvL4zLDphXNSqe5Z1AUEr,"Aniplex Inc.",JPE301600623,no
799,"kill don’t 生kill-FUe","Sawano Hiroyuki",163,10B,3,2026-08-08,01:03,4,"anime, soundtrack","Pop, Classical, Easy Listening","Thunderbolt Fantasy 東離劍遊紀　オリジナルサウンドトラック",2016-08-24,36,99,95,19,0,10,-23,D,3,671j39Rkjnppd0PRbkr4Uv,"Aniplex Inc.",JPE301600625,no
800,"蔑、guy","Sawano Hiroyuki",100,9A,54,2026-08-08,04:36,12,"anime, soundtrack","Pop, Classical, Easy Listening","Thunderbolt Fantasy 東離劍遊紀　オリジナルサウンドトラック",2016-08-24,31,4,91,36,0,10,-11,E minor,4,4M2qqoGpUipLqDf9Y5wtny,"Aniplex Inc.",JPE301600628,no
1,"devigod","Sawano Hiroyuki",105,7B,68,2026-08-08,05:28,10,"anime, soundtrack","Pop, Classical, Easy Listening","Thunderbolt Fantasy 東離劍遊紀　オリジナルサウンドトラック",2016-08-24,28,1,53,25,0,10,-9,F,4,0UdlbfBGtlGc24DOkDAeId,"Aniplex Inc.",JPE301600631,no
2,"鼓動","NICO Touches the Walls",114,8B,82,2026-08-08,04:21,10,"anime, j-rock, j-pop","Pop, Rock","Shout to the Walls!",2013-04-24,55,0,0,31,0,10,-5,C,4,2SwgZdOVDvTnUrOfUflUsX,"Sony Music Labels Inc.",JPKS01300681,no
3,"夢1号","NICO Touches the Walls",127,10A,83,2026-08-08,04:44,14,"anime, j-rock, j-pop","Pop, Rock","Shout to the Walls!",2013-04-24,63,0,0,68,0,20,-5,B minor,4,4QepSFlywYb2lpw0ht5q29,"Sony Music Labels Inc.",JPKS01300682,no
4,"アビダルマ","NICO Touches the Walls",146,9B,98,2026-08-08,04:36,13,"anime, j-rock, j-pop","Pop, Rock","Shout to the Walls!",2013-04-24,46,0,0,43,10,10,-3,G,4,2jnUIaqCTTTI7br0NtEr6Y,"Sony Music Labels Inc.",JPKS01300684,no
5,"ストロベリーガール","NICO Touches the Walls",127,11A,94,2026-08-08,04:04,13,"anime, j-rock, j-pop","Pop, Rock","Shout to the Walls!",2013-04-24,59,0,0,78,0,0,-3,F#/G♭ minor,4,7H0HbArMWDnA2dfpKLt9sY,"Sony Music Labels Inc.",JPKS01300685,no
6,"チェインリアクション","NICO Touches the Walls",170,11A,89,2026-08-08,03:57,13,"anime, j-rock, j-pop","Pop, Rock","Shout to the Walls!",2013-04-24,57,0,0,66,0,0,-5,F#/G♭ minor,4,3DkzAUZIpKs660wnCxPnQD,"Sony Music Labels Inc.",JPKS01300687,no
7,"アルペジオ","NICO Touches the Walls",136,9A,68,2026-08-08,04:33,10,"anime, j-rock, j-pop","Pop, Rock","Shout to the Walls!",2013-04-24,51,1,0,50,0,20,-5,E minor,4,07U93LnaRP7evn0Vyo2y5F,"Sony Music Labels Inc.",JPKS01300688,no
8,"damaged goods〜紫煙鎮魂歌〜","NICO Touches the Walls",180,12B,95,2026-08-08,04:33,9,"anime, j-rock, j-pop","Pop, Rock","Shout to the Walls!",2013-04-24,42,1,0,58,10,0,-3,E,4,6XhjukNYz6oU65nMWN1jRn,"Sony Music Labels Inc.",JPKS01300691,no
9,"Congratulations - Remix","Post Malone, Quavo, Future",123,3A,73,2026-08-08,04:44,48,"dfw rap, melodic rap, pop, rap, atl hip hop, trap","Hip Hop, Pop","Congratulations (Remix)",2017-06-16,72,20,0,51,0,40,-4,A#/B♭ minor,4,2YK01AIIWuywG24gsbuizE,"Mercury Records/Republic Owned",USUM71705918,yes
10,"Wow. - Instrumental","Post Malone",100,3B,31,2026-08-08,02:29,35,"dfw rap, melodic rap, pop, rap","Hip Hop, Pop","Wow. (Instrumental)",2019-03-14,85,4,90,49,0,10,-11,C♯/D♭,4,1reWqUNMwp5ciYLIufmWLI,"Republic Records",USUM71904524,no
11,"Tommy Lee (feat. Post Malone) - Tommy Lee Remix","Tyla Yaweh, Tommy Lee, Post Malone",119,6B,84,2026-08-08,03:51,43,"melodic rap, rock drums, dfw rap, pop, rap","Hip Hop, Pop","Tommy Lee (feat. Post Malone) [Tommy Lee Remix]",2020-07-10,59,0,0,49,0,30,-6,A#/B♭,4,4wDGADdtM4Y9BYl8THgaFr,"Epic/London Ent./Better Noise Music",USSM12004294,yes
12,"Life's A Mess II (with Clever & Post Malone)","Juice WRLD, Clever, Post Malone",140,2B,37,2026-08-08,03:26,46,"melodic rap, emo rap, alabama rap, dfw rap, pop, rap","Hip Hop, Pop","Life’s A Mess II (with Clever & Post Malone)",2021-03-05,53,83,0,74,0,10,-10,F#/G♭,4,1OY8QeQGKJLfEYtl6zfWZT,"Grade A/Posty/Interscope/Republic",USUG12100793,no
13,"Motley Crew","Post Malone",130,2A,63,2026-08-08,03:04,70,"dfw rap, melodic rap, pop, rap","Hip Hop, Pop","Motley Crew",2021-07-09,80,9,0,29,0,10,-4,D#/E♭ minor,4,40uMIn2zJLAQhNXghRjBed,"Republic Records",USUM72111566,yes
14,"梨の花","NICO Touches the Walls",78,10B,53,2026-08-08,05:19,18,"anime, j-rock, j-pop","Pop, Rock","ニコ タッチズ ザ ウォールズ ノ ベスト",2014-02-05,53,2,0,31,0,0,-6,D,4,7JDizKzWf0mN8rxTbE9a9D,"Sony Music Labels Inc.",JPKS00701384,no
15,"パンドーラ","NICO Touches the Walls",188,11A,96,2026-08-08,03:57,21,"anime, j-rock, j-pop","Pop, Rock","ニコ タッチズ ザ ウォールズ ノ ベスト",2014-02-05,38,4,0,61,0,70,-3,F#/G♭ minor,4,628Hc8tiY5Q6ut3IRiX4sj,"Sony Music Labels Inc.",JPKS01302041,no
16,"フィロローグ","NICO Touches the Walls",136,10B,85,2026-08-08,04:40,10,"anime, j-rock, j-pop","Pop, Rock","勇気も愛もないなんて",2016-03-16,56,44,0,63,0,10,-5,D,4,2Mz3bmZc69r6SeDKR900wH,"Sony Music Labels Inc.",JPU901600296,no
17,"ローハイド (Album Mix)","NICO Touches the Walls",91,11B,96,2026-08-08,04:46,10,"anime, j-rock, j-pop","Pop, Rock","勇気も愛もないなんて",2016-03-16,41,0,0,38,0,0,-3,A,4,1UkF3POnTomj6txl5InpG4,"Sony Music Labels Inc.",JPU901600301,no
18,"勇気も愛もないなんて","NICO Touches the Walls",120,3B,86,2026-08-08,04:56,15,"anime, j-rock, j-pop","Pop, Rock","勇気も愛もないなんて",2016-03-16,64,4,0,50,0,10,-4,C♯/D♭,4,31vmoMYbtaNCpUywnmblMj,"Sony Music Labels Inc.",JPU901600306,no
19,"KAIZOKU?","NICO Touches the Walls",122,12B,77,2026-08-08,04:50,11,"anime, j-rock, j-pop","Pop, Rock","QUIZMASTER",2019-06-05,57,13,0,59,0,10,-5,E,4,3QO9dwVRQD1PngCVpSHs21,"Sony Music Labels Inc.",JPU901901242,no
20,"サラダノンオイリーガール?","NICO Touches the Walls",145,10B,81,2026-08-08,03:57,19,"anime, j-rock, j-pop","Pop, Rock","QUIZMASTER",2019-06-05,63,1,0,86,0,10,-5,D,4,14Gf8NDyt4O2Dg8NssuTH4,"Sony Music Labels Inc.",JPU901901245,no
21,"MIDNIGHT BLACK HOLE？","NICO Touches the Walls",128,7B,60,2026-08-08,02:54,20,"anime, j-rock, j-pop","Pop, Rock","QUIZMASTER",2019-06-05,67,16,0,51,0,0,-6,F,4,0ahCS9k5Rws8kUyr6JEkjo,"Sony Music Labels Inc.",JPU901901246,no
22,"3分ルール?","NICO Touches the Walls",200,1B,61,2026-08-08,03:57,15,"anime, j-rock, j-pop","Pop, Rock","QUIZMASTER",2019-06-05,48,3,0,86,0,20,-6,B,4,0xMrSwLlZofbhcTzI5gLha,"Sony Music Labels Inc.",JPU901901247,no
23,"2nd SOUL?","NICO Touches the Walls",170,7B,60,2026-08-08,05:33,10,"anime, j-rock, j-pop","Pop, Rock","QUIZMASTER",2019-06-05,39,11,0,44,0,20,-6,F,4,6EdYE9aFEXy50gD9XKDpkg,"Sony Music Labels Inc.",JPU901901249,no
24,"bless you?","NICO Touches the Walls",108,4B,44,2026-08-08,05:01,11,"anime, j-rock, j-pop","Pop, Rock","QUIZMASTER",2019-06-05,67,15,5,40,0,0,-9,G#/A♭,4,4IQWxKCFzdpKSflbPv1Asz,"Sony Music Labels Inc.",JPU901901250,no
25,"Ginger lily (Acoustic ver.)","NICO Touches the Walls",136,5B,61,2026-08-08,04:52,8,"anime, j-rock, j-pop","Pop, Rock","Howdy!! We are ACO Touches the Walls 〜STAR SERIES〜",2019-06-12,66,24,0,30,0,20,-7,D#/E♭,4,4uNk8wOsSmUYTJFvCjzPdc,"Sony Music Labels Inc.",JPU901703537,no
26,"VIBRIO VULNIFICUS (Acoustic ver.）","NICO Touches the Walls",127,12A,90,2026-08-08,03:34,7,"anime, j-rock, j-pop","Pop, Rock","Howdy!! We are ACO Touches the Walls 〜STAR SERIES〜",2019-06-12,66,22,0,52,10,0,-4,C♯/D♭ minor,4,3FJcfd2VPtNNesL1qHerbt,"Sony Music Labels Inc.",JPU901801917,no
27,"KAIZOKU? (Acoustic ver.)","NICO Touches the Walls",103,9B,59,2026-08-08,03:37,5,"anime, j-rock, j-pop","Pop, Rock","Howdy!! We are ACO Touches the Walls 〜STAR SERIES〜",2019-06-12,68,7,0,65,0,90,-8,G,4,6SWaHuWIJ0Va0udA5sSYmf,"Sony Music Labels Inc.",JPU901901252,no
28,"ulala? (Acoustic ver.)","NICO Touches the Walls",126,11A,37,2026-08-08,03:11,6,"anime, j-rock, j-pop","Pop, Rock","Howdy!! We are ACO Touches the Walls 〜STAR SERIES〜",2019-06-12,95,58,0,67,10,0,-11,F#/G♭ minor,4,1NstbfY4Th1rlNS45ezIKR,"Sony Music Labels Inc.",JPU901901254,no
29,"別腹? (Acoustic ver.)","NICO Touches the Walls",90,8B,57,2026-08-08,03:33,6,"anime, j-rock, j-pop","Pop, Rock","Howdy!! We are ACO Touches the Walls 〜STAR SERIES〜",2019-06-12,72,50,0,68,0,10,-10,C,4,1tJWxIXNPg5OUSGryhirg5,"Sony Music Labels Inc.",JPU901901258,no
30,"武家諸法度","NICO Touches the Walls",163,5A,89,2026-08-08,04:08,10,"anime, j-rock, j-pop","Pop, Rock","How are you ?",2007-00-00,35,1,0,36,0,10,-4,C minor,4,5nmAtAsxwcjuSZ2ZKnHzVt,"Sony Music Labels Inc.",JPKS00701381,no
31,"GANIMATA GIRL","NICO Touches the Walls",93,12B,95,2026-08-08,03:28,11,"anime, j-rock, j-pop","Pop, Rock","How are you ?",2007-00-00,47,0,21,86,0,0,-4,E,4,0gtLigRmgU8suq7S0aXSIw,"Sony Music Labels Inc.",JPKS00701385,no
32,"夏の雪","NICO Touches the Walls",116,6B,61,2026-08-08,04:49,15,"anime, j-rock, j-pop","Pop, Rock","Broken Youth",2008-00-00,63,5,0,50,0,10,-6,A#/B♭,4,4d7dxOEL1r1WAthXbe2S1U,"Sony Music Labels Inc.",JPKS00801242,no
33,"GUERNICA","NICO Touches the Walls",160,9A,91,2026-08-08,09:46,9,"anime, j-rock, j-pop","Pop, Rock","Broken Youth",2008-00-00,28,0,0,45,0,20,-4,E minor,4,72uQC3qy5fIcTmInWxFZH8,"Sony Music Labels Inc.",JPKS00801243,no
34,"あいたいきもち","NICO Touches the Walls",109,9B,64,2026-08-08,04:22,6,"anime, j-rock, j-pop","Pop, Rock","ホログラム",2009-00-00,55,4,0,37,0,10,-7,G,4,5uLVBxKhUrl56RzU1uifje,"Sony Music Labels Inc.",JPKS00901381,no
35,"夏の大三角形instrumental","NICO Touches the Walls",143,1B,70,2026-08-08,04:53,2,"anime, j-rock, j-pop","Pop, Rock","夏の大三角形",2012-11-07,52,0,79,25,0,10,-8,B,4,4fZvcF93QtQf7xRAwpEi6V,"Sony Music Labels Inc.",JPKS01200583,no
36,"速度","NICO Touches the Walls",72,10B,89,2026-08-08,04:29,7,"anime, j-rock, j-pop","Pop, Rock","手をたたけ",2012-11-07,45,0,0,58,0,10,-4,D,4,5jfeaQlGPr8a7WnoH35qjX,"Sony Music Labels Inc.",JPKS01101805,no
37,"手をたたけ　instrumental","NICO Touches the Walls",154,11B,87,2026-08-08,04:15,1,"anime, j-rock, j-pop","Pop, Rock","手をたたけ",2012-11-07,42,0,80,62,0,30,-5,A,4,1qMgDtKjMRp1uvaCU8Pmdl,"Sony Music Labels Inc.",JPKS01101806,no
38,"陽のあたる場所","NICO Touches the Walls",116,9B,88,2026-08-08,04:16,11,"anime, j-rock, j-pop","Pop, Rock","ニワカ雨ニモ負ケズ",2013-07-10,65,1,0,92,0,0,-4,G,4,7jJzFigZHgBA5WhBqJFx6g,"Sony Music Labels Inc.",JPKS01301281,no
39,"太陽が笑ってら","NICO Touches the Walls",163,8B,93,2026-08-08,04:33,6,"anime, j-rock, j-pop","Pop, Rock","ローハイド",2014-03-05,44,0,0,79,0,20,-3,C,4,7trcXE8oIuDit93ZI7swsK,"Sony Music Labels Inc.",JPKS01400091,no
40,"ハナノユメ","NICO Touches the Walls",166,4B,97,2026-08-08,03:37,21,"anime, j-rock, j-pop","Pop, Rock","天地ガエシ",2014-06-11,41,0,0,71,10,30,-3,G#/A♭,4,6uhgEVs6gIAJMD8skXKBCf,"Sony Music Labels Inc.",JPU901400244,no
41,"TOKYO Dreamer","NICO Touches the Walls",138,1B,80,2026-08-08,04:52,15,"anime, j-rock, j-pop","Pop, Rock","TOKYO Dreamer",2014-08-20,70,2,0,73,0,10,-5,B,4,6tTcF0XrrBu1TY1KkymsG8,"Sony Music Labels Inc.",JPU901400756,no
42,"まっすぐなうた","NICO Touches the Walls",130,9B,97,2026-08-08,03:23,7,"anime, j-rock, j-pop","Pop, Rock","まっすぐなうた",2015-06-24,48,1,0,51,10,10,-3,G,4,4g6cwDou0ts0gK0z94szHc,"Sony Music Labels Inc.",JPU901501412,no
43,"ラーメンたべたい","NICO Touches the Walls",158,3A,93,2026-08-08,03:45,7,"anime, j-rock, j-pop","Pop, Rock","渦と渦",2015-09-02,56,0,0,82,0,10,-4,A#/B♭ minor,4,3P86gC5sVjZBU3gGvo2qxd,"Sony Music Labels Inc.",JPU901502272,no
44,"歩き出せ、クローバー","NICO Touches the Walls",122,10B,92,2026-08-08,04:07,15,"anime, j-rock, j-pop","Pop, Rock","歩き出せ、クローバー",2015-12-09,53,4,0,54,0,20,-2,D,4,5MWvobzycP2cFlAoiUVQnk,"Sony Music Labels Inc.",JPU901503320,no
45,"ストラト","NICO Touches the Walls",77,12B,95,2026-08-08,04:32,21,"anime, j-rock, j-pop","Pop, Rock","ストラト",2016-05-03,55,49,0,54,0,10,-3,E,4,7yA7J7KwEZkNugBGZ0OJQI,"Sony Music Labels Inc.",JPU901600951,no
46,"太陽手に月は心の両手に","NICO Touches the Walls",126,12A,93,2026-08-08,04:43,8,"anime, j-rock, j-pop","Pop, Rock","マシ・マシ",2016-11-30,50,1,0,44,10,10,-3,C♯/D♭ minor,4,2CZ4343NQl7BLAkDu0ZiPy,"Sony Music Labels Inc.",JPU901602983,no
47,"mujina","NICO Touches the Walls",90,9A,98,2026-08-08,04:03,9,"anime, j-rock, j-pop","Pop, Rock","OYSTER -EP-",2017-12-06,51,1,0,30,10,30,-4,E minor,4,0uIVwWUEf9Lj0qvztbwgZt,"Sony Music Labels Inc.",JPU901703529,no
48,"Funny Side Up!","NICO Touches the Walls",140,6B,94,2026-08-08,04:10,5,"anime, j-rock, j-pop","Pop, Rock","OYSTER -EP-",2017-12-06,58,0,0,70,10,0,-4,A#/B♭,4,03OzQohgtqO3TYlcYduyVg,"Sony Music Labels Inc.",JPU901703374,no
49,"bud end","NICO Touches the Walls",95,12A,51,2026-08-08,05:12,16,"anime, j-rock, j-pop","Pop, Rock","OYSTER -EP-",2017-12-06,66,19,0,47,0,10,-7,C♯/D♭ minor,4,5bxAHcobcXc1wuldhVb4JN,"Sony Music Labels Inc.",JPU901703531,no
50,"Ginger lily","NICO Touches the Walls",158,5B,90,2026-08-08,04:57,19,"anime, j-rock, j-pop","Pop, Rock","OYSTER -EP-",2017-12-06,37,0,1,11,0,10,-3,D#/E♭,4,2XJjspMQluwLDsLNqdcBbR,"Sony Music Labels Inc.",JPU901703532,no
51,"来世で逢いましょう","NICO Touches the Walls",89,8A,97,2026-08-08,03:47,10,"anime, j-rock, j-pop","Pop, Rock","TWISTER -EP-",2018-07-25,32,0,0,44,0,40,-1,A minor,4,5JVlZ55Iu3Ad2paroECUap,"Sony Music Labels Inc.",JPU901801915,no
52,"Kareki is burning!","NICO Touches the Walls",122,10A,79,2026-08-08,02:38,4,"anime, j-rock, j-pop","Pop, Rock","TWISTER -EP-",2018-07-25,64,59,0,79,0,10,-6,B minor,4,3Qvul5kSelbsNhgpKOlMJe,"Sony Music Labels Inc.",JPU901801916,no
53,"17","Avril Lavigne",140,4B,90,2026-08-08,03:24,45,"canadian pop, candy pop, dance pop, pop","Pop, Electronic","Avril Lavigne (Expanded Edition)",2013-11-01,68,1,0,94,0,0,-4,G#/A♭,4,1yUXbgFPwjU4etmzkesNQz,"Epic",USSM11304490,no
54,"Bitchin' Summer","Avril Lavigne",174,3B,67,2026-08-08,03:30,42,"canadian pop, candy pop, dance pop, pop","Pop, Electronic","Avril Lavigne (Expanded Edition)",2013-11-01,56,2,0,46,0,0,-5,C♯/D♭,4,4N2RGPjya8OIyMYz3t5LuY,"Epic",USSM11304495,yes
55,"Give You What You Like","Avril Lavigne",79,4A,53,2026-08-08,03:45,54,"canadian pop, candy pop, dance pop, pop","Pop, Electronic","Avril Lavigne (Expanded Edition)",2013-11-01,62,44,0,39,0,10,-7,F minor,4,3lRSfCNYx9XvJdCL2JcdVa,"Epic",USSM11304488,no
56,"Sippin' On Sunshine","Avril Lavigne",176,9B,73,2026-08-08,03:29,40,"canadian pop, candy pop, dance pop, pop","Pop, Electronic","Avril Lavigne (Expanded Edition)",2013-11-01,55,0,0,56,10,30,-7,G,4,2Dpnu8J7Tq3P03YFj5HNgH,"Epic",USSM11304492,no
57,"Hello Heartache","Avril Lavigne",174,4B,76,2026-08-08,03:49,42,"canadian pop, candy pop, dance pop, pop","Pop, Electronic","Avril Lavigne (Expanded Edition)",2013-11-01,51,9,0,59,0,30,-4,G#/A♭,4,6jap7KURE59Dsoi5D0JUDX,"Epic",USSM11304494,no
58,"Hush Hush","Avril Lavigne",148,12B,79,2026-08-08,03:59,44,"canadian pop, candy pop, dance pop, pop","Pop, Electronic","Avril Lavigne (Expanded Edition)",2013-11-01,49,17,0,19,0,10,-7,E,4,5YNr904f4phrJ2upnuDlQk,"Epic",USSM11304497,no
59,"How You Remind Me","Avril Lavigne",136,8B,70,2026-08-08,04:05,49,"canadian pop, candy pop, dance pop, pop","Pop, Electronic","Avril Lavigne (Expanded Edition)",2013-11-01,58,24,0,25,0,10,-7,C,4,4H560RqZEEhrgOquGqTCvs,"Epic",USSM11205498,no
60,"I Fell In Love With The Devil","Avril Lavigne",136,11B,68,2026-08-08,04:15,52,"canadian pop, candy pop, dance pop, pop","Pop, Electronic","Head Above Water",2019-02-15,52,2,0,22,0,20,-7,A,4,6HHtTXPyBTJsLQT0y3afnm,"BMG Rights Management (US) LLC",QMRSZ1801851,no
61,"It Was In Me","Avril Lavigne",146,4B,64,2026-08-08,03:43,44,"canadian pop, candy pop, dance pop, pop","Pop, Electronic","Head Above Water",2019-02-15,46,1,0,22,0,10,-6,G#/A♭,3,2HmjAaMyTtHyDj8QLvqliK,"BMG Rights Management (US) LLC",QMRSZ1801854,no
62,"Souvenir","Avril Lavigne",180,6B,74,2026-08-08,02:57,40,"canadian pop, candy pop, dance pop, pop","Pop, Electronic","Head Above Water",2019-02-15,49,41,0,42,0,0,-4,A#/B♭,4,28H24GURvUF2PQ6275xudN,"BMG Rights Management (US) LLC",QMRSZ1801855,no
63,"Goddess","Avril Lavigne",74,9B,51,2026-08-08,03:41,40,"canadian pop, candy pop, dance pop, pop","Pop, Electronic","Head Above Water",2019-02-15,47,31,0,50,0,0,-7,G,4,327yEsAAkTprbMY5k9dg2t,"BMG Rights Management (US) LLC",QMRSZ1801857,no
64,"Love Me Insane","Avril Lavigne",154,10B,53,2026-08-08,03:00,39,"canadian pop, candy pop, dance pop, pop","Pop, Electronic","Head Above Water",2019-02-15,68,7,0,56,0,30,-6,D,4,5BCwU5Bdcr3g0GqrqJ3FWg,"BMG Rights Management (US) LLC",QMRSZ1801859,no
65,"Cannonball","Avril Lavigne",185,3B,92,2026-08-08,02:18,42,"canadian pop, candy pop, dance pop, pop","Pop, Electronic","Love Sux",2022-02-25,41,0,0,43,10,30,-5,C♯/D♭,4,6xXzhKhNNmBJ4q0Qzw485o,"DTA Records",USAT22108153,yes
66,"Bois Lie (feat. Machine Gun Kelly)","Avril Lavigne, mgk",144,2B,86,2026-08-08,02:43,47,"canadian pop, candy pop, dance pop, pop, ohio hip hop, pop rap","Pop, Electronic, Hip Hop","Love Sux",2022-02-25,54,0,0,74,0,10,-5,F#/G♭,4,3heq3nQ3JMqOFXBwuuLyFb,"DTA Records",USAT22108154,yes
67,"Love It When You Hate Me (feat. blackbear)","Avril Lavigne, blackbear",92,7B,80,2026-08-08,02:25,55,"canadian pop, candy pop, dance pop, pop, alt z","Pop, Electronic","Love Sux",2022-02-25,61,0,0,62,0,60,-4,F,4,6m0Dk7Cm7rWQLzCjeYIiIt,"DTA Records",USAT22108155,yes
68,"Dare To Love Me","Avril Lavigne",150,5A,54,2026-08-08,03:34,41,"canadian pop, candy pop, dance pop, pop","Pop, Electronic","Love Sux",2022-02-25,53,5,0,19,0,10,-5,C minor,4,4QZPd36LHTegaGoloCyelS,"DTA Records",USAT22108162,yes
69,"Why","Avril Lavigne",106,12B,85,2026-08-08,03:54,53,"canadian pop, candy pop, dance pop, pop","Pop, Electronic","Let Go (20th Anniversary Edition)",2022-06-03,60,4,0,33,0,10,-5,E,4,4SP8uUWJf9XFNAYyheD2gd,"Arista/Legacy",USAR10200635,no
70,"Get Over It","Avril Lavigne",129,10A,54,2026-08-08,03:29,42,"canadian pop, candy pop, dance pop, pop","Pop, Electronic","Let Go (20th Anniversary Edition)",2022-06-03,47,31,0,15,0,10,-6,B minor,4,4ujao7dliEIKglsHRQ1MJD,"Arista/Legacy",USAR10201349,no
71,"Make Up","Avril Lavigne",91,1A,83,2026-08-08,03:14,36,"canadian pop, candy pop, dance pop, pop","Pop, Electronic","Let Go (20th Anniversary Edition)",2022-06-03,48,0,0,32,0,10,-6,G#/A♭ minor,4,6S08tkZW3wh8cYqGFTJRXa,"Arista/Legacy",USAR12200208,no
72,"I’m a Mess (with YUNGBLUD)","Avril Lavigne, YUNGBLUD",91,3B,67,2026-08-08,03:07,52,"canadian pop, candy pop, dance pop, pop, british indie rock, modern rock, pov: indie, rock","Pop, Electronic, Rock","Love Sux (Deluxe)",2022-11-25,47,1,0,40,0,10,-4,C♯/D♭,4,77zu6q8jHBRPJSJRu6rsTf,"DTA Records",USAT22219213,no
73,"Love It When You Hate Me (feat. blackbear) - Acoustic","Avril Lavigne, blackbear",175,7B,73,2026-08-08,02:33,34,"canadian pop, candy pop, dance pop, pop, alt z","Pop, Electronic","Love Sux (Deluxe)",2022-11-25,58,13,0,63,0,30,-5,F,4,5HvQohN11bfx5o8u1kB9gl,"DTA Records",USAT22221157,yes
74,"Bois Lie (feat. Machine Gun Kelly) - Acoustic","Avril Lavigne, mgk",142,2B,68,2026-08-08,02:50,41,"canadian pop, candy pop, dance pop, pop, ohio hip hop, pop rap","Pop, Electronic, Hip Hop","Love Sux (Deluxe)",2022-11-25,53,57,0,67,0,10,-4,F#/G♭,4,7qIA2gNgzTuma0oglqXPVU,"DTA Records",USAT22211138,no
75,"Take It","Avril Lavigne",106,9B,95,2026-08-08,02:50,31,"canadian pop, candy pop, dance pop, pop","Pop, Electronic","My Happy Ending",2004-06-16,57,0,0,57,0,30,-2,G,4,6LGTpEZqe7JDUPEdlC7m74,"Arista",USAR10400699,yes
76,"Girlfriend - French Version - Clean","Avril Lavigne",164,9B,96,2026-08-08,03:38,23,"canadian pop, candy pop, dance pop, pop","Pop, Electronic","Girlfriend EP",2007-02-27,56,0,0,63,10,10,-2,G,4,2I9F4qW0glgbRme9Ug26mP,"Sony Music Entertainment",USRC10700143,no
77,"Girlfriend - Spanish Version - Clean","Avril Lavigne",164,9B,96,2026-08-08,03:36,14,"canadian pop, candy pop, dance pop, pop","Pop, Electronic","Girlfriend EP",2007-02-27,58,0,0,53,10,30,-2,G,4,3wgYPHB2CVfKajD352TRmk,"Sony Music Entertainment",USRC10700089,no
78,"Fly","Avril Lavigne",124,2B,58,2026-08-08,03:06,41,"canadian pop, candy pop, dance pop, pop","Pop, Electronic","Fly",2015-04-16,61,52,0,39,0,10,-6,F#/G♭,4,7H0FsG1nPZbPBZ2DLWZCSk,"SO III",USUG11500548,no
79,"Girlfriend - Portugese Version - Clean","Avril Lavigne",164,9B,97,2026-08-08,03:36,24,"canadian pop, candy pop, dance pop, pop","Pop, Electronic","Girlfriend EP",2007-02-27,55,0,1,60,0,20,-2,G,4,0fJdrJtiv38xSgHpPtl40l,"Sony Music Entertainment",USRC10700146,no
80,"Girlfriend - Japanese Version - Clean","Avril Lavigne",164,9B,96,2026-08-08,03:38,19,"canadian pop, candy pop, dance pop, pop","Pop, Electronic","Girlfriend EP",2007-02-27,59,0,0,63,10,10,-2,G,4,78bjt5cIFw3PO63TXxd9x5,"Sony Music Entertainment",USRC10700085,no
81,"Girlfriend - Mandarin Version - Clean","Avril Lavigne",164,9B,96,2026-08-08,03:38,18,"canadian pop, candy pop, dance pop, pop","Pop, Electronic","Girlfriend EP",2007-02-27,55,0,0,59,10,20,-2,G,4,3Sma6q1ny9T9Gb7pOKkTR8,"Sony Music Entertainment",USRC10700087,no
82,"Flames (feat. Avril Lavigne)","MOD SUN, Avril Lavigne",85,4B,63,2026-08-08,02:31,50,"pop punk, canadian pop, candy pop, dance pop, pop","Pop, Electronic","Flames (feat. Avril Lavigne)",2021-01-08,54,0,0,19,0,10,-5,G#/A♭,4,6z7mOTf4O20AApGsTNn7fC,"Big Noise Music Group",USA2P1951240,no
83,"Girlfriend - French Version - Explicit","Avril Lavigne",164,9B,96,2026-08-08,03:38,20,"canadian pop, candy pop, dance pop, pop","Pop, Electronic","Girlfriend EP",2007-02-27,56,0,0,63,0,10,-2,G,4,4nWgs76Kb80zp2ZQi92Kwj,"Sony Music Entertainment",USRC10700139,yes
84,"sisirc","Sawano Hiroyuki",85,9A,57,2026-08-08,07:46,20,"anime, soundtrack","Pop, Classical, Easy Listening","「CRISIS 公安機動捜査隊特捜班」ORIGINAL SOUNDTRACK/BONUS TRACK",2017-05-24,16,9,89,7,0,30,-12,E minor,3,1FOLNbrszQyacwP1Qfcl7N,"Sony Music Labels Inc.",JPP301700128,no
85,"10/9sawHALF","Sawano Hiroyuki",128,5A,53,2026-08-08,06:54,14,"anime, soundtrack","Pop, Classical, Easy Listening","「CRISIS 公安機動捜査隊特捜班」ORIGINAL SOUNDTRACK/BONUS TRACK",2017-05-24,45,12,93,9,0,10,-9,C minor,4,6mgmbJggUENlTftBszBBHT,"Sony Music Labels Inc.",JPP301700132,no
86,"pf-9a14s","Sawano Hiroyuki",82,4B,9,2026-08-08,04:52,6,"anime, soundtrack","Pop, Classical, Easy Listening","「CRISIS 公安機動捜査隊特捜班」ORIGINAL SOUNDTRACK/BONUS TRACK",2017-05-24,38,96,86,4,0,10,-19,G#/A♭,4,37rGJx4WEQ1ETyCDVKKtpq,"Sony Music Labels Inc.",JPP301700145,no
87,"Son 2 Sea Ver","Sawano Hiroyuki",93,9A,80,2026-08-08,05:21,41,"anime, soundtrack","Pop, Classical, Easy Listening","TV Anime  Attack on Titan Season 2  (Original Soundtrack)",2017-06-07,58,0,82,24,0,10,-8,E minor,4,6SiRHyoIMO9QfAsHcp11Nv,"PONY CANYON",JPPC01700990,no
88,"Yamanaiame","Sawano Hiroyuki",92,8B,85,2026-08-08,04:26,45,"anime, soundtrack","Pop, Classical, Easy Listening","TV Anime  Attack on Titan Season 2  (Original Soundtrack)",2017-06-07,60,0,0,45,0,10,-6,C,4,41XETJAuErZTQsUCwRckfF,"PONY CANYON",JPPC01402209,no
89,"Shingeki St - Hrn- Egt 20130629 Kyojin","Sawano Hiroyuki",151,9A,86,2026-08-08,05:01,47,"anime, soundtrack","Pop, Classical, Easy Listening","TV Anime  Attack on Titan Season 2  (Original Soundtrack)",2017-06-07,26,1,75,52,0,0,-9,E minor,4,7gXsY8ovxqeHelt1WwdUki,"PONY CANYON",JPPC01301490,no
90,"So Ist Es Immer","Sawano Hiroyuki",120,2B,26,2026-08-08,04:49,49,"anime, soundtrack","Pop, Classical, Easy Listening","TV Anime  Attack on Titan Season 2  (Original Soundtrack)",2017-06-07,67,70,0,22,0,10,-9,F#/G♭,3,7ANDXcz3rVfPjFcIZeVVbL,"PONY CANYON",JPPC01402210,no
91,"Shingeki St - Hrn - Gt - Pf 20130629 Kyojin","Sawano Hiroyuki",121,7B,86,2026-08-08,04:36,40,"anime, soundtrack","Pop, Classical, Easy Listening","TV Anime  Attack on Titan Season 2  (Original Soundtrack)",2017-06-07,56,1,86,28,0,10,-9,F,4,4iadH7sKfVT966Pki8w4dC,"PONY CANYON",JPPC01301493,no
92,"Shingeki St - Hrn - Gt 20130629 Kyojin","Sawano Hiroyuki",137,10B,62,2026-08-08,04:12,41,"anime, soundtrack","Pop, Classical, Easy Listening","TV Anime  Attack on Titan Season 2  (Original Soundtrack)",2017-06-07,27,10,88,15,0,10,-10,D,4,57z8nLE6nNrh9n7rpD9hHn,"PONY CANYON",JPPC01301499,no
93,"The Dogs","Sawano Hiroyuki",172,1A,89,2026-08-08,04:35,55,"anime, soundtrack","Pop, Classical, Easy Listening","TV Anime  Attack on Titan Season 2  (Original Soundtrack)",2017-06-07,51,1,0,74,0,10,-6,G#/A♭ minor,4,41FVSWUDLLOQok5DZLvKuy,"PONY CANYON",JPPC01501318,no
94,"Emaymniam","Sawano Hiroyuki",126,8A,82,2026-08-08,05:30,39,"anime, soundtrack","Pop, Classical, Easy Listening","TV Anime  Attack on Titan Season 2  (Original Soundtrack)",2017-06-07,37,1,87,11,0,20,-9,A minor,4,0SOULEAKa9vHThgWufQFwt,"PONY CANYON",JPPC01403086,no
95,"Ymniam - Mkorch","Sawano Hiroyuki",90,8B,78,2026-08-08,02:34,38,"anime, soundtrack","Pop, Classical, Easy Listening","TV Anime  Attack on Titan Season 2  (Original Soundtrack)",2017-06-07,49,1,0,38,0,10,-5,C,4,5OfUP11rGtbgzXuDNBBSSK,"PONY CANYON",JPPC01403084,no
96,"Aots2m #1","Sawano Hiroyuki",105,8A,75,2026-08-08,04:10,33,"anime, soundtrack","Pop, Classical, Easy Listening","TV Anime  Attack on Titan Season 2  (Original Soundtrack)",2017-06-07,30,23,70,22,0,10,-9,A minor,3,24qLXOw5kgSXGpJueJs9Lj,"PONY CANYON",JPPC01700993,no
97,"Aots2m #2","Sawano Hiroyuki",123,8A,29,2026-08-08,02:09,33,"anime, soundtrack","Pop, Classical, Easy Listening","TV Anime  Attack on Titan Season 2  (Original Soundtrack)",2017-06-07,25,6,82,3,0,10,-17,A minor,4,2EQmMdmtNB9iwtte0yheHL,"PONY CANYON",JPPC01700994,no
98,"God of ink","Sawano Hiroyuki",105,1B,93,2026-08-08,04:11,39,"anime, soundtrack","Pop, Classical, Easy Listening","Re:CREATORS Original Soundtrack",2017-06-14,64,3,0,67,0,30,-5,B,4,5s0LeGW1HW39G1ZqxonnFj,"Aniplex Inc.",JPE301700403,no
99,"HERE I AM","Sawano Hiroyuki",128,8B,97,2026-08-08,03:58,24,"anime, soundtrack","Pop, Classical, Easy Listening","Re:CREATORS Original Soundtrack",2017-06-14,66,1,0,35,0,30,-3,C,4,26j1Bi7nYW34RCvxI0vISD,"Aniplex Inc.",JPE301700409,no
100,"8sawOGRE6","Sawano Hiroyuki",150,11B,60,2026-08-08,04:26,11,"anime, soundtrack","Pop, Classical, Easy Listening","Re:CREATORS Original Soundtrack",2017-06-14,30,3,83,25,0,10,-10,A,4,1ksY3xvgKNoZhzVBKKq3U2,"Aniplex Inc.",JPE301700413,no
101,"∞GodMachine","Sawano Hiroyuki",92,9B,65,2026-08-08,04:18,10,"anime, soundtrack","Pop, Classical, Easy Listening","Re:CREATORS Original Soundtrack",2017-06-14,27,0,84,12,0,10,-9,G,4,5HJC6MWzqIartMTzZC5lyu,"Aniplex Inc.",JPE301700416,no
102,"E:verydaytor2","Sawano Hiroyuki",149,9B,58,2026-08-08,03:56,7,"anime, soundtrack","Pop, Classical, Easy Listening","Re:CREATORS Original Soundtrack",2017-06-14,38,12,60,19,0,10,-10,G,4,0MPZR3u8oiHF8QukFClh0x,"Aniplex Inc.",JPE301700423,no
103,"Pf:CreatorsⅢ","Sawano Hiroyuki",75,10B,2,2026-08-08,01:58,8,"anime, soundtrack","Pop, Classical, Easy Listening","Re:CREATORS Original Soundtrack",2017-06-14,19,93,91,5,0,10,-29,D,3,2ZSdWtKxWJBEtuxnWIlTLE,"Aniplex Inc.",JPE301700424,no
104,"E:verydaytor3","Sawano Hiroyuki",194,10B,38,2026-08-08,05:54,5,"anime, soundtrack","Pop, Classical, Easy Listening","Re:CREATORS Original Soundtrack",2017-06-14,41,27,84,39,0,10,-14,D,4,22uHknSFYdoaBsIDyFYAor,"Aniplex Inc.",JPE301700427,no
105,"God of ink <RE:Instrumental>","Sawano Hiroyuki",105,2A,86,2026-08-08,04:11,14,"anime, soundtrack","Pop, Classical, Easy Listening","Re:CREATORS Original Soundtrack",2017-06-14,56,1,76,68,0,30,-6,D#/E♭ minor,4,7H5EWP4632i9qWudTHWu79,"Aniplex Inc.",JPE301700433,no
106,"Layers <RE:Instrumental>","Sawano Hiroyuki",124,4A,92,2026-08-08,03:44,14,"anime, soundtrack","Pop, Classical, Easy Listening","Re:CREATORS Original Soundtrack",2017-06-14,50,0,82,53,0,40,-6,F minor,4,3YWpEEtko9ZPxRf4e2iz7o,"Aniplex Inc.",JPE301700435,no
107,"Vigilante - Inst","Sawano Hiroyuki",130,4A,79,2026-08-08,03:44,17,"anime, soundtrack","Pop, Classical, Easy Listening","MOBILE SUIT GUNDAM NT (Narrative) Original Motion Picture Soundtrack",2018-11-28,45,0,81,37,0,30,-10,F minor,4,4tluPlQkRpTvrMXYsF9P1t,"SUNRISE Music Label",JPP301800600,no
108,"Vigilante ver0.5+@ - Inst","Sawano Hiroyuki",130,4B,90,2026-08-08,03:40,16,"anime, soundtrack","Pop, Classical, Easy Listening","MOBILE SUIT GUNDAM NT (Narrative) Original Motion Picture Soundtrack",2018-11-28,51,0,81,68,0,10,-10,G#/A♭,4,2ECFs00powRTtXqsNq9swh,"SUNRISE Music Label",JPP301800601,no
109,"Mobile Suit Gundam Unicorn - Re:Mix0096","Sawano Hiroyuki",106,8B,81,2026-08-08,04:49,36,"anime, soundtrack","Pop, Classical, Easy Listening","MOBILE SUIT GUNDAM NT (Narrative) Original Motion Picture Soundtrack",2018-11-28,26,0,93,31,0,20,-9,C,4,3jXFfvFS0lTKs3fEun3WE2,"SUNRISE Music Label",JPP301800602,no
110,"Thunder801tFantasy2","Sawano Hiroyuki",118,7A,67,2026-08-08,04:59,19,"anime, soundtrack","Pop, Classical, Easy Listening","Thunderbolt Fantasy 東離劍遊紀2 オリジナルサウンドトラック",2018-12-26,25,1,89,14,0,0,-9,D minor,4,0JPJbnYbOupStBuhJ3LKM0,"Aniplex Inc.",JPE301801212,no
111,"TPF-3","Sawano Hiroyuki",105,5B,16,2026-08-08,01:53,4,"anime, soundtrack","Pop, Classical, Easy Listening","Thunderbolt Fantasy 東離劍遊紀2 オリジナルサウンドトラック",2018-12-26,71,96,88,5,0,0,-18,D#/E♭,3,3PCKaMH2g6OQvLjVYoIBKV,"Aniplex Inc.",JPE301801217,no
112,"Zero Eclipse","Sawano Hiroyuki",134,6A,76,2026-08-08,04:13,52,"anime, soundtrack","Pop, Classical, Easy Listening"," Attack on Titan  Season 3 Original Soundtrack",2019-08-26,64,4,0,33,0,0,-5,G minor,4,0MemW1DmggDpHBGH4GgiaS,"PONY CANYON INC.",JPPC01900858,no
113,"Symphonicsuite (Aot) Part1-3rd: Barrichestra","Sawano Hiroyuki",137,8A,49,2026-08-08,05:59,41,"anime, soundtrack","Pop, Classical, Easy Listening"," Attack on Titan  Season 3 Original Soundtrack",2019-08-26,20,1,84,5,0,10,-9,A minor,4,2s5FUW292BnBzPJa9tSoJb,"PONY CANYON INC.",JPPC01900861,no
114,"K21","Sawano Hiroyuki",121,10B,95,2026-08-08,03:23,47,"anime, soundtrack","Pop, Classical, Easy Listening"," Attack on Titan  Season 3 Original Soundtrack",2019-08-26,64,0,0,41,0,0,-6,D,4,5bdc03rlZHi6hz0eVONVmb,"PONY CANYON INC.",JPPC01900863,no
115,"Symphonicsuite (Aot) Part2-1st: Attack on Titan (Wmid)","Sawano Hiroyuki",125,7B,74,2026-08-08,05:10,56,"anime, soundtrack","Pop, Classical, Easy Listening"," Attack on Titan  Season 3 Original Soundtrack",2019-08-26,50,2,2,7,0,30,-6,F,4,66EOdKkzuonSLBXOrActDD,"PONY CANYON INC.",JPPC01900866,no
116,"Symphonicsuite (Aot) Part2-2nd: Shingekinokyojin","Sawano Hiroyuki",138,6B,30,2026-08-08,03:02,45,"anime, soundtrack","Pop, Classical, Easy Listening"," Attack on Titan  Season 3 Original Soundtrack",2019-08-26,19,51,92,12,0,10,-11,A#/B♭,4,3WJIqpueto3BPNroOBqVYR,"PONY CANYON INC.",JPPC01900867,no
117,"Symphonicsuite (Aot) Part2-3rd: Before Lights Out","Sawano Hiroyuki",110,11B,88,2026-08-08,02:55,48,"anime, soundtrack","Pop, Classical, Easy Listening"," Attack on Titan  Season 3 Original Soundtrack",2019-08-26,52,1,1,18,0,10,-5,A,3,3MbwkVpKZpQEgzAtNDwqah,"PONY CANYON INC.",JPPC01900868,no
118,"Symphonicsuite (Aot) Part2-5th: Apple Seed","Sawano Hiroyuki",160,5A,86,2026-08-08,02:46,51,"anime, soundtrack","Pop, Classical, Easy Listening"," Attack on Titan  Season 3 Original Soundtrack",2019-08-26,48,1,0,42,0,0,-5,C minor,4,2WT4MG0M4R3RmkPUQj8Xct,"PONY CANYON INC.",JPPC01900870,no
119,"Eren the Hyou - Movie Ver.","Sawano Hiroyuki",146,11B,65,2026-08-08,06:24,37,"anime, soundtrack","Pop, Classical, Easy Listening"," Attack on Titan  Season 3 Original Soundtrack",2019-08-26,21,0,89,8,0,10,-8,A,4,3lPvfms5mKZZ67FQiWg9j5,"PONY CANYON INC.",JPPC01800872,no
120,"T-Kt","Sawano Hiroyuki",59,7A,16,2026-08-08,02:54,54,"anime, soundtrack","Pop, Classical, Easy Listening"," Attack on Titan  Season 3 Original Soundtrack",2019-08-26,28,65,63,4,0,0,-13,D minor,4,4EZytiJfGIKolH85Nc6G8Q,"PONY CANYON INC.",JPPC01900873,no
121,"Len Zo 97N10 Hi Kyosetsu Mahle","Sawano Hiroyuki",113,7B,65,2026-08-08,02:14,38,"anime, soundtrack","Pop, Classical, Easy Listening"," Attack on Titan  Season 3 Original Soundtrack",2019-08-26,63,46,88,17,0,10,-12,F,4,3ahfOaVHOAa6tLZazhPlFz,"PONY CANYON INC.",JPPC01900878,no
122,"K21 - Instrumental","Sawano Hiroyuki",121,10B,93,2026-08-08,03:21,33,"anime, soundtrack","Pop, Classical, Easy Listening"," Attack on Titan  Season 3 Original Soundtrack",2019-08-26,53,0,85,46,0,0,-8,D,4,5KSuBkt8JtiPOA4vrAJ4On,"PONY CANYON INC.",JPPC01900879,no
123,"Zero Eclipse - Instrumental","Sawano Hiroyuki",134,6A,68,2026-08-08,04:11,33,"anime, soundtrack","Pop, Classical, Easy Listening"," Attack on Titan  Season 3 Original Soundtrack",2019-08-26,58,0,85,20,0,0,-7,G minor,4,0mTZ3EiFmW10Gvquun4Toy,"PONY CANYON INC.",JPPC01900880,no
124,"Barricades - Movie Ver. / Instrumental","Sawano Hiroyuki",105,8A,73,2026-08-08,04:16,35,"anime, soundtrack","Pop, Classical, Easy Listening"," Attack on Titan  Season 3 Original Soundtrack",2019-08-26,24,0,90,32,0,10,-8,A minor,4,0qORxBlOyNeVjLUKdoQC9V,"PONY CANYON INC.",JPPC01802776,no
125,"Attack on Titan (Wmid) - Instrumental","Sawano Hiroyuki",125,7B,71,2026-08-08,05:08,37,"anime, soundtrack","Pop, Classical, Easy Listening"," Attack on Titan  Season 3 Original Soundtrack",2019-08-26,50,0,87,6,0,40,-8,F,4,3ktrQLjcchBTq7KLOUF1Xf,"PONY CANYON INC.",JPPC01900882,no
126,"31N-M","Sawano Hiroyuki",196,6A,80,2026-08-08,04:04,0,"anime, soundtrack","Pop, Classical, Easy Listening","テレビ朝日系木曜ドラマ「サイン―法医学者 柚木貴志の事件―」オリジナル・サウンドトラック -完全版-",2019-09-11,30,2,68,16,0,10,-9,G minor,4,2za3jPVzIA3tZQaFmGRBSr,"VAP",JPVP01907601,no
127,"31N-S","Sawano Hiroyuki",150,6A,47,2026-08-08,04:22,0,"anime, soundtrack","Pop, Classical, Easy Listening","テレビ朝日系木曜ドラマ「サイン―法医学者 柚木貴志の事件―」オリジナル・サウンドトラック -完全版-",2019-09-11,24,14,88,4,0,10,-10,G minor,4,66owNDccdarr1aCsfxLn1f,"VAP",JPVP01907608,no
128,"31N-A","Sawano Hiroyuki",65,6A,16,2026-08-08,03:46,0,"anime, soundtrack","Pop, Classical, Easy Listening","テレビ朝日系木曜ドラマ「サイン―法医学者 柚木貴志の事件―」オリジナル・サウンドトラック -完全版-",2019-09-11,30,89,81,4,0,10,-20,G minor,4,3zb7JezbfHK74ioYH5quY4,"VAP",JPVP01907610,no
129,"31N-P","Sawano Hiroyuki",72,6B,6,2026-08-08,03:59,0,"anime, soundtrack","Pop, Classical, Easy Listening","テレビ朝日系木曜ドラマ「サイン―法医学者 柚木貴志の事件―」オリジナル・サウンドトラック -完全版-",2019-09-11,46,97,92,9,0,10,-21,A#/B♭,4,4ReEqRWJhCUJgWanby6WJY,"VAP",JPVP01907615,no
130,"72-:THE1/KG-GR-1","Sawano Hiroyuki",87,6A,66,2026-08-08,02:50,0,"anime, soundtrack","Pop, Classical, Easy Listening","The Seven Deadly Sins：Imperial Wrath of the Gods ORIGINAL SOUNDTRACK",2020-08-06,10,5,87,15,0,10,-8,G minor,5,6IJd3uC656qbgnUOOpmoZ5,"VAP",JPVP01911601,no
131,"72-:THE1/KG-GR-2","Sawano Hiroyuki",130,4A,85,2026-08-08,02:23,0,"anime, soundtrack","Pop, Classical, Easy Listening","The Seven Deadly Sins：Imperial Wrath of the Gods ORIGINAL SOUNDTRACK",2020-08-06,46,4,61,31,0,30,-9,F minor,4,5u22mmHmurvs9bFWiDgHPF,"VAP",JPVP01911602,no
132,"72-:THE1/KG-GR-4","Sawano Hiroyuki",129,6A,3,2026-08-08,03:17,0,"anime, soundtrack","Pop, Classical, Easy Listening","The Seven Deadly Sins：Imperial Wrath of the Gods ORIGINAL SOUNDTRACK",2020-08-06,46,99,94,12,0,0,-26,G minor,5,7ws0o69bL0xYyr9DSiwzff,"VAP",JPVP01911613,no
133,"XI","Sawano Hiroyuki",111,8A,76,2026-08-08,04:18,41,"anime, soundtrack","Pop, Classical, Easy Listening","Mobile Suit Gundam Hathaway Original Motion Picture Soundtrack",2021-06-11,47,6,68,6,0,10,-12,A minor,4,05htfeSgcxumTsbYEwerjb,"SUNRISE Music Label",JPG532102612,no
134,"MANhUNTer","Sawano Hiroyuki",164,8A,42,2026-08-08,03:37,23,"anime, soundtrack","Pop, Classical, Easy Listening","Mobile Suit Gundam Hathaway Original Motion Picture Soundtrack",2021-06-11,44,19,87,8,0,0,-14,A minor,4,5wv0LXF6clPb5eTTomb994,"SUNRISE Music Label",JPG532102615,no
135,"uc0105","Sawano Hiroyuki",102,11B,45,2026-08-08,07:22,23,"anime, soundtrack","Pop, Classical, Easy Listening","Mobile Suit Gundam Hathaway Original Motion Picture Soundtrack",2021-06-11,28,59,80,4,0,10,-16,A,4,68tIscw8cBf61GiOhhZsgv,"SUNRISE Music Label",JPG532102617,no
136,"MNE","Sawano Hiroyuki",111,4B,76,2026-08-08,03:12,24,"anime, soundtrack","Pop, Classical, Easy Listening","Mobile Suit Gundam Hathaway Original Motion Picture Soundtrack",2021-06-11,22,0,82,24,0,10,-11,G#/A♭,4,5b0Xw9fxgox5IT9AxutDvg,"SUNRISE Music Label",JPG532102619,no
137,"ESIRNUS","Sawano Hiroyuki",120,10B,56,2026-08-08,05:10,27,"anime, soundtrack","Pop, Classical, Easy Listening","Mobile Suit Gundam Hathaway Original Motion Picture Soundtrack",2021-06-11,26,1,92,4,0,0,-11,D,4,3dk6sIRjBvWxPbCXfC1ebn,"SUNRISE Music Label",JPG532102624,no
138,"7TZ-HNMT1","Sawano Hiroyuki",128,9B,30,2026-08-08,02:58,0,"anime, soundtrack","Pop, Classical, Easy Listening","The Seven Deadly Sins：Cursed by Light ORIGINAL SOUNDTRACK",2021-07-02,28,32,92,6,0,10,-13,G,4,79YNXDgQkcnSHHxWPZVMs3,"VAP",JPVP02107502,no
139,"Dora Gong4n <HNMT>","Sawano Hiroyuki",133,10B,76,2026-08-08,01:28,0,"anime, soundtrack","Pop, Classical, Easy Listening","The Seven Deadly Sins：Cursed by Light ORIGINAL SOUNDTRACK",2021-07-02,38,0,97,16,0,20,-9,D,4,4kCl9lz7wYLSci33s9VyPk,"VAP",JPVP02107505,no
140,"8SIX","Sawano Hiroyuki",111,8A,63,2026-08-08,05:10,36,"anime, soundtrack","Pop, Classical, Easy Listening","８６―エイティシックス― オリジナル・サウンドトラック",2021-07-07,32,2,78,12,0,10,-10,A minor,4,1fSMP5eoGKRergOSPaVj2D,"Aniplex Inc.",JPE302100510,no
141,"Voices of the Chord","Sawano Hiroyuki",142,9A,40,2026-08-08,03:02,59,"anime, soundtrack","Pop, Classical, Easy Listening","８６―エイティシックス― オリジナル・サウンドトラック",2021-07-07,49,20,0,16,0,0,-8,E minor,4,4LUJzSLpBtgH3dpOH7J7Nf,"Aniplex Inc.",JPE302100513,no
142,"pianoVIIIVI-iii","Sawano Hiroyuki",64,6A,8,2026-08-08,03:25,34,"anime, soundtrack","Pop, Classical, Easy Listening","８６―エイティシックス― オリジナル・サウンドトラック",2021-07-07,34,99,88,14,0,0,-22,G minor,3,4bVdRxG1YKO3xJHu8eWg4e,"Aniplex Inc.",JPE302100523,no
143,"CELLOpianoVIIIVI","Sawano Hiroyuki",140,8B,9,2026-08-08,03:52,23,"anime, soundtrack","Pop, Classical, Easy Listening","８６―エイティシックス― オリジナル・サウンドトラック",2021-07-07,38,91,57,13,0,10,-15,C,3,0Jjae7LmBjhIJHL1AT78f9,"Aniplex Inc.",JPE302100525,no
144,"TSADS-FP1","Sawano Hiroyuki",128,6A,37,2026-08-08,04:21,0,"anime, soundtrack","Pop, Classical, Easy Listening","The Seven Deadly Sins：Dragon's Judgement ORIGINAL SOUNDTRACK",2021-09-15,19,1,93,7,0,0,-9,G minor,4,7uW4tQIXPhZpVffXrIsd1X,"VAP",JPVP02107201,no
145,"YouSeeBIGGIRL→Thanks AT","Sawano Hiroyuki",71,5A,10,2026-08-08,04:50,30,"anime, soundtrack","Pop, Classical, Easy Listening","scene",2021-12-22,38,98,91,11,0,10,-19,C minor,4,5vjJiD73tduJ4Reetgcy6Y,"Sony Music Labels Inc.",JPU902104563,no
146,"WATER LIGHT","Sawano Hiroyuki",81,9A,8,2026-08-08,03:11,15,"anime, soundtrack","Pop, Classical, Easy Listening","scene",2021-12-22,47,98,88,9,0,0,-20,E minor,4,0Y33MsoaczLbfUxvhChNA3,"Sony Music Labels Inc.",JPU902104571,no
147,"PIANO[-30k]-001","Sawano Hiroyuki",130,4B,10,2026-08-08,03:52,16,"anime, soundtrack","Pop, Classical, Easy Listening","scene",2021-12-22,45,99,88,22,0,10,-18,G#/A♭,3,5KxCGNLPfwTipQdxuZBK6z,"Sony Music Labels Inc.",JPU902104575,no
148,"Silent Night","Sawano Hiroyuki",129,6B,8,2026-08-08,03:07,16,"anime, soundtrack","Pop, Classical, Easy Listening","scene",2021-12-22,42,99,91,8,0,10,-20,A#/B♭,4,7CpVS4m0t31lEIWhZpPBpn,"Sony Music Labels Inc.",JPU902104578,no
149,"BATTLEKOUR","Sawano Hiroyuki",124,9A,86,2026-08-08,05:21,28,"anime, soundtrack","Pop, Classical, Easy Listening","「バブル」オリジナル・サウンドトラック (Extra Track ver.)",2022-05-11,68,0,80,15,0,30,-8,E minor,3,3iXxmoN99RrzPduOrDITQf,"TOY'S FACTORY",JPTF02213002,no
150,"BB","Sawano Hiroyuki",178,11B,95,2026-08-08,00:53,17,"anime, soundtrack","Pop, Classical, Easy Listening","「バブル」オリジナル・サウンドトラック (Extra Track ver.)",2022-05-11,68,2,61,8,10,0,-7,A,3,4GZiOv2ulv00HLjEgz9Ida,"TOY'S FACTORY",JPTF02213003,no
151,"MERMAID","Sawano Hiroyuki",63,8A,15,2026-08-08,04:18,31,"anime, soundtrack","Pop, Classical, Easy Listening","「バブル」オリジナル・サウンドトラック (Extra Track ver.)",2022-05-11,30,9,85,4,0,20,-15,A minor,4,1VmKspfbJ4egubIwzZePdn,"TOY'S FACTORY",JPTF02213006,no
152,"BUBBLE-outtake2","Sawano Hiroyuki",116,6B,22,2026-08-08,01:48,12,"anime, soundtrack","Pop, Classical, Easy Listening","「バブル」オリジナル・サウンドトラック (Extra Track ver.)",2022-05-11,37,22,95,4,0,0,-16,A#/B♭,4,2HH5PrFQCYfkDbKDrYYxtY,"TOY'S FACTORY",JPTF02213103,no
153,"BUBBLE-outtake4","Sawano Hiroyuki",131,4A,71,2026-08-08,02:06,15,"anime, soundtrack","Pop, Classical, Easy Listening","「バブル」オリジナル・サウンドトラック (Extra Track ver.)",2022-05-11,31,11,55,4,0,10,-10,F minor,4,7ehhigYWr37yUI3cYDQ7ER,"TOY'S FACTORY",JPTF02213105,no
154,"BUBBLE-outtake6","Sawano Hiroyuki",130,8B,23,2026-08-08,01:48,18,"anime, soundtrack","Pop, Classical, Easy Listening","「バブル」オリジナル・サウンドトラック (Extra Track ver.)",2022-05-11,64,67,89,5,0,10,-16,C,3,7FDu9XmTJs3W9TzsUtt9cq,"TOY'S FACTORY",JPTF02213107,no
155,"WindWaveS","Sawano Hiroyuki",156,7B,54,2026-08-08,04:00,9,"anime, soundtrack","Pop, Classical, Easy Listening","群青のファンファーレ オリジナル・サウンドトラック",2022-06-08,35,41,73,35,0,10,-12,F,3,3ewlqQZgeHGXTyxkMbNMlh,"Aniplex Inc.",JPE302200588,no
156,"rideUMA","Sawano Hiroyuki",140,9B,49,2026-08-08,03:46,8,"anime, soundtrack","Pop, Classical, Easy Listening","群青のファンファーレ オリジナル・サウンドトラック",2022-06-08,52,50,89,20,0,0,-12,G,4,7FJt74hkhgC68Jw1BzxH19,"Aniplex Inc.",JPE302200590,no
157,"group-BLUE","Sawano Hiroyuki",66,8A,21,2026-08-08,03:40,10,"anime, soundtrack","Pop, Classical, Easy Listening","群青のファンファーレ オリジナル・サウンドトラック",2022-06-08,10,6,83,5,0,30,-14,A minor,3,3cBR4qXIpGX0hzDaEjmAWv,"Aniplex Inc.",JPE302200591,no
158,"1o-2oby","Sawano Hiroyuki",126,7A,25,2026-08-08,03:28,6,"anime, soundtrack","Pop, Classical, Easy Listening","群青のファンファーレ オリジナル・サウンドトラック",2022-06-08,41,83,72,4,0,0,-15,D minor,4,4lVTRN3HBQt0iijbtacH1T,"Aniplex Inc.",JPE302200596,no
159,"RE-Fanfan","Sawano Hiroyuki",80,9B,64,2026-08-08,03:26,5,"anime, soundtrack","Pop, Classical, Easy Listening","群青のファンファーレ オリジナル・サウンドトラック",2022-06-08,31,15,75,4,0,10,-11,G,4,4JEsK2mZH9Uu7rbOlCIUqt,"Aniplex Inc.",JPE302200597,no
160,"GF-PF1","Sawano Hiroyuki",70,4B,8,2026-08-08,02:26,25,"anime, soundtrack","Pop, Classical, Easy Listening","群青のファンファーレ オリジナル・サウンドトラック",2022-06-08,57,99,93,12,0,10,-23,G#/A♭,4,56hTftWrYfy4UKhTqhXHUe,"Aniplex Inc.",JPE302200602,no
161,"4ゅN","Sawano Hiroyuki",124,5A,16,2026-08-08,03:53,26,"anime, soundtrack","Pop, Classical, Easy Listening","群青のファンファーレ オリジナル・サウンドトラック",2022-06-08,26,98,91,5,0,10,-19,C minor,4,26MylMVlED32GREwzU3t2w,"Aniplex Inc.",JPE302200605,no
162,"attack ON taian [TFSv]","Sawano Hiroyuki",125,9A,81,2026-08-08,04:57,44,"anime, soundtrack","Pop, Classical, Easy Listening","Attack On Titan The Final Season Original Soundtrack 02",2022-06-22,55,1,86,17,0,0,-9,E minor,4,2WL4gLW1R7smQwldZJZjPU,"PONY CANYON INC.",JPPC02211253,no
163,"KINGDOM-戦","Sawano Hiroyuki",138,8B,61,2026-08-08,03:57,18,"anime, soundtrack","Pop, Classical, Easy Listening","TVアニメ「キングダム」第4シリーズ Original Sound Track",2022-07-15,23,3,83,7,0,10,-11,C,4,24BNGvARqvIiHtCEiqLwl6,"avex pictures",JPT552200609,no
164,"KAINA","Sawano Hiroyuki",128,9A,31,2026-08-08,05:48,24,"anime, soundtrack","Pop, Classical, Easy Listening","Kaina of the Great Snow Sea (Original Series Soundtrack)",2023-01-20,18,48,87,8,0,0,-12,E minor,4,4ctAjAACPlCBLR53hjT2F7,"Milan",JPT592210675,no
165,"KAINA-big","Sawano Hiroyuki",128,8B,42,2026-08-08,02:36,14,"anime, soundtrack","Pop, Classical, Easy Listening","Kaina of the Great Snow Sea (Original Series Soundtrack)",2023-01-20,56,4,82,8,0,10,-10,C,4,41zEH1k4qPsBOqERO3AmxD,"Milan",JPT592210676,no
166,"KAINA-sea","Sawano Hiroyuki",116,8A,3,2026-08-08,02:49,24,"anime, soundtrack","Pop, Classical, Easy Listening","Kaina of the Great Snow Sea (Original Series Soundtrack)",2023-01-20,59,99,93,18,10,0,-29,A minor,3,7ASuwrQ3cs2U8lrz0vOEUc,"Milan",JPT592210678,no
167,"燃えたぎれ！（BLAZEより）","Sawano Hiroyuki",120,4A,75,2026-08-08,00:35,5,"anime, soundtrack","Pop, Classical, Easy Listening","「戦国BASARA」Director's Special Edition",2013-07-02,42,0,55,60,0,70,-7,F minor,4,22ClU7UXlLarxrb7Ax4Siu,"FlyingDog",JPG750900460,no
168,"燃えたぎれ！（BLAZEより）（ロングバージョン）","Sawano Hiroyuki",120,4A,83,2026-08-08,00:55,6,"anime, soundtrack","Pop, Classical, Easy Listening","「戦国BASARA」Director's Special Edition",2013-07-02,46,0,83,83,0,70,-8,F minor,4,271BKLS0pSTizRNDqXa0V3,"FlyingDog",JPG750900463,no
169,"義（ZipangU　より）","Sawano Hiroyuki",90,8B,81,2026-08-08,01:02,4,"anime, soundtrack","Pop, Classical, Easy Listening","「戦国BASARA」Director's Special Edition",2013-07-02,34,6,19,16,0,30,-10,C,4,6sXp4GiAthv5KL6F8jO9qP,"FlyingDog",JPG750900462,no
170,"Eye-Water (Orchestral Cover) - Attack on Titan","Sawano Hiroyuki, Jeff Penny",119,8A,49,2026-08-08,03:04,4,"anime, soundtrack","Pop, Classical, Easy Listening","Eye-Water (Orchestral Cover) - Attack on Titan",2015-01-09,18,41,72,6,0,10,-5,A minor,4,7uyrr5UoNSTswM97NQ0JSx,"Jeff Penny",USE830954948,no
171,"Till We Meet Again (with Paul Weston & His Orchestra)","Doris Day, Paul Weston And His Orchestra",178,3B,11,2026-08-08,02:36,21,"adult standards, big band","Easy Listening, Jazz","With A Smile And A Song",2012-03-30,17,95,0,19,0,10,-16,C♯/D♭,4,5Wy5kMFCFpVGkIsASUB5jI,"Masterworks",USSM19924479,no
172,"Imagination (with George Sirava and His Orchestra)","Doris Day, George Sirava and His Orchestra",98,9B,7,2026-08-08,03:16,5,"adult standards, big band","Easy Listening, Jazz","With A Smile And A Song",2012-03-30,28,89,0,8,0,40,-17,G,3,4Bwq0iH2TEjhvXdqfq41GP,"Masterworks",USSM10315435,no
173,"You Go to My Head (with George Sirava and His Orchestra)","Doris Day, George Sirava and His Orchestra",103,6B,10,2026-08-08,02:50,7,"adult standards, big band","Easy Listening, Jazz","With A Smile And A Song",2012-03-30,34,97,0,18,0,10,-15,A#/B♭,3,5e1GwY9ghtEhD10Q8jVe0a,"Masterworks",USSM10315432,no
174,"Our Love Is Here To Stay (with Frank DeVol & His Orchestra)","Doris Day, Frank DeVol & His Orchestra",77,6A,6,2026-08-08,03:46,6,"adult standards, big band, man's orchestra","Easy Listening, Jazz","With A Smile And A Song",2012-03-30,42,87,0,20,0,30,-15,G minor,4,5r2t3p7Y5SYR4XXUhavtJu,"Masterworks",USSM10025686,no
175,"Fools Rush In (Where Angels Fear to Tread) (with The André Previn Trio)","Doris Day, André Previn, André Previn Trio",127,12B,6,2026-08-08,03:51,10,"adult standards, big band, ballet, classical, orchestral, french jazz","Easy Listening, Jazz","With A Smile And A Song",2012-03-30,46,98,0,12,0,30,-19,E,3,1nZTM4yIR8zome1twzYd6N,"Masterworks",USSM19927354,no
176,"In Love In Vain (with The André Previn Trio)","Doris Day, André Previn, André Previn Trio",89,11B,8,2026-08-08,02:55,5,"adult standards, big band, ballet, classical, orchestral, french jazz","Easy Listening, Jazz","With A Smile And A Song",2012-03-30,38,98,0,10,0,10,-17,A,4,3YhA5k2yr33YPsY4JxnJs6,"Masterworks",USSM11200286,no
177,"Here In My Arms (with Axel Stordahl & His Orchestra) - Version 2","Doris Day, Axel Stordahl And His Orchestra",85,6B,17,2026-08-08,03:04,4,"adult standards, big band, exotica","Easy Listening, Jazz","Tea For Two (with Gene Nelson, Axel Stordahl & His Orchestra & The Page Cavanaugh Trio)",1950-04-01,29,91,0,19,0,20,-14,A#/B♭,4,4qls5pDg9NBoeXfjJfGftt,"Columbia/Legacy",USSM11602497,no
178,"I Know That You Know (with Gene Nelson & The Page Cavanaugh Trio)","Doris Day, Gene Nelson, The Page Cavanaugh Trio",82,3A,32,2026-08-08,02:47,6,"adult standards, big band, musicals, vocal jazz","Easy Listening, Jazz, Classical, Pop","Tea For Two (with Gene Nelson, Axel Stordahl & His Orchestra & The Page Cavanaugh Trio)",1950-04-01,67,87,0,64,40,40,-17,A#/B♭ minor,4,6GI4O7jzdA2u8eKlYnZIOV,"Columbia/Legacy",USSM11602498,no
179,"I Want to Be Happy (with The Page Cavanaugh Trio) - Version 2","Doris Day, The Page Cavanaugh Trio",82,4B,6,2026-08-08,02:39,6,"adult standards, big band, vocal jazz","Easy Listening, Jazz","Tea For Two (with Gene Nelson, Axel Stordahl & His Orchestra & The Page Cavanaugh Trio)",1950-04-01,52,98,0,36,0,10,-18,G#/A♭,4,2mvkykqXyL5xhNEJo8UDfj,"Columbia/Legacy",USSM11403131,no
180,"Tea for Two (with Axel Stordahl & His Orchestra)","Doris Day, Axel Stordahl And His Orchestra",87,10B,21,2026-08-08,03:11,31,"adult standards, big band, exotica","Easy Listening, Jazz","Tea For Two (with Gene Nelson, Axel Stordahl & His Orchestra & The Page Cavanaugh Trio)",1950-04-01,40,93,0,39,0,20,-13,D,1,6EzCJwgHK5v8UJzmBSfFml,"Columbia/Legacy",USSM10307902,no
181,"Fine and Dandy (with The Norman Luboff Choir & The Buddy Cole Quartet)","Doris Day, The Norman Luboff Choir, The Buddy Cole Quartet",125,7A,35,2026-08-08,02:46,3,"adult standards, big band, easy listening","Easy Listening, Jazz","Lullaby Of Broadway",1951-04-01,78,93,0,75,0,20,-11,D minor,4,3ozTO04LB6MScX0H5vbAv7,"Columbia/Legacy",USSM11403134,no
182,"Just One of Those Things","Doris Day, Frank Comstock & His Orchestra",144,7A,26,2026-08-08,02:16,3,"adult standards, big band","Easy Listening, Jazz","Lullaby Of Broadway",1951-04-01,63,89,0,58,10,40,-10,D minor,4,1iMXtm6nbnxWVuaWMZW1QI,"Columbia/Legacy",USSM10403031,no
183,"I Love the Way You Say Goodnight (with The Norman Luboff Choir & The Buddy Cole Quartet)","Doris Day, The Norman Luboff Choir, The Buddy Cole Quartet",109,9B,8,2026-08-08,03:00,6,"adult standards, big band, easy listening","Easy Listening, Jazz","Lullaby Of Broadway",1951-04-01,79,94,0,52,0,10,-14,G,4,5qiVxi5w9UvsV9Mo8dhh1F,"Columbia/Legacy",USSM11602496,no
184,"Please Don't Talk About Me When I'm Gone","Doris Day, Frank Comstock & His Orchestra",79,4B,4,2026-08-08,03:14,4,"adult standards, big band","Easy Listening, Jazz","Lullaby Of Broadway",1951-04-01,45,95,0,22,0,10,-16,G#/A♭,4,0QQuyLR7R3iqRw8OrNi0hU,"Columbia/Legacy",USSM11403133,no
185,"Moonlight Bay (with Paul Weston & His Orchestra & The Norman Luboff Choir)","Doris Day, Paul Weston And His Orchestra, The Norman Luboff Choir",92,9B,4,2026-08-08,02:28,28,"adult standards, big band, easy listening","Easy Listening, Jazz","On Moonlight Bay (with Paul Weston & His Orchestra & The Norman Luboff Choir)",1951-07-01,34,98,0,29,0,10,-16,G,4,2Y2R04rRaS5soXCfwfM9NI,"Columbia/Legacy",USSM11602099,no
186,"Cuddle Up a Little Closer (with Paul Weston & His Orchestra)","Doris Day, Paul Weston And His Orchestra",100,12B,10,2026-08-08,02:50,7,"adult standards, big band","Easy Listening, Jazz","On Moonlight Bay (with Paul Weston & His Orchestra & The Norman Luboff Choir)",1951-07-01,44,93,0,14,0,10,-15,E,4,5X4Vd5R4FQOuueQMkxIe2E,"Columbia/Legacy",USSM10903430,no
187,"The One I Love (Belongs to Somebody Else) (with Paul Weston & His Orchestra)","Doris Day, Paul Weston And His Orchestra",92,8A,12,2026-08-08,03:21,6,"adult standards, big band","Easy Listening, Jazz","I'll See You In My Dreams (Songs from the Warner Bros. Production) (with Paul Weston & His Orchestra)",1951-12-06,31,98,0,26,0,10,-14,A minor,4,1Gp5J43cdNQK8VtHSNvtW4,"Columbia/Legacy",USSM11102109,no
188,"My Buddy (with Paul Weston & His Orchestra)","Doris Day, Paul Weston And His Orchestra",79,8B,7,2026-08-08,03:12,9,"adult standards, big band","Easy Listening, Jazz","I'll See You In My Dreams (Songs from the Warner Bros. Production) (with Paul Weston & His Orchestra)",1951-12-06,17,98,2,10,0,10,-16,C,5,7AYXpVMmFVFkhbmPDaU8VF,"Columbia/Legacy",USSM11102112,no
189,"I'm Gonna Ring the Bell Tonight (with Paul Weston & His Orchestra & The Norman Luboff Choir)","Doris Day, Paul Weston And His Orchestra, The Norman Luboff Choir",135,7B,53,2026-08-08,02:26,4,"adult standards, big band, easy listening","Easy Listening, Jazz","April In Paris (Expanded Edition)",1952-06-01,63,77,0,66,10,40,-9,F,4,7h9vujd06EMR3PjQT0lJuH,"Columbia/Legacy",USSM11602106,no
190,"I Know a Place (with Paul Weston & His Orchestra)","Doris Day, Paul Weston And His Orchestra",126,6B,12,2026-08-08,03:21,1,"adult standards, big band","Easy Listening, Jazz","April In Paris (Expanded Edition)",1952-06-01,31,91,0,7,0,30,-13,A#/B♭,3,0VejRQfZN46Wtz0jpARych,"Columbia/Legacy",USSM19924475,no
191,"Ten Thousand Four Hundred Thirty-Two Sheep - 78rpm Version","Doris Day",174,4B,23,2026-08-08,02:57,1,"adult standards, big band","Easy Listening, Jazz","April In Paris (Expanded Edition)",1952-06-01,61,84,0,67,30,10,-12,G#/A♭,3,5OMiatkMPco3ZBG27nqiCU,"Columbia/Legacy",USSM11602108,no
192,"You Love Me (with David Rose & His Orchestra)","Doris Day, David Rose & His Orchestra",99,3B,11,2026-08-08,03:09,1,"adult standards, big band, light music, man's orchestra","Easy Listening, Jazz","April In Paris (Expanded Edition)",1952-06-01,36,97,1,12,0,10,-14,C♯/D♭,1,2wPTwgGx6PO66GeskLweo4,"Columbia/Legacy",USSM11602109,no
193,"Just One Girl (with Paul Weston & His Orchestra & The Norman Luboff Choir)","Doris Day, Paul Weston And His Orchestra, The Norman Luboff Choir",174,3B,34,2026-08-08,02:16,4,"adult standards, big band, easy listening","Easy Listening, Jazz","By The Light Of The Silvery Moon (with Paul Weston & His Orchestra & The Norman Luboff Choir)",1953-04-01,31,89,0,49,0,20,-10,C♯/D♭,3,0W7oVIpaF8JMGOHMxD4yiF,"Columbia/Legacy",USSM10112092,no
194,"Be My Little Baby Bumble Bee (with Paul Weston & His Orchestra & The Norman Luboff Choir)","Doris Day, Paul Weston And His Orchestra, The Norman Luboff Choir",141,11B,31,2026-08-08,02:04,18,"adult standards, big band, easy listening","Easy Listening, Jazz","By The Light Of The Silvery Moon (with Paul Weston & His Orchestra & The Norman Luboff Choir)",1953-04-01,67,88,0,77,0,0,-9,A,4,4LoSK156gJp88wfdetEre9,"Columbia/Legacy",USSM10903429,no
195,"King Chanticleer (with Paul Weston & His Orchestra & The Norman Luboff Choir)","Doris Day, Paul Weston And His Orchestra, The Norman Luboff Choir",135,12B,64,2026-08-08,02:24,4,"adult standards, big band, easy listening","Easy Listening, Jazz","By The Light Of The Silvery Moon (with Paul Weston & His Orchestra & The Norman Luboff Choir)",1953-04-01,65,80,0,84,10,30,-8,E,4,1qaxPiJqw2tGaymT4NqdS6,"Columbia/Legacy",USSM11602105,no
196,"A Woman's Touch (with Paul Weston & His Orchestra)","Doris Day, Paul Weston And His Orchestra",126,3B,28,2026-08-08,02:28,29,"adult standards, big band","Easy Listening, Jazz","Calamity Jane",1953-11-09,81,84,0,73,20,0,-10,C♯/D♭,4,7LtlG1KuUalfcrKxwnVEsX,"Columbia/Legacy",USSM10019609,no
197,"Ready, Willing and Able (with Buddy Cole & His Orchestra) - 78rpm Version","Doris Day, Buddy Cole & His Orchestra",97,5B,53,2026-08-08,02:25,13,"adult standards, big band, vocal jazz","Easy Listening, Jazz","Young At Heart (Bonus Tracks)",1954-04-01,58,84,0,69,0,20,-9,D#/E♭,4,768rWxB5jJXCKz8MfIQdtM,"Columbia/Legacy",USSM10315442,no
198,"Make It Soon (with Percy Faith & His Orchestra)","Doris Day, Percy Faith & His Orchestra",111,9B,17,2026-08-08,02:20,8,"adult standards, big band, orchestral","Easy Listening, Jazz","Young At Heart (Bonus Tracks)",1954-04-01,51,95,0,75,0,10,-14,G,4,7qxo32ZKtvXSXIFFTFFPGk,"Columbia/Legacy",USSM10315446,no
199,"Overture","Doris Day",118,8B,29,2026-08-08,01:40,3,"adult standards, big band","Easy Listening, Jazz","Love Me Or Leave Me",1955-05-02,29,84,86,53,0,40,-12,C,5,2qq4THeovOwkBai86F4Xzx,"Legacy/Columbia",USSM10111676,no
200,"Everybody Loves My Baby (But My Baby Don't Love Nobody But Me)","Doris Day",131,5A,27,2026-08-08,01:10,12,"adult standards, big band","Easy Listening, Jazz","Love Me Or Leave Me",1955-05-02,78,62,0,83,40,30,-13,C minor,1,2o4nI1nDOV8FBYcSPOlhjd,"Legacy/Columbia",USSM10023402,no
201,"Finale","Doris Day",118,2A,40,2026-08-08,00:19,0,"adult standards, big band","Easy Listening, Jazz","Love Me Or Leave Me",1955-05-02,28,75,92,51,0,40,-16,D#/E♭ minor,4,3hq2CaJKbzS5gytcM8Uefc,"Legacy/Columbia",USSM10111682,no
202,"Ten Cents A Dance - Mono Bonus Track","Doris Day",103,8B,20,2026-08-08,01:55,9,"adult standards, big band","Easy Listening, Jazz","Love Me Or Leave Me",1955-05-02,41,77,0,31,0,40,-13,C,3,5VMRS8C8irIIiX6wahCl92,"Legacy/Columbia",USSM10023400,no
203,"I May Be Wrong (But I Think You're Wonderful) (with Harry James & His Orchestra)","Doris Day, Harry James",147,6B,35,2026-08-08,03:02,7,"adult standards, big band, swing music, jazz","Easy Listening, Jazz","Day in Hollywood",1955-10-10,57,77,0,81,0,20,-9,A#/B♭,4,3hLWDqbwnqNiWUNMZTgowx,"Columbia/Legacy",USSM15000030,no
204,"Hello, My Lover, Goodbye (with Paul Weston & His Music From Hollywood)","Doris Day, Paul Weston And His Orchestra",61,3B,12,2026-08-08,03:38,6,"adult standards, big band","Easy Listening, Jazz","Day By Day (with Paul Weston & His Music From Hollywood)",1956-12-17,37,96,0,11,0,0,-16,C♯/D♭,4,5Pmtv0CWkdtiTWxoAGS0Vh,"Columbia/Legacy",USSM10703409,no
205,"The Gypsy In My Soul (with Paul Weston & His Music From Hollywood)","Doris Day, Paul Weston And His Orchestra",146,7A,10,2026-08-08,03:04,4,"adult standards, big band","Easy Listening, Jazz","Day By Day (with Paul Weston & His Music From Hollywood)",1956-12-17,64,85,0,49,0,10,-14,D minor,4,2xL0rJtOfBlmwhv0gycDot,"Columbia/Legacy",USSM10703417,no
206,"Close Your Eyes (with Paul Weston & His Music From Hollywood)","Doris Day, Paul Weston And His Orchestra",119,4B,19,2026-08-08,02:28,16,"adult standards, big band","Easy Listening, Jazz","Day By Night (with Paul Weston & His Music From Hollywood)",1957-11-11,43,88,0,41,0,10,-15,G#/A♭,4,2zZT7NIVLkq33BbI7TDQA3,"Columbia/Legacy",USSM10903311,no
207,"Cheek to Cheek (with Frank DeVol & His Orchestra)","Doris Day, Frank DeVol & His Orchestra",121,8B,11,2026-08-08,02:42,34,"adult standards, big band, man's orchestra","Easy Listening, Jazz","Hooray For Hollywood - Volume I",1959-01-01,74,81,0,54,0,0,-18,C,4,5CMe3aEFJg4oPnz9AvHTt2,"Columbia",USSM10025203,no
208,"Blues In The Night (with Frank DeVol & His Orchestra)","Doris Day, Frank DeVol & His Orchestra",68,11B,4,2026-08-08,03:46,5,"adult standards, big band, man's orchestra","Easy Listening, Jazz","Hooray For Hollywood - Volume I",1959-01-01,54,80,0,16,0,10,-22,A,4,6BTA6LAS2ufrk7uRBpgcAY,"Columbia",USSM10009278,no
209,"Steppin' Out with My Baby (with Frank DeVol & His Orchestra)","Doris Day, Frank DeVol & His Orchestra",61,4B,23,2026-08-08,01:59,15,"adult standards, big band, man's orchestra","Easy Listening, Jazz","Cuttin' Capers (with Frank DeVol & His Orchestra)",1959-03-09,75,64,0,40,0,0,-16,G#/A♭,4,2asYISnVU51FcVArjIXkwH,"Columbia/Legacy",USSM10000076,no
210,"Makin' Whoopee (with Frank DeVol & His Orchestra)","Doris Day, Frank DeVol & His Orchestra",80,8B,12,2026-08-08,03:36,8,"adult standards, big band, man's orchestra","Easy Listening, Jazz","Cuttin' Capers (with Frank DeVol & His Orchestra)",1959-03-09,62,73,0,31,0,20,-15,C,4,5nDc7F88nBDhjDXrzHl8jt,"Columbia/Legacy",USSM10000077,no
211,"When You're Smiling","Doris Day",111,4B,9,2026-08-08,02:37,29,"adult standards, big band","Easy Listening, Jazz","What Every Girl Should Know",1960-04-01,60,92,0,41,0,10,-17,G#/A♭,4,3OeLRP5iN52ouMsZ0bnjgg,"Columbia/Legacy",USSM15901074,no
212,"What's the Use of Wond'rin'","Doris Day",69,7B,4,2026-08-08,02:34,2,"adult standards, big band","Easy Listening, Jazz","What Every Girl Should Know",1960-04-01,54,84,0,36,0,10,-17,F,4,6PcVAVWyJuM4oR0dDLDc29,"Columbia/Legacy",USSM15901026,no
213,"A Hundred Years from Today","Doris Day",67,9B,4,2026-08-08,03:33,5,"adult standards, big band","Easy Listening, Jazz","What Every Girl Should Know",1960-04-01,55,91,0,16,0,10,-21,G,4,6eWkKXGXHsJl5sSl9zLsyL,"Columbia/Legacy",USSM15901078,no
214,"Show Time - Pt. One","Doris Day",137,1A,35,2026-08-08,03:04,2,"adult standards, big band","Easy Listening, Jazz","Show Time",1960-07-11,59,76,0,73,0,20,-12,G#/A♭ minor,4,75kdWRnGzUYge41mrjdhX9,"Legacy Recordings",USSM10903436,no
215,"Ohio","Doris Day",97,6B,3,2026-08-08,03:02,18,"adult standards, big band","Easy Listening, Jazz","Show Time",1960-07-11,23,98,9,15,0,10,-21,A#/B♭,3,2oOXqjxt2Zdurv25AO9e2s,"Legacy Recordings",USSM10903435,no
216,"When I'm Not Near the Boy I Love","Doris Day",136,4B,5,2026-08-08,02:35,3,"adult standards, big band","Easy Listening, Jazz","Show Time",1960-07-11,39,91,0,33,0,20,-17,G#/A♭,4,10fGoFck5SC1WRtYIxsy0B,"Legacy Recordings",USSM10903439,no
217,"The Surrey with the Fringe on Top","Doris Day",119,9B,9,2026-08-08,02:43,6,"adult standards, big band","Easy Listening, Jazz","Show Time",1960-07-11,70,81,0,53,0,20,-15,G,4,6sMsZHRQmsEMyPdLfhQaUJ,"Legacy Recordings",USSM10903438,no
218,"On the Street Where You Live","Doris Day",118,12B,10,2026-08-08,02:56,17,"adult standards, big band","Easy Listening, Jazz","Show Time",1960-07-11,60,94,0,43,0,0,-16,E,4,0QvGkJSwZ5fKFlGM4cw5Ad,"Legacy Recordings",USSM19924444,no
219,"Getting to Know You (with Jimmy Joyce & His Children's Chorus)","Doris Day, Jimmy Joyce & His Children's Chorus",93,7B,21,2026-08-08,03:04,4,"adult standards, big band","Easy Listening, Jazz","With A Smile And A Song",1960-07-11,45,87,0,31,0,20,-14,F,4,1cu5dkLy15TcsAsIx6kitJ,"Columbia/Legacy",USSM10213747,no
220,"Zip-A-Dee-Doo-Dah (with Jimmy Joyce & His Children's Chorus)","Doris Day, Jimmy Joyce & His Children's Chorus",107,8B,33,2026-08-08,01:56,12,"adult standards, big band","Easy Listening, Jazz","With A Smile And A Song",1960-07-11,56,75,0,64,0,40,-12,C,4,1n41b4bOX36FFveZtpB8IG,"Columbia/Legacy",USSM10301662,no
221,"Whatever Will Be, Will Be (Que Sera, Sera) (with Jimmy Joyce & His Children's Chorus)","Doris Day, Jimmy Joyce & His Children's Chorus",82,9B,20,2026-08-08,02:54,24,"adult standards, big band","Easy Listening, Jazz","With A Smile And A Song",1960-07-11,39,74,0,67,0,60,-13,G,3,1vNH9ervNmJjOfRbiBfUVP,"Columbia/Legacy",USSM10301666,no
222,"Swinging on a Star (with Jimmy Joyce & His Children's Chorus)","Doris Day, Jimmy Joyce & His Children's Chorus",141,5A,35,2026-08-08,02:02,5,"adult standards, big band","Easy Listening, Jazz","With A Smile And A Song",1960-07-11,63,72,0,78,0,20,-13,C minor,4,2BgjZfNvFKxscNGC7UvMDj,"Columbia/Legacy",USSM19924477,no
223,"Ridin' High (with Neal Hefti & His Orchestra)","Doris Day, Neal Hefti & His Orchestra",132,4B,13,2026-08-08,02:03,2,"adult standards, big band, exotica","Easy Listening, Jazz","Bright & Shiny (with Neal Hefti & His Orchestra)",1961-03-20,55,85,0,39,0,0,-15,G#/A♭,4,5ytRVR9A58IQc7SaruvrVJ,"Columbia/Legacy",USSM10307538,no
224,"I Believe In Dreams","Doris Day",89,3B,17,2026-08-08,02:58,21,"adult standards, big band","Easy Listening, Jazz","I Have Dreamed",1961-04-01,26,95,4,6,0,30,-17,C♯/D♭,3,0ncPkKbatpG3DdNAISVbkz,"Columbia/Legacy",USSM16100147,no
225,"Periwinkle Blue","Doris Day",135,6B,5,2026-08-08,03:20,3,"adult standards, big band","Easy Listening, Jazz","I Have Dreamed",1961-04-01,34,96,13,23,0,10,-22,A#/B♭,3,6IY54qk31ZoQEJUPzYh78J,"Columbia/Legacy",USSM11500913,no
226,"Time to Say Goodnight","Doris Day",104,8A,7,2026-08-08,02:29,19,"adult standards, big band","Easy Listening, Jazz","I Have Dreamed",1961-04-01,24,97,0,7,0,10,-21,A minor,1,1JCyACSMchOr5EVJWwtwZS,"Columbia/Legacy",USSM10000430,no
227,"Be Prepared - Stereo","Doris Day",141,10B,44,2026-08-08,02:31,6,"adult standards, big band","Easy Listening, Jazz","Wonderful Day (Bonus Track Version)",1961-11-21,64,55,0,74,0,10,-11,D,4,4Wk9OR1MiwX1iq64A7PF7c,"Columbia/Legacy",USSM10301644,no
228,"Teacher's Pet (with Frank DeVol & His Orchestra) - From the Film,  Teacher's Pet ","Doris Day, Frank DeVol & His Orchestra",111,7B,27,2026-08-08,02:34,19,"adult standards, big band, man's orchestra","Easy Listening, Jazz","Wonderful Day (Bonus Track Version)",1961-11-21,85,83,0,70,0,10,-10,F,4,7yQUpt4zpWAfBLcNCuVFDA,"Columbia/Legacy",USSM15700095,no
229,"Control Yourself (with The André Previn Trio)","Doris Day, André Previn, André Previn Trio",128,6B,46,2026-08-08,02:57,9,"adult standards, big band, ballet, classical, orchestral, french jazz","Easy Listening, Jazz","Duet",1962-02-22,67,69,0,74,0,10,-11,A#/B♭,3,4RY3NBJoQJy0n0LB4TTZf9,"Columbia",USSM19927361,no
230,"More","Doris Day",88,10B,24,2026-08-08,02:40,34,"adult standards, big band","Easy Listening, Jazz","Love Him",1963-12-16,31,96,2,31,0,10,-16,D,3,17olaaTE9qRZ9CgnqYvgrP,"Legacy Recordings",USSM10009555,no
231,"Can't Help Falling in Love","Doris Day",147,6B,15,2026-08-08,02:41,19,"adult standards, big band","Easy Listening, Jazz","Love Him",1963-12-16,25,95,5,12,0,10,-17,A#/B♭,4,0JVbUJy3Zn00t6jsrCrnjq,"Legacy Recordings",USSM10009548,no
232,"Losing You","Doris Day",67,7B,19,2026-08-08,02:44,10,"adult standards, big band","Easy Listening, Jazz","Love Him",1963-12-16,40,84,0,22,0,10,-15,F,4,77OUzr4pj4um3CMA8wFnQi,"Legacy Recordings",USSM10412631,no
233,"Funny","Doris Day",102,5B,37,2026-08-08,02:47,5,"adult standards, big band","Easy Listening, Jazz","Love Him",1963-12-16,49,93,0,41,0,20,-15,D#/E♭,4,0FwrlqfmL77mGp2UZyak0N,"Legacy Recordings",USSM10903337,no
234,"I've Got My Love to Keep Me Warm (with Frank DeVol & His Orchestra)","Doris Day, Frank DeVol & His Orchestra",129,6B,22,2026-08-08,03:16,15,"adult standards, big band, man's orchestra","Easy Listening, Jazz","The Doris Day Christmas Album",1964-09-14,60,88,0,39,0,20,-8,A#/B♭,4,0piy6Es6928nHtDtHtFyjG,"Columbia",USSM10311106,no
235,"Meditation","Doris Day",106,7A,23,2026-08-08,02:54,22,"adult standards, big band","Easy Listening, Jazz","Latin For Lovers",1965-03-22,45,82,0,30,0,10,-15,D minor,4,7z8EToBsmy2hYb0BcSbF4F,"Columbia/Legacy",USSM10400656,no
236,"Dansero","Doris Day",101,8B,34,2026-08-08,02:22,22,"adult standards, big band","Easy Listening, Jazz","Latin For Lovers",1965-03-22,53,71,0,52,0,20,-12,C,4,79emntt4Tmw9vb3hqfygpb,"Columbia/Legacy",USSM10903327,no
237,"Be True to Me (Sabor a Mi)","Doris Day",81,6B,19,2026-08-08,03:04,40,"adult standards, big band","Easy Listening, Jazz","Latin For Lovers",1965-03-22,56,79,0,43,0,0,-16,A#/B♭,4,11oD51FQdZfO1Ig3togu0P,"Columbia/Legacy",USSM10903326,no
238,"Come to Baby, Do!","Doris Day, Les Brown & His Orchestra",123,3B,23,2026-08-08,02:03,7,"adult standards, big band, swing music","Easy Listening, Jazz","Sentimental Journey",1965-04-01,52,89,0,32,0,10,-13,C♯/D♭,4,0Dzm5qKiuGExLZQWI738pr,"Columbia/Legacy",USSM16400930,no
239,"It Could Happen to You","Doris Day, Les Brown & His Orchestra",68,8B,16,2026-08-08,03:13,8,"adult standards, big band, swing music","Easy Listening, Jazz","Sentimental Journey",1965-04-01,18,91,4,4,0,10,-13,C,5,6ST35kqWIPuQShI2IyOZbo,"Columbia/Legacy",USSM16400937,no
240,"It's Been a Long, Long Time","Doris Day",179,6A,14,2026-08-08,03:19,45,"adult standards, big band","Easy Listening, Jazz","Sentimental Journey",1965-04-01,33,88,0,16,0,10,-14,G minor,3,3hoxqEsJ3Dhg91wS3sKT8b,"Columbia/Legacy",USSM16400938,no
241,"With A Song In My Heart - 78 rpm Version","Doris Day",82,5B,14,2026-08-08,03:07,33,"adult standards, big band","Easy Listening, Jazz","A Day At The Movies",1978-01-01,28,85,0,37,0,40,-15,D#/E♭,4,6pX2pj2rgiMky1DoIJTCoj,"Columbia",USSM10028007,no
242,"Would I Love You (Love You, Love You) (with Harry James & His Orchestra)","Doris Day, Harry James",99,9B,11,2026-08-08,03:00,15,"adult standards, big band, swing music, jazz","Easy Listening, Jazz","16 Most Requested Songs",1992-09-29,42,97,0,51,0,10,-14,G,4,7zk4aPHt7Bv0DyGEMYbUMH,"Legacy/Columbia",USSM10111745,no
243,"You Won't Be Satisfied (Until You Break My Heart) (with Les Brown & His Orchestra)","Doris Day, Les Brown & His Orchestra",74,11A,7,2026-08-08,03:03,21,"adult standards, big band, swing music","Easy Listening, Jazz","16 Most Requested Songs - Encore!",1993-06-22,59,96,0,28,0,0,-13,F#/G♭ minor,4,0BhZe5xJ7c8o9YjcrEn8Qk,"Columbia/Legacy",USSM14500032,no
244,"Canadian Capers (Cuttin' Capers) - from the film  My Dream Is Yours ","Doris Day, John Rarig",87,7B,18,2026-08-08,02:38,5,"adult standards, big band","Easy Listening, Jazz","16 Most Requested Songs - Encore!",1993-06-22,60,88,0,72,10,0,-15,F,4,3Lsh5cVGmHKR7V4Xw8lifs,"Columbia/Legacy",USSM14900030,no
245,"Mister Tap Toe (with Paul Weston & His Orchestra & The Norman Luboff Choir)","Doris Day, Paul Weston And His Orchestra, The Norman Luboff Choir",93,10B,46,2026-08-08,02:13,9,"adult standards, big band, easy listening","Easy Listening, Jazz","16 Most Requested Songs - Encore!",1993-06-22,74,82,0,90,10,30,-14,D,4,1FeI8QH7qdHXGRj4fJb4Nm,"Columbia/Legacy",USSM15200015,no
246,"Tunnel of Love","Doris Day",73,7B,24,2026-08-08,02:11,11,"adult standards, big band","Easy Listening, Jazz","16 Most Requested Songs - Encore!",1993-06-22,68,62,0,87,0,20,-14,F,4,5IiOyosjPGvRnTi8GYKCEC,"Columbia/Legacy",USSM15800065,no
247,"Moonlight Lover","Doris Day",93,8A,24,2026-08-08,02:40,2,"adult standards, big band","Easy Listening, Jazz","Essential Love Songs",2008-10-28,28,94,2,6,0,0,-14,A minor,4,7br3cELafrlMkJKXnLLjpv,"Columbia",USSM10009732,no
248,"While The Music Plays On (with Les Brown & His Orchestra) - 78rpm Version","Doris Day, Les Brown & His Orchestra",97,3A,5,2026-08-08,03:04,1,"adult standards, big band, swing music","Easy Listening, Jazz","Doris Day: Her Life In Music",2004-04-01,43,97,0,32,0,10,-16,A#/B♭ minor,4,2Jp6SSKr4G9KNv1cYYPTkx,"Columbia",USSM10403543,no
249,"Don't Understand","Post Malone",92,9B,31,2026-08-08,03:03,47,"dfw rap, melodic rap, pop, rap","Hip Hop, Pop","AUSTIN (Bonus)",2023-08-02,67,64,0,28,0,10,-8,G,4,72khpWnaVccMIEfJNLbzf4,"Mercury Records/Republic Records",USUM72306011,no
250,"Novacandy","Post Malone",155,12A,72,2026-08-08,03:17,49,"dfw rap, melodic rap, pop, rap","Hip Hop, Pop","AUSTIN (Bonus)",2023-08-02,40,4,0,9,0,10,-5,C♯/D♭ minor,5,0RouqUmBBafKBAH3TdIm8l,"Mercury Records/Republic Records",USUM72306012,yes
251,"Speedometer","Post Malone",114,9B,85,2026-08-08,02:42,47,"dfw rap, melodic rap, pop, rap","Hip Hop, Pop","AUSTIN (Bonus)",2023-08-02,70,1,0,63,0,30,-8,G,4,07MXbWeFj8wrdLVvLCnzWw,"Mercury Records/Republic Records",USUM72306019,no
252,"Green Thumb","Post Malone",87,9B,24,2026-08-08,02:39,44,"dfw rap, melodic rap, pop, rap","Hip Hop, Pop","AUSTIN (Bonus)",2023-08-02,44,74,0,26,0,10,-8,G,3,0onScSO7HtUxKaqxtj0X23,"Mercury Records/Republic Records",USUM72306022,no
253,"Laugh It Off","Post Malone",152,11B,54,2026-08-08,04:06,47,"dfw rap, melodic rap, pop, rap","Hip Hop, Pop","AUSTIN (Bonus)",2023-08-02,49,1,0,25,0,0,-6,A,4,1UdagWdhnDqK9a0aWQpReY,"Mercury Records/Republic Records",USUM72306025,yes
254,"Dial Drunk (with Post Malone)","Noah Kahan, Post Malone",112,4B,61,2026-08-08,03:33,80,"pov: indie, singer-songwriter pop, dfw rap, melodic rap, pop, rap","Hip Hop, Pop","Dial Drunk (with Post Malone)",2023-07-18,67,12,0,69,0,10,-7,G#/A♭,4,22VHOlVYBqytsrAqV8yXBK,"Mercury Records/Republic Records",USUM72308676,yes
255,"It's A Raid (feat. Post Malone)","Ozzy Osbourne, Post Malone",117,3B,100,2026-08-08,04:20,44,"metal, glam metal, heavy metal, hard rock, dfw rap, melodic rap, pop, rap","Hip Hop, Pop","Ordinary Man",2020-02-21,47,1,0,11,10,30,-1,C♯/D♭,4,4CEFxa53bQl45kF3Fq6CeD,"Epic",USSM11914693,yes
256,"Livin It Up (with Post Malone & A$AP Rocky)","Young Thug, A$AP Rocky, Post Malone",83,9B,31,2026-08-08,03:30,61,"rap, melodic rap, trap, dfw rap, pop","Hip Hop, Pop","Punk",2021-10-15,77,84,0,77,0,10,-12,G,4,7zjEyeBsaw9gV0jofJLfOM,"300 Entertainment/Atl",USAT22106837,yes
257,"Notice Me","Migos, Post Malone",166,2B,34,2026-08-08,03:53,66,"trap, dfw rap, melodic rap, pop, rap","Hip Hop, Pop","Culture II",2018-01-26,79,11,0,45,30,10,-10,F#/G♭,4,3OnOomd79OjqSYHchCQ6ht,"Quality Control Music, LLC",USUM71800988,yes
258,"Senior Skip Day","Mac Miller",108,4A,73,2026-08-08,02:55,1,"hip hop, pittsburgh rap, rap","Hip Hop","K.I.D.S. (Deluxe)",2010-08-13,52,55,0,81,30,80,-5,F minor,4,0zbJBmwyV8CxJKnrHaI33Y,"Rostrum Records",USQY51771118,yes
259,"Don't Mind If I Do","Mac Miller",105,2B,92,2026-08-08,02:18,0,"hip hop, pittsburgh rap, rap","Hip Hop","K.I.D.S. (Deluxe)",2010-08-13,74,15,0,71,20,30,-5,F#/G♭,4,1U6Ejld67ky0fyVFv7bXH5,"Rostrum Records",USA2P2015960,yes
260,"Poppy","Mac Miller",95,9B,70,2026-08-08,02:52,0,"hip hop, pittsburgh rap, rap","Hip Hop","K.I.D.S. (Deluxe)",2010-08-13,81,51,0,46,20,10,-6,G,4,5Gj7W57qceatN2d9LwckVZ,"Rostrum Records",USA2P2015966,no
261,"Face In The Crowd","Mac Miller",98,7A,92,2026-08-08,03:28,0,"hip hop, pittsburgh rap, rap","Hip Hop","K.I.D.S. (Deluxe)",2010-08-13,41,23,0,18,40,20,-6,D minor,4,71oqFtJ3oLSCdlktITJHGK,"Rostrum Records",USA2P2015967,yes
262,"English Lane","Mac Miller",142,4B,51,2026-08-08,01:37,0,"hip hop, pittsburgh rap, rap","Hip Hop","Blue Slide Park",2011-11-08,26,19,0,23,0,10,-10,G#/A♭,4,54zPUHdKJVCaT8LJWK8U5m,"Rostrum Records",USQY51145576,yes
263,"Party On Fifth Ave.","Mac Miller",98,11B,82,2026-08-08,02:53,0,"hip hop, pittsburgh rap, rap","Hip Hop","Blue Slide Park",2011-11-08,62,6,0,66,30,10,-5,A,4,6WMqBpW8oKyTRE0GSOyyAa,"Rostrum Records",USQY51145578,yes
264,"Frick Park Market","Mac Miller",156,2B,81,2026-08-08,03:17,1,"hip hop, pittsburgh rap, rap","Hip Hop","Blue Slide Park",2011-11-08,59,2,0,23,0,20,-6,F#/G♭,4,4zWAI3re2nG4MxYbnu6g43,"Rostrum Records",USQY51124086,yes
265,"Under The Weather","Mac Miller",120,6B,79,2026-08-08,04:20,0,"hip hop, pittsburgh rap, rap","Hip Hop","Blue Slide Park",2011-11-08,72,13,0,61,10,30,-5,A#/B♭,4,7qdaW0GN4jcAhZg3hSozrY,"Rostrum Records",USQY51145581,yes
266,"Of The Soul","Mac Miller",89,7A,70,2026-08-08,03:33,0,"hip hop, pittsburgh rap, rap","Hip Hop","Blue Slide Park",2011-11-08,47,64,0,40,30,0,-8,D minor,4,1SvYPWWGLsdnTTeqlmD2i1,"Rostrum Records",USQY51145582,yes
267,"Missed Calls","Mac Miller",170,7B,54,2026-08-08,02:58,4,"hip hop, pittsburgh rap, rap","Hip Hop","Blue Slide Park",2011-11-08,56,64,0,46,10,10,-10,F,4,2ySc7XpO3sdt01UG986MwE,"Rostrum Records",USQY51145588,yes
268,"Man In The Hat","Mac Miller",128,9B,79,2026-08-08,03:16,0,"hip hop, pittsburgh rap, rap","Hip Hop","Blue Slide Park",2011-11-08,78,55,0,55,20,10,-8,G,4,04N1MbUzkfZ3k1Arz0R9RW,"Rostrum Records",USQY51145589,yes
269,"Thoughts from a Balcony","Mac Miller",87,2B,64,2026-08-08,03:05,2,"hip hop, pittsburgh rap, rap","Hip Hop","Macadelic",2012-03-23,48,16,0,48,30,10,-6,F#/G♭,4,1DWDoxqAXqMJ4B8QUMaQUw,"Rostrum Records",USQY51771119,yes
270,"Lucky Ass Bitch (with Juicy J)","Mac Miller, Juicy J",146,12A,63,2026-08-08,04:17,0,"hip hop, pittsburgh rap, rap, crunk","Hip Hop","Macadelic",2012-03-23,74,1,0,20,20,60,-6,C♯/D♭ minor,4,5Ec3FoZR4X6SRHyCle3qHS,"Rostrum Records",USQY51352271,yes
271,"The Question (feat. Lil Wayne)","Mac Miller, Lil Wayne",135,6B,58,2026-08-08,06:11,1,"hip hop, pittsburgh rap, rap","Hip Hop","Macadelic",2012-03-23,74,6,0,27,10,10,-6,A#/B♭,4,29tKprMGnf4yxIhWmN0NHq,"Rostrum Records",USA2P1829660,yes
272,"Clarity","Mac Miller",82,3B,43,2026-08-08,04:35,0,"hip hop, pittsburgh rap, rap","Hip Hop","Macadelic",2012-03-23,58,65,0,16,0,10,-6,C♯/D♭,4,61cmcXRr8bPtjYqETFc10p,"Rostrum Records",USQY51782506,no
273,"America (feat. Casey Veggies & Joey Bada$$)","Mac Miller, Casey Veggies, Joey Bada$$",90,3A,76,2026-08-08,04:33,0,"hip hop, pittsburgh rap, rap, underground hip hop, jazz rap","Hip Hop","Macadelic",2012-03-23,79,6,25,68,10,10,-6,A#/B♭ minor,4,4nqKmqW4O2XG9kyeVIrKLg,"Rostrum Records",USA2P1829663,yes
274,"Fuck 'Em All","Mac Miller",154,12B,69,2026-08-08,04:23,0,"hip hop, pittsburgh rap, rap","Hip Hop","Macadelic",2012-03-23,66,20,0,25,30,10,-7,E,4,57waO9hURX8nFUh0bE1cB2,"Rostrum Records",USA2P1829664,yes
275,"The Star Room","Mac Miller",76,4B,68,2026-08-08,04:35,0,"hip hop, pittsburgh rap, rap","Hip Hop","Watching Movies with the Sound Off",2013-06-18,44,59,0,36,10,40,-6,G#/A♭,4,0XKY9XFuaI0VdM2m4r11jq,"Rostrum Records",USQY51374451,yes
276,"Bird Call","Mac Miller",100,3B,79,2026-08-08,02:08,0,"hip hop, pittsburgh rap, rap","Hip Hop","Watching Movies with the Sound Off",2013-06-18,69,23,0,63,20,40,-9,C♯/D♭,4,6F5afjjcdAXJdjHuGCo6KN,"Rostrum Records",USQY51374454,yes
277,"Matches (feat. Ab-Soul)","Mac Miller, Ab-Soul",138,3A,74,2026-08-08,02:58,0,"hip hop, pittsburgh rap, rap, conscious hip hop, underground hip hop","Hip Hop","Watching Movies with the Sound Off",2013-06-18,71,19,0,46,30,30,-6,A#/B♭ minor,4,51I63p6gnbQhty1mlhvnME,"Rostrum Records",USQY51374455,yes
278,"I Am Who Am (Killin' Time) [feat. Niki Randa]","Mac Miller, Niki Randa",76,9A,62,2026-08-08,05:01,0,"hip hop, pittsburgh rap, rap","Hip Hop","Watching Movies with the Sound Off",2013-06-18,37,61,0,18,20,10,-8,E minor,4,0VY16z1dVA9wUTeEtB0MQo,"Rostrum Records",USQY51374456,yes
279,"Gees (feat. ScHoolboy Q)","Mac Miller, ScHoolboy Q",188,3B,66,2026-08-08,02:55,0,"hip hop, pittsburgh rap, rap, gangster rap, pop rap, southern hip hop, trap","Hip Hop, Pop","Watching Movies with the Sound Off",2013-06-18,62,15,0,60,30,60,-5,C♯/D♭,4,3QtvqDE3siGOPPZns8aLz8,"Rostrum Records",USQY51374459,yes
280,"Watching Movies","Mac Miller",135,3A,73,2026-08-08,03:40,0,"hip hop, pittsburgh rap, rap","Hip Hop","Watching Movies with the Sound Off",2013-06-18,69,14,0,31,20,30,-5,A#/B♭ minor,4,0T4kiQBWtwhr6OZVrT80a8,"Rostrum Records",USQY51374460,yes
281,"REMember","Mac Miller",140,11B,44,2026-08-08,04:28,0,"hip hop, pittsburgh rap, rap","Hip Hop","Watching Movies with the Sound Off",2013-06-18,47,8,0,7,10,10,-11,A,4,6yjekc5TcpS4zBVkRbY7zP,"Rostrum Records",USQY51374462,yes
282,"Aquarium","Mac Miller",142,9A,77,2026-08-08,04:38,0,"hip hop, pittsburgh rap, rap","Hip Hop","Watching Movies with the Sound Off",2013-06-18,51,39,0,42,10,60,-7,E minor,4,0WZ2PLxrMuEOLqmjJ1NbwF,"Rostrum Records",USQY51374464,yes
283,"Youforia","Mac Miller",181,4B,62,2026-08-08,04:01,0,"hip hop, pittsburgh rap, rap","Hip Hop","Watching Movies with the Sound Off",2013-06-18,14,11,0,9,0,10,-6,G#/A♭,3,6d8ynkdBYsFdX7xOxw3ZsV,"Rostrum Records",USQY51374465,yes
284,"Eggs Aisle","Mac Miller",90,12A,57,2026-08-08,02:40,0,"hip hop, pittsburgh rap, rap","Hip Hop","Live From Space",2013-12-17,60,6,0,40,0,10,-6,C♯/D♭ minor,4,4uPGQVcaiUGnNgEDYp0aol,"Rostrum Records",USQY51401787,yes
285,"Earth (feat. Future)","Mac Miller, Future",84,3B,48,2026-08-08,04:16,0,"hip hop, pittsburgh rap, rap, trap","Hip Hop","Live From Space",2013-12-17,76,11,0,64,10,10,-8,C♯/D♭,4,4of212tKuGPXX0TckB3FYx,"Rostrum Records",USQY51401788,yes
286,"Black Bush","Mac Miller",78,7B,54,2026-08-08,03:10,0,"hip hop, pittsburgh rap, rap","Hip Hop","Live From Space",2013-12-17,71,30,0,28,0,20,-8,F,4,2aiKE0EfMZDU5yK0qpTMi8,"Rostrum Records",USQY51401790,yes
287,"Rush Hour","Mac Miller",164,11A,47,2026-08-08,03:21,63,"hip hop, pittsburgh rap, rap","Hip Hop","GO:OD AM",2015-09-18,60,26,0,30,20,10,-5,F#/G♭ minor,4,09VACB0akCnPueTFnjN5Pn,"Warner Records",USWB11508640,yes
288,"Two Matches (feat. Ab-Soul)","Mac Miller, Ab-Soul",80,10B,87,2026-08-08,04:36,52,"hip hop, pittsburgh rap, rap, conscious hip hop, underground hip hop","Hip Hop","GO:OD AM",2015-09-18,62,20,0,49,30,50,-5,D,4,5dhYmSVGhAVVSf5uTwj7hv,"Warner Records",USWB11508641,yes
289,"100 Grandkids","Mac Miller",94,3A,75,2026-08-08,04:38,62,"hip hop, pittsburgh rap, rap","Hip Hop","GO:OD AM",2015-09-18,74,37,0,37,0,40,-4,A#/B♭ minor,4,4z0PnuB07fxtVZZRWsCfxb,"Warner Records",USWB11508205,yes
290,"Weekend (feat. Miguel)","Mac Miller, Miguel",120,4B,44,2026-08-08,03:28,78,"hip hop, pittsburgh rap, rap, r&b","Hip Hop, R&B","GO:OD AM",2015-09-18,84,47,0,19,10,10,-8,G#/A♭,4,6GnhWMhgJb7uyiiPEiEkDA,"Warner Records",USWB11508643,yes
291,"Clubhouse","Mac Miller",115,5A,62,2026-08-08,03:00,63,"hip hop, pittsburgh rap, rap","Hip Hop","GO:OD AM",2015-09-18,79,24,0,91,20,20,-6,C minor,4,7rdyAfIm1t6h6I1gyLtD17,"Warner Records",USWB11508644,yes
292,"Break the Law","Mac Miller",148,3A,78,2026-08-08,03:15,55,"hip hop, pittsburgh rap, rap","Hip Hop","GO:OD AM",2015-09-18,46,19,0,44,20,10,-5,A#/B♭ minor,4,7qfur8OfEOABgenV3Wf0JK,"Warner Records",USWB11508206,yes
293,"Ascension","Mac Miller",120,4B,52,2026-08-08,04:52,65,"hip hop, pittsburgh rap, rap","Hip Hop","GO:OD AM",2015-09-18,76,35,0,34,10,10,-6,G#/A♭,4,19CkkPInDRDIOlqfrz1mVn,"Warner Records",USWB11508650,yes
294,"goriLLA蛇L","Sawano Hiroyuki",115,9B,77,2026-08-08,04:15,28,"anime, soundtrack","Pop, Classical, Easy Listening","キルラキル コンプリートサウンドトラック",2013-00-00,56,0,87,27,0,30,-8,G,4,1xa9XfbtoHbTpSnrQLo4yr,"Aniplex Inc.",JPE301302906,no
295,"Donald Trump","Mac Miller",82,12A,94,2026-08-08,02:44,8,"hip hop, pittsburgh rap, rap","Hip Hop","Best Day Ever (5th Anniversary Remastered Edition)",2016-06-03,72,3,0,80,10,30,-5,C♯/D♭ minor,4,6Aa7aDayiQHnUw1dUvdneZ,"Rostrum Records",USA2P1173908,yes
296,"Oy Vey","Mac Miller",152,3B,82,2026-08-08,03:28,0,"hip hop, pittsburgh rap, rap","Hip Hop","Best Day Ever (5th Anniversary Remastered Edition)",2016-06-03,75,3,0,47,20,10,-6,C♯/D♭,4,4FsrcB6nJKtWHMIt0TxTEj,"Rostrum Records",QZ3GT1600001,yes
297,"Wake Up","Mac Miller",109,9A,78,2026-08-08,03:54,0,"hip hop, pittsburgh rap, rap","Hip Hop","Best Day Ever (5th Anniversary Remastered Edition)",2016-06-03,74,5,0,64,10,20,-5,E minor,4,3xe8zoZxRH2mSWCLwKZLwp,"Rostrum Records",QZ3GT1600004,yes
298,"In the Air","Mac Miller",141,4B,42,2026-08-08,02:53,0,"hip hop, pittsburgh rap, rap","Hip Hop","Best Day Ever (5th Anniversary Remastered Edition)",2016-06-03,63,87,0,42,0,10,-10,G#/A♭,4,3DkjqFo9IeRA51GtNlRPVJ,"Rostrum Records",QZ3GT1600007,yes
299,"Play Ya Cards","Mac Miller",110,9B,75,2026-08-08,02:18,0,"hip hop, pittsburgh rap, rap","Hip Hop","Best Day Ever (5th Anniversary Remastered Edition)",2016-06-03,75,32,0,83,10,10,-3,G,4,0oJQ12o0QO9pXals8g02kU,"Rostrum Records",QZ3GT1600008,yes
300,"Life Ain't Easy","Mac Miller",189,9B,80,2026-08-08,02:37,0,"hip hop, pittsburgh rap, rap","Hip Hop","Best Day Ever (5th Anniversary Remastered Edition)",2016-06-03,44,3,0,63,20,20,-4,G,4,7wiRNW65T1hmVSlmlzpjGy,"Rostrum Records",QZ3GT1600010,yes
301,"Keep Floatin' (feat. Wiz Khalifa)","Mac Miller, Wiz Khalifa",140,4A,72,2026-08-08,04:23,0,"hip hop, pittsburgh rap, rap, pop rap, southern hip hop, trap","Hip Hop, Pop","Best Day Ever (5th Anniversary Remastered Edition)",2016-06-03,70,8,0,35,10,10,-7,F minor,4,14qCM2eXa3DEqTxsC2uylp,"Rostrum Records",QZ3GT1600012,yes
302,"Congratulations (feat. Bilal)","Mac Miller, Bilal",58,9A,23,2026-08-08,04:16,80,"hip hop, pittsburgh rap, rap, neo soul","Hip Hop, R&B","The Divine Feminine",2016-09-16,47,95,0,21,0,10,-13,E minor,4,1OubIZ0ARYCUq5kceYUQiO,"Warner Records",USWB11601434,yes
303,"Dang! (feat. Anderson .Paak)","Mac Miller, Anderson .Paak",107,4A,67,2026-08-08,05:05,73,"hip hop, pittsburgh rap, rap, escape room, indie soul, neo soul","Electronic, Hip Hop, R&B","The Divine Feminine",2016-09-16,84,1,0,56,20,0,-7,F minor,4,5iUQMwxUPdJBFeGkePtM66,"Warner Records",USWB11601217,yes
304,"Stay","Mac Miller",134,2B,56,2026-08-08,05:26,66,"hip hop, pittsburgh rap, rap","Hip Hop","The Divine Feminine",2016-09-16,74,57,0,55,10,60,-7,F#/G♭,4,4brX8MJs5hxErgq48f9REO,"Warner Records",USWB11601435,yes
305,"Planet God Damn (feat. Njomza)","Mac Miller, NJOMZA",173,8A,49,2026-08-08,03:11,60,"hip hop, pittsburgh rap, rap, deep house","Hip Hop","The Divine Feminine",2016-09-16,64,63,0,43,60,10,-13,A minor,4,7bd0BC9RNR6GxJsM3pRwBw,"Warner Records",USWB11601438,yes
306,"Soulmate","Mac Miller",111,3B,53,2026-08-08,04:32,70,"hip hop, pittsburgh rap, rap","Hip Hop","The Divine Feminine",2016-09-16,61,13,0,56,50,10,-7,C♯/D♭,4,2puHJmjL4jvO19aEA7kzcb,"Warner Records",USWB11601439,no
307,"What's the Use?","Mac Miller",105,12A,49,2026-08-08,04:48,72,"hip hop, pittsburgh rap, rap","Hip Hop","Swimming",2018-08-03,76,74,1,56,10,10,-10,C♯/D♭ minor,4,2dgrYdgguVZKeCsrVb9XEs,"Warner Records",USWB11801213,yes
308,"Wings","Mac Miller",119,4B,33,2026-08-08,04:10,69,"hip hop, pittsburgh rap, rap","Hip Hop","Swimming",2018-08-03,66,82,0,35,10,10,-9,G#/A♭,4,16umSNZfofRpDqTvf8DIAo,"Warner Records",USWB11801216,yes
309,"Ladders","Mac Miller",104,4B,46,2026-08-08,04:47,74,"hip hop, pittsburgh rap, rap","Hip Hop","Swimming",2018-08-03,80,24,1,29,10,10,-8,G#/A♭,4,39NDBdU5Xkm5pCFGa5kZtI,"Warner Records",USWB11801217,yes
310,"2009","Mac Miller",155,11A,50,2026-08-08,05:47,70,"hip hop, pittsburgh rap, rap","Hip Hop","Swimming",2018-08-03,53,77,0,17,50,10,-9,F#/G♭ minor,4,6dFn6my1sHK2bcf23GlHwM,"Warner Records",USWB11801221,yes
311,"So It Goes","Mac Miller",148,8B,56,2026-08-08,05:12,62,"hip hop, pittsburgh rap, rap","Hip Hop","Swimming",2018-08-03,58,81,13,29,20,0,-6,C,4,0EA2RhRHL4KWeNa7JfD1Yw,"Warner Records",USWB11801222,yes
312,"Complicated","Mac Miller",75,8B,36,2026-08-08,03:52,48,"hip hop, pittsburgh rap, rap","Hip Hop","Circles (Deluxe)",2020-03-19,83,14,0,60,0,0,-8,C,4,2GgG5EVjKccjAwCDJM0ogG,"Warner Records",USWB11801007,no
313,"Blue World","Mac Miller",85,4B,55,2026-08-08,03:29,50,"hip hop, pittsburgh rap, rap","Hip Hop","Circles (Deluxe)",2020-03-19,74,39,0,51,40,0,-9,G#/A♭,4,2Fii5F4XnVdWmWEVneqzLy,"Warner Records",USWB11801009,yes
314,"Good News","Mac Miller",174,12A,32,2026-08-08,05:42,51,"hip hop, pittsburgh rap, rap","Hip Hop","Circles (Deluxe)",2020-03-19,79,85,13,24,10,10,-13,C♯/D♭ minor,4,5rhMc6IqSdVsyF7bRieSTc,"Warner Records",USWB11801008,no
315,"I Can See","Mac Miller",115,4A,50,2026-08-08,03:40,47,"hip hop, pittsburgh rap, rap","Hip Hop","Circles (Deluxe)",2020-03-19,70,39,1,5,0,10,-10,F minor,4,6yO8JQe2bNZgb4xd5OA3ZR,"Warner Records",USWB11801011,no
316,"Hand Me Downs","Mac Miller",69,10B,33,2026-08-08,04:58,50,"hip hop, pittsburgh rap, rap","Hip Hop","Circles (Deluxe)",2020-03-19,68,47,0,34,10,0,-11,D,4,1YIy56OJyVpuzoTQYiqkpg,"Warner Records",USWB11801014,no
317,"Once A Day","Mac Miller",97,7A,5,2026-08-08,02:40,47,"hip hop, pittsburgh rap, rap","Hip Hop","Circles (Deluxe)",2020-03-19,76,95,0,34,0,10,-17,D minor,4,5mBGFJ0eurFKOTmWxY3ron,"Warner Records",USWB11801017,no
318,"Floating","Mac Miller",135,5B,39,2026-08-08,04:14,53,"hip hop, pittsburgh rap, rap","Hip Hop","Circles (Deluxe)",2020-03-19,51,67,5,36,0,10,-12,D#/E♭,4,7BCzMKLKQwVSLtZcDGJTJt,"Warner Records",USWB12000003,no
319,"Angel Dust","Mac Miller",78,7B,82,2026-08-08,03:42,56,"hip hop, pittsburgh rap, rap","Hip Hop","Faces",2021-10-15,63,47,0,41,20,40,-5,F,4,1RkPqBGgFNPxdzlGD2Ar0m,"Warner Records",USWB12103313,yes
320,"Therapy","Mac Miller",140,12A,66,2026-08-08,04:08,54,"hip hop, pittsburgh rap, rap","Hip Hop","Faces",2021-10-15,63,3,0,39,10,30,-7,C♯/D♭ minor,4,1GrnyQe1SFOb1T5vb5T54q,"Warner Records",USWB12103317,yes
321,"Rain (feat. Vince Staples)","Mac Miller, Vince Staples",177,8B,74,2026-08-08,02:33,64,"hip hop, pittsburgh rap, rap, conscious hip hop, underground hip hop","Hip Hop","Faces",2021-10-15,44,53,0,68,30,10,-6,C,4,5P4Dow1Jc2NhkknIuPi5Nd,"Warner Records",USWB12103325,yes
322,"Grand Finale","Mac Miller",78,10B,72,2026-08-08,03:31,52,"hip hop, pittsburgh rap, rap","Hip Hop","Faces",2021-10-15,61,19,0,33,10,10,-5,D,3,1dhb0Dus4aB9jkGgBQE1ol,"Warner Records",USWB12103328,yes
323,"The Scoop On Heaven","Mac Miller",94,3B,92,2026-08-08,02:43,1,"hip hop, pittsburgh rap, rap","Hip Hop","I Love Life, Thank You",2022-07-22,64,5,0,81,20,10,-4,C♯/D♭,4,2nZPwKpV75BQpn9snGy2xG,"Rostrum Records",USA2P2212492,yes
324,"Love Lost","Mac Miller, The Temper Trap",110,10B,81,2026-08-08,02:42,11,"hip hop, pittsburgh rap, rap, indietronica, modern rock, shimmer pop","Hip Hop, Rock","I Love Life, Thank You",2022-07-22,74,53,0,58,10,10,-4,D,4,2z9iuAxKv4TTeCrPAxxKg9,"Rostrum Records",USA2P2212493,yes
325,"The Miller Family Reunion","Mac Miller",96,8B,66,2026-08-08,02:40,0,"hip hop, pittsburgh rap, rap","Hip Hop","I Love Life, Thank You",2022-07-22,73,6,0,43,20,20,-6,C,4,1CViPSuBCYHDbqjaJU1Ot0,"Rostrum Records",USA2P2212497,yes
326,"Just a Kid","Mac Miller",96,9B,86,2026-08-08,02:47,0,"hip hop, pittsburgh rap, rap","Hip Hop","I Love Life, Thank You",2022-07-22,56,8,0,60,30,20,-5,G,4,4lcSVITj3FzWymE9HCIuC2,"Rostrum Records",USA2P2212499,yes
327,"All This","Mac Miller",160,7B,85,2026-08-08,03:33,0,"hip hop, pittsburgh rap, rap","Hip Hop","I Love Life, Thank You",2022-07-22,57,18,0,37,20,0,-4,F,4,1YT0k1GtjGVJww2HZlxeWU,"Rostrum Records",USA2P2212501,yes
328,"Put It On","Mac Miller",180,11B,73,2026-08-08,03:15,0,"hip hop, pittsburgh rap, rap","Hip Hop","On And On And Beyond",2011-03-29,41,3,0,60,10,10,-8,A,4,0AE542XwsQnQ6NRiCWzYMV,"Rostrum Records",USA2P1134281,yes
329,"Live Free","Mac Miller",185,1A,67,2026-08-08,03:13,0,"hip hop, pittsburgh rap, rap","Hip Hop","On And On And Beyond",2011-03-29,48,48,0,70,40,40,-9,G#/A♭ minor,4,6Z5vOcIcyTbsLMb08duWcB,"Rostrum Records",USA2P1134282,yes
330,"Mac Miller & The Most Dope Family Theme Song","Mac Miller",170,2B,93,2026-08-08,00:32,0,"hip hop, pittsburgh rap, rap","Hip Hop","Mac Miller & The Most Dope Family Theme Song",2013-04-02,51,18,0,67,50,70,-6,F#/G♭,4,3gwuK1aWvs9TJVzG4lJeEw,"Rostrum Records",USQY51354491,no
331,"Programs","Mac Miller",135,3A,57,2026-08-08,03:10,66,"hip hop, pittsburgh rap, rap","Hip Hop","Programs",2018-05-28,88,8,0,47,20,20,-7,A#/B♭ minor,4,1883mCuSqnfnrWoq8i3myH,"Warner Records",USWB11801058,yes
332,"Time","Free Nationals, Mac Miller, Kali Uchis",89,8A,77,2026-08-08,03:30,49,"alternative r&b, indie soul, hip hop, pittsburgh rap, rap, colombian pop","Pop, R&B, Hip Hop","Time",2019-06-12,46,52,0,30,30,0,-7,A minor,4,05v5mPkLAOoa7M5tnXXOwq,"OBE, LLC / EMPIRE",USUYG1258274,yes
333,"C4","Sap, Mac Miller",142,10B,80,2026-08-08,02:43,37,"hip hop, pittsburgh rap, rap","Hip Hop","Self Employed",2016-03-04,70,2,0,43,0,20,-6,D,4,3NiqzLj51KIwM9yMfai276,"The Pioneer Crew",USUYG1095681,yes
334,"Fast Life","Hardo, Mac Miller, NJOMZA",161,4B,81,2026-08-08,02:57,39,"pittsburgh rap, hip hop, rap, deep house","Hip Hop","Trapnati",2015-05-01,44,1,0,28,20,30,-5,G#/A♭,4,2RWkIaFKbvK6bNkVi4WDLt,"Trap Illustrated",USUYG1069817,yes
335,"Can I Live","Casey Veggies, Mac Miller",180,12A,91,2026-08-08,03:57,0,"underground hip hop, hip hop, pittsburgh rap, rap","Hip Hop","Sleeping in Class",2011-09-20,43,0,0,61,40,30,-3,C♯/D♭ minor,4,4gX5wWBuArhoyV17bVPeBb,"Peas & Carrots Intl.",US3DF1115171,no
336,"Toussa Toussa - New Version","disiz, Mac Miller",92,10A,86,2026-08-08,02:57,3,"french rap, hip hop, pittsburgh rap, rap","Hip Hop","Extra-lucide",2012-10-29,76,41,0,47,20,10,-6,B minor,4,0I2gBQZ3wQgN8XXFft7gwS,"Argentic Music / Capitol",FRW911202857,no
337,"Come On Baby","Cookin Soul, Mac Miller",91,12A,92,2026-08-08,02:20,43,"boom bap espanol, hip hop, pittsburgh rap, rap","Hip Hop","Good Job",2021-09-30,61,1,0,44,20,20,-5,C♯/D♭ minor,4,0SWUDrensIYvq2isnz2Keh,"Cookin Soul Records",QZMEM2105110,yes
338,"Day Before (with Mac Miller)","Young Thug, Mac Miller",91,8B,44,2026-08-08,02:15,57,"rap, melodic rap, trap, hip hop, pittsburgh rap","Hip Hop","Punk",2021-10-15,74,81,0,70,20,20,-13,C,4,2eYsZ2JEq63Q0S8LQVscBm,"300 Entertainment/Atl",USAT22106861,yes
339,"Sexo","Árbol",151,11B,96,2026-08-08,02:22,14,"argentine rock","","Árbol",1999-01-01,57,0,0,82,0,0,-4,A,4,5Fwy7MDy54dOiSsDYYLcfj,"Surco",ARF149900129,no
340,"Luna","Árbol",96,11A,62,2026-08-08,05:09,19,"argentine rock","","Árbol",1999-01-01,54,0,0,13,0,10,-6,F#/G♭ minor,4,5bV9zGRzNPDb9EAE0qyKwf,"Surco",ARF149900130,no
341,"Juana's","Árbol",149,9B,92,2026-08-08,02:12,10,"argentine rock","","Árbol",1999-01-01,38,1,0,54,10,50,-6,G,4,27JTbZdAuCDJsxWPflkNLX,"Surco",ARF149900131,no
342,"Cruces","Árbol",146,8B,97,2026-08-08,02:04,15,"argentine rock","","Árbol",1999-01-01,55,0,1,64,10,0,-3,C,4,0P8Ri8WDoZT1C40kY8Rz7v,"Surco",ARF149900133,no
343,"El Baile","Árbol",188,9B,81,2026-08-08,02:54,17,"argentine rock","","Árbol",1999-01-01,33,5,0,62,30,30,-6,G,3,0HeakXEYu9SdjzkVD7yNe9,"Surco",ARF149900135,no
344,"Chajal","Árbol",100,3A,92,2026-08-08,03:52,10,"argentine rock","","Árbol",1999-01-01,69,0,0,83,0,0,-5,A#/B♭ minor,4,3isHDI7Hix0q3tTkiFQOJF,"Surco",ARF149900136,no
345,"Latino","Árbol",142,10B,90,2026-08-08,02:15,9,"argentine rock","","Árbol",1999-01-01,62,0,1,73,0,0,-5,D,4,11rjiVHRVqAjlcBR2Isrh6,"Surco",ARF149900137,no
346,"Periferia","Árbol",102,10B,95,2026-08-08,02:52,8,"argentine rock","","Árbol",1999-01-01,44,0,3,38,0,10,-4,D,4,2MnvaVpLF1orXTCKu4C4Wr,"Surco",ARF149900139,no
347,"De Arriba, De Abajo","Árbol",125,12B,70,2026-08-08,03:36,27,"argentine rock","","Chapusong",2002-01-01,65,1,0,42,0,30,-5,E,4,6ScyFEVQF0RDqEBAVjLQ6P,"Surco",ARF140200085,yes
348,"Cosa Cuosa","Árbol",104,9A,98,2026-08-08,02:20,27,"argentine rock","","Chapusong",2002-01-01,47,0,0,73,10,10,-3,E minor,4,2oNknLgcZHITboSefojXao,"Surco",ARF140200091,yes
349,"Vomitando Flores","Árbol",113,10B,83,2026-08-08,02:51,29,"argentine rock","","Chapusong",2002-01-01,66,5,0,80,0,10,-4,D,5,1x6X1grwEKZPGppS8LZaWs,"Surco",ARF140200094,yes
350,"Dale Vida","Árbol",97,7A,48,2026-08-08,03:57,24,"argentine rock","","Chapusong",2002-01-01,66,23,0,29,0,10,-9,D minor,3,0PrBw6rYmI0fijdmYyqU9x,"Surco",ARF140200096,yes
351,"Suerte!","Árbol",100,2B,90,2026-08-08,02:39,40,"argentine rock","","GUAU!",2005-01-01,60,1,0,70,0,0,-2,F#/G♭,4,2SmmevhFsgczaqU8pUDgaN,"Surco",USUM70506619,no
352,"Mariposas","Árbol",162,11B,93,2026-08-08,02:18,32,"argentine rock","","GUAU!",2005-01-01,49,1,0,81,0,20,-3,A,4,0grNELIxKngV6ozzbRZgQ5,"Surco",USUM70506650,no
353,"Palabras","Árbol",168,8B,86,2026-08-08,02:34,16,"argentine rock","","Hormigas",2007-11-11,54,0,0,82,0,30,-4,C,4,4k4UFaN8oBcJuicZOv1HPr,"Pop Art",ARF470700318,no
354,"Plata","Árbol",184,9B,37,2026-08-08,02:10,19,"argentine rock","","Hormigas",2007-11-11,72,75,0,89,10,10,-7,G,4,4fbLvRh5EUwmlT0hBHmFjp,"Pop Art",ARF470700322,no
355,"Sobrinos","Árbol",87,8B,66,2026-08-08,04:59,12,"argentine rock","","Hormigas",2007-11-11,64,2,4,56,0,10,-6,C,4,61dEvTbYBVUwc9InXJzDEG,"Pop Art",ARF470700326,no
356,"Ronca","Árbol",138,12B,73,2026-08-08,03:43,14,"argentine rock","","Hormigas",2007-11-11,80,11,0,78,20,10,-6,E,4,7mZhunTWClTv8Fd3EpaN2G,"Pop Art",ARF470700328,no
357,"Puñal","Árbol",160,4B,98,2026-08-08,02:33,19,"argentine rock","","No Me Etiquetes",2010-12-03,47,1,0,82,10,30,-4,G#/A♭,4,2gMTL7OIvsZfyhkGYnPRft,"Pop Art",ARF470900175,no
358,"Ji Jó","Árbol",104,8B,62,2026-08-08,02:40,19,"argentine rock","","No Me Etiquetes",2010-12-03,84,3,0,96,0,0,-6,C,4,0Xp272UKXCS3KPt8bTcZ7y,"Pop Art",ARF470900178,no
359,"Es verano","Árbol",96,10B,69,2026-08-08,03:34,9,"argentine rock","","No Me Etiquetes",2010-12-03,57,2,0,33,0,20,-6,D,4,3fO1zbIlaEH3Qs3Y47Lpyz,"Pop Art",ARF470900179,no
360,"Paquita","Árbol",150,8B,85,2026-08-08,02:19,9,"argentine rock","","No Me Etiquetes",2010-12-03,45,7,0,96,0,0,-5,C,4,0dlDrMiUkEZGAxr0tgJePk,"Pop Art",ARF470900180,no
361,"Yo soy lo más","Árbol",186,9A,98,2026-08-08,02:31,19,"argentine rock","","No Me Etiquetes",2010-12-03,52,3,0,90,0,10,-4,E minor,4,1S1sT45KqYiAEiL2XNCSjf,"Pop Art",ARF470900181,no
362,"Corazón de naranja","Árbol",114,11B,92,2026-08-08,02:49,24,"argentine rock","","No Me Etiquetes",2010-12-03,63,7,0,47,0,60,-5,A,4,01uZ4fn8EMK9bPW3Frf74m,"Pop Art",ARF470900182,no
363,"Etiquetas","Árbol",180,10B,97,2026-08-08,02:16,11,"argentine rock","","No Me Etiquetes",2010-12-03,55,6,0,98,0,0,-4,D,4,26X4JlcvyUmkrpC0oZMGSJ,"Pop Art",ARF470900184,no
364,"Escapar","Árbol",180,8B,76,2026-08-08,02:56,16,"argentine rock","","Hongo",2022-09-23,45,1,0,24,0,10,-6,C,3,2f2z1xCoNc3vLpWkrQv6D1,"Árbol",ARN732200005,no
365,"Goodbye Adiós","Árbol",160,10B,75,2026-08-08,03:31,30,"argentine rock","","Hongo",2022-09-23,58,1,0,58,0,10,-6,D,4,4JlHphStofXWVYwyHLPNxu,"Árbol",ARN732200002,no
366,"Latido","Árbol",100,7B,66,2026-08-08,03:47,13,"argentine rock","","Hongo",2022-09-23,75,4,0,85,0,0,-6,F,4,07P5Byd754KntfSKRmn80A,"Árbol",ARN732200004,no
367,"La Vida Es Todo Lo Que Vos Quieras","Árbol",170,12A,74,2026-08-08,03:46,29,"argentine rock","","La Vida Es Todo Lo Que Vos Quieras",2018-02-09,49,26,0,52,0,0,-7,C♯/D♭ minor,4,7feSe7ZE4NfdsmMhSphjsN,"Pop Art",ARF471800011,no
368,"Cada año mas extraño","Árbol",144,9B,96,2026-08-08,02:32,6,"argentine rock","","Cada año mas extraño",2023-09-22,62,0,0,81,0,30,-5,G,4,1tX2AyhMF7pp44H0pCwDVU,"árbol",ARN732300002,no
369,"Casi casi","Árbol",151,8B,89,2026-08-08,02:12,7,"argentine rock","","Casi casi",2023-10-20,55,0,0,71,0,10,-7,C,4,1KGKzr1V7uQwIbkwtzQxoZ,"árbol",ARN732300004,no
370,"Está todo mal","Árbol",144,11A,71,2026-08-08,02:44,15,"argentine rock","","Está todo mal",2023-11-10,54,0,0,81,0,0,-6,F#/G♭ minor,4,1TCuzqT6yRfNgS5tWNLEW7,"árbol",ARN732300007,yes
371,"Lolita (Trop jeune pour aimer)","Céline Dion",116,2B,48,2026-08-08,04:19,30,"variété française","","Incognito",1987-04-02,77,13,0,71,0,0,-14,F#/G♭,4,2T33hCnaB7TK1LjZqRjP9P,"Columbia",CAC228700019,no
372,"Partout je vois","Céline Dion",71,1B,20,2026-08-08,04:09,20,"variété française","","Incognito",1987-04-02,54,76,0,30,0,0,-16,B,4,3u1qlJ11aj12nrIilSVIdA,"Columbia",CAC228700021,no
373,"Délivre-moi","Céline Dion",134,9B,56,2026-08-08,04:19,27,"variété française","","Incognito",1987-04-02,60,47,0,52,0,10,-13,G,4,76Z6vlK8EtrD5LvV6majVB,"Columbia",CAC228700024,no
374,"Artificial Vampire","Cö shu Nie",120,8B,80,2026-08-08,03:05,26,"anime, j-rock, j-pop","Pop, Rock","Artificial Vampire",2024-03-13,77,7,0,79,0,20,-5,C,4,62VZ9hmPM9mFzfReeNl48O,"Sony Music Labels Inc.",JPU902400749,no
375,"If Love Is Out of the Question","Céline Dion",114,12B,66,2026-08-08,03:53,27,"variété française","","Unison",1990-04-02,66,20,0,63,0,30,-10,E,4,3OxBli8pBPFrhbS2P9fOb0,"Columbia",CAC229000013,no
376,"Where Does My Heart Beat Now","Céline Dion",74,6B,62,2026-08-08,04:32,60,"variété française","","Unison",1990-04-02,53,65,0,60,0,0,-10,A#/B♭,4,0S7Vv5am0xbAXgJ2RFQR8S,"Columbia",CAC229900067,no
377,"I'm Loving Every Moment With You","Céline Dion",74,8B,63,2026-08-08,04:08,26,"variété française","","Unison",1990-04-02,49,32,0,57,0,0,-10,C,4,0Y1kIblJE3wxTrqaHJb3R6,"Columbia",CAC229000017,no
378,"I Feel Too Much","Céline Dion",125,3A,82,2026-08-08,04:08,24,"variété française","","Unison",1990-04-02,63,1,11,73,0,70,-9,A#/B♭ minor,4,4Bvl4Q2K6zhYGcFSXirKyM,"Columbia",CAC229000009,no
379,"Have a Heart","Céline Dion",146,7B,42,2026-08-08,04:14,29,"variété française","","Unison",1990-04-02,50,18,0,20,0,10,-10,F,4,4x1HkE3swINejnne6whnd1,"Columbia",CAC229000011,no
380,"Des mots qui sonnent","Céline Dion",103,7B,80,2026-08-08,03:55,25,"variété française","","Des mots qui sonnent",1991-11-04,66,38,0,53,0,10,-10,F,4,2AqRhHLfT1Ulyj3OFOFbbr,"Columbia",CAC229100009,no
381,"J'ai besoin d'un chum","Céline Dion",105,7B,76,2026-08-08,04:03,16,"variété française","","Des mots qui sonnent",1991-11-04,67,36,0,84,0,10,-12,F,4,0jKN04r3q01qKPQ0C7iJwJ,"Columbia",CAC229100011,no
382,"Je danse dans ma tête","Céline Dion",100,11B,72,2026-08-08,04:13,29,"variété française","","Des mots qui sonnent",1991-11-04,66,9,0,66,0,10,-12,A,4,3DneGd19GtGvAVXkJN0xUH,"Columbia",CAC229100012,no
383,"Le blues du businessman","Céline Dion",137,4B,29,2026-08-08,04:29,37,"variété française","","Des mots qui sonnent",1991-11-04,34,73,0,21,0,10,-13,G#/A♭,4,08ZRy4wU2AAY8pwXjOycH4,"Columbia",CAC229100008,no
384,"Introduction","Céline Dion",74,9B,2,2026-08-08,01:15,24,"variété française","","Celine Dion",1992-03-30,21,96,78,11,0,30,-35,G,3,2yncaTsYImZNlyDxQqhK2N,"Columbia",CAC220003036,no
385,"Love Can Move Mountains","Céline Dion",106,3B,81,2026-08-08,04:53,31,"variété française","","Celine Dion",1992-03-30,72,0,0,30,0,0,-9,C♯/D♭,4,6fO5IP67brXpQ0Kpf9XzOd,"Columbia",CAC229800200,no
386,"If You Could See Me Now","Céline Dion",118,2B,33,2026-08-08,05:06,36,"variété française","","Celine Dion",1992-03-30,49,22,0,6,0,0,-11,F#/G♭,4,3chEPOA5Gc6FgHCv1ybAuw,"Columbia",CAC229800201,no
387,"If I Were You","Céline Dion",97,1B,32,2026-08-08,05:07,35,"variété française","","Celine Dion",1992-03-30,50,76,0,21,0,0,-16,B,4,4yQqORWe5D4yZutIN2kNor,"Columbia",CAC229800195,no
388,"Beauty and the Beast - from the Soundtrack  Beauty and the Beast ","Céline Dion, Peabo Bryson",77,11A,40,2026-08-08,04:09,68,"variété française, quiet storm","","Celine Dion",1992-03-30,46,64,0,12,0,10,-10,F#/G♭ minor,4,7B3UAPLYAbwXVgbHSKEaTw,"Columbia",USLIC0601944,no
389,"Water From The Moon","Céline Dion",134,9B,38,2026-08-08,04:39,46,"variété française","","Celine Dion",1992-03-30,41,18,0,14,0,30,-12,G,4,2kpXktIVu9aoHPnIyXAtoc,"Columbia",CAC229800198,no
390,"有","Sawano Hiroyuki",91,9B,10,2026-08-08,06:21,6,"anime, soundtrack","Pop, Classical, Easy Listening","連続ドラマＷ「推定有罪」オリジナルサウンドトラック",2012-04-11,43,95,83,4,0,10,-18,G,3,3zO9it5DwjMhYIj6R9UdAz,"Legendoor",JPZ921201959,no
391,"The Power of Love","Céline Dion",140,4B,52,2026-08-08,05:42,76,"variété française","","The Colour Of My Love",1993-11-09,55,36,0,25,0,20,-9,G#/A♭,4,5kK1Iru9ogP3Iy1zsANU1n,"Columbia",CAC220003069,no
392,"Think Twice","Céline Dion",134,7A,40,2026-08-08,04:48,65,"variété française","","The Colour Of My Love",1993-11-09,55,39,0,28,0,10,-10,D minor,4,5T0VoskNbpJIqm2RSPU2Xt,"Columbia",CAC229900138,no
393,"Only One Road","Céline Dion",106,7B,50,2026-08-08,04:48,46,"variété française","","The Colour Of My Love",1993-11-09,55,16,0,20,0,0,-8,F,3,2wOFqEtlkTOdtR8Jlfboh2,"Columbia",CAC229300028,no
394,"Next Plane Out","Céline Dion",138,2B,68,2026-08-08,04:57,43,"variété française","","The Colour Of My Love",1993-11-09,54,33,0,30,0,0,-7,F#/G♭,4,1p9CqOzaTceVjCy2DR1Tn0,"Columbia",CAC220003031,no
395,"No Living Without Loving You","Céline Dion",105,3B,77,2026-08-08,04:22,40,"variété française","","The Colour Of My Love",1993-11-09,71,35,0,65,0,0,-7,C♯/D♭,4,5lRALu97xWoZws3ZUl84wx,"Columbia",CAC220003035,no
396,"Lovin' Proof","Céline Dion",108,3B,83,2026-08-08,04:11,38,"variété française","","The Colour Of My Love",1993-11-09,67,2,0,64,0,0,-6,C♯/D♭,4,2wjCT6QwVk0nvkeqdgevbx,"Columbia",CAC220003029,no
397,"Pour que tu m'aimes encore","Céline Dion",180,10B,60,2026-08-08,04:14,34,"variété française","","D'Eux",1995-03-27,54,33,0,51,0,0,-9,D,4,6qlpXtA29VcxCNgLWR5IWx,"Columbia",CAC229500002,no
398,"Regarde-moi","Céline Dion",97,11B,84,2026-08-08,03:56,19,"variété française","","D'Eux",1995-03-27,69,16,0,45,0,30,-7,A,4,5Jt2PmCIndH7XCCd8c91Ti,"Columbia",CAC229500004,no
399,"Destin","Céline Dion",130,9B,83,2026-08-08,04:14,26,"variété française","","D'Eux",1995-03-27,67,15,0,68,0,20,-5,G,4,1k1TYnOyqus6URRlENhmB6,"Columbia",CAC229500008,no
400,"Les derniers seront les premiers","Céline Dion",125,9B,55,2026-08-08,03:32,16,"variété française","","D'Eux",1995-03-27,63,38,0,35,0,10,-9,G,4,32Qsu5EDr6ULaQFPOCmuOI,"Columbia",CAC229500009,no
401,"Prière païenne","Céline Dion",118,10B,82,2026-08-08,04:09,27,"variété française","","D'Eux",1995-03-27,70,30,0,69,0,50,-5,D,4,5qrVEJLwzDbASSVcfpMJO4,"Columbia",CAC229500012,no
402,"Falling Into You","Céline Dion",193,7A,51,2026-08-08,04:18,57,"variété française","","Falling into You",1996-03-11,37,38,0,56,0,10,-9,D minor,4,7KWMxUH7lORLTob6aMpXBU,"Columbia",CAC229800164,no
403,"Make You Happy","Céline Dion",176,4A,77,2026-08-08,04:31,45,"variété française","","Falling into You",1996-03-11,57,4,0,61,0,30,-6,F minor,4,4YenwP7sh9N4jIb6YP7dEB,"Columbia",CAC229600026,no
404,"Declaration Of Love","Céline Dion",117,8B,90,2026-08-08,04:20,40,"variété française","","Falling into You",1996-03-11,72,5,0,86,0,0,-7,C,4,29002jpB0oFhkxzbL7rW8e,"Columbia",CAC229800166,no
405,"If That's What It Takes","Céline Dion",90,10B,50,2026-08-08,04:12,59,"variété française","","Falling into You",1996-03-11,66,14,0,43,0,0,-9,D,4,0VZpmCCcRhT3DC7T03Z2zX,"Columbia",CAC229800155,no
406,"Your Light","Céline Dion",148,8B,66,2026-08-08,05:12,38,"variété française","","Falling into You",1996-03-11,59,9,0,23,0,30,-9,C,4,0YYlJbsHyQjsJo5SB3cCyl,"Columbia",CAC229800159,no
407,"The Reason","Céline Dion",145,3B,48,2026-08-08,05:00,57,"variété française","","Let's Talk About Love",1997-11-14,36,46,0,12,0,10,-9,C♯/D♭,4,4CiIB7eCQ7IVmrCFqvi7f9,"Columbia",CAC229700114,no
408,"Love Is On the Way","Céline Dion",112,6A,35,2026-08-08,04:25,45,"variété française","","Let's Talk About Love",1997-11-14,57,51,0,11,0,10,-10,G minor,3,542daUuyOAbVEE9RtI1zgN,"Columbia",CAC229700151,no
409,"Let's Talk About Love","Céline Dion",125,6A,34,2026-08-08,05:12,54,"variété française","","Let's Talk About Love",1997-11-14,56,46,0,16,0,10,-11,G minor,4,1gVX2sJy1oFzylg4Ew3F2X,"Columbia",CAC229700126,no
410,"Jimmie Rodgers' Dream","Elton John, Leon Russell",174,11B,56,2026-08-08,03:42,16,"glam rock, mellow gold, piano rock, rock, outlaw country","Rock, Country","The Union",2010-01-01,36,48,36,39,0,10,-9,A,4,4StsnxAhdHk6tvEMBsqTII,"EMI",GBUM71025896,no
411,"Zora sourit","Céline Dion",116,8B,45,2026-08-08,03:51,46,"variété française","","S'il suffisait d'aimer",1998-09-07,72,44,0,13,0,30,-9,C,4,032SxmWbj5yWw76DVx7whu,"Columbia",CAC229800094,no
412,"On ne change pas","Céline Dion",95,7B,48,2026-08-08,04:08,58,"variété française","","S'il suffisait d'aimer",1998-09-07,68,46,0,50,0,0,-11,F,4,06T13g0Hh00zWwMjtpqIKU,"Columbia",CAC229800096,no
413,"Dans un autre monde","Céline Dion",120,11B,83,2026-08-08,04:37,51,"variété française","","S'il suffisait d'aimer",1998-09-07,78,38,0,69,0,10,-7,A,4,0JxfYuCzWDzNAoVwqb4z9F,"Columbia",CAC229800095,no
414,"Tous les blues sont écrits pour toi","Céline Dion",100,9A,52,2026-08-08,04:48,30,"variété française","","S'il suffisait d'aimer",1998-09-07,57,8,0,21,0,10,-9,E minor,4,3KHob5EQNYWiG3hrGUoIKK,"Columbia",CAC229800088,no
415,"Don't Save It All for Christmas Day","Céline Dion",108,5B,60,2026-08-08,04:37,31,"variété française","","These are Special Times",1998-10-30,34,41,0,13,0,20,-6,D#/E♭,3,4ruIMJnh6mPhiNWE9amaEF,"Columbia",CAC229800209,no
416,"The Magic Of Christmas Day (God Bless Us Everyone)","Céline Dion",97,9B,66,2026-08-08,04:17,30,"variété française","","These are Special Times",1998-10-30,56,23,0,43,0,20,-5,G,4,4TRfKrvYpRydtCvbcJGMK3,"Columbia",CAC229800222,no
417,"The Prayer","Céline Dion, Andrea Bocelli",82,6B,32,2026-08-08,04:28,65,"variété française, classical crossover, opera","","These are Special Times",1998-10-30,19,82,0,5,0,10,-9,A#/B♭,5,6zlY4xmlgqvn4LxjzoS2mz,"Columbia",CAC229800215,no
418,"Brahms' Lullaby","Céline Dion",88,10B,20,2026-08-08,03:32,30,"variété française","","These are Special Times",1998-10-30,21,70,0,7,0,40,-17,D,3,45WmAAkZYLAwXtwwHVoaWv,"Columbia",CAC229800216,no
419,"I Met an Angel (on Christmas Day)","Céline Dion",78,10B,85,2026-08-08,03:19,25,"variété française","","These are Special Times",1998-10-30,64,19,0,73,0,90,-7,D,4,6PiOlFSX06npr0YXexWkrg,"Columbia",CAC229900095,no
420,"I'm Alive","Céline Dion",102,4B,64,2026-08-08,03:30,75,"variété française","","A New Day Has Come",2002-03-22,69,2,0,45,0,20,-5,G#/A♭,4,2FTZeRHQ4gRPViPMpWL9uX,"Columbia",CAC220200007,no
421,"Have You Ever Been In Love","Céline Dion",137,2B,43,2026-08-08,04:08,54,"variété française","","A New Day Has Come",2002-03-22,46,61,0,11,0,10,-7,F#/G♭,4,6EjH7ihkymLIS2Z235vN21,"Columbia",CAC220200031,no
422,"The Greatest Reward","Céline Dion",136,3B,43,2026-08-08,03:28,40,"variété française","","A New Day Has Come",2002-03-22,50,60,0,17,0,10,-8,C♯/D♭,4,5xfgiaYKuvqIEESqkoSzs2,"Columbia",CAC220200027,no
423,"When the Wrong One Loves You Right","Céline Dion",93,11B,88,2026-08-08,03:48,38,"variété française","","A New Day Has Come",2002-03-22,65,14,0,29,0,0,-4,A,4,4aZiCz1tTjBZzqpT68sMEW,"Columbia",CAC220200010,no
424,"In His Touch","Céline Dion",110,4A,48,2026-08-08,03:54,43,"variété française","","One Heart",2003-03-24,59,17,0,22,0,10,-5,F minor,4,6Smg6ABk0ThkrVmmf0bkCl,"Columbia",CAC220300012,no
425,"One Heart","Céline Dion",116,4B,82,2026-08-08,03:24,45,"variété française","","One Heart",2003-03-24,72,1,0,74,0,20,-3,G#/A♭,4,4kuKPDTLZgJFUXAS8jQtnZ,"Columbia",CAC220200294,no
426,"Naked","Céline Dion",168,11B,82,2026-08-08,03:40,31,"variété française","","One Heart",2003-03-24,47,2,0,43,0,20,-4,A,4,32PNdtTLK8Ijk2FZgWARUE,"Columbia",CAC220200289,no
427,"Sorry for Love - 2003 Version","Céline Dion",126,12B,69,2026-08-08,04:26,30,"variété française","","One Heart",2003-03-24,67,25,0,54,0,0,-6,E,4,6WXn0qgEP4L0keuO9f5bJW,"Columbia",CAC220300011,no
428,"Apprends-moi","Céline Dion",174,8B,50,2026-08-08,04:45,0,"variété française","","1 fille & 4 types",2003-10-13,57,30,0,44,0,0,-8,C,4,5rWQLAGWArTzh0N0StGdUs,"SBME Strategic Marketing Group",CAC220300072,no
429,"Et je t'aime encore - French version","Céline Dion",76,10B,35,2026-08-08,03:26,3,"variété française","","1 fille & 4 types",2003-10-13,51,70,0,31,0,20,-10,D,4,0enVQlLvLZ4zKBk9ugnayG,"SBME Strategic Marketing Group",CAC220300076,no
430,"Retiens-moi","Céline Dion",172,4B,61,2026-08-08,04:03,0,"variété française","","1 fille & 4 types",2003-10-13,50,43,0,58,0,10,-9,G#/A♭,4,5aOQVIOa2nNpBAYlPzVT7P,"SBME Strategic Marketing Group",CAC220300082,no
431,"Contre nature","Céline Dion",120,2B,43,2026-08-08,04:09,1,"variété française","","1 fille & 4 types",2003-10-13,57,37,0,22,0,10,-7,F#/G♭,4,35eQSGSRhKJ7Hi0mj1b0Ct,"SBME Strategic Marketing Group",CAC220300073,no
432,"You And I","Céline Dion",123,9B,88,2026-08-08,04:04,32,"variété française","","A New Day...Live In Las Vegas",2004-06-14,51,2,0,53,0,20,-2,G,4,7u0LYEoZZfEFqzKcRYDZwB,"Columbia",CAC220400038,no
433,"If I Could","Céline Dion",109,5B,26,2026-08-08,04:45,32,"variété française","","Miracle",2004-10-11,42,85,0,19,0,10,-12,D#/E♭,4,0iKHNQoSg1AOtwB8YosTC0,"Columbia",CAC220400138,no
434,"The First Time Ever I Saw Your Face","Céline Dion",120,7B,18,2026-08-08,04:10,42,"variété française","","Miracle",2004-10-11,36,83,0,5,0,10,-11,F,4,6J2Ge1GVQaL8kV9LTeB2m5,"Columbia",CAC220400143,no
435,"In Some Small Way","Céline Dion",154,10B,46,2026-08-08,05:06,31,"variété française","","Miracle",2004-10-11,39,65,0,40,0,10,-11,D,4,0wYD4N6EThZu0vMLYEddS0,"Columbia",CAC220400148,no
436,"Immensité","Céline Dion",156,5A,49,2026-08-08,03:34,39,"variété française","","D'elles",2007-00-00,39,57,0,31,0,10,-8,C minor,4,2swycezBKhGGswwKEFoHoD,"Columbia",CAC220700010,no
437,"Les paradis","Céline Dion",109,9B,48,2026-08-08,03:56,30,"variété française","","D'elles",2007-00-00,68,13,0,61,0,0,-8,G,4,2dkzkSyfPYGZBotBciYcSG,"Columbia",CAC220700013,no
438,"La diva","Céline Dion",76,11B,25,2026-08-08,04:22,25,"variété française","","D'elles",2007-00-00,30,95,0,16,0,30,-11,A,3,7pxCM5qnV9SDnnv24rbeFR,"Columbia",CAC220700014,no
439,"Si j'étais quelqu'un","Céline Dion",150,10B,48,2026-08-08,03:57,26,"variété française","","D'elles",2007-00-00,60,39,0,39,0,10,-9,D,4,6iKp86Asyg4welglX1ZE10,"Columbia",CAC220700016,no
440,"Lettre de George Sand à Alfred de Musset","Céline Dion",120,8B,14,2026-08-08,04:31,25,"variété française","","D'elles",2007-00-00,39,81,0,31,0,10,-16,C,4,4Y0vODTk96Dngajycr7lge,"Columbia",CAC220700019,no
441,"On s'est aimé à cause","Céline Dion",148,2B,43,2026-08-08,04:04,41,"variété française","","D'elles",2007-00-00,56,38,0,35,0,0,-8,F#/G♭,4,0t93tzs9UvI7qieEwQ534g,"Columbia",CAC220700020,no
442,"Shadow Of Love","Céline Dion",118,9B,87,2026-08-08,04:10,30,"variété française","","Taking Chances (Deluxe Edition)",2007-11-07,49,2,0,34,0,10,-4,G,4,2YmWhSTvycJ46wT4boxyp4,"Columbia",CAC220700034,no
443,"Surprise Surprise","Céline Dion",119,12B,68,2026-08-08,05:13,37,"variété française","","Taking Chances (Deluxe Edition)",2007-11-07,27,2,0,11,0,0,-4,E,4,6EvhgzYYh1Ook3zKFZN0B1,"Columbia",CAC220700027,no
444,"Bloodbath","Sawano Hiroyuki",100,10A,93,2026-08-08,03:56,3,"anime, soundtrack","Pop, Classical, Easy Listening","映画「彼岸島」オリジナル・サウンドトラック",2010-01-06,48,0,9,35,0,10,-6,B minor,4,6g53K9KYTsEcHN4oN7P5aB,"EMI MUSIC JAPAN INC.",JPTO00902781,no
445,"New Dawn","Céline Dion",130,8B,45,2026-08-08,04:45,25,"variété française","","Taking Chances (Deluxe Edition)",2007-11-07,46,41,0,16,0,10,-6,C,4,2sf5lnwIA3ytszexYaAfpS,"Columbia",CAC220700040,no
446,"Can't Fight The Feelin'","Céline Dion",156,7B,94,2026-08-08,03:51,36,"variété française","","Taking Chances (Deluxe Edition)",2007-11-07,51,0,0,64,0,30,-4,F,4,5tePM9koBBabCYqrZHpf7e,"Columbia",CAC220700029,no
447,"I Got Nothin' Left","Céline Dion",142,2B,56,2026-08-08,04:19,27,"variété française","","Taking Chances (Deluxe Edition)",2007-11-07,43,32,0,26,0,0,-7,F#/G♭,4,2eaKU3RLskhhQJbfCF32V9,"Columbia",CAC220700036,no
448,"Fade Away","Céline Dion",128,10A,85,2026-08-08,03:16,38,"variété française","","Taking Chances (Deluxe Edition)",2007-11-07,59,8,0,49,0,10,-4,B minor,4,0H6qA7gSy7k7RBMqbmHPVS,"Columbia",CAC220700035,no
449,"That's Just The Woman In Me","Céline Dion",165,12B,71,2026-08-08,04:33,25,"variété française","","Taking Chances (Deluxe Edition)",2007-11-07,48,7,0,38,0,20,-4,E,3,1f6pVRSmDvfY6J5Sgz1pf4,"Columbia",CAC220700038,no
450,"Map To My Heart","Céline Dion",126,6A,60,2026-08-08,04:15,24,"variété française","","Taking Chances (Deluxe Edition)",2007-11-07,57,16,0,18,0,30,-7,G minor,3,4uGxZJMDdrlUVsZIAchmGZ,"Columbia",CAC220700042,no
451,"Parler à mon père","Céline Dion",92,3B,77,2026-08-08,02:53,58,"variété française","","Sans attendre",2012-11-02,67,60,0,84,0,10,-4,C♯/D♭,4,26aA4zxAPhd7LVmI21BMfB,"Columbia",CAC221200002,no
452,"Le miracle","Céline Dion",112,5B,56,2026-08-08,03:55,37,"variété française","","Sans attendre",2012-11-02,65,46,0,58,0,10,-5,D#/E♭,4,1PUwps2xwYHg7ihufe7cq4,"Columbia",CAC221200005,no
453,"Attendre","Céline Dion",88,8A,73,2026-08-08,03:26,32,"variété française","","Sans attendre",2012-11-02,57,60,0,38,0,10,-5,A minor,4,7zocRYNOXCOY307CU1gKku,"Columbia",CAC221200013,no
454,"La mer et l'enfant","Céline Dion",140,8A,42,2026-08-08,03:06,31,"variété française","","Sans attendre",2012-11-02,50,68,0,40,0,30,-10,A minor,4,0nS1GE9WNLb5KHdJfmt5lu,"Columbia",CAC221200012,no
455,"Moi quand je pleure","Céline Dion",106,9A,37,2026-08-08,03:49,28,"variété française","","Sans attendre",2012-11-02,60,75,0,27,0,10,-7,E minor,4,0lxUC9Rib4jtk9j63j1gfG,"Columbia",CAC221200004,no
456,"Je n'ai pas besoin d'amour","Céline Dion",111,10B,38,2026-08-08,03:32,29,"variété française","","Sans attendre",2012-11-02,49,53,0,10,0,20,-9,D,4,2eUKjDrqFQmYSolr9rtTa3,"Columbia",CAC221200007,no
457,"Si je n'ai rien de toi","Céline Dion",138,8A,64,2026-08-08,03:58,31,"variété française","","Sans attendre",2012-11-02,61,15,0,50,0,0,-6,A minor,4,2chHyhN5GWVShLwizNzIpY,"Columbia",CAC221200015,no
458,"Loved Me Back to Life","Céline Dion",146,9B,67,2026-08-08,03:50,57,"variété française","","Loved Me Back to Life",2013-11-01,49,13,0,48,0,40,-6,G,4,1YUOlePfiz9kxJRuwECzjn,"Columbia",CAC221300020,no
459,"Incredible","Céline Dion, Ne-Yo",82,10B,65,2026-08-08,03:55,49,"variété française, dance pop, pop, r&b, urban contemporary","Electronic, Pop, R&B","Loved Me Back to Life",2013-11-01,53,44,0,30,0,10,-5,D,4,4YZNILrv7RwA57GHmmvj7o,"Columbia",CAC221300010,no
460,"Breakaway","Céline Dion",115,4A,69,2026-08-08,04:37,41,"variété française","","Loved Me Back to Life",2013-11-01,60,21,0,28,0,10,-4,F minor,4,3WXYyjTgaYFYjrlyU5SnE6,"Columbia",CAC221300021,no
461,"Save Your Soul","Céline Dion",88,11A,73,2026-08-08,03:47,37,"variété française","","Loved Me Back to Life",2013-11-01,63,5,0,49,0,10,-5,F#/G♭ minor,4,2WOk5TTNBwr2jroA0K3HBA,"Columbia",CAC221300022,no
462,"Overjoyed (with Stevie Wonder)","Céline Dion, Stevie Wonder",81,6B,58,2026-08-08,04:03,40,"variété française, motown, classic soul, soul","","Loved Me Back to Life",2013-11-01,30,13,0,18,0,30,-6,A#/B♭,4,6kir1CrCBsUSbPTdIuJquD,"Columbia",CAC221300015,no
463,"Unfinished Songs","Céline Dion",95,3B,69,2026-08-08,03:40,38,"variété française","","Loved Me Back to Life",2013-11-01,58,8,0,44,0,0,-6,C♯/D♭,4,37FWLRydBTjmDdOwNYjqrP,"Columbia",CAC221300011,no
464,"How Do You Keep the Music Playing","Céline Dion",140,6A,39,2026-08-08,04:21,28,"variété française","","Loved Me Back to Life",2013-11-01,33,54,0,7,0,10,-10,G minor,4,0jz5xPsP2vxsB9wgkyDNbf,"Columbia",CAC221300016,no
465,"Plus qu'ailleurs","Céline Dion",82,8B,34,2026-08-08,03:38,1,"variété française","","Encore un soir",2016-08-26,65,75,0,35,0,10,-8,C,4,0xBKcWi8Oa94FDoUBVxHpJ,"Columbia",CAC221600017,no
466,"Ma faille","Céline Dion",85,8A,57,2026-08-08,03:50,1,"variété française","","Encore un soir",2016-08-26,36,64,0,27,0,0,-5,A minor,1,4xPGSNwjVZ0u9H6d2mLrPM,"Columbia",CAC221600019,no
467,"Encore un soir","Céline Dion",103,1A,53,2026-08-08,04:23,2,"variété française","","Encore un soir",2016-08-26,76,32,0,22,0,0,-8,G#/A♭ minor,4,1PxoWJYNQ6jASB1NQydkBU,"Columbia",CAC221600002,no
468,"Je nous veux","Céline Dion",134,12A,49,2026-08-08,03:58,1,"variété française","","Encore un soir",2016-08-26,52,80,0,13,0,10,-6,C♯/D♭ minor,4,1TDIBvih82CoSE1Y2xKl4x,"Columbia",CAC221600020,no
469,"Ordinaire","Céline Dion",76,9A,60,2026-08-08,04:44,1,"variété française","","Encore un soir",2016-08-26,52,36,0,16,0,10,-5,E minor,4,11MxGGpqoRvnQBAOvbX6my,"Columbia",CAC221600023,no
470,"Le bonheur en face","Céline Dion",137,11B,43,2026-08-08,02:54,0,"variété française","","Encore un soir",2016-08-26,60,70,0,39,0,10,-7,A,4,4Wb0qJV1cx8FkQqW16zQhA,"Columbia",CAC221600026,no
471,"À vous","Céline Dion",100,10B,70,2026-08-08,03:45,33,"variété française","","Encore un soir",2016-08-26,61,12,0,21,0,30,-5,D,4,63IsGw7qf1EDETCtbmOD43,"Columbia",CAC221600028,no
472,"Trois heures vingt - Remasterisée","Céline Dion",96,2B,35,2026-08-08,03:37,35,"variété française","","Encore un soir",2016-08-26,56,85,0,20,0,0,-9,F#/G♭,4,6HmfHJBHqm3PHT87sPeJYT,"Columbia",CAC221600030,no
473,"Lovers Never Die","Céline Dion",136,12A,55,2026-08-08,02:51,38,"variété française","","Courage (Deluxe Edition)",2019-11-15,64,7,0,50,0,10,-7,C♯/D♭ minor,4,0zjaKZG60TLWtuCSUcpmy9,"Columbia",CAC221900069,no
474,"Falling In Love Again","Céline Dion",89,10A,14,2026-08-08,03:51,34,"variété française","","Courage (Deluxe Edition)",2019-11-15,66,80,0,37,0,10,-11,B minor,4,3X5LV4eUBqHFsXUg2PaxYU,"Columbia",CAC221900070,no
475,"Imperfections","Céline Dion",105,6B,50,2026-08-08,03:59,52,"variété française","","Courage (Deluxe Edition)",2019-11-15,70,28,0,40,0,0,-8,A#/B♭,4,2d6wvZdvJ0bGJ4Olfm1lsp,"Columbia",CAC221900013,no
476,"Change My Mind","Céline Dion",157,8A,59,2026-08-08,03:01,34,"variété française","","Courage (Deluxe Edition)",2019-11-15,63,14,0,33,0,10,-6,A minor,4,6kU61vxWjXCb8hxJQm16j7,"Columbia",CAC221900071,no
477,"The Chase","Céline Dion",90,9B,50,2026-08-08,03:49,30,"variété française","","Courage (Deluxe Edition)",2019-11-15,58,30,0,29,0,10,-7,G,4,6wCNqhSkqWgnON5pAyWRMM,"Columbia",CAC221900074,no
478,"Baby","Céline Dion",90,3B,55,2026-08-08,03:34,34,"variété française","","Courage (Deluxe Edition)",2019-11-15,65,18,0,49,0,0,-6,C♯/D♭,4,5x5TmxjilpvdOkdM2JgTeI,"Columbia",CAC221900076,no
479,"Heart of Glass","Céline Dion",156,8B,61,2026-08-08,03:31,34,"variété française","","Courage (Deluxe Edition)",2019-11-15,47,33,0,28,0,10,-6,C,4,0WHd3ZHfKuwXLqAx6SAWlU,"Columbia",CAC221900082,no
480,"Love Again","Céline Dion",84,1B,28,2026-08-08,03:32,43,"variété française","","Love Again (Soundtrack from the Motion Picture)",2023-05-12,57,95,0,38,0,10,-9,B,4,7LYV8DzfYdArevWVyNNIZ0,"Columbia",CAC222300001,no
481,"Love of My Life","Céline Dion",119,8B,25,2026-08-08,04:24,35,"variété française","","Love Again (Soundtrack from the Motion Picture)",2023-05-12,44,81,0,20,0,0,-11,C,4,31FDIFgsAG23vkB2qaIq3I,"Columbia",CAC222300004,no
482,"That's the Way It Is","Céline Dion",186,12B,86,2026-08-08,04:02,71,"variété française","","Love Again (Soundtrack from the Motion Picture)",2023-05-12,53,8,0,54,0,10,-6,E,4,0aKWpnMZCR42M9lLhnzJEZ,"Columbia",CAC222300009,no
483,"Ashes","Céline Dion",111,5A,45,2026-08-08,03:18,53,"variété française","","JE SUIS : CÉLINE DION (Bande originale du film)",2024-06-20,35,47,0,10,0,10,-9,C minor,4,6UB74VSZBg98GJnsoRh160,"Sony Music Canada",CAC222400021,no
484,"My Heart Will Go On - Tony Moran Mix","Céline Dion",131,12B,90,2026-08-08,04:20,39,"variété française","","My Heart Will Go On",1996-00-00,55,16,0,43,0,10,-7,E,4,5W1b0OplZorCeqhGq5yV5D,"Columbia",CAC229800063,no
485,"I Want You To Need Me - Thunderpuss radio mix","Céline Dion",132,6B,86,2026-08-08,04:31,30,"variété française","","I Want You To Need Me",2000-06-12,68,5,0,35,0,40,-6,A#/B♭,4,0WMfkjGASJ6IFFOoLEb0rx,"Columbia",CAC220000034,no
486,"I Believe in You (Je crois en toi)","Il Divo, Céline Dion",179,11A,53,2026-08-08,04:00,32,"classical crossover, opera, variété française","","I Believe In You (Je Crois En Toi)",2005-11-04,17,62,2,6,0,20,-6,F#/G♭ minor,3,1XFtC5rIaxtDfgmc8vB61z,"Syco Music UK",GBHMU0500059,no
487,"My Love - Radio Version","Céline Dion",79,4B,46,2026-08-08,04:10,32,"variété française","","My Love (Radio Version)",2008-09-19,55,21,0,19,0,10,-8,G#/A♭,4,32a5WtGmWA4C3ipirTOmhQ,"Sony BMG Music Entertainment",CAC220800023,no
488,"Loved Me Back to Life - La Vie En Stereo Radio Edit - David Morales","Céline Dion, David Morales",128,9A,79,2026-08-08,04:00,33,"variété française, disco house, funky house","","Incredible feat. Ne-Yo",2014-02-14,60,1,0,32,0,20,-7,E minor,4,1mn4hdNUKA0ZcHi1Rvp2tb,"Columbia",CAC221300059,no
489,"Recovering","Céline Dion",136,8B,16,2026-08-08,03:24,41,"variété française","","Recovering",2016-09-09,48,91,0,33,0,10,-9,C,3,2i5cEE9nhkYDL2B2p5F1zu,"Columbia",CAC221600042,no
490,"Soul - Japanese Bonus Track","Céline Dion",93,6A,68,2026-08-08,03:14,25,"variété française","","Soul (Japanese Bonus Track)",2019-11-14,65,7,0,59,0,10,-5,G minor,4,4LcatYSnxSNA38JEckEmzW,"Columbia",CAC221900020,no
491,"Dance With My Father","Céline Dion",81,3B,51,2026-08-08,04:38,12,"variété française","","So Amazing: An All-Star Tribute To Luther Vandross",2005-09-01,63,29,0,22,0,10,-8,C♯/D♭,4,4PvzxrZxWoUsziopon7QnZ,"J Records",USJAY0500531,no
492,"My Heart Will Go On (Dialogue Mix) - includes  Titanic  film dialogue","Céline Dion, James Horner",90,12B,14,2026-08-08,04:42,30,"variété française, soundtrack, score","Classical, Easy Listening","Back to Titanic - More Music from the Motion Picture",1998-07-31,26,68,0,8,0,10,-20,E,3,6W2DOcyRflabRkzJDfRXPB,"Sony Classical",USSM19802374,no
493,"Toi et moi","Charles Aznavour, Céline Dion",81,6B,69,2026-08-08,03:38,29,"chanson, variété française, french jazz","","Duos",2008-01-01,39,68,0,20,0,10,-4,A#/B♭,4,2yg6HOEP0AURE1Tlaan36R,"Capitol Records",FRZ110802253,no
494,"Superwoman","Diane Warren, Céline Dion",78,4B,48,2026-08-08,03:41,23,"variété française","","Diane Warren: The Cave Sessions, Vol. 1",2021-08-27,60,3,0,20,0,10,-9,G#/A♭,4,0gi4tWDQihbUabJVqWxmfU,"BMG Rights Management (US) LLC",QMRSZ2101506,no
495,"ONE OF ME (feat. Elton John)","Lil Nas X, Elton John",144,2A,60,2026-08-08,02:41,49,"lgbtq+ hip hop, glam rock, mellow gold, piano rock, rock","Rock","MONTERO",2021-09-17,71,20,0,56,0,10,-5,D#/E♭ minor,4,3JR2RztQcOjUQGQSybxDIO,"Columbia",USSM12105735,yes
496,"LOST IN THE CITADEL","Lil Nas X",93,8B,76,2026-08-08,02:50,51,"lgbtq+ hip hop","","MONTERO",2021-09-17,77,10,0,47,0,10,-6,C,4,6th8IdY4lYeM0QlSQJhhkp,"Columbia",USSM12105736,no
497,"SUN GOES DOWN","Lil Nas X",174,11B,64,2026-08-08,02:48,55,"lgbtq+ hip hop","","MONTERO",2021-09-17,55,8,0,12,0,10,-7,A,4,6btdl1Vl6Ta5lUwUSOFW2H,"Columbia",USSM12102220,no
498,"VOID","Lil Nas X",140,11A,44,2026-08-08,04:08,48,"lgbtq+ hip hop","","MONTERO",2021-09-17,61,63,0,18,0,10,-8,F#/G♭ minor,4,3e6ebtUCZ0tZL1J7wvM8Xi,"Columbia",USSM12105740,no
499,"DONT WANT IT","Lil Nas X",83,9A,70,2026-08-08,02:10,57,"lgbtq+ hip hop","","MONTERO",2021-09-17,55,12,0,21,0,10,-6,E minor,4,4vsJWPwWPS27gRM4oLjBNO,"Columbia",USSM12105741,yes
500,"LIFE AFTER SALEM","Lil Nas X",144,5A,58,2026-08-08,03:30,46,"lgbtq+ hip hop","","MONTERO",2021-09-17,39,1,0,25,0,10,-5,C minor,4,6D3t4w54PgLNGQ48R7th7R,"Columbia",USSM12106092,no
501,"Panini","Lil Nas X",154,4A,59,2026-08-08,01:54,68,"lgbtq+ hip hop","","7",2019-06-21,70,34,0,48,0,10,-6,F minor,4,6fTt0CH2t0mdeB2N9XFG5r,"Columbia",USSM11903948,no
502,"F9mily (You & Me)","Lil Nas X, Travis Barker",170,8B,53,2026-08-08,02:42,43,"lgbtq+ hip hop, rap rock","","7",2019-06-21,56,2,0,41,0,0,-8,C,4,1ABQT5SxlUTNapSbSzblGx,"Columbia",USSM11903949,no
503,"Rodeo","Lil Nas X, Cardi B",140,11B,68,2026-08-08,02:38,65,"lgbtq+ hip hop, pop, rap","Pop, Hip Hop","7",2019-06-21,71,14,0,66,0,40,-6,A,4,4ak7xjvBeBOcJGWFDX9w5n,"Columbia",USSM11903951,yes
504,"Old Town Road","Lil Nas X",136,3B,53,2026-08-08,01:53,76,"lgbtq+ hip hop","","7",2019-06-21,91,6,0,51,10,10,-6,C♯/D♭,4,0F7FA14euOIX8KcbEturGH,"Columbia",USSM11901941,no
505,"Old Town Road (feat. RM of BTS) - Seoul Town Road Remix","Lil Nas X, RM, BTS",136,3B,51,2026-08-08,01:54,64,"lgbtq+ hip hop, k-pop, k-rap","","Old Town Road (feat. RM of BTS) [Seoul Town Road Remix]",2019-07-24,89,7,0,61,10,10,-6,C♯/D♭,4,6woeVu3fVMflqen1t4N6pg,"Columbia",USSM11904830,no
506,"MONTERO (Call Me By Your Name) - But Lil Nas X Is Silent The Entire Time","Lil Nas X",179,1A,55,2026-08-08,02:48,22,"lgbtq+ hip hop","","MONTERO (Call Me By Your Name)",2021-04-23,82,17,89,14,60,30,-8,G#/A♭ minor,4,18MzOzTLoYLRXTLWYomjgZ,"Columbia",USSM12101649,no
507,"J CHRIST","Lil Nas X",150,7B,62,2026-08-08,02:33,57,"lgbtq+ hip hop","","J CHRIST",2024-01-12,73,3,0,94,10,60,-6,F,4,17CWWoszMuoGecCJzmOubE,"Columbia",USSM12308867,yes
508,"Where Do We Go Now? (Music from Lil Nas X: Long Live Montero)","Lil Nas X",142,6B,58,2026-08-08,03:15,44,"lgbtq+ hip hop","","Where Do We Go Now? (Music from Lil Nas X: Long Live Montero)",2024-01-26,62,8,0,13,0,10,-7,A#/B♭,4,0jeRoIMD1LHhUkQEbjkXQv,"Columbia",USSM12400602,yes
509,"HERE WE GO! - from the Netflix film  Beverly Hills Cop: Axel F ","Lil Nas X",158,4A,72,2026-08-08,03:12,55,"lgbtq+ hip hop","","HERE WE GO! (from the Netflix film  Beverly Hills Cop: Axel F )",2024-06-28,65,1,0,42,0,40,-7,F minor,4,4xntqnsHQA93Ai8Jcyx31j,"Columbia",USSM12404720,yes
510,"Time of Trial","Sawano Hiroyuki",87,10B,67,2026-08-08,05:18,2,"anime, soundtrack","Pop, Classical, Easy Listening","映画「彼岸島」オリジナル・サウンドトラック",2010-01-06,32,6,91,15,0,0,-10,D,4,2nmpi7cxgBVMSj7jVqdZPO,"EMI MUSIC JAPAN INC.",JPTO00902788,no
511,"パーティーがはじまるよ (Remaster)","Bonjour Suzuki",93,12A,92,2026-08-08,03:48,3,"shibuya-kei","","Lollipopシンドローム (Remaster)",2017-08-09,57,25,0,67,0,20,-5,C♯/D♭ minor,4,4LgTLN0bIerXNgREpSIFuT,"2.5D PRODUCTION",JPS809919154,no
512,"金魚 (Remaster)","Bonjour Suzuki",172,7A,86,2026-08-08,04:18,5,"shibuya-kei","","Lollipopシンドローム (Remaster)",2017-08-09,42,28,0,41,10,10,-6,D minor,4,7tKtdtdMbZfsg2c5a0ENUk,"2.5D PRODUCTION",JPS809919156,no
513,"月のかけてく夜に (Remaster)","Bonjour Suzuki",120,5A,92,2026-08-08,04:17,3,"shibuya-kei","","Lollipopシンドローム (Remaster)",2017-08-09,55,19,0,31,0,30,-6,C minor,4,4lmoGVE9y0cenDUMF4s0zs,"2.5D PRODUCTION",JPS809919159,no
514,"禁断のショコラ (Remaster)","Bonjour Suzuki",82,9B,79,2026-08-08,04:38,4,"shibuya-kei","","さよなら。また来世で (Remaster)",2017-08-09,57,7,0,53,0,0,-7,G,4,7CB3lIElgkQJPI0du1oI0H,"2.5D PRODUCTION",JPS809919144,no
515,"allo allo (Remaster)","Bonjour Suzuki",100,12A,77,2026-08-08,03:21,4,"shibuya-kei","","さよなら。また来世で (Remaster)",2017-08-09,32,10,1,45,10,20,-8,C♯/D♭ minor,4,4OJ9fGYiFfjNzJr2Ey5RNF,"2.5D PRODUCTION",JPS809919147,no
516,"羊曜日に猫ごっこして (Remaster)","Bonjour Suzuki",170,9B,71,2026-08-08,04:32,3,"shibuya-kei","","さよなら。また来世で (Remaster)",2017-08-09,47,30,1,42,0,10,-7,G,4,2SaVoYOouQundFy9VRJELm,"2.5D PRODUCTION",JPS809919148,no
517,"あの森で待ってる - (おやすみ version)","Bonjour Suzuki",166,6B,61,2026-08-08,04:55,2,"shibuya-kei","","さよなら。また来世で (Remaster)",2017-08-09,27,16,1,24,0,40,-10,A#/B♭,4,4I7wgjZgraTW7WThsvsk8c,"2.5D PRODUCTION",JPS809919152,no
518,"Sweetie Sweetie (feat. Yunomi)","Bonjour Suzuki, Yunomi",95,9B,90,2026-08-08,03:36,1,"shibuya-kei, future bass, space music","Electronic","Sweetie Sweetie",2019-12-07,66,6,0,61,0,50,-4,G,4,7g6qANlWRlML4imbnXuSLi,"Kobuta Japon",JPZ921913016,no
519,"Ici","Bonjour Suzuki",124,9B,82,2026-08-08,03:17,3,"shibuya-kei","","Ici",2021-03-03,62,1,0,38,0,20,-7,G,4,0JCzim4fs9UN66BgqWPiOA,"FABTONE Inc.",JPV752004028,no
520,"Brave New World - Single EDIT","Bajune Tobeta, Bonjour Suzuki",135,2A,82,2026-08-08,04:52,0,"shibuya-kei","","Brave New World",2021-10-26,57,16,0,39,10,10,-6,D#/E♭ minor,4,7jXofya5WW8uvXCwsanEnE,"Sugar Candy",JPN352107521,no
521,"La Fleur","Jinmenusagi, Bonjour Suzuki",79,10A,92,2026-08-08,03:35,3,"j-rap, shibuya-kei","","LXVE 業放草",2014-11-19,42,2,0,35,40,50,-6,B minor,4,1X0okes3epdpc1YU5FsUNR,"LOW HIGH WHO? PRODUCTION",JPS809900234,no
522,"Round&Round&Round","TECHNOBOYS PULCRAFT GREEN-FUND, Bonjour Suzuki",158,1B,93,2026-08-08,04:12,14,"anime, shibuya-kei","Pop","MUSIC FOR ANIMATIONS (Lantis Edition)",2019-03-27,69,50,0,74,0,20,-6,B,4,6csp43iV1rFXTjXEY80dgb,"Lantis",JPI101701480,no
523,"Como Mata el Viento Norte","La Maquina De Hacer Pájaros",88,8B,40,2026-08-08,02:44,46,"argentine rock, progressive rock, latin rock","","La Máquina de Hacer Pájaros",1976-04-29,45,4,0,27,0,10,-15,C,4,7BbpLe12HpkoZJcJs1A3SP,"Microfon",ARF109400190,no
524,"Boletos, Pases y Abonos","La Maquina De Hacer Pájaros",111,9B,51,2026-08-08,06:31,38,"argentine rock, progressive rock, latin rock","","La Máquina de Hacer Pájaros",1976-04-29,57,0,63,48,0,10,-15,G,4,7rXJAqUTO6aEYDEBBMw9ww,"Microfon",ARF100300036,no
525,"Rock and Roll","La Maquina De Hacer Pájaros",152,9B,49,2026-08-08,04:07,40,"argentine rock, progressive rock, latin rock","","La Máquina de Hacer Pájaros",1976-04-29,39,1,51,13,0,10,-14,G,4,6Fv1cm5OlaYFTBuyMh7UYU,"Microfon",ARF100300038,no
526,"Por Probar el Vino y el Agua Salada","La Maquina De Hacer Pájaros",108,9B,44,2026-08-08,03:20,41,"argentine rock, progressive rock, latin rock","","La Máquina de Hacer Pájaros",1976-04-29,33,1,0,54,0,30,-14,G,4,5N51Oz7iz2i1Y3vsSutYJq,"Microfon",ARF100200087,no
527,"Obertura 7.7.7 - Instrumental","La Maquina De Hacer Pájaros",107,8B,62,2026-08-08,04:51,37,"argentine rock, progressive rock, latin rock","","Peliculas",1977-04-29,42,7,69,19,0,30,-13,C,4,5jnvGKrWWmV6sikCueDxv9,"Microfon",ARF100300040,no
528,"Ruta Perdedora","La Maquina De Hacer Pájaros",128,8A,50,2026-08-08,05:38,36,"argentine rock, progressive rock, latin rock","","Peliculas",1977-04-29,44,22,0,14,0,20,-14,A minor,4,0zD5bRmN8jDzZRMHhDYers,"Microfon",ARF100200094,no
529,"Be the Man (On This Night) - English Version","Céline Dion",114,9B,31,2026-08-08,04:39,44,"variété française","","Let's Talk About Love",1997-11-14,53,27,0,10,0,20,-11,G,4,0hAwMo8XvSCz68py5iTfQ8,"Columbia",CAC229700122,no
530,"Sexodus","M.I.A., The Weeknd",158,6A,84,2026-08-08,04:51,29,"escape room, indietronica, new rave, canadian contemporary r&b, canadian pop, pop","R&B, Pop, Electronic","Matangi",2013-11-05,55,22,0,38,0,10,-5,G minor,4,0JMVQxxBhBQn9Ms0M7sU4l,"Interscope",USUG11300656,yes
531,"Yesterdays","Billie Holiday",86,5A,4,2026-08-08,02:48,21,"jazz, vocal jazz, big band, swing music","Jazz","An Evening With Billie Holiday",1953-03-01,52,94,0,27,0,10,-17,C minor,4,02gr27zhuCwNsU2reb39cO,"Verve Reissues",USPR35200019,no
532,"Remember","Billie Holiday",81,5A,18,2026-08-08,02:34,23,"jazz, vocal jazz, big band, swing music","Jazz","An Evening With Billie Holiday",1953-03-01,64,99,0,67,0,10,-15,C minor,3,7rvuYWWPi0m86nnxXYwWTT,"Verve Reissues",USPR35200071,no
533,"I Don't Want To Cry Anymore - Take 2 / Master Take","Billie Holiday",115,7B,15,2026-08-08,03:55,20,"jazz, vocal jazz, big band, swing music","Jazz","Music For Torching",1955-01-01,57,90,0,21,0,10,-12,F,4,1ggFhsF68FMhk6E1XyZcY4,"Verve Reissues",USPR35502416,no
534,"A Fine Romance","Billie Holiday",78,8B,32,2026-08-08,03:34,34,"jazz, vocal jazz, big band, swing music","Jazz","Music For Torching",1955-01-01,65,55,0,53,0,10,-12,C,3,3R2qDHoKTn4ZKAWbejI8zO,"Verve Reissues",USPR35500085,no
535,"Lady Sings The Blues","Billie Holiday",182,5A,15,2026-08-08,03:44,34,"jazz, vocal jazz, big band, swing music","Jazz","Lady Sings The Blues",1956-01-01,32,95,0,26,0,10,-15,C minor,3,0iGu0ULXUSJRvXPCeEqHhO,"Verve Reissues",USPR35600083,no
536,"Love Me Or Leave Me","Billie Holiday",113,6A,21,2026-08-08,02:34,32,"jazz, vocal jazz, big band, swing music","Jazz","Lady Sings The Blues",1956-01-01,62,86,0,73,0,10,-12,G minor,4,5ZGaS6Q8WW21pyQWajBcXs,"Verve Reissues",USPR35400038,no
537,"Too Marvelous For Words","Billie Holiday",141,5A,33,2026-08-08,02:12,43,"jazz, vocal jazz, big band, swing music","Jazz","Lady Sings The Blues",1956-01-01,60,63,0,83,10,20,-11,C minor,4,2XOXYNVmg0Mpm6WlLC0LHx,"Verve Reissues",USPR35400040,no
538,"How Deep Is The Ocean?","Billie Holiday",139,4A,37,2026-08-08,02:59,44,"jazz, vocal jazz, big band, swing music","Jazz","Recital",1956-01-01,63,91,0,63,0,0,-12,F minor,4,1yKDFWPxCzB2Kg3ic2bQ1k,"Verve Reissues",USPR35400035,no
539,"What A Little Moonlight Can Do","Billie Holiday",134,7B,49,2026-08-08,03:13,28,"jazz, vocal jazz, big band, swing music","Jazz","Recital",1956-01-01,56,92,0,92,0,10,-11,F,4,4kBkWKfGO2qsVLItaP7TU2,"Verve Reissues",USPR35400036,no
540,"Moonglow","Billie Holiday",117,8A,26,2026-08-08,02:59,51,"jazz, vocal jazz, big band, swing music","Jazz","Solitude",1956-01-01,65,77,0,47,20,0,-11,A minor,4,1rUpHU45dBawthkWVugcQn,"Verve Reissues",USUMG9900551,no
541,"Easy Living","Billie Holiday",67,4B,10,2026-08-08,03:13,30,"jazz, vocal jazz, big band, swing music","Jazz","The Lady Sings",1956-01-01,38,98,0,18,0,0,-14,G#/A♭,3,4463kt9YxULtgLizzrYQQU,"Verve Reissues",USMC14773794,no
542,"When Your Lover Has Gone","Billie Holiday",133,6B,15,2026-08-08,04:59,19,"jazz, vocal jazz, big band, swing music","Jazz","Velvet Mood",1956-01-01,56,70,0,14,0,20,-13,A#/B♭,4,1xvcddXGwYtHNYAhXcqznO,"Verve Reissues",USPR35502418,no
543,"Please Don't Talk About Me When I'm Gone","Billie Holiday",163,3B,51,2026-08-08,04:21,17,"jazz, vocal jazz, big band, swing music","Jazz","Velvet Mood",1956-01-01,55,42,0,69,0,30,-12,C♯/D♭,4,03oYpJNvDrSWsYZpOGfJT3,"Verve Reissues",USPR35500107,no
544,"Nice Work If You Can Get It","Billie Holiday",78,3B,34,2026-08-08,03:52,19,"jazz, vocal jazz, big band, swing music","Jazz","Velvet Mood",1956-01-01,69,62,0,62,0,0,-12,C♯/D♭,4,5abgTgNMBOkw4MN4NBK1gt,"Verve Reissues",USPR35500081,no
545,"I've Got A Right To Sing The Blues","Billie Holiday",68,3A,24,2026-08-08,05:53,21,"jazz, vocal jazz, big band, swing music","Jazz","Velvet Mood",1956-01-01,60,72,0,31,0,0,-10,A#/B♭ minor,4,00gs9eBgNljmndpYtnLXtw,"Verve Reissues",USPR35500089,no
546,"I Gotta Right To Sing The Blues - Take 2","Billie Holiday",109,9B,21,2026-08-08,02:52,33,"jazz, vocal jazz, big band, swing music","Jazz","Billie Holiday",1957-01-01,62,92,0,52,0,0,-15,G,4,1MZIt5qgHCSH0NzJCUg5cm,"Verve Reissues",USMC13948338,no
547,"She's Funny That Way","Billie Holiday",116,4A,15,2026-08-08,03:03,29,"jazz, vocal jazz, big band, swing music","Jazz","Billie Holiday",1957-01-01,71,97,0,63,0,40,-12,F minor,4,7bJW7uwFu0wG61ZTyW6RJQ,"Verve Reissues",USMC14448364,no
548,"On The Sunny Side Of The Street","Billie Holiday",120,4B,12,2026-08-08,02:59,50,"jazz, vocal jazz, big band, swing music","Jazz","Billie Holiday",1957-01-01,69,97,0,65,0,10,-14,G#/A♭,4,16ARXAJAcL8ubHDpBLcqDQ,"Verve Reissues",USMC14401472,no
549,"Comes Love - Master Take 4","Billie Holiday",107,8B,23,2026-08-08,03:58,28,"jazz, vocal jazz, big band, swing music","Jazz","Body and Soul",1957-01-01,71,60,0,59,0,10,-14,C,4,4uEl0b4ViUMjFit0A03b6T,"Verve Reissues",USPR35705205,no
550,"Comes Love - Alternate Take 1","Billie Holiday",107,5A,23,2026-08-08,03:56,13,"jazz, vocal jazz, big band, swing music","Jazz","Body and Soul",1957-01-01,67,54,0,63,0,10,-13,C minor,4,7tf53v0Imc6nAoKIeywGgh,"Verve Reissues",USPR35705204,no
551,"A Woman's Needs","Elton John, Tammy Wynette",127,6B,31,2026-08-08,05:17,38,"glam rock, mellow gold, piano rock, rock, classic country, traditional country, country, honky tonk","Country, Rock","Duets",1993-11-22,56,73,0,24,0,10,-10,A#/B♭,3,3qqx8ZzV345NQwkMGIozFg,"EMI",GBALX9300001,no
552,"Day In Day Out","Billie Holiday",137,5A,34,2026-08-08,06:49,26,"jazz, vocal jazz, big band, swing music","Jazz","Songs For Distingué Lovers",1957-01-01,63,89,0,49,0,10,-12,C minor,4,0jf1It36dfQZrBT8sEVLJM,"Verve Reissues",USF095700010,no
553,"Just One Of Those Things - Take 8 - Master Take","Billie Holiday",96,5A,36,2026-08-08,05:33,40,"jazz, vocal jazz, big band, swing music","Jazz","Songs For Distingué Lovers",1957-01-01,67,65,0,69,0,30,-12,C minor,4,434Icqe1n6rfIoOSwhrYbn,"Verve Reissues",USPR35700092,no
554,"But Not For Me","Billie Holiday",142,4A,28,2026-08-08,03:51,0,"jazz, vocal jazz, big band, swing music","Jazz","All Or Nothing At All",1958-01-01,68,77,0,57,0,10,-12,F minor,4,0RylOkUn6emxO9bPwxWqsI,"Verve Reissues",USPR35700091,no
555,"All Or Nothing At All","Billie Holiday",146,8A,27,2026-08-08,05:42,0,"jazz, vocal jazz, big band, swing music","Jazz","All Or Nothing At All",1958-01-01,60,70,0,40,0,20,-13,A minor,4,3tq54l0y9xDhSC1AHB5HnA,"Verve Reissues",USPR35600066,no
556,"Crazy He Calls Me","Billie Holiday",73,3B,14,2026-08-08,03:05,56,"jazz, vocal jazz, big band, swing music","Jazz","Lover Man",1958-01-01,49,85,0,29,0,20,-14,C♯/D♭,4,4mQz22nF9cyWqwuErTqc6V,"Verve Reissues",USMC14975422,no
557,"I've Got My Love To Keep Me Warm","Billie Holiday",154,7A,42,2026-08-08,03:58,24,"jazz, vocal jazz, big band, swing music","Jazz","Stay With Me",1958-01-01,53,80,0,52,0,30,-10,D minor,4,5jZBn6jnhdZUGnpooAMnwF,"Verve Reissues",USPG19190088,no
558,"Gimme A Pigfoot And A Bottle Of Beer","Billie Holiday, Sy Oliver & His Orchestra",98,9B,20,2026-08-08,02:45,15,"jazz, vocal jazz, big band, swing music, ragtime","Jazz","The Blues Are Brewin'",1958-01-01,66,81,0,65,0,20,-12,G,4,1SjEwGW0MKZX3DiAlBC9qv,"Verve Reissues",USGR10200695,no
559,"My Sweet Hunk O' Trash","Louis Armstrong, Billie Holiday, Sy Oliver & His Orchestra",124,7B,22,2026-08-08,03:20,8,"jazz, swing music, vocal jazz, big band, ragtime","Jazz","The Blues Are Brewin'",1958-01-01,63,84,0,51,40,30,-15,F,4,5nvfJNSOncg5lAdmKiyXKN,"Verve Reissues",USMC14975343,no
560,"Somebody's On My Mind","Billie Holiday, Gordon Jenkins And Orchestra",70,4A,11,2026-08-08,02:58,14,"jazz, vocal jazz, big band, swing music","Jazz","The Blues Are Brewin'",1958-01-01,48,87,0,21,0,10,-14,F minor,4,6Eup5Kq3stX8TlUI02Beq1,"Verve Reissues",USMC14975424,no
561,"The Blues Are Brewin'","Billie Holiday, John Simmons & His Orchestra",167,3B,10,2026-08-08,03:04,12,"jazz, vocal jazz, big band, swing music","Jazz","The Blues Are Brewin'",1958-01-01,45,98,1,33,0,10,-15,C♯/D♭,4,2ilKEoYak67tNNp3Lshkxu,"Verve Reissues",USMC14673767,no
562,"Now Or Never","Billie Holiday, Sy Oliver & His Orchestra",80,8A,26,2026-08-08,03:18,17,"jazz, vocal jazz, big band, swing music, ragtime","Jazz","The Blues Are Brewin'",1958-01-01,63,82,0,68,10,10,-12,A minor,4,2Vg09EiJYwDjtvDbTkC18F,"Verve Reissues",USMC14975344,no
563,"The End of a Love Affair - Mono Take 4 with Vocal Overdub Take 8","Billie Holiday",85,6B,27,2026-08-08,04:53,24,"jazz, vocal jazz, big band, swing music","Jazz","Lady In Satin",1958-06,24,64,0,35,0,20,-16,A#/B♭,4,1ScLuFh6ZPY0bkSrv9uVMO,"OKEH",USSM11500349,no
564,"All Of You","Billie Holiday",121,6A,23,2026-08-08,02:32,52,"jazz, vocal jazz, big band, swing music","Jazz","Billie Holiday With Ray Ellis And His Orchestra",1959-07-01,58,40,0,48,0,30,-15,G minor,4,3XOJhbofb4qTZdt0RLLrUq,"Verve Reissues",USF095925500,no
565,"Sometimes I'm Happy","Billie Holiday",120,6A,26,2026-08-08,02:47,21,"jazz, vocal jazz, big band, swing music","Jazz","Billie Holiday With Ray Ellis And His Orchestra",1959-07-01,51,60,0,47,0,10,-12,G minor,4,2WbEYJsgFtFUBiVHinYzpE,"Verve Reissues",USF095925510,no
566,"Blue Turning Grey Over You","Billie Holiday",115,6A,28,2026-08-08,02:00,10,"jazz, vocal jazz, big band, swing music","Jazz","Lady Love (Billie's Blues)",1962-01-01,56,96,0,52,0,10,-11,G minor,5,79kjIbKAsqZQ6Dg5SwO66v,"CM BLUE NOTE (A92)",USBN28800042,no
567,"Introduction into the Fine and Mellow","Billie Holiday",77,4B,41,2026-08-08,08:48,0,"jazz, vocal jazz, big band, swing music","Jazz","Billie Holiday Volume II",1966-07-12,53,98,40,60,10,60,-11,G#/A♭,4,6lBhQss8096qRYKATqMMJ9,"Everest Records",QM6N21929725,no
568,"Who Believes In Angels?","Elton John, Brandi Carlile",125,9B,65,2026-08-08,05:13,55,"glam rock, mellow gold, piano rock, rock, folk, americana","Rock","Who Believes In Angels?",2025-02-05,33,15,0,29,0,10,-6,G,4,1TaWo5hydbHe1ryeRgaZQb,"EMI",GBUM72401780,no
569,"Wake Me Up (feat. Justice)","The Weeknd, Justice",111,3B,51,2026-08-08,05:08,73,"canadian contemporary r&b, canadian pop, pop, french house, new rave","R&B, Pop","Hurry Up Tomorrow",2025-01-31,60,0,0,18,0,50,-9,C♯/D♭,4,5673WA8EEUSPx1ir26lhGW,"XO / Republic Records",USUG12501128,no
570,"Cry For Me","The Weeknd",120,6A,65,2026-08-08,03:44,83,"canadian contemporary r&b, canadian pop, pop","R&B, Pop","Hurry Up Tomorrow",2025-01-31,65,9,0,42,0,60,-6,G minor,4,3AWDeHLc88XogCaCnZQLVI,"XO / Republic Records",USUG12501129,yes
571,"Reflections Laughing (feat. Travis Scott, Florence + The Machine)","The Weeknd, Travis Scott, Florence + The Machine",80,10A,36,2026-08-08,04:51,69,"canadian contemporary r&b, canadian pop, pop, rap, baroque pop","Classical, Pop, R&B, Hip Hop","Hurry Up Tomorrow",2025-01-31,33,14,1,4,0,10,-10,B minor,4,2gyHr9WqZeMtzJOpWGuGo6,"XO / Republic Records",USUG12501135,yes
572,"Given Up On Me","The Weeknd",117,8B,39,2026-08-08,05:54,70,"canadian contemporary r&b, canadian pop, pop","R&B, Pop","Hurry Up Tomorrow",2025-01-31,42,8,0,6,0,10,-12,C,4,0FolPJnYMo71Z7qasTuoJT,"XO / Republic Records",USUG12501137,no
573,"I Can't Wait To Get There","The Weeknd",146,12A,44,2026-08-08,03:08,65,"canadian contemporary r&b, canadian pop, pop","R&B, Pop","Hurry Up Tomorrow",2025-01-31,65,54,0,12,0,10,-10,C♯/D♭ minor,4,0bcZ7xN9IcjSNxLerzR2yl,"XO / Republic Records",USUG12501138,yes
574,"Take Me Back To LA","The Weeknd",208,1A,57,2026-08-08,04:13,67,"canadian contemporary r&b, canadian pop, pop","R&B, Pop","Hurry Up Tomorrow",2025-01-31,37,10,0,18,0,0,-8,G#/A♭ minor,4,7rVmzyFA7f4rNGl9onF21E,"XO / Republic Records",USUG12501140,no
575,"Give Me Mercy","The Weeknd",101,6B,67,2026-08-08,03:36,62,"canadian contemporary r&b, canadian pop, pop","R&B, Pop","Hurry Up Tomorrow",2025-01-31,65,16,0,31,0,10,-7,A#/B♭,4,0K3w6WNawZlv6Izmsrye8o,"XO / Republic Records",USUG12501142,no
576,"Red Terror","The Weeknd",80,3B,33,2026-08-08,03:51,62,"canadian contemporary r&b, canadian pop, pop","R&B, Pop","Hurry Up Tomorrow",2025-01-31,27,43,0,16,0,50,-11,C♯/D♭,3,717s9KFmHhyy5t3xkStS56,"XO / Republic Records",USUG12501145,no
577,"Hurry Up Tomorrow","The Weeknd",160,7B,45,2026-08-08,04:51,63,"canadian contemporary r&b, canadian pop, pop","R&B, Pop","Hurry Up Tomorrow",2025-01-31,43,36,0,6,0,10,-9,F,4,4TDPlp7OSOjuDU3l7PCM04,"XO / Republic Records",USUG12501147,no
578,"Could've Been Me","Billy Ray Cyrus",120,9B,60,2026-08-08,03:46,13,"country rock","","Some Gave All",1992-01-01,62,7,0,50,0,10,-11,G,4,3nCkwK0Zl01QaTAgqaqysK,"Island Mercury",USPG19290112,no
579,"Achy Breaky Heart","Billy Ray Cyrus",122,11B,59,2026-08-08,03:24,31,"country rock","","Some Gave All",1992-01-01,80,4,0,96,0,10,-10,A,4,0EzdehSSdPqJQ743z9E1xC,"Island Mercury",USPG19290113,no
580,"These Boots Are Made For Walkin'","Billy Ray Cyrus",177,11B,74,2026-08-08,02:48,12,"country rock","","Some Gave All",1992-01-01,56,4,0,53,0,30,-10,A,4,43GX67ETSYF05poyD8i5lm,"Island Mercury",USPG19290116,no
581,"Ain't No Good Goodbye","Billy Ray Cyrus",167,12B,31,2026-08-08,03:24,8,"country rock","","Some Gave All",1992-01-01,52,48,0,48,0,10,-13,E,3,0mrsRPOoOTi6elCwRhkwnR,"Island Mercury",USPG19290119,no
582,"Storm In The Heartland","Billy Ray Cyrus",142,8B,39,2026-08-08,03:53,20,"country rock","","Storm In The Heartland",1994-01-01,53,26,0,28,0,10,-12,C,4,78faIBMBa7aEJtD3dmZbid,"Island Mercury",USPR39402490,no
583,"Casualty Of Love","Billy Ray Cyrus",81,11B,59,2026-08-08,04:28,9,"country rock","","Storm In The Heartland",1994-01-01,45,13,0,33,0,10,-10,A,4,3yXbvYODgDt8y2UeDRgYNx,"Island Mercury",USPR39402493,no
584,"I Ain't Even Left","Billy Ray Cyrus",174,9B,41,2026-08-08,03:51,8,"country rock","","Storm In The Heartland",1994-01-01,46,33,0,69,0,10,-14,G,4,63rm2FNr2VVkqo7r9BP983,"Island Mercury",USPR39402495,no
585,"A Heart With Your Name On It","Billy Ray Cyrus",143,11B,69,2026-08-08,02:42,9,"country rock","","Storm In The Heartland",1994-01-01,64,20,0,82,0,30,-11,A,4,40tcKTzujgcUGopXNcG2ag,"Island Mercury",USPR39402498,no
586,"Roll Me Over","Billy Ray Cyrus",123,11B,72,2026-08-08,02:32,8,"country rock","","Storm In The Heartland",1994-01-01,72,6,0,96,0,0,-10,A,4,6Zhx7F4hD98MQERjvwbAkx,"Island Mercury",USPR39402500,no
587,"Enough Is Enough","Billy Ray Cyrus",117,12B,62,2026-08-08,03:42,8,"country rock","","Storm In The Heartland",1994-01-01,70,42,0,81,0,10,-9,E,4,7gnFtL7XyRU0SecxBTFJiR,"Island Mercury",USPR39402501,no
588,"The Past","Billy Ray Cyrus",85,3B,44,2026-08-08,04:05,8,"country rock","","Storm In The Heartland",1994-01-01,39,7,0,12,0,0,-11,C♯/D♭,4,3fd9CRgb4wIz2UhRzsf1Ee,"Island Mercury",USPR39402502,no
589,"Geronimo","Billy Ray Cyrus",94,10B,68,2026-08-08,03:52,9,"country rock","","Storm In The Heartland",1994-01-01,59,16,0,60,0,0,-8,D,4,56pvmoagD64v313EsxizKa,"Island Mercury",USPR39402503,no
590,"Southern Rain","Billy Ray Cyrus",138,9B,56,2026-08-08,05:03,10,"country rock","","Southern Rain",2000-10-12,49,17,0,24,0,10,-7,G,4,6xU8J9pXEbuEg4hcPDHuP5,"Monument",USSM10010603,no
591,"All I'm Thinking About Is You","Billy Ray Cyrus",151,10B,80,2026-08-08,03:41,2,"country rock","","Southern Rain",2000-10-12,40,5,0,37,0,10,-7,D,4,4nc9V2UdSzwmYe858xnMKe,"Monument",USSM10011382,no
592,"We The People","Billy Ray Cyrus",108,3B,89,2026-08-08,04:10,5,"country rock","","Southern Rain",2000-10-12,62,13,0,87,0,20,-6,C♯/D♭,4,16ElRRLcUiA8OzUiSobM4F,"Monument",USSM10011378,no
593,"Hey Elvis","Billy Ray Cyrus",118,10B,86,2026-08-08,03:26,8,"country rock","","Southern Rain",2000-10-12,62,2,0,79,0,20,-5,D,4,5bCoPaS2L0fQqvIVdprH29,"Monument",USSM10011690,no
594,"Face of God","Billy Ray Cyrus",111,12B,79,2026-08-08,03:51,8,"country rock","","The Other Side",2003-10-28,50,0,0,59,0,10,-7,E,4,4VOhxfO8aj7pfBxsAFOWvV,"Word",USWR60300959,no
595,"Always Sixteen","Billy Ray Cyrus",96,4B,83,2026-08-08,03:32,6,"country rock","","The Other Side",2003-10-28,53,1,0,61,0,10,-6,G#/A♭,4,39f1eUU5Kz2l2BUeKSr38G,"Word",USWR60300960,no
596,"Did I Forget to Pray","Billy Ray Cyrus",172,1B,77,2026-08-08,03:13,6,"country rock","","The Other Side",2003-10-28,47,0,0,67,0,20,-7,B,4,4qQnweUzLif9tIpSM35rge,"Word",USWR60300961,no
597,"Amazing Grace","Billy Ray Cyrus",115,8B,66,2026-08-08,05:48,13,"country rock","","The Other Side",2003-10-28,56,1,1,59,0,30,-7,C,4,2COswLKvq4frdfqg08bZIu,"Word",USWR60300968,no
598,"Words By Heart","Billy Ray Cyrus",121,11B,67,2026-08-08,03:04,18,"country rock","","The Definitive Collection",2004-01-01,68,24,0,65,0,20,-7,A,4,2r8YEgbc5zpRWZ1HKxvzBb,"Mercury Nashville",USMR19300001,no
599,"Talk Some","Billy Ray Cyrus",120,9A,67,2026-08-08,04:14,10,"country rock","","The Definitive Collection",2004-01-01,74,30,0,50,0,10,-6,E minor,4,6EsQZR5M719XdCoofrYF73,"Mercury Nashville",USIR20080193,no
600,"The Fastest Horse In A One Horse Town","Billy Ray Cyrus",117,8B,68,2026-08-08,04:29,10,"country rock","","The Definitive Collection",2004-01-01,70,14,0,57,0,10,-8,C,4,6coSZMd6CXCaB4rUs6HDWM,"Mercury Nashville",USSM10013650,no
601,"Truth Is I Lied","Billy Ray Cyrus",114,9B,53,2026-08-08,03:17,7,"country rock","","The Definitive Collection",2004-01-01,69,17,0,95,0,0,-8,G,4,2hwHSPo4KiGl25LSpQrOFX,"Mercury Nashville",USMR19607244,no
602,"The Beginning","Billy Ray Cyrus",146,2B,55,2026-08-08,03:55,11,"country rock","","Home At Last",2007-10-09,50,33,0,26,0,0,-7,F#/G♭,4,1WX3aFYv4awFL4defF9VmF,"Walt Disney Records",USWD10732361,no
603,"Can't Live Without Your Love","Billy Ray Cyrus",140,6B,57,2026-08-08,03:41,9,"country rock","","Home At Last",2007-10-09,46,13,0,20,0,10,-7,A#/B♭,4,5K0hpsxm5jvKHDDueNGkiP,"Walt Disney Records",USWD10732005,no
604,"Pintao","Árbol",69,8B,90,2026-08-08,03:11,6,"argentine rock","","Pintao",2025-01-24,33,35,0,6,30,10,-7,C,4,6UT3o1LWbCz2PgqE5jiRvP,"árbol",ARN732500001,yes
605,"Good Graces","Sabrina Carpenter",126,7B,73,2026-08-08,03:05,60,"pop","Pop","Short n' Sweet (Deluxe)",2025-02-14,76,34,0,75,0,10,-5,F,4,5JiTjhx7lhqYgsIGpo0VFy,"Island Records",USUM72404102,yes
606,"Slim Pickins","Sabrina Carpenter",100,11A,55,2026-08-08,02:32,58,"pop","Pop","Short n' Sweet (Deluxe)",2025-02-14,56,28,0,28,0,10,-9,F#/G♭ minor,4,13djc4bqGG8n26PmsAuByA,"Island Records",USUM72404105,no
607,"Don’t Smile","Sabrina Carpenter",90,4B,43,2026-08-08,03:26,61,"pop","Pop","Short n' Sweet (Deluxe)",2025-02-14,62,44,0,39,0,20,-10,G#/A♭,4,0LB0SY2DW67uRjbDWcAHMZ,"Island Records",USUM72317637,no
608,"Missing You","Billy Ray Cyrus",89,3B,42,2026-08-08,03:21,18,"country rock","","Love Songs",2008-01-01,64,31,0,28,0,10,-9,C♯/D♭,4,3dj6YXbwMrVkgAR90EHpJ3,"Mercury Nashville",USMR19889216,no
609,"Back To Tennessee","Billy Ray Cyrus",119,8B,82,2026-08-08,04:16,44,"country rock","","Back to Tennessee",2009-01-01,53,11,0,32,0,10,-4,C,4,0LXe3mbRwJpp26SmNr23PD,"Walt Disney Records",USWD10835113,no
610,"Thrillbilly","Billy Ray Cyrus",99,8B,90,2026-08-08,03:20,13,"country rock","","Back to Tennessee",2009-01-01,30,17,0,48,0,0,-4,C,4,4A3J9OxXSgOjPHg1Hr6slV,"Walt Disney Records",USWD10835114,no
611,"Real Gone","Billy Ray Cyrus",118,4B,95,2026-08-08,03:32,35,"country rock","","Back to Tennessee",2009-01-01,51,5,0,59,10,30,-4,G#/A♭,4,7jxNUV42fVe8F5oeI5VTNv,"Walt Disney Records",USWD10834299,no
612,"Butterfly Fly Away - Extended Version","Miley Cyrus, Billy Ray Cyrus",135,1B,57,2026-08-08,04:44,37,"pop, country rock","Pop","Back to Tennessee",2009-01-01,52,38,0,43,0,30,-6,B,4,3uWlMWn2b7WGTTgdQb7WoG,"Walt Disney Records",USWD10936020,no
613,"Runway Lights","Billy Ray Cyrus",106,9B,73,2026-08-08,03:43,14,"country rock","","I'm American",2011-01-01,62,3,0,39,0,50,-4,G,4,4aRBxbQRl7Hutqk47h37fK,"Buena Vista Records",USR1B1021305,no
614,"Keep The Light On","Billy Ray Cyrus",115,7B,94,2026-08-08,04:03,7,"country rock","","I'm American",2011-01-01,65,1,0,89,0,20,-3,F,4,76NL77H40Dp3KmjA7YpAXK,"Buena Vista Records",USR1B1021307,no
615,"I'm American","Billy Ray Cyrus",87,10B,97,2026-08-08,04:30,22,"country rock","","I'm American",2011-01-01,48,1,0,57,0,30,-3,D,4,59EfS9yWodn349IhmKOWSZ,"Buena Vista Records",USR1B1021303,no
616,"Change My Mind","Billy Ray Cyrus",117,6B,96,2026-08-08,04:40,8,"country rock","","Change My Mind (Deluxe Edition)",2016-09-09,53,0,9,59,0,70,-3,A#/B♭,4,2ZDJ3pMVpJhgdPcmzrT7ay,"BCM",QMFMG1590992,no
617,"Forgot to Forget","Billy Ray Cyrus",113,12B,96,2026-08-08,03:56,5,"country rock","","Change My Mind (Deluxe Edition)",2016-09-09,60,1,0,61,0,0,-5,E,4,3arrsc7ritGvGhRL5XYRiX,"BCM",QMFMG1590997,no
618,"They're Playin' Our Song","Billy Ray Cyrus",79,9A,70,2026-08-08,03:50,4,"country rock","","Thin Line",2016-10-07,45,3,15,34,0,10,-7,E minor,4,5b4pY6IKyxPRkNNFjNbrME,"BCM",QMN8G1600003,no
619,"Stop Pickin' on Willie","Billy Ray Cyrus",168,10B,86,2026-08-08,03:07,5,"country rock","","Thin Line",2016-10-07,45,8,0,80,10,10,-4,D,3,3ZSvl3jlj1ejLTmWRLeY2d,"BCM",QMN8G1600005,no
620,"Sunday Morning Coming Down","Billy Ray Cyrus, Shelby Lynne",78,11B,74,2026-08-08,04:58,5,"country rock, alt country","","Thin Line",2016-10-07,44,2,0,41,0,10,-6,A,4,6b7RCDYWjcz8ngObIVxNNh,"BCM",QMN8G1600006,no
621,"Help Me Make It Through the Night","Billy Ray Cyrus, Kenley Shea Holm",86,10B,73,2026-08-08,03:08,6,"country rock","","Thin Line",2016-10-07,40,15,0,43,0,10,-6,D,4,6VvLo7KirlGGtTMzaLJ7wr,"BCM",QMN8G1600012,no
622,"Hope (Let It Find You)","Billy Ray Cyrus",81,3B,63,2026-08-08,04:21,2,"country rock","","Thin Line",2016-10-07,47,2,0,19,0,10,-6,C♯/D♭,4,5HOo6ZKlGE812zCytqJBZO,"BCM",QMN8G1600013,no
623,"And The Clock Goes Round - Stereo Mix","Elton John",117,9B,49,2026-08-08,03:10,15,"glam rock, mellow gold, piano rock, rock","Rock","Regimental Sgt. Zippo",2022-07-08,47,6,0,50,0,20,-10,G,4,4fJ0ZlPewR0Iq16TRiQXdi,"UMC (Universal Music Catalogue)",GBUM72100307,no
624,"Sitting Doing Nothing - Stereo Mix","Elton John",145,9B,51,2026-08-08,02:33,13,"glam rock, mellow gold, piano rock, rock","Rock","Regimental Sgt. Zippo",2022-07-08,59,8,0,75,0,0,-11,G,4,0zp5gzdTMeDkujYnOHT1ET,"UMC (Universal Music Catalogue)",GBUM72100308,no
625,"A Dandelion Dies In The Wind - Stereo Mix","Elton John",166,8B,49,2026-08-08,03:15,12,"glam rock, mellow gold, piano rock, rock","Rock","Regimental Sgt. Zippo",2022-07-08,29,28,0,35,0,10,-10,C,4,72CqScWomjQ00G5QjqJv3E,"UMC (Universal Music Catalogue)",GBUM72100312,no
626,"You'll Be Sorry To See Me Go - Stereo Mix","Elton John",132,10B,82,2026-08-08,02:35,12,"glam rock, mellow gold, piano rock, rock","Rock","Regimental Sgt. Zippo",2022-07-08,79,6,0,97,0,0,-8,D,4,5C3toyIeUstrVc5gqmgVuW,"UMC (Universal Music Catalogue)",GBUM72100313,no
627,"Nina - Stereo Mix","Elton John",88,4A,75,2026-08-08,03:52,11,"glam rock, mellow gold, piano rock, rock","Rock","Regimental Sgt. Zippo",2022-07-08,34,0,0,50,0,40,-8,F minor,4,3xjhO7i96jCZUgscFmrSTF,"UMC (Universal Music Catalogue)",GBUM72100314,no
628,"Tartan Coloured Lady - Stereo Mix","Elton John",73,9A,44,2026-08-08,04:11,12,"glam rock, mellow gold, piano rock, rock","Rock","Regimental Sgt. Zippo",2022-07-08,41,62,0,51,0,10,-10,E minor,4,2gSAWtfWiMUEP5dDpojwRq,"UMC (Universal Music Catalogue)",GBUM72100315,no
629,"Watching The Planes Go By - Stereo Mix","Elton John",78,10B,53,2026-08-08,04:11,12,"glam rock, mellow gold, piano rock, rock","Rock","Regimental Sgt. Zippo",2022-07-08,26,21,0,56,0,30,-8,D,4,6jcE3XjranCP5TUgWhaPjG,"UMC (Universal Music Catalogue)",GBUM72100317,no
630,"Little Richard’s Bible","Elton John, Brandi Carlile",157,8B,95,2026-08-08,02:59,31,"glam rock, mellow gold, piano rock, rock, folk, americana","Rock","Who Believes In Angels?",2025-04-04,39,2,0,57,0,20,-2,C,4,3AsmUHXoCqeWXP9tRTYGsR,"EMI",GBUM72401776,no
631,"A Little Light","Elton John, Brandi Carlile",74,10B,73,2026-08-08,04:22,18,"glam rock, mellow gold, piano rock, rock, folk, americana","Rock","Who Believes In Angels?",2025-04-04,44,3,0,46,0,0,-4,D,4,3g3GkJaCTuH9vFGNLlbBwD,"EMI",GBUM72401782,no
632,"Someone To Belong To","Elton John, Brandi Carlile",101,8B,75,2026-08-08,04:20,19,"glam rock, mellow gold, piano rock, rock, folk, americana","Rock","Who Believes In Angels?",2025-04-04,51,0,0,52,0,10,-4,C,4,7LmlaWlWjrktKaLG8Beu9u,"EMI",GBUM72401783,no
633,"Folsom Prison Blues","Billy Ray Cyrus",105,4A,73,2026-08-08,05:14,4,"country rock","","Set The Record Straight",2017-11-10,69,57,50,89,0,0,-7,F minor,4,1ulgsosheHM78xJAxl0jN4,"Flatwoods Records",QMDPP1700567,no
634,"Hey Daddy","Billy Ray Cyrus",112,10B,57,2026-08-08,03:45,2,"country rock","","Set The Record Straight",2017-11-10,70,61,13,47,0,10,-8,D,4,0l3L2DyOYJ0dvfaQTSTUin,"Flatwoods Records",QMDPP1700571,no
635,"Achy Breaky Heart 25 (Spanglish)","Billy Ray Cyrus, JENCARLOS",118,4B,87,2026-08-08,03:13,3,"country rock, latin pop","","Set The Record Straight",2017-11-10,74,56,0,92,0,10,-5,G#/A♭,4,3mzw7BcOBzVs0bnV0axn1e,"Flatwoods Records",QMDPP1700574,no
636,"I Ain't Comin' Back (feat. Post Malone)","Morgan Wallen, Post Malone",100,1B,74,2026-08-08,02:55,68,"country, dfw rap, melodic rap, pop, rap","Country, Hip Hop, Pop","I Ain't Comin' Back",2025-04-18,58,54,0,75,0,30,-5,B,4,5ceKWhT3J34xxw5uzIzgU9,"Big Loud Records / Mercury Records / Republic Records",USUG12501623,no
637,"sT＋hRN＋tRB＋tUba","Sawano Hiroyuki",120,6A,70,2026-08-08,06:12,10,"anime, soundtrack","Pop, Classical, Easy Listening","GUILTY CROWN COMPLETE SOUNDTRACK",2012-00-00,57,13,68,14,0,30,-11,G minor,3,2j8YB5mxR0BoRAAoEpUtoV,"Aniplex Inc.",JPE301200665,no
638,"重し蟹","物語シリーズ",105,3B,51,2026-08-08,02:12,12,"anime, j-pop","Pop","Bakemonogatari Gekihanongakushu (Original Soundtrack)",2018-11-02,25,5,68,4,0,10,-11,C♯/D♭,4,7iaeq5FFVWpubYeVhvt3ND,"Aniplex Inc.",JPE301103669,no
639,"幽霊の幽霊","物語シリーズ",77,9A,3,2026-08-08,02:14,10,"anime, j-pop","Pop","Onimonogatari Gekihanongakushu (Original Soundtrack)",2018-11-02,24,96,86,4,0,10,-25,E minor,3,3QO8IkQ5Xu42Rg11zX6HEQ,"Aniplex Inc.",JPE301400388,no
640,"八つ当たり","物語シリーズ",144,10A,25,2026-08-08,04:18,9,"anime, j-pop","Pop","Kabukimonogatari Gekihanongakushu (Original Soundtrack)",2018-11-02,66,78,88,45,0,10,-17,B minor,4,6m6OoRJCG45SwDgNREwAYk,"Aniplex Inc.",JPE301303012,no
641,"P.B.S.","DESTIN CONRAD, Lil Nas X",148,3B,52,2026-08-08,02:24,43,"alternative r&b, lgbtq+ hip hop","Pop, R&B","LOVE ON DIGITAL",2025-04-25,63,2,0,52,0,10,-7,C♯/D♭,4,0BEdIL6VdG2h8MRGLBoY5d,"Above Ground Ent / Destin Conrad / EMPIRE",USUYG1719629,yes
642,"The Reckoning","Billy Ray Cyrus",119,7B,73,2026-08-08,05:17,9,"country rock","","The SnakeDoctor Circus",2019-05-24,52,0,0,59,0,0,-5,F,4,54ecDgycox8SaDEGMQVwhZ,"Broken Bow Records",QMRSZ1900370,no
643,"Goddess of Democracy","Billy Ray Cyrus",120,11B,73,2026-08-08,04:16,8,"country rock","","The SnakeDoctor Circus",2019-05-24,57,9,0,48,0,0,-5,A,4,6QmjcI3jEIsd72J35bmWMj,"Broken Bow Records",QMRSZ1900372,no
644,"Angel in My Pocket","Billy Ray Cyrus",127,9B,80,2026-08-08,03:01,9,"country rock","","The SnakeDoctor Circus",2019-05-24,65,23,0,86,0,20,-4,G,4,4rRbOafx9I9QTwMmXvwx8E,"Broken Bow Records",QMRSZ1900375,no
645,"Take it Easy Greazy - feat. Don Von Tress","Billy Ray Cyrus, Don Von Tress",128,12B,93,2026-08-08,04:45,5,"country rock","","The SnakeDoctor Circus",2019-05-24,48,1,3,43,0,20,-5,E,4,2oILEdtDurYBC3nAc82ty2,"Broken Bow Records",QMRSZ1900376,no
646,"JEOPARDY","Sawano Hiroyuki",131,4A,79,2026-08-08,03:57,50,"anime, soundtrack","Pop, Classical, Easy Listening","JEOPARDY",2025-04-27,59,2,0,43,0,20,-6,F minor,3,6oMWSgvctf10gC6DxS75Al,"Aniplex Inc.",JPE302500314,no
647,"Achy Breaky Heart 25th","Billy Ray Cyrus, The Silver Mullet Band",113,12B,77,2026-08-08,04:18,23,"country rock","","Achy Breaky Heart 25th",2017-04-28,65,66,0,87,0,10,-6,E,4,6lTyCGmoBtHhVk2Jq9kSeG,"Flatwood Productions",QMZFT1700001,no
648,"Old Town Road - Diplo Remix","Lil Nas X, Billy Ray Cyrus, Diplo",140,2B,77,2026-08-08,03:24,55,"lgbtq+ hip hop, country rock, moombahton","Electronic, Latin","Old Town Road (Diplo Remix)",2019-04-29,77,0,0,30,0,10,-9,F#/G♭,4,3kgKVcBpBGuSeaEC0AZGlb,"Columbia",USSM11902898,no
649,"Chevys and Fords","Billy Ray Cyrus, Johnny McGuire",142,9B,82,2026-08-08,04:27,30,"country rock","","Chevys and Fords",2019-07-19,41,13,0,53,0,10,-3,G,3,0ek33C4oYF9mwVmwywtQr9,"Broken Bow Records",QMRSZ1901052,no
650,"Country Twisted","Billy Ray Cyrus",88,9B,80,2026-08-08,03:12,5,"country rock","","Country Twisted",2020-00-00,59,31,0,85,0,10,-5,G,4,2q4roDlx02f04I18ic5r7e,"Gibson Studios",QM6N22446327,no
651,"Good at Goodbyes","Billy Ray Cyrus",204,9B,77,2026-08-08,02:42,7,"country rock","","The Singin’ Hills Sessions – Mojave",2020-11-06,49,8,0,91,0,20,-6,G,4,1zWEK5RxgryJ77tJ5kIqb8,"Broken Bow Records",QMRSZ2002276,no
652,"Roll That Rock","Billy Ray Cyrus, Bobby & Teddi Cyrus",117,9B,59,2026-08-08,03:36,31,"country rock, christian bluegrass, country christian, southern gospel, bluegrass, christian folk","Christian, Folk, Country, Traditional Music","Roll That Rock",2021-08-13,67,15,0,63,0,0,-7,G,4,6w2uvKllj3ya3xKNmubkcn,"Pinecastle Records",USWHN2102186,no
653,"Noah (Stand Still)","Noah Cyrus, Billy Ray Cyrus",156,4A,44,2026-08-08,03:54,31,"alt z, pop, country rock","Pop","Noah (Stand Still)",2022-09-23,44,22,0,15,0,10,-9,F minor,4,2lXpWg3gOIeH22d1UMhoiL,"Records/Columbia",USQX92204630,no
654,"Achy Breaky Heart (Caribbean Version)","Billy Ray Cyrus",125,2A,89,2026-08-08,03:23,7,"country rock","","Christmas in Paradise (Original Motion Picture Soundtrack)",2022-12-16,71,7,0,96,0,20,-7,D#/E♭ minor,4,6rgzeBOIm1i0JnasLOtx22,"Lions Gate Records",USA2P2251646,no
655,"Lost","Tommee Profitt, Sam Tinnesz, Billy Ray Cyrus",168,3B,46,2026-08-08,03:07,28,"anthem worship, alt z, bossbeat, rebel blues, country rock","","Lost",2025-02-07,62,71,27,35,0,10,-10,C♯/D♭,4,1T9NRqyOr0k4H5IiFJNvka,"Tommee Profitt II",QZVR22400576,no
656,"Ask","Billy Ray Cyrus, Ben Burgess, Brandon Manley",148,2A,50,2026-08-08,03:16,17,"country rock, texas country, country hip hop","","Ask",2025-03-21,68,3,0,26,0,10,-9,D#/E♭ minor,4,7ETaKLT7CFlcqNST96cZtz,"Roam Man Productions",USUYG1715692,no
657,"Tooth-I:","Sawano Hiroyuki",109,9A,41,2026-08-08,03:03,40,"anime, soundtrack","Pop, Classical, Easy Listening"," Attack on Titan  Season 3 Original Soundtrack",2019-08-26,30,81,90,11,0,10,-12,E minor,3,0zgqHv9NaoJxlQHjqnVvte,"PONY CANYON INC.",JPPC01900877,no
658,"Mobile Suit","Sawano Hiroyuki",90,9A,81,2026-08-08,02:46,36,"anime, soundtrack","Pop, Classical, Easy Listening","MOBILE SUIT GUNDAM UNICORN Original Motion Picture Soundtrack 1",2010-09-09,51,6,40,56,0,50,-11,E minor,4,01Jy9DL5LL1BXXjQnx73ff,"SUNRISE Music Label",JPP301000065,no
659,"Like a Country Song","Billy Ray Cyrus",97,10B,53,2026-08-08,02:48,10,"country rock","","Like a Country Song - Original Motion Picture Soundtrack",2014-10-14,60,59,0,67,0,30,-5,D,4,4oROtZzdR77F8CIOrYNsdg,"Melody Round Up Music LLC",USV351467016,no
660,"Let's Go To The PBR","Billy Ray Cyrus",176,7B,96,2026-08-08,03:47,7,"country rock","","Dancin' With Thunder",2001-09-10,38,0,0,64,10,20,-5,F,4,2AYfR5fcTn7amVjopzBtxu,"Epic",USSM10107410,no
661,"Christmas Where We Are (feat. Billy Ray Cyrus)","Dolly Parton, Billy Ray Cyrus",105,3B,74,2026-08-08,03:10,15,"country, classic country, country rock","Country","A Holly Dolly Christmas (Ultimate Deluxe Edition)",2020-10-02,64,35,0,80,0,0,-9,C♯/D♭,4,0LvZ9kK9yqmX1xKxL7gXUu,"Warner Records",ZZOPM2003063,no
662,"Ela Não Vai Mais Chorar","Chitãozinho & Xororó, Billy Ray Cyrus",89,10B,50,2026-08-08,03:50,42,"sertanejo tradicional, sertanejo, agronejo, country rock","","Coração Do Brasil",1994-05-02,57,20,0,56,0,30,-9,D,4,4MyGlRWDOYbvTjJ89gT7Zq,"Universal Music Ltda.",BRPGD9400680,no
663,"I Learned From You","Miley Cyrus, Billy Ray Cyrus",150,8B,65,2026-08-08,03:23,40,"pop, country rock","Pop","Hannah Montana",2006-01-01,43,3,0,30,0,0,-4,C,3,3qhIhyu9Sl8lyF43vNt9Dv,"Walt Disney Records",USWD10629509,no
664,"Butterfly Fly Away","Miley Cyrus, Billy Ray Cyrus",135,1B,28,2026-08-08,03:09,65,"pop, country rock","Pop","Hannah Montana The Movie",2009-01-01,61,73,0,47,0,20,-13,B,4,2ZTCl6wQMDSMfY4s8GHZdj,"Walt Disney Records",USWD10935875,no
665,"Insisto","Ciro y los Persas",124,11B,75,2026-08-08,04:37,48,"argentine rock","","Espejos",2009-01-01,62,5,0,66,0,0,-6,A,4,0yCKreevOzN7ekcw7e4PuS,"300 Producciones",ARG601000060,no
666,"Rockabilly para Siempre","Ciro y los Persas",112,12A,93,2026-08-08,04:56,15,"argentine rock","","Espejos",2009-01-01,68,6,0,79,0,30,-6,C♯/D♭ minor,4,2OjPDLkgpymAcw9Zu3oaHm,"300 Producciones",ARG601000064,no
667,"Noche de Hoy","Ciro y los Persas",106,11B,72,2026-08-08,04:40,27,"argentine rock","","Espejos",2009-01-01,62,14,1,78,0,20,-5,A,4,2cP6KdaVJryx5coCiZPyHz,"300 Producciones",ARG601000069,no
668,"Paso a Paso","Ciro y los Persas, Micky Rodriguez",141,7B,76,2026-08-08,05:14,14,"argentine rock, cuarteto","","Espejos",2009-01-01,81,3,0,95,0,20,-6,F,3,1o73yG8GZqBdQP9mIrkqVP,"300 Producciones",ARG601000067,no
669,"Murgueros","Ciro y los Persas",113,9A,86,2026-08-08,05:00,20,"argentine rock","","27",2012-11-19,74,3,0,73,0,70,-7,E minor,4,6uOHsq2WOGNh10BveknPGZ,"300 Producciones",ARG601200680,no
670,"Héroes de Malvinas","Ciro y los Persas",132,12B,60,2026-08-08,04:26,22,"argentine rock","","27",2012-11-19,46,10,0,80,0,10,-8,E,4,323p85SD0EG7KHje1KGU5v,"300 Producciones",ARG601200685,no
671,"La Flor en la Piedra","Ciro y los Persas",121,8B,82,2026-08-08,04:04,21,"argentine rock","","27",2012-11-19,70,4,0,67,0,0,-5,C,4,2aOOoTs1LJKSIkw7d7w268,"300 Producciones",ARG601200686,no
672,"Fácil","Ciro y los Persas",131,9A,82,2026-08-08,04:11,18,"argentine rock","","27",2012-11-19,61,1,0,81,0,0,-7,E minor,4,29EBdUcaDwgJe6auUnmcCf,"300 Producciones",ARG601200687,no
673,"Tal Vez","Ciro y los Persas",108,11B,51,2026-08-08,05:18,26,"argentine rock","","27",2012-11-19,63,31,19,25,0,10,-7,A,4,0Itk6v2cvW8DulgbCEsryE,"300 Producciones",ARG601200689,no
674,"Amor Prohibido","Ciro y los Persas",90,10B,65,2026-08-08,04:22,28,"argentine rock","","Naranja Persa",2016-09-27,62,4,0,36,0,10,-6,D,4,3mXb0TVdYJAshua5bRqvuG,"300 Producciones",ARG601600245,no
675,"La Rosa","Ciro y los Persas",93,8B,64,2026-08-08,04:41,27,"argentine rock","","Naranja Persa",2016-09-27,57,21,0,64,0,0,-8,C,4,5EK3qwLEUKOBmrNpiRrvLy,"300 Producciones",ARG601600248,no
676,"Atún","Ciro y los Persas",168,8B,88,2026-08-08,04:23,24,"argentine rock","","Naranja Persa",2016-09-27,61,21,0,89,0,10,-6,C,4,6RbrLyE5FXwlhXRXq9tTAy,"300 Producciones",ARG601600249,no
677,"LIGHT AGAIN!","Lil Nas X",122,3A,62,2026-08-08,02:57,48,"lgbtq+ hip hop","","Days Before Dreamboy",2025-03-28,70,0,0,77,0,10,-6,A#/B♭ minor,4,3dIuilnw3QX0KkQNpERaDD,"Columbia",USSM12403554,yes
678,"RIGHT THERE!","Lil Nas X",124,3B,51,2026-08-08,03:18,41,"lgbtq+ hip hop","","Days Before Dreamboy",2025-03-28,86,1,0,38,10,10,-7,C♯/D♭,4,74gVmCo2W2XedSpg2FjAWn,"Columbia",USSM12500940,yes
679,"need dat boy","Lil Nas X",160,5A,31,2026-08-08,02:52,38,"lgbtq+ hip hop","","Days Before Dreamboy",2025-03-28,52,47,0,35,10,10,-11,C minor,4,0gdoL1F1IXVMzEUCteQDUR,"Columbia",USSM12409109,yes
680,"LEAN ON MY BODY","Lil Nas X",160,3B,61,2026-08-08,03:25,45,"lgbtq+ hip hop","","Days Before Dreamboy",2025-03-28,75,9,0,82,30,0,-7,C♯/D♭,4,5kN2mbOgVpwSskBzh8Cndz,"Columbia",USSM12403556,yes
681,"Prometeo","Ciro y los Persas",162,11B,85,2026-08-08,04:27,29,"argentine rock","","Naranja Persa 2",2018-04-14,49,3,0,46,0,0,-6,A,4,4b3dtQCGslU3kbl81QWhyN,"300 Producciones",ARG601800024,no
682,"Dice","Ciro y los Persas",122,8B,76,2026-08-08,04:43,39,"argentine rock","","Naranja Persa 2",2018-04-14,65,6,0,71,0,20,-6,C,4,7FLz7DCQe8HYb6K0WdHRiO,"300 Producciones",ARG601800026,no
683,"Plan","Ciro y los Persas",154,11B,74,2026-08-08,04:23,15,"argentine rock","","Naranja Persa 2",2018-04-14,57,0,5,47,0,10,-7,A,4,4Ox7ywy9C6Nr0kuIT0XfGK,"300 Producciones",ARG601800027,no
684,"Simple","Ciro y los Persas",126,11B,90,2026-08-08,04:14,23,"argentine rock","","Naranja Persa 2",2018-04-14,73,21,0,77,0,0,-5,A,4,5XDtK0bZ3yKtRMbmnSwQ0j,"300 Producciones",ARG601800028,no
685,"Nena","Ciro y los Persas",148,10B,66,2026-08-08,04:07,23,"argentine rock","","Naranja Persa 2",2018-04-14,58,74,0,28,0,10,-6,D,4,2iHxTjdshamYHY7ZDW1srS,"300 Producciones",ARG601800030,no
686,"Dulce","Ciro y los Persas",94,11B,56,2026-08-08,04:12,12,"argentine rock","","Naranja Persa 2",2018-04-14,75,65,0,53,10,10,-7,A,4,2bZgphV8dH78RbFuDsivyn,"300 Producciones",ARG601800032,no
687,"Por Cel","Ciro y los Persas",105,5B,78,2026-08-08,04:52,31,"argentine rock","","Naranja Persa 2",2018-04-14,72,32,0,82,0,0,-5,D#/E♭,4,3K2JogTLIIthEsUp1bgPFS,"300 Producciones",ARG601800033,no
688,"Todos Igual","Ciro y los Persas",88,10A,88,2026-08-08,05:21,11,"argentine rock","","Naranja Persa 2",2018-04-14,47,24,0,71,0,0,-6,B minor,4,7xbVPek6X7x1U8SuKkvPuz,"300 Producciones",ARG601800034,no
689,"Manchild","Sabrina Carpenter",123,9B,69,2026-08-08,03:33,85,"pop","Pop","Manchild",2025-06-05,73,12,0,81,0,30,-5,G,4,42UBPzRMh5yyz0EDPr6fr1,"Island Records",USUM72504354,yes
690,"Mírenla (Acústico)","Ciro y los Persas",80,3B,58,2026-08-08,04:25,28,"argentine rock","","Guerras (Un Viaje en el Tiempo)",2020-11-20,55,39,0,36,0,10,-8,C♯/D♭,4,3adqew32aN0DuInXYwwAzA,"300 Producciones",AR3692000050,no
691,"Difícil (Acústico)","Ciro y los Persas",152,4B,51,2026-08-08,04:27,29,"argentine rock","","Guerras (Un Viaje en el Tiempo)",2020-11-20,44,29,0,26,0,10,-7,G#/A♭,4,1d762QiBeWsi4CUhNXd8mh,"300 Producciones",AR3692000051,no
692,"Tan Solo (Acústico)","Ciro y los Persas",125,1B,48,2026-08-08,04:06,32,"argentine rock","","Guerras (Un Viaje en el Tiempo)",2020-11-20,46,24,0,43,0,20,-7,B,4,5YvShwXtxESCHIPNs0xGxW,"300 Producciones",AR3692000053,no
693,"Te Encontré (Acústico)","Ciro y los Persas",123,8B,65,2026-08-08,03:14,38,"argentine rock","","Guerras (Un Viaje en el Tiempo)",2020-11-20,72,9,0,49,0,10,-6,C,4,1yB0GiaDvlGfLDJlaHSJyl,"300 Producciones",AR3692000054,no
694,"A Good Heart","Elton John",135,5B,65,2026-08-08,04:50,34,"glam rock, mellow gold, piano rock, rock","Rock","Wonderful Crazy Night (Deluxe)",2016-02-05,47,1,24,19,0,10,-7,D#/E♭,4,0tHSq0Q3IdId4dodh4JxkQ,"EMI",GBUM71506179,no
695,"der Traum deines Lebens","Sawano Hiroyuki",128,7A,74,2026-08-08,05:09,7,"anime, soundtrack","Pop, Classical, Easy Listening","「戦国BASARA弐」音楽絵巻 弐 ～乱世、再び！～",2010-09-01,55,33,59,4,0,10,-9,D minor,3,1KPoL44aDUwNnt5FmrsOoq,"FlyingDog",JPG751000511,no
696,"Ando Ganas (Llora Llora) (Sinfónico)","Ciro y los Persas, Orquesta Filarmónica de Mendoza",133,8B,60,2026-08-08,05:29,16,"argentine rock","","Sueños (Un Viaje En el Tiempo)",2022-05-27,56,26,0,39,0,10,-8,C,4,0AJmZk923I2EID3yESTwYS,"300 Producciones",AR3692100007,no
697,"Carrousel (Sinfónico)","Ciro y los Persas, Orquesta Filarmónica de Mendoza",107,9B,74,2026-08-08,05:06,20,"argentine rock","","Sueños (Un Viaje En el Tiempo)",2022-05-27,54,39,0,46,0,10,-7,G,4,0YqbfdstF6TGvCIazCjt4G,"300 Producciones",AR3692100010,no
698,"Dientes de Cordero (Sinfónico)","Ciro y los Persas, Orquesta Filarmónica de Mendoza",142,8A,76,2026-08-08,04:56,21,"argentine rock","","Sueños (Un Viaje En el Tiempo)",2022-05-27,48,7,0,48,0,10,-6,A minor,4,3FDP19bA99geyUNE7qPwKb,"300 Producciones",AR3692100011,no
699,"Agua (Sinfónico)","Ciro y los Persas, Orquesta Filarmónica de Mendoza",105,9B,60,2026-08-08,05:00,22,"argentine rock","","Sueños (Un Viaje En el Tiempo)",2022-05-27,33,62,0,50,0,10,-6,G,4,29tnuvL9585urPsSq7LLWF,"300 Producciones",AR3692100013,no
700,"Pacífico (Sinfónico)","Ciro y los Persas, Orquesta Filarmónica de Mendoza",145,11B,66,2026-08-08,05:20,13,"argentine rock","","Sueños (Un Viaje En el Tiempo)",2022-05-27,36,45,2,16,0,0,-6,A,4,12BohhKIpIKkLTYm9Wor4e,"300 Producciones",AR3692100008,no
701,"Tal Vez (Sinfónico)","Ciro y los Persas, Orquesta Filarmónica de Mendoza",108,1B,58,2026-08-08,05:16,11,"argentine rock","","Sueños (Un Viaje En el Tiempo)",2022-05-27,53,50,0,15,0,0,-7,B,4,5UfBI0YMt246f6XLm6gCUs,"300 Producciones",AR3692100015,no
702,"Verano del 92 (Sinfónico)","Ciro y los Persas, Orquesta Filarmónica de Mendoza",178,9B,94,2026-08-08,04:38,12,"argentine rock","","Sueños (Un Viaje En el Tiempo)",2022-05-27,50,32,0,74,0,10,-6,G,4,4SGEM1adJE4HY995bQTvtb,"300 Producciones",AR3692100017,no
703,"Juira! Remix","Ciro y los Persas, Poncho",115,10B,84,2026-08-08,04:35,3,"argentine rock, electropop","Electronic, Pop","Juira! Remix",2017-10-31,72,0,68,48,0,30,-7,D,4,3PDKHBB69RQ27SwWgXwU1f,"300 Producciones",ES71G1758582,no
704,"Perros de la Calle","Ciro y los Persas, Manu Martínez",104,11B,79,2026-08-08,03:14,13,"argentine rock","","Perros de la Calle",2021-03-29,67,51,0,69,0,30,-6,A,4,4VMAaQZXzSjHa4MmZL5opd,"300 Producciones",AR3692100002,no
705,"A Donde Vas Si Te Vas | CROSSOVER #6","Big One, Ciro y los Persas, Miranda!",113,10A,84,2026-08-08,03:04,53,"argentine trap, cuarteto, cumbia, argentine rock, latin pop","","A Donde Vas Si Te Vas | CROSSOVER #6",2024-08-20,72,6,0,56,0,10,-4,B minor,4,35XYCdq5WIInKAk40fXlNS,"Fifty One LLC",ARP7V2400027,no
706,"Aquellas Calles","La Triple Nelson, Ciro y los Persas",130,9B,86,2026-08-08,03:40,1,"murga, candombe, argentine rock","","Después del Último Día",2022-12-15,53,0,0,39,0,0,-5,G,4,6OpwhDqu8HED4gAm4xOOZD,"Pirca Records",UYC562200041,no
707,"CHANCE!","UVERworld",125,8B,96,2026-08-08,04:30,46,"anime, j-rock, j-pop","Pop, Rock","Timeless",2006-02-22,55,0,0,52,0,10,-4,C,4,6ASc0gMzq0KSiVB8WLPHCP,"Sony Music Labels Inc.",JPSR00502181,no
708,"Rush","UVERworld",170,1B,96,2026-08-08,03:24,34,"anime, j-rock, j-pop","Pop, Rock","Timeless",2006-02-22,37,0,0,55,10,30,-3,B,4,4LkDIZYtyxOte02P1kyvj2,"Sony Music Labels Inc.",JPSR00503482,no
709,"Killing the Blues","Billy Ray Cyrus, Shooter Jennings",89,11B,59,2026-08-08,03:49,4,"country rock, outlaw country, southern rock, red dirt, alt country, texas country","Country","Thin Line",2016-10-07,56,5,0,24,0,10,-6,A,4,3HXUod0DhzaUYAkEIXRpLN,"BCM",QMN8G1600009,no
710,"Flying By","Billy Ray Cyrus",91,7B,58,2026-08-08,03:56,10,"country rock","","Home At Last",2007-10-09,58,19,0,46,0,0,-8,F,4,2x2vPrqenRqbXHBFmjs1w1,"Walt Disney Records",USWD10732002,no
711,"Hurt You","The Weeknd, Gesaffelstein",184,4A,72,2026-08-08,03:50,73,"canadian contemporary r&b, canadian pop, pop, dark clubbing","R&B, Pop","My Dear Melancholy,",2018-03-30,48,26,0,36,10,10,-7,F minor,4,6QdnKD1zwEgyOWtkrdzlOF,"The Weeknd/Lyric",USUG11800566,yes
712,"ai ta心(Album Version)","UVERworld",110,1A,87,2026-08-08,03:16,27,"anime, j-rock, j-pop","Pop, Rock","Timeless",2006-02-22,55,1,0,63,0,40,-6,G#/A♭ minor,4,3zSbJxWfSaiYm0qU05weRH,"Sony Music Labels Inc.",JPSR00503484,no
713,"Burst","UVERworld",110,8B,94,2026-08-08,02:53,27,"anime, j-rock, j-pop","Pop, Rock","Timeless",2006-02-22,58,0,0,41,10,30,-4,C,4,0nmWyAeZCBboKjVRoG2rcX,"Sony Music Labels Inc.",JPSR00503485,no
714,"Lump Of Affection","UVERworld",91,4B,83,2026-08-08,04:25,28,"anime, j-rock, j-pop","Pop, Rock","Timeless",2006-02-22,26,1,0,45,0,10,-5,G#/A♭,4,4zZmhhTGA5tw5KITMWd6bI,"Sony Music Labels Inc.",JPSR00503488,no
715,"扉","UVERworld",90,1B,74,2026-08-08,05:29,26,"anime, j-rock, j-pop","Pop, Rock","Timeless",2006-02-22,32,5,0,44,10,0,-5,B,4,3DYF2P6buP12Pn6dhDxbOC,"Sony Music Labels Inc.",JPSR00503489,no
716,"SE","UVERworld",140,8B,96,2026-08-08,03:10,23,"anime, j-rock, j-pop","Pop, Rock","Timeless",2006-02-22,52,1,89,27,0,20,-8,C,4,56w5RY3DcQVlTi8kLjhDYk,"Sony Music Labels Inc.",JPSR00503490,no
717,"Amateras","BURNOUT SYNDROMES",178,7B,93,2026-08-08,04:12,23,"anime, j-rock, j-pop","Pop, Rock","Amateras",2024-02-28,45,3,0,39,0,10,-5,F,4,3d3stxYuh7C03hbqGP5iSo,"Sony Music Labels Inc.",JPU902400367,no
718,"ゼロの答","UVERworld",180,3B,91,2026-08-08,04:07,34,"anime, j-rock, j-pop","Pop, Rock","BUGRIGHT",2007-02-21,40,0,0,86,10,10,-5,C♯/D♭,4,0EU8Wq3Unp2slQPzKcC1JH,"Sony Music Labels Inc.",JPSR00603631,no
719,"〜流れ・空虚・THIS WORD〜","UVERworld",175,10A,88,2026-08-08,04:40,31,"anime, j-rock, j-pop","Pop, Rock","BUGRIGHT",2007-02-21,41,0,0,42,30,0,-6,B minor,4,4cfQERFMJDK7tiWpxgvbsY,"Sony Music Labels Inc.",JPSR00603633,no
720,"Live everyday as if it were the last day","UVERworld",128,4B,89,2026-08-08,03:23,31,"anime, j-rock, j-pop","Pop, Rock","BUGRIGHT",2007-02-21,52,0,0,75,0,0,-5,G#/A♭,4,6QmiKoLjnKG3Bqs44Iybq0,"Sony Music Labels Inc.",JPSR00603634,no
721,"シャルマンノウラ","UVERworld",95,11B,67,2026-08-08,04:24,29,"anime, j-rock, j-pop","Pop, Rock","BUGRIGHT",2007-02-21,61,4,0,80,0,20,-8,A,4,6XxECu0BU3j7sbLXO6R6VY,"Sony Music Labels Inc.",JPSR00603635,no
722,"一人じゃないから","UVERworld",82,2A,70,2026-08-08,04:08,26,"anime, j-rock, j-pop","Pop, Rock","BUGRIGHT",2007-02-21,62,3,0,78,10,10,-11,D#/E♭ minor,4,0pLDRTjXiz6einWbaTG9BQ,"Sony Music Labels Inc.",JPSR00601002,no
723,"51%","UVERworld",125,11B,87,2026-08-08,03:42,33,"anime, j-rock, j-pop","Pop, Rock","BUGRIGHT",2007-02-21,58,1,0,68,0,20,-6,A,4,4SZgtDpv7VR8lG43x2mDrb,"Sony Music Labels Inc.",JPSR00603636,no
724,"DISCORD","UVERworld",85,4B,94,2026-08-08,04:23,30,"anime, j-rock, j-pop","Pop, Rock","BUGRIGHT",2007-02-21,45,0,0,45,20,0,-5,G#/A♭,4,34fuDPj2SB7LSeFvNsVbkr,"Sony Music Labels Inc.",JPSR00603639,no
725,"君の好きなうた (Acoustic Version)","UVERworld",73,8A,39,2026-08-08,05:02,22,"anime, j-rock, j-pop","Pop, Rock","BUGRIGHT",2007-02-21,39,16,0,60,0,10,-11,A minor,4,6Cxt1e5ikH4h1pPT4TtmOj,"Sony Music Labels Inc.",JPSR00603640,no
726,"Roots","UVERworld",93,3B,87,2026-08-08,04:33,33,"anime, j-rock, j-pop","Pop, Rock","PROGLUTION",2008-01-16,47,1,0,65,0,30,-6,C♯/D♭,4,1JMGdk9B86Hi5fHh01HJKG,"Sony Music Labels Inc.",JPSR00703803,no
727,"浮世CROSSING","UVERworld",171,1B,90,2026-08-08,04:32,40,"anime, j-rock, j-pop","Pop, Rock","PROGLUTION",2008-01-16,41,0,0,59,10,10,-5,B,4,0n9hO5hjv7CwUd4bPpGyQJ,"Sony Music Labels Inc.",JPSR00703261,no
728,"endscape (album ver.)","UVERworld",177,5B,86,2026-08-08,04:29,25,"anime, j-rock, j-pop","Pop, Rock","PROGLUTION",2008-01-16,37,0,0,63,0,0,-6,D#/E♭,4,6Iuhv81XCmAyr3OSkbZsS4,"Sony Music Labels Inc.",JPSR00703815,no
729,"激動（AwakEVE ver.）","UVERworld",113,3A,98,2026-08-08,05:11,35,"anime, j-rock, j-pop","Pop, Rock","AwakEVE",2009-02-18,51,0,0,49,20,30,-4,A#/B♭ minor,4,4ESBX8nvpmw5HjxQnNF7Fp,"Sony Music Labels Inc.",JPSR00900081,no
730,"美影意志","UVERworld",88,4B,87,2026-08-08,05:54,43,"anime, j-rock, j-pop","Pop, Rock","AwakEVE",2009-02-18,47,3,0,62,10,0,-5,G#/A♭,4,4hJymb1Mm4hrYMoL3itfv8,"Sony Music Labels Inc.",JPSR00900083,no
731,"コロナ","UVERworld",175,12A,94,2026-08-08,04:41,30,"anime, j-rock, j-pop","Pop, Rock","AwakEVE",2009-02-18,34,1,0,47,20,10,-3,C♯/D♭ minor,4,51DiAcwWfkrmBPOX4JHJGp,"Sony Music Labels Inc.",JPSR00900084,no
732,"アイ・アム　Riri","UVERworld",170,6B,86,2026-08-08,04:21,26,"anime, j-rock, j-pop","Pop, Rock","AwakEVE",2009-02-18,44,0,0,49,20,0,-4,A#/B♭,4,12okFrWPQwp2xfyOrdHePc,"Sony Music Labels Inc.",JPSR00900086,no
733,"恋いしくて","UVERworld",144,7B,70,2026-08-08,05:17,33,"anime, j-rock, j-pop","Pop, Rock","AwakEVE",2009-02-18,41,4,0,34,0,10,-5,F,4,2gHBt8U57MFtM4s9aa8XA4,"Sony Music Labels Inc.",JPSR00802521,no
734,"Forget","UVERworld",105,1B,97,2026-08-08,04:11,30,"anime, j-rock, j-pop","Pop, Rock","AwakEVE",2009-02-18,53,0,0,63,10,0,-4,B,4,6LmMQEIgzm82jtyGLIHBIS,"Sony Music Labels Inc.",JPSR00900087,no
735,"Just break the limit!","UVERworld",177,8B,94,2026-08-08,03:36,31,"anime, j-rock, j-pop","Pop, Rock","AwakEVE",2009-02-18,42,0,0,88,0,30,-4,C,4,2gFKCCBbb1zCbQdjAkNvNG,"Sony Music Labels Inc.",JPSR00800761,no
736,"YURA YURA","UVERworld",142,7B,97,2026-08-08,04:56,29,"anime, j-rock, j-pop","Pop, Rock","AwakEVE",2009-02-18,45,0,0,30,20,30,-4,F,4,7aHDHkq2UnoaKhFiRUrwYr,"Sony Music Labels Inc.",JPSR00900090,no
737,"激動","UVERworld",113,3A,97,2026-08-08,05:34,47,"anime, j-rock, j-pop","Pop, Rock","Neo SOUND BEST",2009-12-09,52,1,0,39,20,10,-6,A#/B♭ minor,4,2bB94ADjTpb7qavnp8NYQP,"Sony Music Labels Inc.",JPSR00801481,no
738,"モノクローム〜気付けなかったdevotion〜","UVERworld",160,2B,81,2026-08-08,04:20,32,"anime, j-rock, j-pop","Pop, Rock","Neo SOUND BEST",2009-12-09,40,0,0,62,0,0,-5,F#/G♭,4,79W5KP17W3ywLnVhC1f8HS,"Sony Music Labels Inc.",JPSR00701089,no
739,"哀しみはきっと","UVERworld",105,3B,78,2026-08-08,05:18,34,"anime, j-rock, j-pop","Pop, Rock","Neo SOUND BEST",2009-12-09,49,15,0,57,0,10,-6,C♯/D♭,4,1HlZmEw99Zmca0hLzvPCru,"Sony Music Labels Inc.",JPSR00903285,no
740,"Shingeki Pf - Medley 20130629 Kyojin","Sawano Hiroyuki",132,9B,3,2026-08-08,05:06,43,"anime, soundtrack","Pop, Classical, Easy Listening","TV Anime  Attack on Titan Season 2  (Original Soundtrack)",2017-06-07,41,99,91,4,0,0,-24,G,4,0ge9PBLpkfEiYv9qCE4TVY,"PONY CANYON",JPPC01301500,no
741,"スパルタ","UVERworld",109,12A,99,2026-08-08,04:24,32,"anime, j-rock, j-pop","Pop, Rock","LAST",2010-04-14,35,0,0,49,10,20,-2,C♯/D♭ minor,1,6fO6kErVQvhT4Oj0lKpwHE,"Sony Music Labels Inc.",JPSR01000762,no
742,"the truth","UVERworld",102,4B,98,2026-08-08,04:12,29,"anime, j-rock, j-pop","Pop, Rock","LAST",2010-04-14,45,0,0,39,20,30,-3,G#/A♭,4,1cER55VwIKiIEs21bL1k8u,"Sony Music Labels Inc.",JPSR00902121,no
743,"バーレル","UVERworld",125,9A,98,2026-08-08,04:19,29,"anime, j-rock, j-pop","Pop, Rock","LAST",2010-04-14,60,0,0,56,0,10,-2,E minor,4,7v4PVfAQDLipBSUmj04hBl,"Sony Music Labels Inc.",JPSR01000764,no
744,"ﾊｲ!問題作","UVERworld",92,3B,99,2026-08-08,05:27,36,"anime, j-rock, j-pop","Pop, Rock","LAST",2010-04-14,59,3,0,73,10,10,-2,C♯/D♭,4,3BqYOAoYr1fmtuezvRIaDK,"Sony Music Labels Inc.",JPSR01000765,no
745,"closed POKER","UVERworld",135,9A,98,2026-08-08,04:35,28,"anime, j-rock, j-pop","Pop, Rock","LAST",2010-04-14,52,0,0,68,0,10,-3,E minor,4,39odTPP385zu7zmqzlz8pZ,"Sony Music Labels Inc.",JPSR01000766,no
746,"君のまま","UVERworld",114,4B,79,2026-08-08,04:18,28,"anime, j-rock, j-pop","Pop, Rock","LAST",2010-04-14,51,2,0,54,0,30,-4,G#/A♭,5,0ypcF7AC4zVC50XR7hkBCt,"Sony Music Labels Inc.",JPSR01000769,no
747,"一石を投じる　Tokyo midnight sun","UVERworld",102,3B,96,2026-08-08,04:20,31,"anime, j-rock, j-pop","Pop, Rock","LIFE 6 SENSE",2011-06-01,62,4,0,55,20,0,-5,C♯/D♭,4,4aC5XzTQraj0DrfVKyqAqH,"Sony Music Labels Inc.",JPSR01101182,no
748,"クオリア","UVERworld",77,4B,73,2026-08-08,04:30,42,"anime, j-rock, j-pop","Pop, Rock","LIFE 6 SENSE",2011-06-01,49,0,0,43,0,20,-5,G#/A♭,4,12zLvEe3rs05AROHQmGN1Y,"Sony Music Labels Inc.",JPSR01003027,no
749,"シークレット","UVERworld",83,7B,76,2026-08-08,03:48,29,"anime, j-rock, j-pop","Pop, Rock","LIFE 6 SENSE",2011-06-01,42,1,0,74,0,0,-5,F,4,6QHPatAbouNSCUWJ5pWthp,"Sony Music Labels Inc.",JPSR01101185,no
750,"白昼夢","UVERworld",90,4B,86,2026-08-08,03:20,42,"anime, j-rock, j-pop","Pop, Rock","LIFE 6 SENSE",2011-06-01,48,0,0,59,0,0,-5,G#/A♭,4,6u6ZZKeq5Upa3Dq7fgdwxq,"Sony Music Labels Inc.",JPSR01101189,no
751,"Don’t Think.Feel","UVERworld",97,9A,95,2026-08-08,03:46,44,"anime, j-rock, j-pop","Pop, Rock","THE ONE",2012-11-28,55,0,0,59,10,20,-4,E minor,4,683p6Ov3orc4ICLOKi1Yn6,"Sony Music Labels Inc.",JPSR01203926,no
752,"23ワード","UVERworld",102,8B,96,2026-08-08,04:43,34,"anime, j-rock, j-pop","Pop, Rock","THE ONE",2012-11-28,65,2,0,70,10,0,-4,C,4,7zJQuPrwUfbwFKJJwx4mRT,"Sony Music Labels Inc.",JPSR01203927,no
753,"THE OVER","UVERworld",95,7B,97,2026-08-08,05:22,49,"anime, j-rock, j-pop","Pop, Rock","THE ONE",2012-11-28,56,1,0,32,10,10,-3,F,4,0nrDopi0dvGmx0EdyWoDsv,"Sony Music Labels Inc.",JPSR01202761,no
754,"NOWHERE boy","UVERworld",80,4B,65,2026-08-08,05:41,28,"anime, j-rock, j-pop","Pop, Rock","THE ONE",2012-11-28,57,21,0,56,0,20,-6,G#/A♭,4,66V9VgBVkN9i4A5lzdPmvb,"Sony Music Labels Inc.",JPSR01203929,no
755,"ナノ・セカンド（album ver.）","UVERworld",140,4A,81,2026-08-08,04:55,36,"anime, j-rock, j-pop","Pop, Rock","0 CHOIR",2014-07-02,54,0,0,55,0,40,-5,F minor,4,4Hz1T64ZZiHkM4fYHFN0MV,"Sony Music Labels Inc.",JPU901400531,no
756,"ENOUGH-1","UVERworld",100,2B,92,2026-08-08,04:41,31,"anime, j-rock, j-pop","Pop, Rock","0 CHOIR",2014-07-02,61,1,0,70,10,10,-4,F#/G♭,4,77eXitCaErUFfJHgJG7Kkx,"Sony Music Labels Inc.",JPU901400533,no
757,"a LOVELY TONE（album ver.）","UVERworld",94,12B,68,2026-08-08,05:13,27,"anime, j-rock, j-pop","Pop, Rock","0 CHOIR",2014-07-02,48,17,0,59,10,10,-5,E,4,77uKyGhmJGp5mi40puxSwy,"Sony Music Labels Inc.",JPU901400535,no
758,"7日目の決意","UVERworld",95,12A,86,2026-08-08,06:46,42,"anime, j-rock, j-pop","Pop, Rock","0 CHOIR",2014-07-02,51,4,0,51,20,30,-4,C♯/D♭ minor,4,2697A4jAyN041xwNXRBC3Q,"Sony Music Labels Inc.",JPU901400368,no
759,"Wizard CLUB","UVERworld",110,2B,95,2026-08-08,04:10,35,"anime, j-rock, j-pop","Pop, Rock","0 CHOIR",2014-07-02,56,0,0,68,10,10,-5,F#/G♭,4,4kvQEOuOZWtSV1ObwHq1HJ,"Sony Music Labels Inc.",JPSR01301181,no
760,"在るべき形","UVERworld",105,3B,95,2026-08-08,04:12,46,"anime, j-rock, j-pop","Pop, Rock","0 CHOIR",2014-07-02,58,2,0,46,10,30,-4,C♯/D♭,4,5jouFR1LV86x6xXTo1sCKo,"Sony Music Labels Inc.",JPU901400537,no
761,"0 choir","UVERworld",135,4B,89,2026-08-08,05:41,45,"anime, j-rock, j-pop","Pop, Rock","0 CHOIR",2014-07-02,62,2,0,65,10,40,-3,G#/A♭,4,0l0v2OwXowCmGOcPeIOcUP,"Sony Music Labels Inc.",JPU901400538,no
762,"La Muchacha","La Franela, Ciro y los Persas",140,10B,74,2026-08-08,03:52,22,"argentine rock","","La Muchacha",2025-09-04,50,1,0,73,0,10,-8,D,4,4QkjhNvHaOLjKIUjkYuESC,"Pop Art",ARF472500095,no
763,"Stay On the Right Side, Sister","Doris Day",135,8B,24,2026-08-08,01:00,4,"adult standards, big band","Easy Listening, Jazz","Love Me Or Leave Me",1955-05-02,70,50,0,72,30,10,-14,C,4,0Q3zE4hq0LPBLqJ28mo4GV,"Legacy/Columbia",USSM10111678,no
764,"Stargirl Interlude","The Weeknd, Lana Del Rey",180,4A,47,2026-08-08,01:51,77,"canadian contemporary r&b, canadian pop, pop, art pop","R&B, Pop","Starboy",2016-11-25,64,35,19,44,10,10,-13,F minor,4,4EDijkJdHBZZ0GwJ12iTAj,"The Weeknd/Lyric",USUG11601002,no
765,"It's Getting Dark In Here","Elton John",124,4B,44,2026-08-08,03:50,16,"glam rock, mellow gold, piano rock, rock","Rock","Peachtree Road (Expanded Edition)",2004-11-07,64,83,0,26,0,10,-8,G#/A♭,4,7APVB4MJZlDRDudXvt6fp9,"EMI",GBF080400430,no
766,"エミュー","UVERworld",117,8A,94,2026-08-08,03:35,28,"anime, j-rock, j-pop","Pop, Rock","一滴の影響 (Extra Edition)",2017-02-01,59,0,0,60,10,10,-4,A minor,4,1zeTYkhpfI1aRvFJqF7fDJ,"Sony Music Labels Inc.",JPU901604101,no
767,"シリウス","UVERworld",105,2B,97,2026-08-08,04:51,41,"anime, j-rock, j-pop","Pop, Rock","TYCOON",2017-08-02,63,1,0,67,10,30,-3,F#/G♭,4,0nfT87RjejFpG4eQNTVpuN,"Sony Music Labels Inc.",JPU901702156,no
768,"SHOUT LOVE","UVERworld",168,10B,74,2026-08-08,04:44,33,"anime, j-rock, j-pop","Pop, Rock","TYCOON",2017-08-02,54,1,0,32,0,0,-6,D,4,1QuQWWFE0iytP51AxuOTaV,"Sony Music Labels Inc.",JPU901702157,no
769,"IDEAL REALITY","UVERworld",110,1A,91,2026-08-08,04:14,28,"anime, j-rock, j-pop","Pop, Rock","TYCOON",2017-08-02,70,7,0,76,0,30,-4,G#/A♭ minor,4,5vPT11BZcGKvYoIrcqBN6j,"Sony Music Labels Inc.",JPU901702158,no
770,"PRAYING RUN","UVERworld",105,2B,85,2026-08-08,06:16,47,"anime, j-rock, j-pop","Pop, Rock","TYCOON",2017-08-02,61,1,0,80,20,0,-6,F#/G♭,4,373Npzs6cZkvW2hyILpONV,"Sony Music Labels Inc.",JPU901502379,no
771,"ほんの少し","UVERworld",170,2B,81,2026-08-08,05:29,30,"anime, j-rock, j-pop","Pop, Rock","TYCOON",2017-08-02,39,0,0,32,0,10,-4,F#/G♭,4,3tE45wpVZL8OWcwpzb9caf,"Sony Music Labels Inc.",JPU901702163,no
772,"僕の言葉ではない これは僕達の言葉　(album ver.)","UVERworld",99,9A,95,2026-08-08,04:06,29,"anime, j-rock, j-pop","Pop, Rock","TYCOON",2017-08-02,43,0,0,45,10,0,-5,E minor,4,4SgEDiGWxOcTCDXLqTP5rj,"Sony Music Labels Inc.",JPU901702164,no
773,"WE ARE GO (album ver.)","UVERworld",93,9B,96,2026-08-08,04:26,30,"anime, j-rock, j-pop","Pop, Rock","TYCOON",2017-08-02,53,0,0,42,10,30,-4,G,4,56avojScHvapDKymoKgXcw,"Sony Music Labels Inc.",JPU901702165,no
774,"奏全域","UVERworld",135,3B,91,2026-08-08,03:28,28,"anime, j-rock, j-pop","Pop, Rock","TYCOON",2017-08-02,62,0,0,50,0,20,-5,C♯/D♭,4,62FWWZLWaBkUwfdV6C5q4G,"Sony Music Labels Inc.",JPU901702166,no
775,"終焉","UVERworld",120,10A,71,2026-08-08,03:51,29,"anime, j-rock, j-pop","Pop, Rock","TYCOON",2017-08-02,62,0,0,80,0,30,-5,B minor,3,3Yp2thVtWMexBphmTavVRY,"Sony Music Labels Inc.",JPU901702167,no
776,"Caviar Dreams","Kristin Chenoweth, Original Broadway Cast of The Queen of Versailles",107,8B,61,2026-08-08,04:02,20,"musicals","Classical, Easy Listening, Pop","Caviar Dreams (from  The Queen of Versailles - Original Broadway Cast Recording )",2025-09-19,46,6,0,29,0,0,-5,C,4,4Z3nq1IfaUF9NQ5dzN4sus,"Masterworks Broadway",USSM12503968,no
777,"AFTER LIFE","UVERworld",150,9B,67,2026-08-08,05:12,41,"anime, j-rock, j-pop","Pop, Rock","UNSER",2019-12-04,44,1,0,23,0,10,-6,G,4,5I1tUVKvEgfFws2udGUvt2,"Sony Music Labels Inc.",JPU901903011,no
778,"ConneQt","UVERworld",91,11A,63,2026-08-08,04:54,32,"anime, j-rock, j-pop","Pop, Rock","UNSER",2019-12-04,52,0,0,38,0,40,-8,F#/G♭ minor,4,2stthCDq7KTzs9UNlRqAGk,"Sony Music Labels Inc.",JPU901900311,no
779,"GOOD and EVIL","UVERworld",97,3A,87,2026-08-08,03:23,35,"anime, j-rock, j-pop","Pop, Rock","UNSER",2019-12-04,50,0,0,39,0,10,-4,A#/B♭ minor,4,4NojX9qo5t2aViWKPQjtE3,"Sony Music Labels Inc.",JPU901803367,no
780,"Khan","Ghezaal Enayat",57,10A,92,2026-08-08,05:51,5,"afghan pop","Pop, Traditional Music","Khan",2025-09-10,58,77,0,88,10,40,-6,B minor,4,6z6vFAwzF8uSkf3XqYcwIY,"Independent",GXHND2535466,no
781,"EN","UVERworld",140,10B,87,2026-08-08,05:05,44,"anime, j-rock, j-pop","Pop, Rock","30",2021-12-22,40,9,0,20,0,10,-3,D,5,4uJWArBtdW2vclttyV2eCB,"Sony Music Labels Inc.",JPU902105248,no
782,"THUG LIFE","UVERworld",105,10B,90,2026-08-08,02:54,30,"anime, j-rock, j-pop","Pop, Rock","30",2021-12-22,56,0,0,81,0,10,-4,D,4,60hNg1E9VLg4fIHeiSJSxJ,"Sony Music Labels Inc.",JPU902105252,no
783,"SOUL","UVERworld, Thelma Aoyama, Aiemu",175,3B,89,2026-08-08,03:04,22,"anime, j-rock, j-pop, j-r&b, j-rap, japanese indie","Pop, Rock","30",2021-12-22,55,1,0,37,10,0,-5,C♯/D♭,4,0VLt8rLVnn3y47qQOtEu6x,"Sony Music Labels Inc.",JPU902102183,no
784,"イーティー","UVERworld",100,11B,97,2026-08-08,04:05,24,"anime, j-rock, j-pop","Pop, Rock","30",2021-12-22,52,0,0,51,0,30,-3,A,4,36xXLsfiVi4e1OwVBXFEUs,"Sony Music Labels Inc.",JPU902104888,no
785,"7th Trigger - Instrumental","UVERworld",105,12B,93,2026-08-08,04:26,7,"anime, j-rock, j-pop","Pop, Rock","INSTRUMENTALS-∞",2022-07-20,58,0,87,12,0,30,-7,E,4,0pXBGTtPQ6mJRjxpGCklgF,"Sony Music Labels Inc.",JPU902202187,no
786,"PRAYING RUN - Instrumental","UVERworld",105,2A,83,2026-08-08,06:15,6,"anime, j-rock, j-pop","Pop, Rock","INSTRUMENTALS-∞",2022-07-20,61,0,79,53,0,0,-8,D#/E♭ minor,4,2KLXP94n44srmWlz0MH31s,"Sony Music Labels Inc.",JPU902202189,no
787,"在るべき形 - Instrumental","UVERworld",105,3B,97,2026-08-08,04:17,9,"anime, j-rock, j-pop","Pop, Rock","INSTRUMENTALS-∞",2022-07-20,51,0,77,27,0,0,-7,C♯/D♭,4,2KQ0oOjj7tv4Ye2Ny4J2Xt,"Sony Music Labels Inc.",JPU902202192,no
788,"Making it Drive - Instrumental","UVERworld",175,3B,63,2026-08-08,04:20,5,"anime, j-rock, j-pop","Pop, Rock","INSTRUMENTALS-∞",2022-07-20,56,0,47,20,0,10,-6,C♯/D♭,4,3pzK0IWK1QhOYOJRWXN7ec,"Sony Music Labels Inc.",JPU902202194,no
789,"One stroke for freedom - Instrumental","UVERworld",140,10A,80,2026-08-08,05:12,4,"anime, j-rock, j-pop","Pop, Rock","INSTRUMENTALS-∞",2022-07-20,66,0,20,48,0,30,-8,B minor,4,2gOOYGv2OdgpaL7rXGaFrq,"Sony Music Labels Inc.",JPU902201430,no
790,"Q.E.D. - Instrumental","UVERworld",103,2B,93,2026-08-08,03:43,6,"anime, j-rock, j-pop","Pop, Rock","INSTRUMENTALS-∞",2022-07-20,51,0,76,83,0,30,-5,F#/G♭,4,5ofZyU1jstqVLNYKxIxtlv,"Sony Music Labels Inc.",JPU902202197,no
791,"GOLD - Instrumental","UVERworld",92,9B,97,2026-08-08,04:06,5,"anime, j-rock, j-pop","Pop, Rock","INSTRUMENTALS-∞",2022-07-20,56,0,72,62,0,0,-5,G,4,3v7gDhhTk9xYU8d4aRZZYh,"Sony Music Labels Inc.",JPU902202241,no
792,"君の好きなうた - Instrumental","UVERworld",84,3B,75,2026-08-08,04:20,7,"anime, j-rock, j-pop","Pop, Rock","INSTRUMENTALS-∞",2022-07-20,50,0,74,31,0,0,-7,C♯/D♭,4,6sZ2uSF95U0iEojEerqjjB,"Sony Music Labels Inc.",JPU902202201,no
793,"Japanese Hands","Elton John",59,6B,39,2026-08-08,04:40,18,"glam rock, mellow gold, piano rock, rock","Rock","Reg Strikes Back",1988-06-24,33,29,2,18,0,10,-11,A#/B♭,3,7vZaVgqgDC5GTolnvX0Bzz,"EMI",GBAMS8800005,no
794,"ビッグフット","NICO Touches the Walls",137,11B,92,2026-08-08,04:53,10,"anime, j-rock, j-pop","Pop, Rock","ビッグフット",2009-00-00,51,1,0,57,0,20,-3,A,4,0qxo2I1tfc2VQQNZXjyD0U,"Sony Music Labels Inc.",JPKS00900661,no
795,"美影意志 - Instrumental","UVERworld",88,3B,72,2026-08-08,05:58,6,"anime, j-rock, j-pop","Pop, Rock","INSTRUMENTALS-∞",2022-07-20,55,0,66,53,0,0,-7,C♯/D♭,4,40WwgVzx0atFYfEba9Y4Wh,"Sony Music Labels Inc.",JPU902202202,no
796,"REVERSI - Instrumental","UVERworld",112,10B,93,2026-08-08,04:49,5,"anime, j-rock, j-pop","Pop, Rock","INSTRUMENTALS-∞",2022-07-20,54,0,71,49,0,10,-7,D,4,4FA92wnrgECE9ci4wOXs8u,"Sony Music Labels Inc.",JPU902202204,no
797,"激動 - Instrumental","UVERworld",113,3A,96,2026-08-08,05:33,7,"anime, j-rock, j-pop","Pop, Rock","INSTRUMENTALS-∞",2022-07-20,53,0,78,54,0,10,-6,A#/B♭ minor,4,0z8Z9SqQZJwR5j0Mwwvg7P,"Sony Music Labels Inc.",JPU902202206,no
798,"SHAMROCK - Instrumental","UVERworld",170,1B,90,2026-08-08,04:10,5,"anime, j-rock, j-pop","Pop, Rock","INSTRUMENTALS-∞",2022-07-20,43,0,84,85,0,30,-7,B,4,4j1quS9ClXDhmi2LQKgsVC,"Sony Music Labels Inc.",JPSR00604144,no
799,"VICTOSPIN","UVERworld",115,8B,89,2026-08-08,04:20,40,"anime, j-rock, j-pop","Pop, Rock","ENIGMASIS",2023-07-19,53,0,0,51,10,20,-4,C,4,27BZgUvxWTBoiOXBoAxNn3,"Sony Music Labels Inc.",JPU902302751,no
800,"Martha","Sawano Hiroyuki",136,10B,11,2026-08-08,04:22,11,"anime, soundtrack","Pop, Classical, Easy Listening","MOBILE SUIT GUNDAM UNICORN Original Motion Picture Soundtrack 2",2012-05-08,40,90,64,12,0,10,-19,D,4,4ZtQvcR18Svcbj40lMAXkM,"SUNRISE Music Label",JPP301101508,no
1,"echoOZ","UVERworld",98,10B,75,2026-08-08,03:38,35,"anime, j-rock, j-pop","Pop, Rock","ENIGMASIS",2023-07-19,60,1,0,52,0,10,-4,D,4,1BUBBIuLNVeaoTqRCYxzPx,"Sony Music Labels Inc.",JPU902302754,no
2,"α-Skill","UVERworld",168,12B,48,2026-08-08,03:55,31,"anime, j-rock, j-pop","Pop, Rock","ENIGMASIS",2023-07-19,53,6,0,57,10,20,-6,E,4,5BWIZCWJ46dTlSX4n597xu,"Sony Music Labels Inc.",JPU902302756,no
3,"THEORY","UVERworld",107,7B,91,2026-08-08,04:49,43,"anime, j-rock, j-pop","Pop, Rock","ENIGMASIS",2023-07-19,53,0,0,54,0,20,-3,F,4,0GmGyXJKcxbbsXu1HtkDqA,"Sony Music Labels Inc.",JPU902302758,no
4,"Bye-Bye to you","UVERworld",90,7B,89,2026-08-08,04:08,33,"anime, j-rock, j-pop","Pop, Rock","EPIPHANY",2025-07-02,55,0,0,54,10,30,-3,F,4,0OAu631NOkdDs9koiayJvl,"Sony Music Labels Inc.",JPU902502033,no
5,"EPIPHANY","UVERworld",100,7B,89,2026-08-08,03:16,43,"anime, j-rock, j-pop","Pop, Rock","EPIPHANY",2025-07-02,57,0,0,86,0,10,-2,F,4,0lnyoAKhIfozU8aEWV3IOR,"Sony Music Labels Inc.",JPU902502185,no
6,"Only US","UVERworld",170,8B,80,2026-08-08,03:54,32,"anime, j-rock, j-pop","Pop, Rock","EPIPHANY",2025-07-02,50,1,0,57,0,0,-4,C,4,6dqNzdwpS4oOf0lb1oOlrY,"Sony Music Labels Inc.",JPU902502187,no
7,"If...Hello","UVERworld",180,4B,58,2026-08-08,02:41,37,"anime, j-rock, j-pop","Pop, Rock","EPIPHANY",2025-07-02,48,1,0,83,10,0,-5,G#/A♭,4,7zktx1s5bo9dqsQWiVEllC,"Sony Music Labels Inc.",JPU902502188,no
8,"You Broke Me Too (feat. Avril Lavigne)","Yellowcard, Avril Lavigne",146,12B,65,2026-08-08,03:07,57,"pop punk, punk, emo, canadian pop, candy pop, dance pop, pop","Pop, Electronic, Rock","Better Days",2025-10-10,46,3,0,20,0,30,-5,E,3,38Yy5HJGINUVDgWHli3Yfp,"Better Noise Music",USDPK2500076,no
9,"Mixed-Up","UVERworld",122,1A,95,2026-08-08,02:46,23,"anime, j-rock, j-pop","Pop, Rock","D-tecnoLife",2005-00-00,64,14,0,55,10,30,-5,G#/A♭ minor,4,1CEZ1lqlCxRnERWo2micJw,"Sony Music Labels Inc.",JPSR00500866,no
10,"僕に重なって来る今","UVERworld",94,11A,64,2026-08-08,03:49,25,"anime, j-rock, j-pop","Pop, Rock","SHAMROCK",2006-00-00,59,1,0,61,0,30,-7,F#/G♭ minor,4,7pYcT4zOyTMhEf6l262xI9,"Sony Music Labels Inc.",JPSR00601762,no
11,"＝","UVERworld",170,4B,97,2026-08-08,03:33,27,"anime, j-rock, j-pop","Pop, Rock","SHAMROCK",2006-00-00,48,0,0,70,10,10,-4,G#/A♭,4,2WeL6NGf9XoBbMeZ2Gjq3p,"Sony Music Labels Inc.",JPSR00601763,no
12,"D-tecnoLife(RKD Remix)","UVERworld",169,1A,95,2026-08-08,03:56,8,"anime, j-rock, j-pop","Pop, Rock","just Melody",2006-00-00,53,0,0,52,0,40,-5,G#/A♭ minor,4,7stRFrs9O7WMJkMLVvMzGq,"Sony Music Labels Inc.",JPSR00503303,no
13,"endscape","UVERworld",88,4B,92,2026-08-08,04:38,33,"anime, j-rock, j-pop","Pop, Rock","endscape",2007-00-00,47,2,0,61,10,0,-4,G#/A♭,4,1uBKwpT6hjR4ot1UciAH7x,"Sony Music Labels Inc.",JPSR00701087,no
14,"UNKNOWN ORCHESTRA","UVERworld",140,2B,90,2026-08-08,05:35,34,"anime, j-rock, j-pop","Pop, Rock","endscape",2007-00-00,55,0,1,43,0,0,-6,F#/G♭,4,3XBjbagw5upLuuRH8yrWGa,"Sony Music Labels Inc.",JPSR00701088,no
15,"energy","UVERworld",165,1B,96,2026-08-08,04:58,27,"anime, j-rock, j-pop","Pop, Rock","浮世CROSSING",2007-00-00,35,0,0,57,20,0,-4,B,4,432gD4FpRBDJ8ZwMQWZoNI,"Sony Music Labels Inc.",JPSR00703282,no
16,"体温","UVERworld",88,12B,81,2026-08-08,04:45,27,"anime, j-rock, j-pop","Pop, Rock","儚くも永久のカナシ",2008-00-00,51,1,0,62,0,0,-5,E,4,5Kj58ZlpH2eOknf48FsuAF,"Sony Music Labels Inc.",JPSR00803542,no
17,"激動（TVサイズフル）","UVERworld",113,3A,96,2026-08-08,01:29,16,"anime, j-rock, j-pop","Pop, Rock","激動（TVサイズフル）",2008-04-09,47,0,0,73,20,20,-3,A#/B♭ minor,4,4RFNgorVPfRPaC4cfQAZ5l,"Sony Music Labels Inc.",JPSR00800701,no
18,"マダラ蝶","UVERworld",97,7B,86,2026-08-08,04:03,36,"anime, j-rock, j-pop","Pop, Rock","GO-ON",2009-08-05,55,5,0,71,10,0,-6,F,4,0BOSV6nO34XHlgpRpIX05b,"Sony Music Labels Inc.",JPSR00902143,no
19,"撃破","UVERworld",180,1B,98,2026-08-08,03:45,31,"anime, j-rock, j-pop","Pop, Rock","哀しみはきっと",2009-10-28,35,1,0,57,20,30,-4,B,4,5B6dWM4azLNrzJZ5oPKMbU,"Sony Music Labels Inc.",JPSR00903286,no
20,"MINORI","UVERworld",105,1B,65,2026-08-08,04:45,25,"anime, j-rock, j-pop","Pop, Rock","GOLD",2010-03-31,59,5,0,41,0,10,-6,B,3,0Yy6jPHgGAlGy7OAlQCZCS,"Sony Music Labels Inc.",JPSR01000542,no
21,"Ultimate","UVERworld",120,12A,96,2026-08-08,05:00,24,"anime, j-rock, j-pop","Pop, Rock","クオリア",2010-09-15,44,0,0,9,10,10,-6,C♯/D♭ minor,4,5FEunJDT2mKOox4GSTd9yO,"Sony Music Labels Inc.",JPSR01003029,no
22,"NO.1","UVERworld",133,10B,88,2026-08-08,05:32,33,"anime, j-rock, j-pop","Pop, Rock","NO.1",2010-11-24,32,1,0,31,10,20,-6,D,4,0KUwWB5EWikcRN32ol1eZq,"Sony Music Labels Inc.",JPSR01003967,no
23,"6つの風","UVERworld",145,8B,96,2026-08-08,03:33,26,"anime, j-rock, j-pop","Pop, Rock","NO.1",2010-11-24,45,0,0,38,20,30,-3,C,3,7yqWYZsWzIYQkjykCRb2gB,"Sony Music Labels Inc.",JPSR01003968,no
24,"UVER Battle Royal〜5/L6S mix〜","UVERworld",133,9B,93,2026-08-08,03:49,21,"anime, j-rock, j-pop","Pop, Rock","BABY BORN & GO/KINJITO",2011-12-14,45,0,0,53,20,10,-5,G,4,1z4SLzvAqBdLNoEo50LI9w,"Sony Music Labels Inc.",JPSR01103386,no
25,"AWAYOKUBA-斬る","UVERworld",108,3B,96,2026-08-08,04:35,42,"anime, j-rock, j-pop","Pop, Rock","7ｔｈ Trigger",2012-03-28,56,3,0,59,0,10,-4,C♯/D♭,4,7rOGRAUI5YauKjCA0KIC0f,"Sony Music Labels Inc.",JPSR01200903,no
26,"THE SONG","UVERworld",90,4B,87,2026-08-08,05:30,30,"anime, j-rock, j-pop","Pop, Rock","THE OVER",2012-08-29,50,0,0,46,0,10,-5,G#/A♭,4,4PyFvFQ6VkaZKPslZentvV,"Sony Music Labels Inc.",JPSR01202562,no
27,"魑魅魍魎マーチ","UVERworld",93,11A,98,2026-08-08,03:20,31,"anime, j-rock, j-pop","Pop, Rock","MONDO PIECE",2012-11-07,60,0,0,56,10,0,-4,F#/G♭ minor,4,0eAd0ugXiG5xOvIMlH9zlh,"Sony Music Labels Inc.",JPSR01100783,no
28,"LIFE","UVERworld",105,9B,95,2026-08-08,04:48,31,"anime, j-rock, j-pop","Pop, Rock","ナノ・セカンド",2013-12-18,57,0,0,39,10,10,-5,G,4,3pi7PqzZcQVaDJKCMV8XK0,"Sony Music Labels Inc.",JPSR01301469,no
29,"DEJAVU","UVERworld",117,3B,96,2026-08-08,04:00,39,"anime, j-rock, j-pop","Pop, Rock","ナノ・セカンド",2013-12-18,58,0,0,51,20,30,-4,C♯/D♭,4,4MxC12Xsx3eQtbUO0rRi5c,"Sony Music Labels Inc.",JPSR01301470,no
30,"僕の言葉ではない これは僕達の言葉（TV size)","UVERworld",100,9B,91,2026-08-08,01:30,9,"anime, j-rock, j-pop","Pop, Rock","僕の言葉ではない これは僕達の言葉（TV size)",2015-05-13,56,0,0,60,10,20,-6,G,4,1EHsA9YrxedNGmNPHna3ZK,"Sony Music Labels Inc.",JPU901501399,no
31,"僕の言葉ではない これは僕達の言葉","UVERworld",99,9A,94,2026-08-08,04:18,37,"anime, j-rock, j-pop","Pop, Rock","僕の言葉ではない これは僕達の言葉 (Extra Edition)",2015-05-27,41,0,0,46,0,20,-6,E minor,4,0StkLk0MA1i4kcUozLLxKl,"Sony Music Labels Inc.",JPU901501396,no
32,"言わなくても伝わる あれは少し嘘だ","UVERworld",176,1B,62,2026-08-08,06:25,27,"anime, j-rock, j-pop","Pop, Rock","僕の言葉ではない これは僕達の言葉 (Extra Edition)",2015-05-27,44,9,0,54,0,10,-7,B,4,1LSzVMwny3XUNg9a2acgfm,"Sony Music Labels Inc.",JPU901501397,no
33,"IMPACT mixed by Dave Schiffman","UVERworld",137,7A,96,2026-08-08,04:27,7,"anime, j-rock, j-pop","Pop, Rock","僕の言葉ではない これは僕達の言葉 (Extra Edition)",2015-05-27,47,0,0,39,10,10,-5,D minor,4,3amSjA7hxL64ed20dLZpeS,"Sony Music Labels Inc.",JPU901501404,no
34,"RANGE","UVERworld",135,4A,81,2026-08-08,05:21,34,"anime, j-rock, j-pop","Pop, Rock","DECIDED",2017-07-12,59,0,0,50,0,20,-6,F minor,4,78ane668r0Oq96kSjgyUiB,"Sony Music Labels Inc.",JPU901701883,no
35,"PLOT","UVERworld",95,7A,95,2026-08-08,03:27,33,"anime, j-rock, j-pop","Pop, Rock","ODD FUTURE",2018-05-02,60,0,0,78,10,30,-4,D minor,4,6nw2b6JtDb2A7vUwMrSPDA,"Sony Music Labels Inc.",JPU901801124,no
36,"HOURGLASS(Movie Edit)","UVERworld",154,1B,72,2026-08-08,03:31,6,"anime, j-rock, j-pop","Pop, Rock","HOURGLASS",2021-03-10,38,1,0,50,0,20,-5,B,4,3809QVKRNNZoU2e7zrwwnP,"Sony Music Labels Inc.",JPU902100396,no
37,"LIVIN' IT UP","UVERworld",110,9B,85,2026-08-08,03:15,25,"anime, j-rock, j-pop","Pop, Rock","NAMELY",2021-06-02,69,0,3,19,10,10,-8,G,4,36bAPnXtFNv69QHD2pVNAM,"Sony Music Labels Inc.",JPU902101141,no
38,"SOUL(UVERworld ver.)","UVERworld",175,3B,80,2026-08-08,03:04,22,"anime, j-rock, j-pop","Pop, Rock","来鳥江 / SOUL (Complete Edition)",2021-10-06,56,0,0,36,10,0,-8,C♯/D♭,4,1Q6PhzCxSG3JLluLXXzq24,"Sony Music Labels Inc.",JPU902102187,no
39,"来鳥江(Instrumental)","UVERworld, 山田孝之, Aiemu",180,11A,89,2026-08-08,03:41,2,"anime, j-rock, j-pop, japanese indie","Pop, Rock","来鳥江 / SOUL (Complete Edition)",2021-10-06,38,0,90,34,0,10,-7,F#/G♭ minor,4,1fPv8704bcnHvIoLBwScmv,"Sony Music Labels Inc.",JPU902102185,no
40,"AVALANCHE","UVERworld",160,1B,82,2026-08-08,04:13,35,"anime, j-rock, j-pop","Pop, Rock","AVALANCHE",2021-11-15,32,1,0,52,10,10,-5,B,4,5j5GxdQl506TDP8nSkRD8x,"Sony Music Labels Inc.",JPU902104887,no
41,"イーティー(instrumental)","UVERworld",100,11B,98,2026-08-08,04:03,5,"anime, j-rock, j-pop","Pop, Rock","AVALANCHE",2021-11-22,50,0,90,24,0,20,-4,A,4,0ruEy2qUKv67L4jtMYODJ9,"Sony Music Labels Inc.",JPU902104890,no
42,"Eye's Sentry (Instrumental)","UVERworld",118,3B,95,2026-08-08,04:11,9,"anime, j-rock, j-pop","Pop, Rock","Eye's Sentry",2024-03-06,48,0,73,47,0,0,-5,C♯/D♭,4,4YSFAVI2ZI6myqJ3qYjXco,"Sony Music Labels Inc.",JPU902400610,no
43,"MEMORIES of the End (English Drama ver.)","UVERworld",153,3B,62,2026-08-08,02:19,13,"anime, j-rock, j-pop","Pop, Rock","MEMORIES of the End",2024-06-26,21,5,0,46,0,0,-5,C♯/D♭,4,6ZLoyJ5YQghXRGQlqoAdD4,"Sony Music Labels Inc.",JPU902401831,no
44,"UVER Battle Royal ～30 mix～","UVERworld, 山田孝之, Thelma Aoyama, Aiemu, GuruConnect",140,11A,82,2026-08-08,06:27,22,"anime, j-rock, j-pop, j-r&b, j-rap, japanese indie","Pop, R&B, Hip Hop, Rock","MEMORIES of the End",2024-06-26,36,1,0,46,10,10,-5,F#/G♭ minor,4,7aKsurjUAb0hVnU4snyBLy,"Sony Music Labels Inc.",JPU902401832,no
45,"MMH (Anime ver.)","UVERworld",123,9A,91,2026-08-08,01:32,31,"anime, j-rock, j-pop","Pop, Rock","MMH (Anime ver.)",2024-10-06,53,0,0,51,0,30,-3,E minor,4,2qgWqOSmXzJ8UPNssX613X,"Sony Music Labels Inc.",JPU902403257,no
46,"PHOENIX (Movie Ver.)","UVERworld",81,4A,77,2026-08-08,02:31,17,"anime, j-rock, j-pop","Pop, Rock","PHOENIX (Movie Ver.)",2024-10-16,58,6,0,49,20,10,-6,F minor,4,1lh9rvhJYUPFrGtGcJI8Ar,"Sony Music Labels Inc.",JPU902403595,no
47,"MMH","UVERworld",123,9A,91,2026-08-08,03:33,44,"anime, j-rock, j-pop","Pop, Rock","MMH",2024-12-04,56,0,0,30,10,10,-5,E minor,4,1Q3lBgDsR5gRlGcJtyPhxY,"Sony Music Labels Inc.",JPU902403991,no
48,"Countdown","UVERworld, Jung Yong Hwa",110,12A,88,2026-08-08,03:48,28,"anime, j-rock, j-pop, k-ballad","Pop, Rock","PHOENIX",2024-12-04,63,0,0,39,0,0,-4,C♯/D♭ minor,4,47mhAtXo0qbNLJcJzSIT5s,"Sony Music Labels Inc.",JPU902403995,no
49,"Forever Young (feat. UVERworld)","AK-69, UVERworld",102,5A,92,2026-08-08,03:59,25,"j-rap, j-pop, hip hop, anime, j-rock","Pop, Hip Hop, Rock","DAWN",2016-11-23,61,1,0,42,10,10,-4,C minor,4,7pBEiY9sqbUf4lqGA3vTC9,"Flying B Entertainment Inc.",QT66J2576718,no
50,"ONIGIRI (feat. UVERworld & CHANMINA) - Remix","Thelma Aoyama, CHANMINA, UVERworld, 3rd Productions",135,10A,90,2026-08-08,03:26,29,"j-r&b, j-pop, j-rap, anime, j-rock","Pop, R&B, Hip Hop, Rock","EASY MODE",2025-02-19,66,2,0,61,10,40,-4,B minor,4,1zepYEOjCOgIPshpyYwkGQ,"NDY RECORDS",JPWP02500168,no
51,"〜流れ・空虚・THIS WORD〜（D.N.version)","UVERworld",175,9B,91,2026-08-08,04:15,7,"anime, j-rock, j-pop","Pop, Rock","The songs for DEATH NOTE the movie〜the Last name TRIBUTE〜",2006-12-20,41,0,0,69,20,20,-6,G,4,04qOVWd435dWO6ezSoyGNp,"Sony Music Labels Inc.",JPSR00603430,no
52,"Suspensión","Invisible",93,10A,56,2026-08-08,05:38,34,"argentine rock, progressive rock, latin rock","Rock, Latin","Invisible",1974-00-00,50,15,1,35,0,20,-8,B minor,4,31tYsb290ot3wRSnZPCUVP,"Microfon",ARF109902856,no
53,"Tema de Elmo Lesto","Invisible",123,9A,70,2026-08-08,02:22,29,"argentine rock, progressive rock, latin rock","Rock, Latin","Invisible",1974-00-00,44,0,67,43,0,10,-10,E minor,4,6ZK2Uqxioz7nlhTbe0dIKP,"Microfon",ARF100300010,no
54,"La Llave del Mandala","Invisible",134,10A,73,2026-08-08,04:11,28,"argentine rock, progressive rock, latin rock","Rock, Latin","Invisible",1974-00-00,45,1,53,26,0,50,-6,B minor,4,0oiXxEjRKnzu8b02xxEFtZ,"Microfon",ARF100300026,no
55,"Lo Que Nos Ocupa Es Esa Abuela, la Conciencia Que Regula el Mundo","Invisible",122,10B,75,2026-08-08,04:16,37,"argentine rock, progressive rock, latin rock","Rock, Latin","Invisible",1974-00-00,61,1,59,50,0,10,-7,D,4,6t9G8frU0kZX5hxmiWi7Zw,"Microfon",ARF109902857,no
56,"Living in Paradise (with Avril Lavigne)","Bon Jovi, Avril Lavigne",140,1B,81,2026-08-08,03:16,0,"glam metal, canadian pop, candy pop, dance pop, pop","Pop, Electronic, Metal, Rock","Forever (Legendary Edition)",2025-10-24,61,1,0,57,0,10,-6,B,4,798hR8Q0YSE2J7RnhVCZdj,"Captain Kidd Corp. / Island Records",USUG12502852,no
57,"Durazno Sangrando","Invisible",110,8A,21,2026-08-08,03:39,48,"argentine rock, progressive rock, latin rock","Rock, Latin","Durazno Sangrando",1975-05-07,47,40,0,25,0,40,-18,A minor,3,6pjbkrGImw09Nv5Ji3emkr,"Columbia",ARF109902272,no
58,"That's Life (feat. Mac Miller & Sia)","88-Keys, Mac Miller, Sia",154,11B,77,2026-08-08,03:22,67,"alternative hip hop, hip hop, pittsburgh rap, rap, pop","Hip Hop, Pop","That's Life (feat. Mac Miller & Sia)",2019-06-20,53,24,0,53,20,50,-5,A,4,5h0Jgt873QtgL6nJRBGfT6,"1801 Records/Warner Records",USWB11901266,yes
59,"Where To Now St. Peter?","Elton John",129,12B,42,2026-08-08,04:11,27,"glam rock, mellow gold, piano rock, rock","Rock","Tumbleweed Connection",1970-10-30,59,35,0,36,0,10,-14,E,4,5iFUEuwNRXBnHjhUF33h9T,"UMC (Universal Music Catalogue)",GBAMB9500020,no
60,"about the drawings of a mirror","Cö shu Nie",116,6B,73,2026-08-08,03:41,22,"anime, j-rock, j-pop","Pop, Rock","idola",2012-09-02,63,21,0,54,0,10,-5,A#/B♭,3,5bYZCcfv7vPDa7BQcVVpir,"Cö shu Nie",TCJPV2327701,no
61,"me, pet, and wire","Cö shu Nie",121,11A,87,2026-08-08,03:35,22,"anime, j-rock, j-pop","Pop, Rock","idola",2012-09-02,56,1,0,50,10,0,-5,F#/G♭ minor,4,5HFx46s6oSEJt20l1ZzEhH,"Cö shu Nie",TCJPV2327704,no
62,"Marching to Lethe","Cö shu Nie",125,11B,45,2026-08-08,02:54,15,"anime, j-rock, j-pop","Pop, Rock","Org",2013-12-18,55,0,0,38,0,10,-4,A,4,2F35IfOJA1zPJZmqJULQK2,"Cö shu Nie",TCJPV2364921,no
63,"Seetakanoppo-san","Cö shu Nie",180,11B,90,2026-08-08,02:40,20,"anime, j-rock, j-pop","Pop, Rock","Org",2013-12-18,31,1,0,40,0,0,-2,A,5,1NkD9BOEMUFzzIl2MWrTKg,"Cö shu Nie",TCJPV2364923,no
64,"ö=Simple is!","Cö shu Nie",89,5A,66,2026-08-08,03:05,30,"anime, j-rock, j-pop","Pop, Rock","Org",2013-12-18,70,21,0,61,0,30,-5,C minor,4,5vlgmOnK7yGE3BKzPhpCqe,"Cö shu Nie",TCJPV2364933,no
65,"Hasunuma Rally","Cö shu Nie",172,2B,58,2026-08-08,03:16,17,"anime, j-rock, j-pop","Pop, Rock","Org",2013-12-18,37,15,0,43,0,20,-3,F#/G♭,3,5b50efqkWx1DeRAPXcK59e,"Cö shu Nie",TCJPV2364937,no
66,"For special you!!!","Cö shu Nie",180,10A,95,2026-08-08,04:12,13,"anime, j-rock, j-pop","Pop, Rock","Puzzle",2016-04-20,39,0,0,32,10,0,-4,B minor,4,7oFZfaKXquYTPziP1Hqkkv,"GINSEI-RECORDS",TCJPW2306167,no
67,"Eien no Torte","Cö shu Nie",160,3A,91,2026-08-08,03:56,19,"anime, j-rock, j-pop","Pop, Rock","Puzzle",2016-04-20,48,0,0,75,0,10,-3,A#/B♭ minor,4,6LophWcEdWP1oeODtx3vGO,"GINSEI-RECORDS",TCJPW2306169,no
68,"o=レテヘの行進","Cö shu Nie",130,3A,89,2026-08-08,03:08,26,"anime, j-rock, j-pop","Pop, Rock","SAKURA BURST",2022-01-26,59,0,0,38,0,10,-3,A#/B♭ minor,4,5rDCfoVewDAToF9tIXHpBP,"Sony Music Labels Inc.",JPU902105322,no
69,"o=私とペットと電話線","Cö shu Nie",124,10B,94,2026-08-08,03:35,29,"anime, j-rock, j-pop","Pop, Rock","SAKURA BURST",2022-01-26,54,0,0,33,20,0,-4,D,4,5eBi3DN2jNFFsvENOd9tHU,"Sony Music Labels Inc.",JPU902105323,no
70,"病は花から","Cö shu Nie",126,3B,74,2026-08-08,02:54,28,"anime, j-rock, j-pop","Pop, Rock","Flos Ex Machina",2022-03-16,37,0,0,48,10,30,-8,C♯/D♭,4,15TZrrrkCMD8ociWo2mTUk,"Sony Music Labels Inc.",JPU902200397,no
71,"夏の深雪","Cö shu Nie",177,3B,93,2026-08-08,03:58,32,"anime, j-rock, j-pop","Pop, Rock","Flos Ex Machina",2022-03-16,48,1,0,51,20,0,-5,C♯/D♭,4,2vJtjLl7QaUfYWZtqtLXQj,"Sony Music Labels Inc.",JPU902200399,no
72,"迷路 ～本編～","Cö shu Nie",116,3A,65,2026-08-08,03:54,25,"anime, j-rock, j-pop","Pop, Rock","Flos Ex Machina",2022-03-16,30,1,0,32,0,20,-5,A#/B♭ minor,3,01tUrqqHRL3sDUki35E1DQ,"Sony Music Labels Inc.",JPU902200402,no
73,"夢をみせて","Cö shu Nie",77,7B,41,2026-08-08,05:24,61,"anime, j-rock, j-pop","Pop, Rock","夢をみせて",2022-09-28,56,64,0,22,10,10,-9,F,4,6Xl3ty4oPbccRS9ehumXID,"Sony Music Labels Inc.",JPU902203240,no
74,"Where I Belong","Cö shu Nie",150,4A,95,2026-08-08,03:33,31,"anime, j-rock, j-pop","Pop, Rock","7 Deadly Guilt",2024-09-04,46,0,0,46,20,50,-4,F minor,4,2CnUQst0PchqjYxcnOpPNQ,"Sony Music Labels Inc.",JPU902402609,no
75,"I am a doll","Cö shu Nie",61,12B,21,2026-08-08,02:55,26,"anime, j-rock, j-pop","Pop, Rock","7 Deadly Guilt",2024-09-04,57,98,0,39,10,40,-13,E,4,22Ea4iqKD506gblxuxrp1z,"Sony Music Labels Inc.",JPU902402610,no
76,"消えちゃう前に","Cö shu Nie",105,10B,71,2026-08-08,03:44,40,"anime, j-rock, j-pop","Pop, Rock","7 Deadly Guilt",2024-09-04,57,1,0,57,0,10,-7,D,4,3BD3gEngtnvHJnwEq1yAhr,"Sony Music Labels Inc.",JPU902402612,no
77,"夢をみせて - From THE FIRST TAKE","Cö shu Nie",79,7B,42,2026-08-08,04:56,51,"anime, j-rock, j-pop","Pop, Rock","7 Deadly Guilt",2024-09-04,52,40,0,29,10,30,-9,F,4,0xYWqZ3kzMpHiJQ5M3sutE,"Sony Music Labels Inc.",JPU902402614,no
78,"The Rose Of Laura Nyro","Elton John, Brandi Carlile",147,6B,84,2026-08-08,06:39,32,"glam rock, mellow gold, piano rock, rock, folk, americana","Country, Folk, Rock","Who Believes In Angels?",2025-04-04,29,0,0,30,0,0,-5,A#/B♭,4,3VdQunj2AtDDjCQL3w7SLq,"EMI",GBUM72401774,no
79,"It's a sin","Elton John, Olly Alexander (Years & Years)",125,5A,89,2026-08-08,04:44,46,"glam rock, mellow gold, piano rock, rock, dance pop, gauze pop, pop, pop dance, uk pop","Electronic, Pop, Rock","It’s a sin",2021-05-11,60,4,0,20,0,10,-6,C minor,4,4GRzQVTYOG4eZQ8hAisrF4,"EMI",GBUM72102918,no
80,"Cold Heart - PNAU Remix","Elton John, Dua Lipa, PNAU",116,3B,80,2026-08-08,03:22,82,"glam rock, mellow gold, piano rock, rock, pop, alternative dance, aussietronica, australian dance, australian electropop","Rock, Pop","Cold Heart (PNAU Remix)",2021-08-13,80,3,0,94,0,10,-6,C♯/D♭,4,6zSpb8dQRaw0M1dK8PBwQz,"EMI",GBUM72104705,no
81,"Finish Line","Elton John, Stevie Wonder",172,7B,80,2026-08-08,04:24,40,"glam rock, mellow gold, piano rock, rock, motown, classic soul, soul","R&B, Rock, Pop, Blues","Finish Line",2021-09-30,48,8,0,54,0,20,-3,F,4,2mRK4OJ96kntvBe141m9AW,"EMI",GBUM72105169,no
82,"Always Love You","Elton John, Young Thug, Nicki Minaj",123,3B,66,2026-08-08,04:17,24,"glam rock, mellow gold, piano rock, rock, rap, melodic rap, trap, hip pop, pop, queens hip hop","Rock, Hip Hop, Pop","The Lockdown Sessions",2021-10-22,69,25,0,24,0,10,-5,C♯/D♭,4,1ndLVkMPVtjMsYUo6Jpz8P,"EMI",GBUM72105172,yes
83,"Nothing Else Matters","Miley Cyrus, WATT, Elton John, Yo-Yo Ma, Robert Trujillo, Chad Smith",143,9A,67,2026-08-08,06:35,24,"pop, modern alternative rock, glam rock, mellow gold, piano rock, rock, classical, chamber music, baroque, rap metal, rap rock","Classical, Rock, Pop, Hip Hop","The Lockdown Sessions",2021-10-22,45,1,0,14,0,10,-5,E minor,3,7JpCqGNUsHo4UPbkakwOjS,"EMI",QMKHM2100037,no
84,"Beauty In The Bones","Jimmie Allen, Elton John",155,11B,82,2026-08-08,03:50,16,"country, glam rock, mellow gold, piano rock, rock","Country, Rock","The Lockdown Sessions",2021-10-22,58,1,0,16,0,0,-4,A,4,1f8RPUYoZx0b7xyFBdVQjC,"EMI",GBUM72105821,no
85,"E-Ticket","Elton John, Eddie Vedder",138,9B,95,2026-08-08,03:18,15,"glam rock, mellow gold, piano rock, rock, acoustic rock, grunge, permanent wave","Rock","The Lockdown Sessions",2021-10-22,38,0,0,28,0,10,-2,G,4,1mGT7YO4ezP0b9nP2jCyG6,"EMI",GBUM72105173,no
86,"Stolen Car","Elton John, Stevie Nicks",140,3B,76,2026-08-08,05:37,16,"glam rock, mellow gold, piano rock, rock, heartland rock","Rock","The Lockdown Sessions",2021-10-22,52,1,0,23,0,20,-4,C♯/D♭,4,1VSpBEWcsytS10pUwxevTh,"EMI",GBUM72105171,no
87,"I'm Not Gonna Miss You","Glen Campbell, Elton John",60,9B,46,2026-08-08,02:56,15,"classic country, glam rock, mellow gold, piano rock, rock","Country, Rock","The Lockdown Sessions",2021-10-22,35,6,0,11,0,20,-6,G,4,7ddfhnM4JJixiniBiZ3uLZ,"EMI",GBUM72105841,no
88,"Sausage Rolls for Everyone","LadBaby, Elton John, Ed Sheeran",120,8B,86,2026-08-08,03:27,0,"christmas, glam rock, mellow gold, piano rock, rock, soft pop","Rock","Sausage Rolls for Everyone",2021-12-17,70,1,0,62,0,0,-4,C,4,6fNd6OkGoACwHtAnf2wslm,"frtyfve",UK6KW2100809,no
89,"Never Too Late","Elton John, Brandi Carlile",144,8B,62,2026-08-08,03:36,34,"glam rock, mellow gold, piano rock, rock, folk, americana","Country, Folk, Rock","Who Believes In Angels?",2025-04-04,43,31,0,37,0,20,-4,C,4,22Gzjt7PRJdAVz1tnJVYPZ,"EMI",GBUM72401778,yes
90,"When This Old World Is Done With Me","Elton John",87,9B,38,2026-08-08,04:16,32,"glam rock, mellow gold, piano rock, rock","Rock","Who Believes In Angels?",2025-04-04,48,92,0,8,0,10,-6,G,4,0JXt4bGTLQpprmsMuU3n2D,"EMI",GBUM72401784,no
91,"I Mean Business - Original Elton John Demo","Elton John",170,3B,85,2026-08-08,05:20,26,"glam rock, mellow gold, piano rock, rock","Rock","The Devil Wears Prada: A New Musical",2025-09-19,55,29,0,67,0,10,-5,C♯/D♭,4,6z29xNQsM4FPdkuuWyY4gi,"EMI",GBUM72504539,no
92,"The Devil Wears Prada - Original Elton John Demo","Elton John",98,6A,77,2026-08-08,05:40,27,"glam rock, mellow gold, piano rock, rock","Rock","The Devil Wears Prada: A New Musical",2025-09-19,68,10,0,44,0,20,-8,G minor,4,5NkUcgSVtgabY4phRJRJSa,"EMI",GBUM72504546,no
93,"Cold (feat. Post Malone)","BigXthaPlug, Post Malone",158,2B,79,2026-08-08,03:08,69,"southern hip hop, dfw rap, melodic rap, pop, rap","Hip Hop, Pop","I Hope You're Happy (Deluxe)",2025-11-21,59,4,0,53,10,0,-4,F#/G♭,4,7fIIi2KQB2AUqRgmpreKYj,"BigXthaPlug under exclusive license to UnitedMasters LLC",QZNMY2596245,yes
94,"My Man on Willpower","Sabrina Carpenter",120,6B,78,2026-08-08,03:17,79,"pop","Pop","Man’s Best Friend",2025-08-29,61,9,0,43,0,10,-3,A#/B♭,4,3EMfeKtNK4q4k3sVjwg5Yy,"Island Records",USUM72504356,yes
95,"Sugar Talking","Sabrina Carpenter",152,7A,78,2026-08-08,03:03,80,"pop","Pop","Man’s Best Friend",2025-08-29,48,5,0,40,0,10,-5,D minor,4,5B3GZOZYXNzWpUXQC42hxZ,"Island Records",USUM72504441,yes
96,"Nobody’s Son","Sabrina Carpenter",174,10B,74,2026-08-08,03:02,84,"pop","Pop","Man’s Best Friend",2025-08-29,45,34,0,65,0,0,-5,D,4,4SRShYMtFIGgnOU7iBicMH,"Island Records",USUM72504443,yes
97,"Go Go Juice","Sabrina Carpenter",132,6B,75,2026-08-08,03:13,79,"pop","Pop","Man’s Best Friend",2025-08-29,66,30,0,71,0,10,-4,A#/B♭,4,1qyw5wSUkEvH8DtaCdx7Lg,"Island Records",USUM72504447,yes
98,"because i liked a boy","Sabrina Carpenter",147,1B,59,2026-08-08,03:16,78,"pop","Pop","emails i can't send",2022-07-15,39,36,0,16,30,10,-7,B,4,32FhTAAjKZaBein150o3Px,"Island Records",USUM72210695,yes
99,"Fast Times","Sabrina Carpenter",132,12A,67,2026-08-08,02:54,66,"pop","Pop","emails i can't send",2022-07-15,72,7,0,74,0,0,-5,C♯/D♭ minor,4,6n05BgVkxxz2k5ICZYa2PH,"Island Records",USUM72200377,yes
100,"Bad for Business","Sabrina Carpenter",108,9B,54,2026-08-08,03:08,60,"pop","Pop","emails i can't send",2022-07-15,60,36,0,59,0,10,-9,G,4,38bbpkFcxgjupISR0K94UU,"Island Records",USUM72210712,no
101,"opposite","Sabrina Carpenter",82,8B,44,2026-08-08,02:48,67,"pop","Pop","emails i can’t send fwd:",2023-03-17,62,83,0,65,0,10,-10,C,4,27Jko74ZSVY1kwt0vMY6Pu,"Island Records",USUM72302254,no
102,"Christmas the Whole Year Round","Sabrina Carpenter",188,2B,90,2026-08-08,02:59,1,"pop","Pop","Top Christmas Pop Hits 2025 by Digster Pop",2024-11-08,57,15,0,96,0,10,-3,F#/G♭,4,5vpR47s4F4nxHYxdWvL4Ga,"UME - Global Clearing House",USHR11536830,no
103,"That’s Not How This Works (feat. Dan + Shay & Sabrina Carpenter) - Sabrina’s Version","Charlie Puth, Dan + Shay, Sabrina Carpenter",170,11B,60,2026-08-08,02:46,6,"soft pop, country, pop","Country, Pop","Siargao Vibes",2024-04-30,56,54,0,53,0,0,-4,A,4,2yD1M8A1do6YgFnXclHeQb,"Warner Music Group - X5 Music Group",USAT22304117,no
104,"Wildside - From  Adventures in Babysitting ","Sabrina Carpenter, Sofia Carson",123,2B,58,2026-08-08,03:07,54,"pop","Pop","Your Favorite Songs from 100 Disney Channel Original Movies",2016-05-20,77,0,0,74,0,0,-6,F#/G♭,4,03yWftlC0np4NshtX9RAUy,"Walt Disney Records",USWD11676450,no
105,"You Need Me Now? (feat. Sabrina Carpenter)","girl in red, Sabrina Carpenter",144,6A,85,2026-08-08,03:06,62,"bedroom pop, pop","Pop","I'M DOING IT AGAIN BABY!",2024-04-12,54,0,0,64,10,0,-4,G minor,4,34qaGPDvfWqp3F4iD5nGhf,"Columbia",USSM12400215,yes
106,"Elton's Song - Remastered 2003","Elton John",97,8B,19,2026-08-08,03:01,23,"glam rock, mellow gold, piano rock, rock","Rock","The Fox",1981-01-01,34,95,4,13,0,10,-17,C,4,1DPHu7wpXxF6XUHz2jKkN2,"UMC (Universal Music Catalogue)",GBA098100090,no
107,"Skate","Bruno Mars, Anderson .Paak, Silk Sonic",112,7B,60,2026-08-08,03:23,62,"dance pop, pop, escape room, hip hop, indie soul, neo soul","Electronic, Pop, Hip Hop, R&B","An Evening With Silk Sonic",2021-11-12,71,4,0,70,0,10,-8,F,4,3WTWh2WDk4j8GUCGj4xfOd,"Aftermath Entertainment/Atlantic",USAT22104222,no
108,"Blast Off","Bruno Mars, Anderson .Paak, Silk Sonic",76,1B,55,2026-08-08,04:44,58,"dance pop, pop, escape room, hip hop, indie soul, neo soul","Electronic, Pop, Hip Hop, R&B","An Evening With Silk Sonic",2021-11-12,48,4,0,35,0,30,-10,B,4,2NqyjfDXy0XfXCSPXMsKzi,"Aftermath Entertainment/Atlantic",USAT22106195,no
109,"Die With A Smile - Acoustic","Lady Gaga, Bruno Mars",158,11B,45,2026-08-08,04:11,46,"art pop, pop, dance pop","Pop, Electronic","Die With A Smile",2024-10-17,51,37,0,27,0,10,-8,A,3,3sDIlJZzYNHtnSuuOxvTal,"Interscope",USUM72413062,no
110,"Lighters","Bad Meets Evil, Bruno Mars",90,8B,69,2026-08-08,05:03,9,"detroit hip hop, dance pop, pop","Electronic, Pop","Chill 2010s",2024-11-22,68,35,0,14,20,10,-8,C,4,7bd5Az9Hi5meJ9qwCGe2pZ,"UME - Global Clearing House",USUM71108179,yes
111,"Nothin' on You (feat. Bruno Mars) - TC's Switch-Up Remix","B.o.B, Bruno Mars",140,6A,83,2026-08-08,03:57,27,"atl hip hop, dance pop, pop rap, rap, southern hip hop, pop","Hip Hop, Electronic, Pop","Nothin' on You",2010-05-14,37,1,0,40,0,0,-4,G minor,4,5p1gFfjhob2TJD03KQlZPG,"Atlantic Records",USAT21001023,no
112,"Nothin' on You (feat. Bruno Mars) - Acappella","B.o.B, Bruno Mars",104,7B,40,2026-08-08,04:21,56,"atl hip hop, dance pop, pop rap, rap, southern hip hop, pop","Hip Hop, Electronic, Pop","Nothin' on You",2010-05-14,81,87,0,87,10,50,-10,F,4,5TKnYcvyiI8RrE92N6hBiq,"Atlantic Records",USAT21001025,no
113,"Mirror (feat. Bruno Mars)","Lil Wayne, Bruno Mars",103,4A,62,2026-08-08,03:48,56,"rap, hip hop, dance pop, pop","Electronic, Pop, Hip Hop","I Am Music",2023-03-31,39,86,0,40,0,10,-7,F minor,5,5Me1gCGtrfEJvkpqoX43HK,"Young Money Records, Inc.",USCM51100327,yes
114,"BLOW (with Chris Stapleton & Bruno Mars)","Ed Sheeran, Chris Stapleton, Bruno Mars",92,3B,80,2026-08-08,03:29,62,"soft pop, country, outlaw country, dance pop, pop","Country, Electronic, Pop","No.6 Collaborations Project",2019-07-12,63,0,1,60,0,30,-5,C♯/D♭,4,7hvO2qCwJVZxiyoA7c9i5d,"Atlantic Records UK",GBAHS1900940,no
115,"Danza en la sombra","Ciro y los Persas",140,10B,62,2026-08-08,05:11,23,"argentine rock","Rock","Danza en la sombra",2025-12-04,55,22,0,27,0,0,-7,D,4,29iBXBjqgAyg7FyhLBGXBn,"300 Producciones",AR3692500027,no
116,"星屑ライダーズ","BURNOUT SYNDROMES",137,8B,92,2026-08-08,03:42,21,"anime, j-rock, j-pop","Pop, Rock","ORIGAMI",2024-11-27,60,2,0,51,0,10,-5,C,4,6Z1bs1rTRnlpEeDrCbt9ui,"Sony Music Labels Inc.",JPU902403740,no
117,"KUNOICHI","BURNOUT SYNDROMES, ASCA",135,11A,84,2026-08-08,03:39,15,"anime, j-rock, j-pop","Pop, Rock","ORIGAMI",2024-11-27,70,3,0,34,0,0,-7,F#/G♭ minor,4,5KAPQQxav3NpoATsmzPd75,"Sony Music Labels Inc.",JPU902304002,no
118,"I feel you","BURNOUT SYNDROMES, halca",158,8B,87,2026-08-08,03:43,14,"anime, j-rock, j-pop","Pop, Rock","ORIGAMI",2024-11-27,56,3,0,59,0,20,-4,C,4,2Jao9lBFTRITWrzdDm7J3O,"Sony Music Labels Inc.",JPU902403741,no
119,"初恋カプチーノ","BURNOUT SYNDROMES",171,12A,89,2026-08-08,04:55,21,"anime, j-rock, j-pop","Pop, Rock","ORIGAMI",2024-11-27,49,5,0,57,0,0,-5,C♯/D♭ minor,4,1tTAP3V2mDOYYbCCSvXkPi,"Sony Music Labels Inc.",JPU902403742,no
120,"FORÇA","BURNOUT SYNDROMES, Nill",114,10A,75,2026-08-08,03:31,13,"anime, j-rock, j-pop, boom bap, brazilian hip hop","Pop, Rock","ORIGAMI",2024-11-27,56,0,0,27,10,30,-8,B minor,4,0xYab9R1clSXNtECG1oEtQ,"Sony Music Labels Inc.",JPU902403743,no
121,"Good Morning [New] World!","BURNOUT SYNDROMES, Huwie Ishizaki",92,8B,88,2026-08-08,04:17,16,"anime, j-rock, j-pop","Pop, Rock","ORIGAMI",2024-11-27,21,1,0,45,0,10,-5,C,4,6HCgPjuKKolj7UbqXoGwhb,"Sony Music Labels Inc.",JPU902403746,no
122,"Each and Every Day","Kristin Chenoweth, Original Broadway Cast of The Queen of Versailles",98,6A,19,2026-08-08,03:34,3,"musicals","Classical, Easy Listening, Pop","Each and Every Day (from  The Queen of Versailles - Original Broadway Cast Recording )",2025-11-21,33,72,0,17,0,0,-10,G minor,4,2JKXSmqmKo60bKex9phJfN,"Masterworks Broadway",USSM12503969,no
123,"Caviar Dreams","Kristin Chenoweth, Original Broadway Cast of The Queen of Versailles",108,8B,61,2026-08-08,04:02,1,"musicals","Classical, Easy Listening, Pop","Each and Every Day (from  The Queen of Versailles - Original Broadway Cast Recording )",2025-11-21,44,6,0,30,0,0,-5,C,4,2Yr3QIknGYdfIUwF9MrHbs,"Masterworks Broadway",USSM12503968,no
124,"buy me presents","Sabrina Carpenter",113,12A,83,2026-08-08,02:57,54,"pop","Pop","fruitcake",2023-11-17,66,1,0,55,0,20,-5,C♯/D♭ minor,4,3Cz6MZdwncB4qasyRPen4S,"Island Records",USUM72313885,yes
125,"cindy lou who","Sabrina Carpenter",81,8B,30,2026-08-08,02:01,57,"pop","Pop","fruitcake",2023-11-17,38,94,0,46,0,10,-8,C,3,15WQ0CnYIbWNCWvwp7IlYr,"Island Records",USUM72314922,no
126,"white xmas","Sabrina Carpenter",118,1B,40,2026-08-08,02:26,46,"pop","Pop","fruitcake",2023-11-17,41,73,0,40,0,10,-6,B,4,7g5DlwyMdGDvcExDg5H2BA,"Island Records",USUM72313422,no
127,"Please Please Please - Acoustic","Sabrina Carpenter",107,11B,36,2026-08-08,03:01,46,"pop","Pop","Please Please Please",2024-06-18,61,83,0,50,0,0,-7,A,4,6g5I925i0ti3ajw2A6IXnQ,"Island Records",USUM72407352,yes
128,"Please Please Please - Sped Up","Sabrina Carpenter",130,8B,70,2026-08-08,02:32,35,"pop","Pop","Please Please Please",2024-06-18,67,26,0,60,10,10,-5,C,4,4EryTXqW5cvf5yqITZEm7b,"Island Records",USUM72407354,yes
129,"Espresso - Decaf Version","Sabrina Carpenter",93,6B,75,2026-08-08,03:14,46,"pop","Pop","Espresso EP",2024-05-17,66,9,0,77,0,20,-5,A#/B♭,4,78WaYdbN5qHNbUcTXYoiAJ,"Island Records",USUM72405537,yes
130,"skinny dipping - Acoustic","Sabrina Carpenter",172,12B,28,2026-08-08,03:12,32,"pop","Pop","skinny dipping (Acoustic)",2021-11-05,41,71,0,58,0,10,-11,E,4,1KnwbBxKijjT8EmAryC71R,"Island Records",USUM72118735,no
131,"Feather - Spotify Singles","Sabrina Carpenter",124,11A,70,2026-08-08,03:05,41,"pop","Pop","Spotify Singles",2023-10-18,74,8,0,72,0,30,-7,F#/G♭ minor,4,2l6lCBL8egSBfL4ih4KtKk,"Island Records",USUM72315412,yes
132,"Alarma Entre los Ángeles","Invisible",100,9A,75,2026-08-08,06:31,43,"argentine rock, progressive rock, latin rock","Rock, Latin","El Jardin de los Presentes",1976-05-27,38,1,33,50,0,30,-7,E minor,4,0v5G6KTRhW1pp99hxeyj6I,"Columbia",ARF100200243,no
133,"Dragonfly","BURNOUT SYNDROMES",179,9B,95,2026-08-08,04:15,22,"anime, j-rock, j-pop","Pop, Rock","孔雀",2018-02-21,38,3,0,37,10,40,-4,G,4,4CZL8yhTPLat4WIAWLBL42,"Sony Music Labels Inc.",JPU901704122,no
134,"Back to the Starting Point","Sawano Hiroyuki",100,7B,68,2026-08-08,04:23,0,"anime, soundtrack","Pop, Classical, Easy Listening","日本テレビ系火曜ドラマ「貧乏男子」オリジナル・サウンドトラック",2008-02-27,44,0,65,22,0,30,-6,F,4,7qlTOfTqpFFr4hXG1TimGh,"VAP",JPVP00801601,no
135,"Elementales Leches","Invisible",118,8A,56,2026-08-08,03:37,41,"argentine rock, progressive rock, latin rock","Rock, Latin","Obras Cumbres",2020-09-02,49,1,0,28,0,20,-6,A minor,4,0HRmSc1gAuf3FDsogmndn6,"Columbia",ARF109902853,no
136,"Estado de Coma","Invisible",145,11B,62,2026-08-08,03:19,16,"argentine rock, progressive rock, latin rock","Rock, Latin","Obras Cumbres",2020-09-02,47,68,22,79,0,10,-4,A,4,79BMYEOWmYYdEgVSNWwChd,"Columbia",ARF100300027,no
137,"Oso del Sueño","Invisible",121,11B,57,2026-08-08,04:36,24,"argentine rock, progressive rock, latin rock","Rock, Latin","Los Simples",2019-05-15,44,1,2,30,0,10,-9,A,1,1cLwDmRb7n7j1Xsap7h406,"Microfon",ARF100300028,no
138,"Keep An Eye","Diana Ross & The Supremes",93,3A,40,2026-08-08,03:08,13,"motown, northern soul, classic soul","R&B, Pop","Love Child",1968-11-13,53,39,0,61,0,10,-16,A#/B♭ minor,4,71r0Mitqg11D0uXR2Ijvwg,"Motown",USMO16882679,no
139,"あしたのジョー","帝子ボンボン, 幾原邦彦, Bonjour Suzuki",122,5A,80,2026-08-08,02:58,5,"shibuya-kei","Electronic, Pop","君の青春は輝いているか",2022-06-08,70,6,0,37,0,20,-8,C minor,4,3o3Cgqk9TkWms6WbPLUhoc,"FUJI",JPB622200417,no
140,"ご唱和ください我の名を！","帝子ボンボン, 幾原邦彦, Bonjour Suzuki",97,3B,98,2026-08-08,03:33,4,"shibuya-kei","Electronic, Pop","君の青春は輝いているか",2022-06-08,56,12,0,38,10,0,-4,C♯/D♭,4,4XQz4KJih9CvUAPu1rKLsk,"FUJI",JPB622200420,no
141,"人魚は歩けない","帝子ボンボン, 幾原邦彦, Bonjour Suzuki",152,3A,87,2026-08-08,03:40,4,"shibuya-kei","Electronic, Pop","君の青春は輝いているか",2022-06-08,65,3,0,72,0,30,-7,A#/B♭ minor,4,7vG3rxncjq6YBT8TMYa2Pl,"FUJI",JPB622200424,no
142,"日常用 de SUIT 4th-Mov.：銃剣兄弟GEKIBANger-The Final","Sawano Hiroyuki",142,7B,47,2026-08-08,06:40,5,"anime, soundtrack","Pop, Classical, Easy Listening","青の祓魔師 オリジナル・サウンドトラック II",2011-09-28,72,69,34,16,0,10,-10,F,4,21ITA9JvDarnnoMXUoTePk,"Aniplex Inc.",JPE301102632,no
143,"輔翼","物語シリーズ",84,7A,15,2026-08-08,01:51,37,"anime, j-pop","Pop","Bakemonogatari Gekihanongakushu (Original Soundtrack)",2018-11-02,36,99,87,6,0,0,-20,D minor,4,5pgPbzDWhQCVcuKE1g4085,"Aniplex Inc.",JPE301001707,no
144,"Does Your Mama Know About Me","Diana Ross & The Supremes",151,8B,40,2026-08-08,02:54,16,"motown, northern soul, classic soul","R&B, Pop","Love Child",1968-11-13,34,73,0,59,0,50,-14,C,3,5y4MxVPnp4b78qRYztkmj1,"Motown",USMO10000486,no
145,"Some Things You Never Get Used To - Single Version","Diana Ross & The Supremes",125,5A,48,2026-08-08,02:25,12,"motown, northern soul, classic soul","R&B, Pop","Love Child",1968-11-13,71,37,0,90,0,30,-13,C minor,4,5dOotIroPS97QxwJyUHXLW,"Motown",USMO16882867,no
146,"(Don't Break These) Chains Of Love","Diana Ross & The Supremes",130,10B,33,2026-08-08,02:25,17,"motown, northern soul, classic soul","R&B, Pop","Love Child",1968-11-13,52,26,0,65,0,30,-15,D,4,5HiHiBT6WP483irUsty7uE,"Motown",USMO16882775,no
147,"I'll Set You Free","Diana Ross & The Supremes",199,8A,60,2026-08-08,02:39,12,"motown, northern soul, classic soul","R&B, Pop","Love Child",1968-11-13,31,75,0,87,0,30,-12,A minor,4,6UjH7fUxWrVc3AXueB8Umx,"Motown",USMO10001089,no
148,"Now That There's You","Diana Ross",149,7B,53,2026-08-08,03:28,14,"motown, disco","Pop, R&B","Diana Ross",1970-06-19,38,49,0,67,0,30,-9,F,4,5fwHiF6PoOh5Z24AlJ7dXG,"UNI/MOTOWN",USMO10200234,no
149,"You're All I Need To Get By","Diana Ross",177,11B,53,2026-08-08,03:26,16,"motown, disco","Pop, R&B","Diana Ross",1970-06-19,37,72,0,38,0,10,-10,A,4,3GJsFpwv4XQrLEgowWoTwI,"UNI/MOTOWN",USMO10200243,no
150,"Ain't No Mountain High Enough","Diana Ross",101,5A,71,2026-08-08,06:18,41,"motown, disco","Pop, R&B","Diana Ross",1970-06-19,38,25,0,57,0,10,-9,C minor,4,3LwwCSGgp8QkLsSgmx5iRf,"UNI/MOTOWN",USMO10000772,no
151,"Something On My Mind","Diana Ross",177,8B,65,2026-08-08,02:24,14,"motown, disco","Pop, R&B","Diana Ross",1970-06-19,35,41,0,53,0,10,-10,C,4,26SxIeBH1KPxk5zNtGEsBD,"UNI/MOTOWN",USMO10200236,no
152,"Where There Was Darkness","Diana Ross",183,9B,50,2026-08-08,03:16,10,"motown, disco","Pop, R&B","Diana Ross",1970-06-19,31,35,0,62,0,10,-9,G,4,6uFxwKkNCqPK3nXEkHyIRg,"UNI/MOTOWN",USMO10200242,no
153,"Can't It Wait Until Tomorrow","Diana Ross",134,8B,50,2026-08-08,03:16,10,"motown, disco","Pop, R&B","Diana Ross",1970-06-19,58,37,0,52,0,50,-12,C,4,2vdxKYanrczXjasZ2Xw2bp,"UNI/MOTOWN",USMO10200229,no
154,"Now That There's You - Alternate Vocal Version","Diana Ross",151,7B,60,2026-08-08,03:08,4,"motown, disco","Pop, R&B","Diana Ross (Expanded Edition)",1970-06-19,43,60,0,72,0,30,-7,F,4,7HuEgLe15a5niyyJP0YS8c,"Motown",USMO10200235,no
155,"These Things Will Keep Me Loving You - Alternate mix","Diana Ross",119,8B,68,2026-08-08,03:13,4,"motown, disco","Pop, R&B","Diana Ross (Expanded Edition)",1970-06-19,64,3,0,96,0,10,-6,C,4,6hPGTQ9iQE3vZvx1tIGzLb,"Motown",USMO10200241,no
156,"Time And Love","Diana Ross",79,8B,58,2026-08-08,04:08,6,"motown, disco","Pop, R&B","Diana Ross (Expanded Edition)",1970-06-19,49,54,0,88,0,60,-8,C,4,7wqtVvEDIe2zSIXiEnmeKK,"Motown",USMO10110267,no
157,"Stoney End","Diana Ross",108,7B,43,2026-08-08,03:39,9,"motown, disco","Pop, R&B","Diana Ross (Expanded Edition)",1970-06-19,56,50,0,71,0,10,-8,F,4,4plxrNBvTAmmbg7vR2wd1J,"Motown",USMO10200238,no
158,"Loves, Lines, Angles And Rhymes","Diana Ross",148,5B,46,2026-08-08,04:02,7,"motown, disco","Pop, R&B","Diana Ross (Expanded Edition)",1970-06-19,38,50,0,61,0,30,-10,D#/E♭,4,7vbkwMqM7fVOrsEUSZsKpN,"Motown",USMO10200233,no
159,"My Place","Diana Ross",139,12A,69,2026-08-08,02:46,8,"motown, disco","Pop, R&B","Everything Is Everything",1970-11-03,62,18,0,74,0,0,-8,C♯/D♭ minor,4,6enpMLnNHiUwp5Ch2NrHkv,"UNI/MOTOWN",USMO10400539,no
160,"Everything Is Everything","Diana Ross",127,10B,61,2026-08-08,02:28,8,"motown, disco","Pop, R&B","Everything Is Everything",1970-11-03,66,33,0,82,20,20,-11,D,4,6cla8uJNtE6Us09EzjlCM7,"UNI/MOTOWN",USMO10400541,no
161,"I'm Still Waiting","Diana Ross",86,5A,57,2026-08-08,03:45,16,"motown, disco","Pop, R&B","Everything Is Everything",1970-11-03,34,63,9,48,0,20,-11,C minor,4,1Cpey9mxPjQk5jbhFHxFnx,"UNI/MOTOWN",USMO17090040,no
162,"DoobeDood'nDoobe, DoobeDood'nDoobe, DoobeDood'nDoo","Diana Ross",94,4B,43,2026-08-08,04:52,9,"motown, disco","Pop, R&B","Everything Is Everything",1970-11-03,57,41,0,58,0,0,-12,G#/A♭,4,1G8AZIzWJA6M2vqTbUjzfw,"UNI/MOTOWN",USMO19884727,no
163,"I Love You (Call Me)","Diana Ross",116,8B,57,2026-08-08,03:23,8,"motown, disco","Pop, R&B","Everything Is Everything",1970-11-03,48,32,0,51,0,10,-10,C,3,6yxHHIIWXzhdsyx3HL4kfR,"UNI/MOTOWN",USMO10400545,no
164,"(They Long To Be) Close To You - Extended Version","Diana Ross",96,6B,45,2026-08-08,04:02,8,"motown, disco","Pop, R&B","Everything Is Everything",1970-11-03,45,56,0,47,0,20,-10,A#/B♭,4,6L90P0jZl8PPrmby6Mw1ye,"UNI/MOTOWN",USUM70728245,no
165,"Wish I Knew","Diana Ross",104,8B,34,2026-08-08,03:18,5,"motown, disco","Pop, R&B","Everything Is Everything (Expanded Edition)",1970-11-03,68,46,0,61,0,10,-10,C,4,7zOFoaZcVSJ5IymBG6k5xd,"Hip-O Select",USUM70809848,no
166,"Ain't No Sad Song - Alternate Lyrics","Diana Ross",96,4A,80,2026-08-08,03:04,3,"motown, disco","Pop, R&B","Everything Is Everything (Expanded Edition)",1970-11-03,66,9,0,88,0,60,-6,F minor,4,3sSgLn2cp5YCZvZzMfKfCK,"Hip-O Select",USUM70809636,no
167,"Come Together - 1982  Revelations  Remix","Diana Ross, Revelations",177,5A,88,2026-08-08,04:04,4,"motown, disco","Pop, R&B","Everything Is Everything (Expanded Edition)",1970-11-03,44,2,0,74,0,30,-6,C minor,4,32WXrNvbCNHiGoaeSan5Ww,"Hip-O Select",USUM70809639,no
168,"I'm Still Waiting - 1990 Phil Chill Remix","Diana Ross, Phil Chill",90,9B,59,2026-08-08,04:08,9,"motown, disco","Pop, R&B","Everything Is Everything (Expanded Edition)",1970-11-03,68,1,0,56,0,0,-12,G,4,7lctCZwylaPfAQL8AieJ6A,"Hip-O Select",USUM70809635,no
169,"Surrender","Diana Ross",90,7B,68,2026-08-08,02:52,15,"motown, disco","Pop, R&B","Surrender",1971-07-06,49,42,0,90,0,50,-8,F,4,7KtEDlkQgdImLo32GlMvFJ,"UNI/MOTOWN",USMO19290052,no
170,"I Can't Give Back The Love I Feel For You","Diana Ross",81,11B,58,2026-08-08,03:20,10,"motown, disco","Pop, R&B","Surrender",1971-07-06,40,55,0,43,0,10,-8,A,4,6U6m4AT6WycpgogDoo8GEn,"UNI/MOTOWN",USUM70837328,no
171,"Remember Me","Diana Ross",113,10B,62,2026-08-08,03:30,14,"motown, disco","Pop, R&B","Surrender",1971-07-06,66,40,0,62,0,0,-8,D,4,7MGHsqBU2IyyFFVhtuxxla,"UNI/MOTOWN",USMO10000519,no
172,"Reach Out I'll Be There","Diana Ross",171,9A,51,2026-08-08,05:33,12,"motown, disco","Pop, R&B","Surrender",1971-07-06,33,62,0,68,0,10,-12,E minor,4,3XgMzFmm2mj7m69oDFi1IZ,"UNI/MOTOWN",USMO17184719,no
173,"Did You Read The Morning Paper?","Diana Ross",84,4B,53,2026-08-08,03:50,8,"motown, disco","Pop, R&B","Surrender",1971-07-06,33,54,0,51,0,10,-9,G#/A♭,4,4jVCXrsskNskKFF2F5mnFq,"UNI/MOTOWN",USUM71501975,no
174,"I'll Settle For You","Diana Ross",181,7B,53,2026-08-08,03:06,8,"motown, disco","Pop, R&B","Surrender",1971-07-06,45,52,0,65,0,10,-10,F,3,5Un157CHhKoLPemZGhpL6b,"UNI/MOTOWN",USUM70837330,no
175,"All The Befores","Diana Ross",127,7B,36,2026-08-08,04:43,7,"motown, disco","Pop, R&B","Surrender",1971-07-06,33,57,0,20,0,10,-12,F,3,2c68MXOZFYAxuUlHmmA0qr,"UNI/MOTOWN",USUM70837323,no
176,"Remember Me - Diana! Vocal / Undubbed Stereo Mix","Diana Ross",113,10B,54,2026-08-08,03:32,8,"motown, disco","Pop, R&B","Surrender (Expanded Edition)",1971-07-06,67,63,4,49,0,30,-8,D,4,7pC7LsgX3Ie2tjFUj0Z9ej,"Hip-O Select",USUM70837343,no
177,"Reach Out, I'll Be There - Alternate Vocal","Diana Ross",173,10B,57,2026-08-08,05:42,8,"motown, disco","Pop, R&B","Surrender (Expanded Edition)",1971-07-06,36,50,0,59,0,0,-7,D,4,0N9IE88nQq0ob3GIEfea20,"Hip-O Select",USUM70837333,no
178,"I Can't Give Back The Love I Feel For You - Alternate Vocal","Diana Ross",163,9A,67,2026-08-08,03:23,4,"motown, disco","Pop, R&B","Surrender (Expanded Edition)",1971-07-06,35,60,0,63,0,10,-7,E minor,4,76qtpGXcJmmWZaiCNS80hc,"Hip-O Select",USUM70837329,no
179,"Remember Me - Alternate Vocal And Mix","Diana Ross",113,10B,68,2026-08-08,03:43,6,"motown, disco","Pop, R&B","Surrender (Expanded Edition)",1971-07-06,72,22,0,39,0,0,-3,D,4,0KAcwc8NWm64j3Ff9ToKwY,"Hip-O Select",USUM70837344,no
180,"Remember Me - Demo Vocal","Valerie Simpson",113,10B,67,2026-08-08,03:39,10,"motown","Pop, R&B","Surrender (Expanded Edition)",1971-07-06,68,17,0,42,0,0,-4,D,4,7n43oWjQgM149qiqYFuWV1,"Hip-O Select",USUM70837345,no
181,"Weight Of The World","Elton John",128,9B,52,2026-08-08,03:58,26,"glam rock, mellow gold, piano rock, rock","Rock","Peachtree Road (Expanded Edition)",2004-11-07,65,82,0,28,0,30,-9,G,4,0zoWR9ChfiAMb1MMFOFW7J,"EMI",GBF080400427,no
182,"Cafe Manhattan / Had You Been Around / Love Theme","Diana Ross",134,10B,29,2026-08-08,03:33,6,"motown, disco","Pop, R&B","Lady Sings The Blues",1972-10-01,56,78,0,50,50,30,-17,D,4,4rFu1ydkJNP40ndgEUcTN4,"UNI/MOTOWN",USMO10000738,no
183,"Love Is Here To Stay","Diana Ross",147,4B,28,2026-08-08,02:00,11,"motown, disco","Pop, R&B","Lady Sings The Blues",1972-10-01,59,36,0,79,0,0,-10,G#/A♭,4,6Qk8wnGQkYvMaroYJpRU6i,"UNI/MOTOWN",USMO10000749,no
184,"Fine And Mellow - Pt. 2","Diana Ross",91,7B,39,2026-08-08,02:55,8,"motown, disco","Pop, R&B","Lady Sings The Blues",1972-10-01,47,21,0,61,0,40,-10,F,4,4KyF8p6LOePvn9nF3TWymE,"UNI/MOTOWN",USMO10000750,no
185,"All Of Me - Without Dialogue","Diana Ross",143,9B,45,2026-08-08,02:04,12,"motown, disco","Pop, R&B","Lady Sings The Blues",1972-10-01,56,13,0,76,0,0,-11,G,4,1EuRxbZeR96ORYTCJcI1oY,"UNI/MOTOWN",USMO10000754,no
186,"I Cried For You (Now It's Your Turn To Cry For Me) - Pt. 2","Diana Ross",78,7A,45,2026-08-08,02:12,8,"motown, disco","Pop, R&B","Lady Sings The Blues",1972-10-01,64,45,0,68,0,40,-10,D minor,4,1mfuRjiFzClOqc0z1ZgT3n,"UNI/MOTOWN",USMO10000758,no
187,"Touch Me In The Morning","Diana Ross",137,2B,62,2026-08-08,03:27,53,"motown, disco","Pop, R&B","Touch Me In The Morning",1973-06-22,36,46,0,60,0,0,-7,F#/G♭,4,4sIkDCqNjTubfb5UVs8lEA,"UNI/MOTOWN",USMO17300350,no
188,"We Need You","Diana Ross",141,11B,43,2026-08-08,03:43,14,"motown, disco","Pop, R&B","Touch Me In The Morning",1973-06-22,44,94,3,17,0,30,-11,A,4,48xlGyQPOHV338AVJuriYj,"UNI/MOTOWN",USMO17370003,no
189,"Imagine","Diana Ross",78,7B,45,2026-08-08,03:02,18,"motown, disco","Pop, R&B","Touch Me In The Morning",1973-06-22,44,50,12,61,0,10,-11,F,4,5tzCPVBQ5IL2gV6c5XQcjM,"UNI/MOTOWN",USMO17300487,no
190,"Brown Baby/Save The Children","Diana Ross",92,4A,56,2026-08-08,08:18,17,"motown, disco","Pop, R&B","Touch Me In The Morning",1973-06-22,27,60,1,51,0,20,-9,F minor,4,5ccfL7IQHiXfqHv97QG39s,"UNI/MOTOWN",USMO10000592,no
191,"Touch Me In The Morning - First Pressing Single Version","Diana Ross",137,2B,54,2026-08-08,03:53,38,"motown, disco","Pop, R&B","Touch Me In The Morning (Expanded Edition)",1973-06-22,44,23,0,59,0,10,-9,F#/G♭,4,57pG9UVXGG8JcIdAVBXYAM,"Hip-O Select",USUM70917181,no
192,"All Of My Life - Alternate Mix","Diana Ross",83,5A,50,2026-08-08,03:40,5,"motown, disco","Pop, R&B","Touch Me In The Morning (Expanded Edition)",1973-06-22,45,62,1,38,0,20,-9,C minor,4,6XKtWr75LqEHibYEt3IBLj,"Hip-O Select",USUM70917210,no
193,"We Need You - Alternate Mix","Diana Ross",141,11B,42,2026-08-08,03:34,3,"motown, disco","Pop, R&B","Touch Me In The Morning (Expanded Edition)",1973-06-22,52,85,0,18,0,10,-9,A,4,7mdFUKCXRxiB3i59D6eJRs,"Hip-O Select",USUM70917211,no
194,"Brown Baby - Alternate Version","Diana Ross",85,4A,53,2026-08-08,04:38,24,"motown, disco","Pop, R&B","Touch Me In The Morning (Expanded Edition)",1973-06-22,34,36,0,57,0,50,-10,F minor,4,6yILShLqSz0rShk5iLyz2R,"Hip-O Select",USUM70917304,no
195,"My Baby (My Baby My Own) - Alternate Version","Diana Ross",161,10A,39,2026-08-08,03:02,2,"motown, disco","Pop, R&B","Touch Me In The Morning (Expanded Edition)",1973-06-22,39,44,0,60,0,10,-11,B minor,4,4aXKCmLamp6AHiP2UVChtO,"Hip-O Select",USUM70917305,no
196,"Turn Around - Alternate Version","Diana Ross",87,8B,36,2026-08-08,02:35,2,"motown, disco","Pop, R&B","Touch Me In The Morning (Expanded Edition)",1973-06-22,44,35,0,28,0,10,-10,C,3,7nG3O6fuyBiLmapOyPe1az,"Hip-O Select",USUM70917306,no
197,"You Are Everything","Diana Ross, Marvin Gaye",150,6B,53,2026-08-08,03:10,58,"motown, disco, classic soul, soul, northern soul, quiet storm","R&B, Pop, Blues","Diana & Marvin (Expanded Edition)",1973-10-26,52,3,0,50,0,10,-10,A#/B♭,4,1SjqD5q2WvpjOFIklP7sxD,"UNI/MOTOWN",USMO17300533,no
198,"You're A Special Part Of Me","Diana Ross, Marvin Gaye",152,4B,56,2026-08-08,03:41,29,"motown, disco, classic soul, soul, northern soul, quiet storm","R&B, Pop, Blues","Diana & Marvin (Expanded Edition)",1973-10-26,50,22,0,53,0,20,-10,G#/A♭,4,09fFNAVcwcXJcXUP7mM4Xe,"UNI/MOTOWN",USMO17382640,no
199,"Just Say, Just Say","Diana Ross, Marvin Gaye",80,6B,54,2026-08-08,04:15,27,"motown, disco, classic soul, soul, northern soul, quiet storm","R&B, Pop, Blues","Diana & Marvin (Expanded Edition)",1973-10-26,44,12,0,58,0,0,-12,A#/B♭,4,7uzVEQyvdYPDsCwJE1wqNw,"UNI/MOTOWN",USMO10001117,no
200,"Stop, Look, Listen (To Your Heart)","Diana Ross, Marvin Gaye",83,4B,38,2026-08-08,02:57,54,"motown, disco, classic soul, soul, northern soul, quiet storm","R&B, Pop, Blues","Diana & Marvin (Expanded Edition)",1973-10-26,59,32,0,56,0,20,-11,G#/A♭,4,0kKpGcvoXroKo1iNO5cDhi,"UNI/MOTOWN",USMO17300534,no
201,"I'm Falling In Love With You","Diana Ross, Marvin Gaye",175,10B,59,2026-08-08,02:45,31,"motown, disco, classic soul, soul, northern soul, quiet storm","R&B, Pop, Blues","Diana & Marvin (Expanded Edition)",1973-10-26,41,37,0,76,0,10,-8,D,4,2HmMYWyqSDEIjTObJKuVnO,"UNI/MOTOWN",USMO10001118,no
202,"Include Me In Your Life","Diana Ross, Marvin Gaye",157,2A,55,2026-08-08,03:12,25,"motown, disco, classic soul, soul, northern soul, quiet storm","R&B, Pop, Blues","Diana & Marvin (Expanded Edition)",1973-10-26,36,13,1,26,20,0,-11,D#/E♭ minor,4,3qP8p5UiqIL11SEKVnKCUs,"UNI/MOTOWN",USMO10001119,no
203,"I've Come To Love You So Much","Diana Ross, Marvin Gaye",78,5B,41,2026-08-08,03:49,22,"motown, disco, classic soul, soul, northern soul, quiet storm","R&B, Pop, Blues","Diana & Marvin (Expanded Edition)",1973-10-26,54,57,0,43,0,10,-10,D#/E♭,4,6vGg1vaoWD3bn4rakd1TuD,"UNI/MOTOWN",USMO10001222,no
204,"I'll Keep My Light In My Window","Diana Ross, Marvin Gaye",91,4A,78,2026-08-08,04:27,25,"motown, disco, classic soul, soul, northern soul, quiet storm","R&B, Pop, Blues","Diana & Marvin (Expanded Edition)",1973-10-26,55,2,0,75,0,0,-10,F minor,4,5NHCV1l6v3fqgky78FnO05,"UNI/MOTOWN",USMO10001123,no
205,"Hollow","Cö shu Nie",82,2B,83,2026-08-08,03:34,38,"anime, j-rock, j-pop","Pop, Rock","Hollow",2026-02-04,47,0,0,70,10,20,-2,F#/G♭,4,3ywfR2tUoo1We4dgnVXEmz,"RVRNC",JPR502600206,no
206,"No One's Gonna Be A Fool Forever","Diana Ross",135,6B,54,2026-08-08,03:34,7,"motown, disco","Pop, R&B","Last Time I Saw Him",1973-12-06,49,65,4,61,0,20,-10,A#/B♭,4,7e95cBrRnH5qKHQW1z3LcL,"UNI/MOTOWN",USMO10200994,no
207,"Love Me","Diana Ross",117,12B,53,2026-08-08,02:57,14,"motown, disco","Pop, R&B","Last Time I Saw Him",1973-12-06,55,60,0,55,0,20,-10,E,4,3DWNtFm8urREgy5pDpLG7Q,"UNI/MOTOWN",USMO10200992,no
208,"When Will I Come Home To You","Diana Ross",132,8A,49,2026-08-08,03:14,6,"motown, disco","Pop, R&B","Last Time I Saw Him",1973-12-06,47,48,0,35,0,20,-9,A minor,4,3MGngDXx0L3TlM4A0CQHMO,"UNI/MOTOWN",USUM70737364,no
209,"I Heard A Love Song (But You Never Made A Sound)","Diana Ross",94,7B,84,2026-08-08,02:33,6,"motown, disco","Pop, R&B","Last Time I Saw Him",1973-12-06,61,6,0,72,0,10,-8,F,4,3AfYif7OiPDQB3GnEqbUeZ,"UNI/MOTOWN",USUM70737366,no
210,"Stone Liberty","Diana Ross",144,4B,57,2026-08-08,03:00,6,"motown, disco","Pop, R&B","Last Time I Saw Him",1973-12-06,63,32,0,34,0,20,-10,G#/A♭,4,2j5qG2DahPcyyb9GPqlXmf,"UNI/MOTOWN",USUM70737368,no
211,"No One's Gonna Be A Fool Forever - Stereo Mixdown of Japanese Quad Mix","Diana Ross",136,6A,48,2026-08-08,03:34,1,"motown, disco","Pop, R&B","Last Time I Saw Him (Deluxe Edition)",1973-12-06,54,69,0,47,0,20,-8,G minor,4,7ljkLFApcxGslGEC1CbbU6,"UNI/MOTOWN",USUM70737351,no
212,"You - Stereo Mixdown of Japanese Quad Mix","Diana Ross",106,3B,42,2026-08-08,04:26,1,"motown, disco","Pop, R&B","Last Time I Saw Him (Deluxe Edition)",1973-12-06,33,81,0,37,0,30,-10,C♯/D♭,3,10SXaFOnnq4EGGrhomDOjh,"UNI/MOTOWN",USUM70737360,no
213,"When Will I Come Home To You - Stereo Mixdown of Japanese Quad Mix","Diana Ross",133,9B,49,2026-08-08,03:13,1,"motown, disco","Pop, R&B","Last Time I Saw Him (Deluxe Edition)",1973-12-06,44,47,0,29,0,30,-7,G,4,65I3Ljiyq8IicUFdDSjzNR,"UNI/MOTOWN",USUM70737365,no
214,"I Heard A Love Song (But You Never Made A Sound) - Stereo Mixdown of Japanese Quad Mix","Diana Ross",94,7B,84,2026-08-08,02:36,1,"motown, disco","Pop, R&B","Last Time I Saw Him (Deluxe Edition)",1973-12-06,62,55,0,74,0,20,-7,F,4,2gXixIU6fgv8sKNhPpT0ZO,"UNI/MOTOWN",USUM70737367,no
215,"Behind Closed Doors - Stereo Mixdown of Japanese Quad Mix","Diana Ross",115,3B,43,2026-08-08,02:49,2,"motown, disco","Pop, R&B","Last Time I Saw Him (Deluxe Edition)",1973-12-06,62,72,0,82,0,10,-10,C♯/D♭,4,7KmPAX4W11gs2VLbAYnBWT,"UNI/MOTOWN",USUM70737370,no
216,"I'll Be Here (When You Get Home)","Diana Ross",142,5A,60,2026-08-08,03:50,1,"motown, disco","Pop, R&B","Last Time I Saw Him (Deluxe Edition)",1973-12-06,59,16,0,77,0,40,-8,C minor,4,3bdhf7n0RXa9rqRqy8N0H9,"UNI/MOTOWN",USUM70737379,no
217,"Old Funky Rolls - Alternate","Diana Ross",137,2B,68,2026-08-08,03:47,2,"motown, disco","Pop, R&B","Last Time I Saw Him (Deluxe Edition)",1973-12-06,56,26,0,62,10,40,-8,F#/G♭,4,62SNgEmY6ilu7MikD9EZ9J,"UNI/MOTOWN",USUM70737378,no
218,"Let Me Be The One","Diana Ross",90,4A,64,2026-08-08,02:27,4,"motown, disco","Pop, R&B","Last Time I Saw Him (Deluxe Edition)",1973-12-06,45,17,0,72,0,0,-8,F minor,4,2v6XECH9TE4eIFLsFjkioJ,"UNI/MOTOWN",USUM70737377,no
219,"She Knows Too Much","Thundercat, Mac Miller",104,3B,79,2026-08-08,03:33,62,"afrofuturism, indie soul, hip hop, pittsburgh rap, rap","Hip Hop, R&B","She Knows Too Much",2026-02-17,90,24,0,97,0,0,-4,C♯/D♭,4,7c5JxJWGMJqG0IYABA04WS,"Brainfeeder",GBCFB2500644,yes
220,"More...","Sawano Hiroyuki",124,8A,6,2026-08-08,02:32,18,"anime, soundtrack","Pop, Classical, Easy Listening","MOBILE SUIT GUNDAM UNICORN Original Motion Picture Soundtrack 2",2012-05-08,19,92,93,8,0,0,-23,A minor,4,79Q7dJaT9rowKrds9DpalM,"SUNRISE Music Label",JPP301101503,no
221,"ScienceZero ＜Piano Arrange＞","Sawano Hiroyuki",72,7B,4,2026-08-08,03:53,7,"anime, soundtrack","Pop, Classical, Easy Listening","澤野弘之　NHK WORKS",2013-02-27,42,99,95,17,0,0,-25,F,4,1HtLN28OPV6wZlyBgunMXA,"NHK Pulishing, Inc. / SUZAK MUSIK LTD.",JPS001300087,no
222,"I Thought It Took A Little Time (But Today I Fell In Love)","Diana Ross",132,2B,47,2026-08-08,03:21,25,"motown, disco","Pop, R&B","Diana Ross",1976-02-10,40,60,0,51,0,50,-14,F#/G♭,4,3otKLCj4HlHBstoh4l7a0w,"Motown",USMO17682864,no
223,"Kiss Me Now","Diana Ross",146,3B,45,2026-08-08,02:42,15,"motown, disco","Pop, R&B","Diana Ross",1976-02-10,62,75,0,84,0,10,-15,C♯/D♭,4,6EZY7fVoFyLmq2kTcSeJNo,"Motown",USMO10500211,no
224,"Ain't Nothin' But A Maybe","Diana Ross",151,9B,61,2026-08-08,03:25,14,"motown, disco","Pop, R&B","Diana Ross",1976-02-10,48,40,0,73,0,60,-14,G,4,2I1cvKoPKoynWRP9Lsolr1,"Motown",USMO10500214,no
225,"After You","Diana Ross",129,8B,36,2026-08-08,04:08,15,"motown, disco","Pop, R&B","Diana Ross",1976-02-10,40,76,0,31,0,0,-15,C,4,7pqwBEKBNWpCuZvnZVyBYm,"Motown",USMO10200990,no
226,"Sorry Doesn't Always Make It Right - Single Version","Diana Ross",140,3B,50,2026-08-08,03:33,15,"motown, disco","Pop, R&B","Diana Ross (Expanded Edition)",1976-02-10,32,81,0,45,0,10,-8,C♯/D♭,4,1Tva8dYmcIQSC02zN74Fl7,"UNI/MOTOWN",USMO17584683,no
227,"Together - Single Version","Diana Ross",119,9A,71,2026-08-08,03:17,8,"motown, disco","Pop, R&B","Diana Ross (Expanded Edition)",1976-02-10,56,66,0,63,0,20,-5,E minor,4,11QDeHhfYqqjtVlyNPvWI6,"UNI/MOTOWN",USMO10200997,no
228,"I Thought It Took A Little Time (But Today I Fell In Love) - Single Version","Diana Ross",133,12A,68,2026-08-08,03:21,9,"motown, disco","Pop, R&B","Diana Ross (Expanded Edition)",1976-02-10,33,65,0,31,0,0,-8,C♯/D♭ minor,4,3Y7fQTJaBliOwQ0s6VPLAb,"UNI/MOTOWN",USUM71200561,no
229,"One Love In My Lifetime - Single Version","Diana Ross",91,9B,78,2026-08-08,04:03,10,"motown, disco","Pop, R&B","Diana Ross (Expanded Edition)",1976-02-10,61,41,0,86,0,10,-8,G,4,4geVJK1BDBtxQnPllgC3LO,"UNI/MOTOWN",USMO10110259,no
230,"This Christmas - Alternate Version","Diana Ross",94,10B,48,2026-08-08,04:10,14,"motown, disco","Pop, R&B","Diana Ross (Expanded Edition)",1976-02-10,61,39,0,40,0,10,-9,D,4,6cMnUi4bQN6lbUOVKd7Bve,"UNI/MOTOWN",USUM71200565,no
231,"Coming Home","Diana Ross",146,8B,83,2026-08-08,01:44,9,"motown, disco","Pop, R&B","Diana Ross (Expanded Edition)",1976-02-10,64,8,0,88,0,0,-7,C,4,0o2fT3eNeSyjt5gsZB9yv9,"UNI/MOTOWN",USUM71200567,no
232,"Theme From Mahogany (Do You Know Where You're Going To) - Alternate Version #1","Diana Ross",140,5A,39,2026-08-08,03:26,10,"motown, disco","Pop, R&B","Diana Ross (Expanded Edition)",1976-02-10,31,39,0,38,0,10,-10,C minor,4,2SJ7XRzYhYGwmECwfXhq64,"UNI/MOTOWN",USUM71200568,no
233,"You're Good My Child - Alternate Version","Diana Ross",94,4B,75,2026-08-08,04:36,4,"motown, disco","Pop, R&B","Diana Ross (Expanded Edition)",1976-02-10,57,2,1,61,0,0,-6,G#/A♭,4,2MW1OcKLUGqbzBhUcBZ7dC,"UNI/MOTOWN",USUM71200572,no
234,"One Love In My Lifetime - Alternate Version","Diana Ross",91,9B,83,2026-08-08,04:40,5,"motown, disco","Pop, R&B","Diana Ross (Expanded Edition)",1976-02-10,64,6,0,89,0,10,-6,G,4,2bl8n6JkBkWFvpTUyXZUJm,"UNI/MOTOWN",USUM71200573,no
235,"Ain't Nothin' But A Maybe - Alternate Version","Diana Ross",152,9B,78,2026-08-08,04:00,4,"motown, disco","Pop, R&B","Diana Ross (Expanded Edition)",1976-02-10,51,27,0,87,0,10,-7,G,4,4KUJOySTZZSw4rf9ToU2qu,"UNI/MOTOWN",USUM71200574,no
236,"After You - Alternate Version","Diana Ross",128,8B,55,2026-08-08,05:00,4,"motown, disco","Pop, R&B","Diana Ross (Expanded Edition)",1976-02-10,38,28,0,28,0,0,-8,C,4,2dNJKLkTceV91AYIhwPmRO,"UNI/MOTOWN",USUM71200575,no
237,"Together - Alternate Version","Diana Ross",119,9B,82,2026-08-08,04:19,3,"motown, disco","Pop, R&B","Diana Ross (Expanded Edition)",1976-02-10,62,41,0,39,0,0,-6,G,4,51YISQhLTbuMNieBqRZyGO,"UNI/MOTOWN",USUM71200577,no
238,"Theme From Mahogany (Do You Know Where You're Going To) - Alternate Version #2","Diana Ross",141,8B,44,2026-08-08,04:05,10,"motown, disco","Pop, R&B","Diana Ross (Expanded Edition)",1976-02-10,33,47,0,30,0,0,-11,C,4,1xc01VdMJLgpfvlzGNGMeY,"UNI/MOTOWN",USUM71200578,no
239,"Harmony","Diana Ross",74,4B,57,2026-08-08,03:45,5,"motown, disco","Pop, R&B","Diana Ross (Expanded Edition)",1976-02-10,52,52,0,61,0,10,-7,G#/A♭,4,6nxauU97Cy3uCYaauQuYso,"UNI/MOTOWN",USUM71200579,no
240,"Le Lo Li","Diana Ross",127,8B,75,2026-08-08,03:26,3,"motown, disco","Pop, R&B","Diana Ross (Expanded Edition)",1976-02-10,69,61,0,82,0,10,-9,C,4,7FgPzgrZrD0abY9pEIsDrC,"UNI/MOTOWN",USUM71200580,no
241,"Waiting on a Train","Matchbox Twenty",153,8B,81,2026-08-08,02:59,37,"post-grunge","","The North B-Sides",2026-02-27,54,1,0,78,0,30,-5,C,4,7sCC4VFV6ecppOrwHr7HIB,"Rhino Atlantic",USAT21202949,no
242,"Help Me Through This","Matchbox Twenty",148,11B,90,2026-08-08,03:33,36,"post-grunge","","The North B-Sides",2026-02-27,53,15,0,54,0,0,-5,A,4,0aUVE1ZNpfpAHSgf53MSPH,"Rhino Atlantic",USAT21202966,no
243,"Straight for This Life","Matchbox Twenty",74,10B,28,2026-08-08,03:15,34,"post-grunge","","The North B-Sides",2026-02-27,63,87,0,25,0,10,-9,D,5,6lGm5WRy4f6HU0tfHbgFgv,"Rhino Atlantic",USAT21202948,no
244,"Don't Get Me Wrong - Acoustic","Matchbox Twenty",140,10B,38,2026-08-08,02:55,26,"post-grunge","","Don't Get Me Wrong (Acoustic)",2023-11-22,73,37,0,91,0,10,-8,D,4,1X2TfgxMRVvdVXgXQpegJa,"Atlantic Records",USAT22313075,no
245,"Cha Cha Cha","Bruno Mars",125,5A,71,2026-08-08,03:56,84,"dance pop, pop","Electronic, Pop","The Romantic",2026-02-27,79,25,0,88,0,0,-7,C minor,4,6QletrrmpkUpeJkipX9pgf,"Atlantic Records",USAT22509143,no
246,"On My Soul","Bruno Mars",130,3B,86,2026-08-08,02:54,80,"dance pop, pop","Electronic, Pop","The Romantic",2026-02-27,69,19,0,97,0,10,-6,C♯/D♭,4,4i4BVY2JiH4mDSLIBdNGKD,"Atlantic Records",USAT22509147,no
247,"You Got It","Diana Ross",119,1B,44,2026-08-08,03:55,12,"motown, disco","Pop, R&B","Baby It's Me",1977-09-16,72,51,0,61,0,0,-14,B,4,5HfMfjdJoAB1x1R2fbsAf7,"UNI/MOTOWN",USMO10400734,no
248,"Baby It's Me","Diana Ross",91,8A,54,2026-08-08,03:14,16,"motown, disco","Pop, R&B","Baby It's Me",1977-09-16,79,15,0,82,20,10,-14,A minor,4,4UT9f4XHH0CVkbzWOsNbQc,"UNI/MOTOWN",USUM71301995,no
249,"Your Love Is So Good For Me","Diana Ross",114,3B,71,2026-08-08,04:13,12,"motown, disco","Pop, R&B","Baby It's Me",1977-09-16,83,1,12,87,0,0,-14,C♯/D♭,4,1KUck4lHzAqPbCNZ4rOt88,"UNI/MOTOWN",USUM71302010,no
250,"Top Of The World","Diana Ross",113,3A,64,2026-08-08,03:06,15,"motown, disco","Pop, R&B","Baby It's Me",1977-09-16,82,23,0,90,0,0,-13,A#/B♭ minor,4,1HJPKHBTeKy63koYRyesEq,"UNI/MOTOWN",USMO10300449,no
251,"All Night Lover","Diana Ross",132,7B,57,2026-08-08,03:33,10,"motown, disco","Pop, R&B","Baby It's Me",1977-09-16,64,62,0,55,0,0,-12,F,4,4B7tPtEu4oTMhb2YjzC6J9,"UNI/MOTOWN",USMO10401126,no
252,"The Same Love That Made Me Laugh","Diana Ross",108,2B,42,2026-08-08,03:56,13,"motown, disco","Pop, R&B","Baby It's Me",1977-09-16,67,8,0,64,0,10,-15,F#/G♭,4,6z20KGPQPJy4vk8hLC3b9A,"UNI/MOTOWN",USUM71301996,no
253,"Come In From The Rain","Diana Ross",132,8B,28,2026-08-08,03:58,15,"motown, disco","Pop, R&B","Baby It's Me",1977-09-16,36,63,0,21,0,10,-13,C,4,4kMyicz3vp3ISFxs05b27W,"UNI/MOTOWN",USMO10000594,no
254,"Brass Band - 2014 Mix","Diana Ross",105,3B,88,2026-08-08,04:41,2,"motown, disco","Pop, R&B","Baby It's Me (Expanded Edition)",1977-09-16,66,0,0,91,0,0,-10,C♯/D♭,4,5PZQZGi1ELRHBgvxmHqE5x,"UNI/MOTOWN",USUM71416340,no
255,"Room Enough For Two - 2014 Mix","Diana Ross",88,6B,64,2026-08-08,02:49,2,"motown, disco","Pop, R&B","Baby It's Me (Expanded Edition)",1977-09-16,67,6,0,81,10,30,-8,A#/B♭,4,1S8hUnidGIZBdjYDmjbead,"UNI/MOTOWN",USUM71416342,no
256,"You Got It - 2014 Mix","Diana Ross",118,10A,62,2026-08-08,04:00,2,"motown, disco","Pop, R&B","Baby It's Me (Expanded Edition)",1977-09-16,66,52,0,59,0,20,-8,B minor,4,0ZTYXH2udZqvXdlsTXegma,"UNI/MOTOWN",USUM71416344,no
257,"Your Love Is So Good For Me - 2014 Mix","Diana Ross",112,3B,81,2026-08-08,05:57,2,"motown, disco","Pop, R&B","Baby It's Me (Expanded Edition)",1977-09-16,71,0,0,92,0,0,-8,C♯/D♭,4,5GPpHWEXeVGUMAJwmRYUGy,"UNI/MOTOWN",USUM71416346,no
258,"Top Of The World - 2014 Mix","Diana Ross",112,3B,61,2026-08-08,04:38,5,"motown, disco","Pop, R&B","Baby It's Me (Expanded Edition)",1977-09-16,77,9,0,94,0,10,-8,C♯/D♭,4,4Vvv4aeVCyrN61PJEfvGvx,"UNI/MOTOWN",USUM71416347,no
259,"What You Gave Me","Diana Ross",134,8B,79,2026-08-08,04:57,14,"motown, disco","Pop, R&B","Ross",1978-09-03,77,2,0,97,0,10,-10,C,4,68RVPGqJD73sD3Uw0EaqO6,"UNI/MOTOWN",USUM71310112,no
260,"You Were The One","Diana Ross",95,5A,82,2026-08-08,04:03,12,"motown, disco","Pop, R&B","Ross",1978-09-03,65,3,0,78,0,10,-7,C minor,4,6vCnVX8jxqw6wIEWRZbtqY,"UNI/MOTOWN",USMO10300454,no
261,"Sorry Doesn't Always Make It Right","Diana Ross",142,3B,43,2026-08-08,03:28,13,"motown, disco","Pop, R&B","Ross",1978-09-03,38,57,0,38,0,10,-10,C♯/D♭,4,2Zed8Vt7GXxBgaUsOFcQmv,"UNI/MOTOWN",USMO17584683,no
262,"No One Gets The Prize","Diana Ross",118,8B,68,2026-08-08,04:40,18,"motown, disco","Pop, R&B","The Boss",1979-05-23,71,5,2,69,0,20,-9,C,4,0Nd2K4aNa6nPTaiup6DD8l,"UNI/MOTOWN",USMO17984675,no
263,"Once In The Morning","Diana Ross",119,8B,78,2026-08-08,04:51,13,"motown, disco","Pop, R&B","The Boss",1979-05-23,69,9,0,94,0,10,-9,C,4,5hgeAHiAhiommwWC3r855P,"UNI/MOTOWN",USMO17984679,no
264,"It's My House","Diana Ross",100,7B,59,2026-08-08,04:31,24,"motown, disco","Pop, R&B","The Boss",1979-05-23,77,10,0,90,0,0,-9,F,4,7nOeJY7MxkHNN9lFFFKcNM,"UNI/MOTOWN",USMO17984680,no
265,"Sparkle","Diana Ross",139,8B,63,2026-08-08,05:20,10,"motown, disco","Pop, R&B","The Boss",1979-05-23,47,56,2,61,0,10,-8,C,4,6jSs8B2FvVpYSawhaZ8Ccu,"UNI/MOTOWN",USMO17984681,no
266,"It's My House - 12  Remix","Diana Ross, Jimmy Simpson",100,7B,63,2026-08-08,06:07,44,"motown, disco, post-disco","Pop, R&B","The Boss (Expanded Edition)",1979-05-23,80,36,0,82,0,10,-8,F,4,4IHuMACnW8IMUUVPss9rou,"Motown",USMO17984685,no
267,"Friend To Friend","Diana Ross",87,6A,28,2026-08-08,03:19,23,"motown, disco","Pop, R&B","Diana",1980-05-22,44,66,0,19,0,10,-15,G minor,3,0t6JuuS8ZFUK1lXInWQpWo,"UNI/MOTOWN",USMO18084668,no
268,"Have Fun (Again)","Diana Ross",125,8A,65,2026-08-08,05:57,24,"motown, disco","Pop, R&B","Diana",1980-05-22,91,18,0,71,0,10,-10,A minor,4,0kWi34uWqDFm5MjbTbIEpM,"UNI/MOTOWN",USMO18084669,no
269,"Now That You're Gone","Diana Ross",153,7B,76,2026-08-08,03:59,24,"motown, disco","Pop, R&B","Diana",1980-05-22,73,56,3,80,0,0,-10,F,4,3AFCuyWTno6i7EjhYXf5a3,"UNI/MOTOWN",USMO18084670,no
270,"Have Fun Again - Original CHIC Mix","Diana Ross",124,8A,57,2026-08-08,07:07,23,"motown, disco","Pop, R&B","Diana",1980-05-22,85,30,0,80,0,20,-7,A minor,4,2PyDe7AVt0SO9JgJIN69CR,"UNI/MOTOWN",USMO10300439,no
271,"My Old Piano - Original CHIC Mix","Diana Ross",116,7A,80,2026-08-08,04:50,26,"motown, disco","Pop, R&B","Diana",1980-05-22,65,37,0,94,0,30,-8,D minor,4,4xaFXO9JqJXQCAyc2gdDFn,"UNI/MOTOWN",USMO10300444,no
272,"Love Hangover - Extended Alternate Version","Diana Ross",111,3B,77,2026-08-08,10:23,29,"motown, disco","Pop, R&B","Diana",1980-05-22,37,36,0,80,10,20,-8,C♯/D♭,4,39QLdxEZdfg78qXKbQS9Nx,"UNI/MOTOWN",USMO10300442,no
273,"What You Gave Me - 12  Version","Diana Ross",134,8B,95,2026-08-08,06:05,16,"motown, disco","Pop, R&B","Diana",1980-05-22,74,14,0,96,0,10,-7,C,4,0imJYAxpud1PfCf6Z3KbjR,"UNI/MOTOWN",USMO10300452,no
274,"Fire Don't Burn","Diana Ross",117,3A,80,2026-08-08,03:23,13,"motown, disco","Pop, R&B","Diana",1980-05-22,72,27,0,92,0,10,-7,A#/B♭ minor,4,20vqGo2lVx8Fvu3WyvEMOs,"UNI/MOTOWN",USMO10300436,no
275,"We Can Never Light That Old Flame Again - Alternative Mix","Diana Ross",116,7B,93,2026-08-08,04:36,13,"motown, disco","Pop, R&B","Diana",1980-05-22,66,26,0,71,0,30,-4,F,4,6rwGEToUm4LhsI6TgQzOud,"UNI/MOTOWN",USMO10300451,no
276,"Sweet Summertime Livin'","Diana Ross",119,11A,93,2026-08-08,04:25,17,"motown, disco","Pop, R&B","Diana",1980-05-22,65,11,0,64,10,0,-5,F#/G♭ minor,4,0y9YauthBMacRx0F2eRABW,"UNI/MOTOWN",USMO10300447,no
277,"Last Vampire","Sawano Hiroyuki",67,10A,38,2026-08-08,01:36,0,"anime, soundtrack","Pop, Classical, Easy Listening","映画「彼岸島」オリジナル・サウンドトラック",2010-01-06,23,28,97,4,0,10,-11,B minor,4,5C5ByVyCbLPfdTBlYDPX3J,"EMI MUSIC JAPAN INC.",JPTO00902794,no
278,"It's My Turn","Diana Ross",76,4B,45,2026-08-08,03:56,50,"motown, disco","Pop, R&B","To Love Again",1981-02-17,32,41,0,36,0,20,-10,G#/A♭,4,0Hb2lKzzpKK4VxwER1fF25,"UNI/MOTOWN",USMO10000425,no
279,"Stay With Me","Diana Ross",135,1B,47,2026-08-08,03:42,17,"motown, disco","Pop, R&B","To Love Again",1981-02-17,32,29,0,30,0,20,-11,B,4,2Enbgt7vxy2vbfcL5js1JO,"UNI/MOTOWN",USMO10110263,no
280,"Dreaming Of You - Soundtrack Version","Diana Ross, Lionel Richie",109,12B,73,2026-08-08,04:32,14,"motown, disco","Pop, R&B","To Love Again (Expanded Edition)",1981-02-17,70,25,0,82,0,10,-9,E,4,5Kx6yDEPOVbYwAmSqGgXLN,"UNI/MOTOWN",USMR18186820,no
281,"Why Do Fools Fall in Love","Diana Ross",80,12B,62,2026-08-08,02:55,41,"motown, disco","Pop, R&B","Why Do Fools Fall in Love",1981-09-14,67,52,0,96,0,60,-12,E,4,6REkCR0S8inDFLPc21ucEg,"Parlophone UK",GBAYE8100089,no
282,"It's Never Too Late","Diana Ross",129,10B,70,2026-08-08,03:20,12,"motown, disco","Pop, R&B","Why Do Fools Fall in Love",1981-09-14,78,9,0,90,0,30,-14,D,4,4Qd6DMzQf5Ok3vHVIwqQw9,"Parlophone UK",GBAYE8100346,no
283,"Think I'm in Love","Diana Ross",156,4B,49,2026-08-08,04:16,9,"motown, disco","Pop, R&B","Why Do Fools Fall in Love",1981-09-14,56,74,0,75,0,30,-16,G#/A♭,4,0nsLN1BJL3OIJrRvg1OER7,"Parlophone UK",GBAYE8100092,no
284,"Sweet Nothin's","Diana Ross",121,9B,46,2026-08-08,03:01,8,"motown, disco","Pop, R&B","Why Do Fools Fall in Love",1981-09-14,82,48,1,94,0,30,-15,G,4,3CF5krFWKmrlCY4tHuNojb,"Parlophone UK",GBAYE8100093,no
285,"Two Can Make It","Diana Ross",202,8B,36,2026-08-08,03:25,8,"motown, disco","Pop, R&B","Why Do Fools Fall in Love",1981-09-14,60,42,0,84,0,10,-15,C,4,2eRbzL7GMmGLmWppCyCa4b,"Parlophone UK",GBAYE8100347,no
286,"Who","Diana Ross",122,11B,71,2026-08-08,03:39,13,"motown, disco","Pop, R&B","Silk Electric",1982-09-01,76,2,3,85,0,0,-12,A,4,4SHJXCzJw4Q4MHxJfGQyY2,"Parlophone UK",GBAYE8200257,no
287,"I Am Me","Diana Ross",77,7B,46,2026-08-08,03:51,7,"motown, disco","Pop, R&B","Silk Electric",1982-09-01,67,32,0,92,0,0,-13,F,4,5JXL7aCIHR4nTrjQ3q8A9a,"Parlophone UK",GBAYE8200100,no
288,"That's How You Start Over","Diana Ross",127,3B,80,2026-08-08,04:14,20,"motown, disco","Pop, R&B","Ross (Expanded)",1983-06-09,79,30,0,93,0,0,-7,C♯/D♭,4,324cAI5JdUj7k542bhu5xe,"Warner Music Group - X5 Music Group",GBAYE1900736,no
289,"You Do It","Diana Ross",103,5B,63,2026-08-08,04:34,8,"motown, disco","Pop, R&B","Ross (Expanded)",1983-06-09,78,34,2,96,0,10,-9,D#/E♭,4,1T8LvbmpfbuNJ370OWaovN,"Warner Music Group - X5 Music Group",GBAYE1900738,no
290,"Love or Loneliness","Diana Ross",86,11B,54,2026-08-08,04:20,5,"motown, disco","Pop, R&B","Ross (Expanded)",1983-06-09,73,44,0,87,0,10,-9,A,4,58ixq4jdkSbZpX8EQdJ44b,"Warner Music Group - X5 Music Group",GBAYE1900741,no
291,"Up Front","Diana Ross",127,8A,85,2026-08-08,04:02,6,"motown, disco","Pop, R&B","Ross (Expanded)",1983-06-09,85,26,1,97,0,20,-6,A minor,4,217L3bmLwz7aU2Fq60NZCb,"Warner Music Group - X5 Music Group",GBAYE1900742,no
292,"Up Front - Special Club Mix","Diana Ross",128,8A,85,2026-08-08,07:02,2,"motown, disco","Pop, R&B","Ross (Expanded)",1983-06-09,85,16,20,96,0,10,-8,A minor,4,4aLnvfFhsaxaTbVx5PRNQO,"Warner Music Group - X5 Music Group",GBAYE1900748,no
293,"Up Front - 12  Mix","Diana Ross",128,8A,81,2026-08-08,05:46,2,"motown, disco","Pop, R&B","Ross (Expanded)",1983-06-09,85,16,21,96,0,0,-6,A minor,4,5Xo2prmSQdhdI4ZpiZF25e,"Warner Music Group - X5 Music Group",GBAYE1900749,no
294,"Let's Go up - 7  Mix","Diana Ross",139,3A,70,2026-08-08,03:14,3,"motown, disco","Pop, R&B","Ross (Expanded)",1983-06-09,73,48,0,56,0,10,-7,A#/B♭ minor,4,1kjRmijk4jqjA2ANHpTBRf,"Warner Music Group - X5 Music Group",GBAYE1900751,no
295,"Tanha تنها","Ghezaal Enayat",81,8A,56,2026-08-08,04:44,6,"afghan pop","Pop, Traditional Music","Tanha تنها",2026-04-03,37,60,0,25,0,10,-5,A minor,3,5BI7HH3m5dxIEeMrpQyqac,"Independent",GXJBW2603475,no
296,"TAKE MY HEART (feat. Post Malone)","Swae Lee, Post Malone",84,3A,64,2026-08-08,03:41,64,"melodic rap, rap, trap, dfw rap, pop","Hip Hop, Pop","SAME DIFFERENCE",2026-04-03,57,19,0,5,0,10,-5,A#/B♭ minor,4,5PLyTVY0zbqbJ2xiuxnpZ0,"Eardruma Records/Interscope Records",USUM72601030,yes
297,"Missing You","Diana Ross",87,9A,25,2026-08-08,04:20,48,"motown, disco","Pop, R&B","Swept Away",1984-09-13,68,57,0,23,0,0,-18,E minor,4,1HuRBDVbTUnhDxOSNOgEO5,"Parlophone UK",GBAYE8400116,no
298,"Rescue Me","Diana Ross",125,10B,65,2026-08-08,02:42,13,"motown, disco","Pop, R&B","Swept Away",1984-09-13,85,14,0,97,0,10,-13,D,4,2WONa5cNsp8mMJdns2QtOu,"Parlophone UK",GBAYE8400300,no
299,"Swept Away","Diana Ross",120,4B,90,2026-08-08,05:25,35,"motown, disco","Pop, R&B","Swept Away",1984-09-13,71,2,19,88,0,50,-12,G#/A♭,4,6uPA79mjYERxMJiQOS4sgQ,"Parlophone UK",GBAYE8400298,no
300,"All of You","Diana Ross",172,3A,44,2026-08-08,04:03,23,"motown, disco","Pop, R&B","Swept Away",1984-09-13,32,55,0,57,0,20,-13,A#/B♭ minor,4,7gyIUZfmQBnlzREIWPlh2h,"Parlophone UK",GBAYE8400299,no
301,"Oh Teacher","Diana Ross",153,3A,68,2026-08-08,03:39,15,"motown, disco","Pop, R&B","Eaten Alive",1985-09-24,77,45,0,93,0,20,-14,A#/B♭ minor,4,2jMWAHugqc7ffQ8bgiYLxp,"Parlophone UK",GBAYE8500234,no
302,"More and More","Diana Ross",72,3B,8,2026-08-08,03:07,13,"motown, disco","Pop, R&B","Eaten Alive",1985-09-24,41,90,0,14,0,0,-24,C♯/D♭,3,67MWVtegimyZ6xOD49ouGA,"Parlophone UK",GBAYE8500235,no
303,"(I Love) Being in Love with You","Diana Ross",135,8B,35,2026-08-08,04:34,16,"motown, disco","Pop, R&B","Eaten Alive",1985-09-24,68,6,0,52,0,10,-16,C,4,1glUrV6F76wB6lg0G0dWUJ,"Parlophone UK",GBAYE8500117,no
304,"Dirty Looks","Diana Ross",109,3B,67,2026-08-08,03:21,9,"motown, disco","Pop, R&B","Red Hot Rhythm and Blues",1987-05-01,78,16,0,80,0,20,-14,C♯/D♭,4,6rK126W2LrGLVoXq8ZO58c,"Parlophone UK",GBAYE8700331,no
305,"Mr. Lee","Diana Ross",105,7B,62,2026-08-08,03:07,5,"motown, disco","Pop, R&B","Red Hot Rhythm and Blues",1987-05-01,69,43,0,92,0,20,-14,F,4,1gz8XhUwFoThTEVNivz5ZM,"Parlophone UK",GBAYE8700336,no
306,"There Goes My Baby","Diana Ross",140,1A,36,2026-08-08,03:05,5,"motown, disco","Pop, R&B","Red Hot Rhythm and Blues",1987-05-01,51,69,0,74,0,20,-16,G#/A♭ minor,4,7kwSgY1YvfczdkHxXWlNZU,"Parlophone UK",GBAYE8700338,no
307,"Tell Me Again","Diana Ross",140,4B,31,2026-08-08,03:13,8,"motown, disco","Pop, R&B","Red Hot Rhythm and Blues",1987-05-01,43,16,0,32,0,30,-16,G#/A♭,4,0HgNJnHRX73g7y2avDiWWa,"Parlophone UK",GBAYE8700342,no
308,"Say We Can","Diana Ross",108,1A,59,2026-08-08,04:21,4,"motown, disco","Pop, R&B","Workin' Overtime",1989-06-06,81,19,0,85,0,20,-12,G#/A♭ minor,4,6E4QmTeiaOb3cCLMaFcWNQ,"Parlophone UK",GBAYE8900303,no
309,"Bottom Line","Diana Ross",103,8B,69,2026-08-08,04:05,4,"motown, disco","Pop, R&B","Workin' Overtime",1989-06-06,80,26,0,82,0,10,-11,C,4,1GoBa6eql5UlZEKDZV53pM,"Parlophone UK",GBAYE8900305,no
310,"Paradise","Diana Ross",117,6B,64,2026-08-08,03:54,8,"motown, disco","Pop, R&B","Workin' Overtime",1989-06-06,76,3,0,86,0,0,-12,A#/B♭,4,485Ze16APQglyYrxT62vod,"Parlophone UK",GBAYE8900108,no
311,"What Can One Person Do","Diana Ross",106,8A,64,2026-08-08,03:17,4,"motown, disco","Pop, R&B","Workin' Overtime",1989-06-06,76,19,0,86,0,0,-14,A minor,4,4nSHVGEtNI1JTAZGPfyu3I,"Parlophone UK",GBAYE8900308,no
312,"We Stand Together","Diana Ross",166,10B,48,2026-08-08,05:07,5,"motown, disco","Pop, R&B","Workin' Overtime",1989-06-06,71,34,0,70,0,30,-14,D,3,5X4NskduZMVTjsBKX0TAiF,"Parlophone UK",GBAYE8900330,no
313,"大人","物語シリーズ",96,11B,41,2026-08-08,02:49,19,"anime, j-pop","Pop","Nisemonogatari Gekihanongakushu (Original Soundtrack)",2018-11-02,66,95,90,49,0,10,-12,A,4,2BT5iO1Z6fJ2EXLiIqMqz0,"Aniplex Inc.",JPE301201208,no
314,"The Battle","Sawano Hiroyuki",83,3A,71,2026-08-08,04:51,19,"anime, soundtrack","Pop, Classical, Easy Listening","MOBILE SUIT GUNDAM UNICORN Original Motion Picture Soundtrack 2",2012-05-08,25,10,88,18,20,0,-13,A#/B♭ minor,3,1PUzB7bg7757VGkk3QHZrM,"SUNRISE Music Label",JPP301101505,no
315,"Change of Heart","Diana Ross",120,6A,46,2026-08-08,04:03,13,"motown, disco","Pop, R&B","The Force Behind the Power",1991-09-01,75,2,0,63,0,0,-12,G minor,4,1H3ZXkSb528VQYPKNzdWqa,"Parlophone UK",GBAYE9100108,no
316,"Battlefield","Diana Ross",170,9B,65,2026-08-08,03:35,15,"motown, disco","Pop, R&B","The Force Behind the Power",1991-09-01,59,25,0,51,0,10,-9,G,4,497UBbEUSPG01p1ZMImXu9,"Parlophone UK",GBAYE9100419,no
317,"You're Gonna Love It","Diana Ross",106,2A,87,2026-08-08,05:09,9,"motown, disco","Pop, R&B","The Force Behind the Power",1991-09-01,68,0,2,83,0,10,-10,D#/E♭ minor,4,543MRp3ISNiF8SmGIUCNEZ,"Parlophone UK",GBAYE9100424,no
318,"Heavy Weather","Diana Ross",80,6B,63,2026-08-08,05:00,9,"motown, disco","Pop, R&B","The Force Behind the Power",1991-09-01,60,15,0,62,0,30,-12,A#/B♭,4,6m73G8khOQULT6Y65qBM7O,"Parlophone UK",GBAYE9100420,no
319,"You and I","Diana Ross",134,8B,31,2026-08-08,04:09,9,"motown, disco","Pop, R&B","The Force Behind the Power",1991-09-01,60,13,0,22,0,0,-16,C,4,1xbL8YjhRC8MebOUKOhHpY,"Parlophone UK",GBAYE9100109,no
320,"One Shining Moment","Diana Ross",91,8B,36,2026-08-08,04:48,38,"motown, disco","Pop, R&B","The Force Behind the Power",1991-09-01,76,7,0,64,0,10,-14,C,4,0DymozmFNzgQfe4rjK4d2I,"Parlophone UK",GBAYE9100211,no
321,"Upside Down - '93 Remix","Diana Ross, Matiz, 16 A.C.",110,3B,79,2026-08-08,04:58,22,"motown, disco, bolero","Pop, R&B","Upside Down Remix '93",1993-01-05,86,2,2,80,0,0,-12,C♯/D♭,4,3lkp90YU4nTH7DZWHj939p,"UNI/MOTOWN",USUM72217757,no
322,"It's the Most Wonderful Time of the Year","Eddie Pola, George Wyle, Diana Ross, Vjekoslav Sutej, Wiener Symphoniker, Gumpoldskirchner Spatzen",107,3B,36,2026-08-08,02:42,3,"motown, disco, christmas, villancicos, opera, orchestral","Pop, R&B, Classical","Christmas in Vienna",1993-10-05,42,86,0,58,10,80,-19,C♯/D♭,3,2JAmAc1hWGlyhod1DThVPY,"Sony Classical",USSM10102506,no
323,"Medley Christmas in Vienna: - Vocal","Adolphe Adam, Alfonso Maria De Liguori, George Frideric Handel, James Lord Pierpont, Phillips Brooks, Traditional, Lewis Redner, Lowell Mason, Henry Walford Davies, José Carreras, Plácido Domingo, Diana Ross, Vjekoslav Sutej, Wiener Symphoniker, Gumpoldskirchner Spatzen",70,9B,18,2026-08-08,13:45,3,"ballet, villancicos, baroque, opera, classical, choral, early music, christmas, bhajan, devotional, schlagerparty, schlager, hymns, catholic music, classical crossover, motown, disco, orchestral","Classical, Easy Listening, Pop, R&B","Christmas in Vienna",1993-10-05,19,98,1,14,0,90,-20,G,4,42jJ4tPZZ8h1hej8vPSf53,"Sony Classical",USSM10113114,no
324,"Love Hangover - Classic Mix","Diana Ross, Frankie Knuckles for Def Mix Productions",113,3B,69,2026-08-08,08:24,20,"motown, disco","Pop, R&B","Diana Extended: The Remixes",1994-04-11,51,2,2,55,10,0,-10,C♯/D♭,4,1iKS4blznxnTX9oAO64k5k,"Parlophone UK",GBAYE1400354,no
325,"Upside Down - Down Under Mix","Diana Ross, David Morales, Satoshi Tomiie for Def Mix Productions",119,4B,84,2026-08-08,08:06,26,"motown, disco, disco house, funky house","Electronic, Pop, R&B","Diana Extended: The Remixes",1994-04-11,80,0,6,36,0,0,-8,G#/A♭,4,24DsPYSuGJFIqlhdEYQzWW,"Parlophone UK",GBAYE1400355,no
326,"You're Gonna Love It - Groovy Radio Edit","Diana Ross, E-Smoove",116,4B,76,2026-08-08,04:24,4,"motown, disco, chicago house","Pop, R&B","Diana Extended: The Remixes",1994-04-11,74,0,54,83,0,0,-11,G#/A♭,4,29GRaLVlgpFPw4lDodpxUt,"Parlophone UK",GBAYE9100418,no
327,"Winter Wonderland","Diana Ross",118,8B,20,2026-08-08,03:22,3,"motown, disco","Pop, R&B","A Very Special Season",1994-11-14,39,76,0,35,0,20,-15,C,4,6PDWoWx4tD20H4VeVI3xBF,"Rhino",GBAYE9400270,no
328,"White Christmas","Diana Ross",115,6B,14,2026-08-08,03:20,2,"motown, disco","Pop, R&B","A Very Special Season",1994-11-14,23,91,6,9,0,10,-18,A#/B♭,4,2Vpo2B5yjZC6L3OS1IK9Co,"Rhino",GBAYE9400402,no
329,"Take Me Higher (T-Empo's Club Adventure)","Diana Ross, Adam Clough, Colin Thorpe, Tim Lennox",120,4B,90,2026-08-08,06:58,5,"motown, disco","Pop, R&B","Take Me Higher (Remixes)",1995-01-01,54,0,9,12,0,0,-12,G#/A♭,4,0YPaiOC1l68oNhiCakSUBq,"Parlophone Records Ltd, a Warner Music Group company",GBAYE9500586,no
330,"Take Me Higher","Diana Ross",120,2A,82,2026-08-08,04:20,43,"motown, disco","Pop, R&B","Take Me Higher",1995-09-05,67,0,0,78,0,0,-7,D#/E♭ minor,4,4u18PJ5mfp92U4IB7adXTt,"Parlophone UK",GBAYE9500370,no
331,"If You're Not Gonna Love Me Right","Diana Ross",95,9A,69,2026-08-08,04:41,18,"motown, disco","Pop, R&B","Take Me Higher",1995-09-05,68,19,1,80,0,10,-9,E minor,4,79KvaYgXqU6Wq6ggvKwuEc,"Parlophone UK",GBAYE9500553,no
332,"Keep It Right There","Diana Ross",84,8A,49,2026-08-08,04:33,9,"motown, disco","Pop, R&B","Take Me Higher",1995-09-05,58,9,1,68,0,0,-11,A minor,4,7pGD2zHbURwTs1ZjDAKkBw,"Parlophone UK",GBAYE9500555,no
333,"Voice of the Heart","Diana Ross",85,10A,63,2026-08-08,04:54,15,"motown, disco","Pop, R&B","Take Me Higher",1995-09-05,69,40,0,35,0,30,-8,B minor,4,3dEk609qa0OcSG1a3AOEpO,"Parlophone UK",GBAYE9400737,no
334,"Your Love","Diana Ross",134,7B,45,2026-08-08,04:02,25,"motown, disco","Pop, R&B","Voice of Love",1996-11-11,42,70,0,24,0,10,-9,F,4,6VDIQFJdiazMG9vSdzDPbx,"Parlophone UK",GBAYE9300225,no
335,"I Hear (The Voice of Love)","Diana Ross",119,2A,20,2026-08-08,04:32,7,"motown, disco","Pop, R&B","Voice of Love",1996-11-11,66,49,0,13,0,30,-15,D#/E♭ minor,4,1gvLBic3hLwRbyoy5KCi60,"Parlophone UK",GBAYE9600848,no
336,"Love Is All That Matters","Diana Ross",61,7B,49,2026-08-08,04:10,21,"motown, disco","Pop, R&B","Every Day Is a New Day",1999-05-04,53,25,0,8,0,10,-8,F,4,1lieKlQXApNKa5RqNGUpOa,"Parlophone UK",GBAYE9902258,no
337,"Got to Be Free","Diana Ross",92,11A,51,2026-08-08,04:16,9,"motown, disco","Pop, R&B","Every Day Is a New Day",1999-05-04,62,4,8,78,0,20,-8,F#/G♭ minor,4,2tMYMT9PLBKi9etrbFHLgM,"Parlophone UK",GBAYE9902260,no
338,"Not Over You Yet","Diana Ross",96,4A,54,2026-08-08,05:03,22,"motown, disco","Pop, R&B","Every Day Is a New Day",1999-05-04,86,12,2,79,0,0,-9,F minor,4,5GDe2QIFVTLxqsbAu6Pwhr,"Parlophone UK",GBAYE9902256,no
339,"So They Say","Diana Ross",142,3A,45,2026-08-08,05:12,8,"motown, disco","Pop, R&B","Every Day Is a New Day",1999-05-04,78,1,1,44,0,0,-6,A#/B♭ minor,4,3FRWivemHHIuvsay6Q0kpR,"Parlophone UK",GBAYE9902261,no
340,"Every Day Is a New Day","Diana Ross",76,2A,54,2026-08-08,05:55,11,"motown, disco","Pop, R&B","Every Day Is a New Day",1999-05-04,58,4,0,40,0,0,-8,D#/E♭ minor,4,23PdOvofxjMbldF4CJkqnL,"Parlophone UK",GBAYE9902262,no
341,"Someone That You Loved Before","Diana Ross",116,11B,47,2026-08-08,03:48,21,"motown, disco","Pop, R&B","Every Day Is a New Day",1999-05-04,61,47,0,14,0,10,-7,A,4,2hUOxRQa0WBLnbJEI1GJmv,"Parlophone UK",GBAYE9902264,no
342,"Love Hangover - 12  Version","Diana Ross",113,3B,79,2026-08-08,07:54,29,"motown, disco","Pop, R&B","All The Great Hits",2000-01-01,50,46,1,88,0,0,-6,C♯/D♭,4,7G2lPglBJSiy92ZIkxQVPA,"Motown",USMO10000806,no
343,"What A Difference A Day Makes","Diana Ross",84,3B,31,2026-08-08,03:26,35,"motown, disco","Pop, R&B","Blue",2006-06-20,53,79,0,39,0,20,-12,C♯/D♭,4,3Oyv1lEOSyor3i0HYnF49l,"Motown",USUM70600285,no
344,"I Loves You Porgy","Diana Ross",126,4B,50,2026-08-08,05:08,9,"motown, disco","Pop, R&B","Blue",2006-06-20,52,59,0,58,0,10,-9,G#/A♭,4,2AHCq1kWY8maL0lomWqGsB,"Motown",USUM70600288,no
345,"He's Funny That Way","Diana Ross",75,10B,19,2026-08-08,02:59,9,"motown, disco","Pop, R&B","Blue",2006-06-20,57,80,0,23,0,10,-12,D,4,67jTdkIVeiCRoDxPwNlAU7,"Motown",USUM70600307,no
346,"T'ain't Nobody's Bizness If I Do","Diana Ross",164,3B,36,2026-08-08,02:22,9,"motown, disco","Pop, R&B","Blue",2006-06-20,56,56,0,72,0,10,-10,C♯/D♭,4,0eBdNvgsmqgqG8Z1Ufx0b4,"Motown",USUM70600306,no
347,"Dios de Adolescencia","Invisible",159,10B,40,2026-08-08,02:45,41,"argentine rock, progressive rock, latin rock","Rock, Latin","Durazno Sangrando",1975-05-07,48,23,0,37,0,10,-13,D,4,1psO8ZpTON3hDYwpBfZekL,"Columbia",ARF109902859,no
348,"It Won't Be The Last","Billy Ray Cyrus",91,10B,42,2026-08-08,03:47,7,"country rock","Country, Rock","Love Songs",2008-01-01,57,11,0,27,0,20,-9,D,4,1OXck86URw7GwrFupLe2iG,"Mercury Nashville",USMR10110065,no
349,"I Want You","Diana Ross",96,2B,78,2026-08-08,04:34,15,"motown, disco","Pop, R&B","I Love You",2006-08-28,60,2,0,47,0,30,-6,F#/G♭,4,0lWobMNimdocVF66V5Xq11,"Parlophone UK",GBAYE0600929,no
350,"What About Love","Diana Ross",147,11B,27,2026-08-08,04:25,10,"motown, disco","Pop, R&B","I Love You",2006-08-28,25,87,3,8,0,10,-10,A,4,2wlpCeqUrPcqxpk8kbqnex,"Parlophone UK",GBAYE0600931,no
351,"Lovely Day","Diana Ross",99,9B,57,2026-08-08,04:09,19,"motown, disco","Pop, R&B","I Love You",2006-08-28,67,62,0,61,0,10,-8,G,4,15NXWCBBEpNO7YYk6aj03R,"Parlophone UK",GBAYE0600933,no
352,"Crazy Little Thing Called Love - Brian May Version","Diana Ross",100,10B,82,2026-08-08,03:15,9,"motown, disco","Pop, R&B","I Love You",2006-08-28,63,5,0,73,0,0,-5,D,4,6StbasXU7RkunuVnEix6Z1,"Parlophone UK",GBAYE0600943,no
353,"Take My Breath Away","Diana Ross",106,9B,54,2026-08-08,03:52,15,"motown, disco","Pop, R&B","I Love You",2006-08-28,55,57,0,44,0,10,-8,G,4,5crWA5cNt9JFrCcBTg3Lw2,"Parlophone UK",GBAYE0600941,no
354,"Soon As I Get Home","Diana Ross",99,5B,11,2026-08-08,02:51,7,"motown, disco","Pop, R&B","Sings Songs From The Wiz",2015-11-27,41,96,0,17,0,10,-17,D#/E♭,3,2fKOAVtjyvW3gmjeG2emul,"UNI/MOTOWN",USUM71517768,no
355,"Be A Lion","Diana Ross",77,10B,26,2026-08-08,03:21,7,"motown, disco","Pop, R&B","Sings Songs From The Wiz",2015-11-27,33,64,0,12,0,10,-13,D,3,7Eit6is2ZPrb9dUGe0j9P2,"UNI/MOTOWN",USUM71517769,no
356,"Believe In Yourself","Diana Ross",146,6B,53,2026-08-08,02:36,11,"motown, disco","Pop, R&B","Sings Songs From The Wiz",2015-11-27,46,15,0,50,0,10,-12,A#/B♭,4,0QkrJJqoSh2VgkHtEq5CMC,"UNI/MOTOWN",USUM71517776,no
357,"Tang Tong","Ghezaal Enayat",89,10B,73,2026-08-08,04:29,7,"afghan pop","Pop, Traditional Music","Tang Tong",2026-05-14,64,37,0,92,0,10,-5,D,3,6z14D2WRLQV5x12OQgtHLi,"Independent",GXJ8K2668754,no
358,"Ain't No Mountain High Enough - Eric Kupper Epic Version","Diana Ross",121,4A,93,2026-08-08,07:25,19,"motown, disco","Pop, R&B","Ain't No Mountain High Enough: The Remix Album",2018-03-23,71,0,0,77,0,0,-2,F minor,4,4fuwA8EM6mjTwlo12zzTnc,"UNI/MOTOWN",USUM71802023,no
359,"Ain't No Mountain High Enough - Eric Kupper Epic Dub","Diana Ross",121,4A,94,2026-08-08,07:25,17,"motown, disco","Pop, R&B","Ain't No Mountain High Enough: The Remix Album",2018-03-23,69,0,1,69,0,0,-3,F minor,4,1qiXDhQlmOv0N0c8zi5WMQ,"UNI/MOTOWN",USUM71802025,no
360,"I'm Coming Out / Upside Down - Eric Kupper Remix","Diana Ross, Eric Kupper",121,7A,90,2026-08-08,07:28,24,"motown, disco, chicago house, disco house, funky house","Electronic, Pop, R&B","I'm Coming Out / Upside Down",2018-08-10,71,0,0,58,0,0,-4,D minor,4,1MSJJLhnR9Fy5D0HrWBm90,"UNI/MOTOWN",USUM71811122,no
361,"I'm Coming Out / Upside Down - Eric Kupper Radio Edit","Diana Ross, Eric Kupper",121,7B,92,2026-08-08,03:06,37,"motown, disco, chicago house, disco house, funky house","Electronic, Pop, R&B","I'm Coming Out / Upside Down",2018-08-10,70,0,0,60,0,30,-3,F,4,3PLVCKlDy9jheEOsHkv6JV,"UNI/MOTOWN",USUM71811147,no
362,"What The World Needs Now","Diana Ross",141,12A,25,2026-08-08,04:19,3,"motown, disco","Pop, R&B","Wonderful Christmas Time",2018-10-26,24,88,1,7,0,10,-13,C♯/D♭ minor,4,3GOkodAHWVLoQhgD5ZDrQc,"UNI/MOTOWN",USUG11801919,no
363,"The Boss - Eric Kupper Remix","Diana Ross, Eric Kupper",124,9B,81,2026-08-08,03:37,31,"motown, disco, chicago house, disco house, funky house","Electronic, Pop, R&B","The Boss Remixes",2019-03-26,66,0,1,79,0,30,-8,G,4,20NBPVUpOPAyg6lLMsm87I,"UNI/MOTOWN",USUM71904470,no
364,"Thank You - Eric Kupper Remix","Diana Ross, Eric Kupper",120,3B,86,2026-08-08,06:18,24,"motown, disco, chicago house, disco house, funky house","Electronic, Pop, R&B","Thank You (Eric Kupper Remix)",2021-08-02,71,0,0,37,0,0,-5,C♯/D♭,4,66FSaY9KflKTOZmiBG7QNb,"Decca (UMO)",GBUM72104983,no
365,"If The World Just Danced","Diana Ross",125,10B,86,2026-08-08,03:44,22,"motown, disco","Pop, R&B","If The World Just Danced",2021-09-03,76,25,0,76,20,0,-2,D,4,4ldmDUkQFYflZFe9Ba10Fi,"Decca (UMO)",GBUM72102162,no
366,"Tomorrow","Diana Ross",132,8B,93,2026-08-08,03:23,21,"motown, disco","Pop, R&B","Thank You",2021-11-05,70,19,0,69,10,20,-1,C,4,583bcrSG5vru3H4Lru9dQa,"Decca (UMO)",GBUM72102249,no
367,"I Still Believe - Monki Remix","Diana Ross, Monki",122,1B,68,2026-08-08,03:37,17,"motown, disco, piano house, uk house","Pop, R&B","I Still Believe (Monki Remix)",2022-02-18,73,5,0,68,0,0,-7,B,4,4XiCEXeKe3H1m0k8Hi361M,"Decca (UMO)",GBUM72108281,no
368,"All of You (feat. Diana Ross)","Julio Iglesias, Diana Ross",86,3A,54,2026-08-08,03:57,22,"bolero, motown, disco","Pop, R&B","Ma Vie: Mes Plus Grands Succès",1978-00-00,47,36,0,53,0,60,-9,A#/B♭ minor,4,2CThtbrtTyQo6IPLMNM2V1,"Columbia",NLB638410009,no
369,"Ain't No Mountain High Enough - Short Promo Version","Diana Ross",101,4B,56,2026-08-08,04:07,28,"motown, disco","Pop, R&B","70's Pop Number 1's",2007-01-01,41,52,0,46,0,50,-7,G#/A♭,4,5QE9IQpyhYet28c9ZBq6eE,"Hip-O",USMO10401100,no
370,"Pops, We Love You - 7  Single Mix","Stevie Wonder, Diana Ross, Marvin Gaye, Smokey Robinson",116,8B,71,2026-08-08,03:29,4,"motown, classic soul, soul, disco, northern soul, quiet storm","R&B, Pop, Blues","The Complete Stevie Wonder",2015-10-11,53,52,0,67,10,10,-9,C,4,0VnjL4IuDvtOhuduUrEC8I,"UNI/MOTOWN",USMO10500397,no
371,"Soon As I Get Home / Home","Diana Ross",82,2B,15,2026-08-08,04:03,26,"motown, disco","Pop, R&B","The Wiz",1978-01-01,30,86,0,7,0,10,-15,F#/G♭,3,5R0moAk2Ua1VezE8Xa4wrW,"Geffen*",USMC17807792,no
372,"Ease On Down The Road #3","Diana Ross, Michael Jackson, Nipsey Russell, Ted Ross",120,7A,92,2026-08-08,01:26,33,"motown, disco, r&b, soul","Pop, R&B, Blues","The Wiz",1978-01-01,71,55,0,45,30,10,-8,D minor,4,31qF1c0DKU87fzmA3RZd0J,"Geffen*",USMC17807799,no
373,"Liberation Agitato / A Brand New Day / Liberation Ballet","Diana Ross, Michael Jackson, Nipsey Russell, Ted Ross, The Wiz Choir",141,7B,87,2026-08-08,07:48,41,"motown, disco, r&b, soul","Pop, R&B, Blues","The Wiz",1978-01-01,35,33,0,27,20,20,-7,F,4,3isUhqgO9KBLLP4fJ4oESl,"Geffen*",USMC17807807,no
374,"Believe In Yourself (Dorothy)","Diana Ross",91,6B,16,2026-08-08,02:54,23,"motown, disco","Pop, R&B","The Wiz",1978-01-01,37,97,0,16,0,10,-13,A#/B♭,4,1FPU4odGeC4Yi8VbeVJA6N,"Geffen*",USMC17807808,no
375,"Let’s Call It Off (feat. Peter Bjorn and John)","Drake, Peter Bjorn and John",127,8A,73,2026-08-08,03:54,63,"rap, indie","Hip Hop","So Far Gone",2009-00-00,79,0,29,94,0,10,-5,A minor,4,4FDSPGncHRpr6yB8DD4CtI,"Young Money/Cash Money Records",USCM51900152,yes
376,"Unstoppable (feat. Santigold & Lil Wayne)","Drake, Santigold, Lil Wayne",150,7A,91,2026-08-08,03:29,49,"rap, alternative dance, art pop, indietronica, neo-synthpop, hip hop","Pop, Hip Hop, Electronic, Rock","So Far Gone",2009-00-00,77,17,0,82,30,70,-3,D minor,4,2TWSilrWcTrgVKcP8kfEfg,"Young Money/Cash Money Records",USCM51900144,yes
377,"Sooner Than Later","Drake",95,4A,50,2026-08-08,04:22,60,"rap","Hip Hop","So Far Gone",2009-00-00,62,18,0,51,20,10,-6,F minor,4,43iKgGbmfqPLh3mxUlospI,"Young Money/Cash Money Records",USCM51900147,yes
378,"Outro (feat. Chilly Gonzales)","Drake, Chilly Gonzales",185,7B,9,2026-08-08,02:54,46,"rap, neoclassical","Hip Hop","So Far Gone",2009-00-00,40,99,86,14,0,30,-22,F,4,6hHKFReuQR9VQp39ev43wY,"Young Money/Cash Money Records",USCM51900151,yes
379,"Show Me A Good Time","Drake",128,11A,73,2026-08-08,03:30,56,"rap","Hip Hop","Thank Me Later (Int'l Version)",2010-01-01,67,4,0,71,10,10,-6,F#/G♭ minor,4,1G0JddH0MHVg4VE03vheBm,"Cash Money Records/Young Money Ent./Universal Rec.",USCM51000254,yes
380,"Light Up","Drake, JAŸ-Z",86,4B,91,2026-08-08,04:34,52,"rap, hip hop, east coast hip hop","Hip Hop","Thank Me Later (Int'l Version)",2010-01-01,48,9,0,21,40,10,-6,G#/A♭,4,23Cx5Jv0bsCMoUnoygy5jy,"Cash Money Records/Young Money Ent./Universal Rec.",USCM51000250,yes
381,"Miss Me","Drake, Lil Wayne",101,10B,86,2026-08-08,05:05,58,"rap, hip hop","Hip Hop","Thank Me Later (Int'l Version)",2010-01-01,43,8,0,33,60,30,-6,D,5,53VIWPPMz9S7ob0D8JxF9N,"Cash Money Records/Young Money Ent./Universal Rec.",USCM51000210,yes
382,"Make Me Proud","Drake, Nicki Minaj",132,3B,49,2026-08-08,03:40,42,"rap, hip pop, pop, queens hip hop","Pop, Hip Hop","Make Me Proud",2011-01-01,68,0,0,35,10,10,-10,C♯/D♭,4,3psB8LAWdw813k9ZmLvjmZ,"Aspire Music Group, LLC",USCM51100505,yes
383,"Marvins Room","Drake",111,8A,24,2026-08-08,05:47,42,"rap","Hip Hop","Marvins Room",2011-01-01,49,63,0,32,0,0,-18,A minor,5,3rpHQfFEpUjc0f2lvwvMwE,"Cash Money Records/Young Money Ent./Universal Rec.",USCM51100268,no
384,"勝機（水光に映る徒夢　より）","Sawano Hiroyuki",120,9B,64,2026-08-08,00:47,2,"anime, soundtrack","Pop, Classical, Easy Listening","「戦国BASARA」Director's Special Edition",2013-07-02,43,0,71,23,0,50,-13,G,4,4vpZgHIuAL2rs2ozYC09zd,"FlyingDog",JPG750900461,no
385,"Real Life","Imagine Dragons",196,8B,56,2026-08-08,04:07,52,"modern rock, pop, rock","Rock, Pop","Origins (Deluxe)",2018-11-09,26,1,1,12,0,10,-8,C,4,7JAzAyjbJFPznEFdqpa1Si,"Kid Ina Korner / Interscope",USUM71816170,no
386,"Shot For Me","Drake",143,10B,47,2026-08-08,03:44,77,"rap","Hip Hop","Take Care (Deluxe)",2011-11-15,57,6,0,18,20,50,-12,D,4,6Z01gUquJsjJC67uNWm6P0,"Cash Money Records/Young Money Ent./Universal Rec.",USCM51100545,yes
387,"Take Care","Drake, Rihanna",122,5A,52,2026-08-08,04:37,80,"rap, barbadian pop, pop, urban contemporary","Pop, Hip Hop, R&B","Take Care (Deluxe)",2011-11-15,63,3,0,30,20,0,-10,C minor,4,124NFj84ppZ5pAxTuVQYCQ,"Cash Money Records/Young Money Ent./Universal Rec.",USCM51100547,yes
388,"We'll Be Fine","Drake, Birdman",193,12A,49,2026-08-08,04:07,64,"rap, southern hip hop","Hip Hop","Take Care (Deluxe)",2011-11-15,39,0,0,22,40,60,-7,C♯/D♭ minor,4,7udsBKuqnJ5csWTAkR0vEI,"Cash Money Records/Young Money Ent./Universal Rec.",USCM51100556,yes
389,"Lord Knows","Drake, Rick Ross",168,4A,89,2026-08-08,05:07,68,"rap, southern hip hop","Hip Hop","Take Care (Deluxe)",2011-11-15,42,8,0,30,30,80,-6,F minor,4,1QBwk6GTCxVdC2hoSw9tlM,"Cash Money Records/Young Money Ent./Universal Rec.",USCM51100558,yes
390,"Doing It Wrong","Drake",101,11A,17,2026-08-08,04:25,77,"rap","Hip Hop","Take Care (Deluxe)",2011-11-15,40,84,0,12,0,10,-16,F#/G♭ minor,4,4eSGSqP2TZvvX0kadZZttM,"Cash Money Records/Young Money Ent./Universal Rec.",USCM51100564,yes
391,"Practice","Drake",105,3B,24,2026-08-08,03:57,79,"rap","Hip Hop","Take Care (Deluxe)",2011-11-15,45,57,0,31,0,10,-15,C♯/D♭,4,0jF2AdhsalO1L7KkhK4LE5,"Cash Money Records/Young Money Ent./Universal Rec.",USCM51100572,yes
392,"Tuscan Leather","Drake",80,2B,68,2026-08-08,06:06,56,"rap","Hip Hop","Nothing Was The Same",2013-01-01,52,11,0,30,40,20,-5,F#/G♭,4,3rE5PBReux0vbrIqbWFLnt,"Cash Money Records/Young Money Ent./Universal Rec.",USCM51300734,yes
393,"Wu-Tang Forever","Drake",100,1A,43,2026-08-08,03:37,55,"rap","Hip Hop","Nothing Was The Same",2013-01-01,84,5,0,37,20,10,-9,G#/A♭ minor,4,5LAKjqbB5uurPpxFEicd9S,"Cash Money Records/Young Money Ent./Universal Rec.",USCM51300738,yes
394,"Worst Behavior","Drake",110,11B,80,2026-08-08,04:30,54,"rap","Hip Hop","Nothing Was The Same",2013-01-01,78,16,0,41,10,20,-6,A,4,48RN2EOOyG2Gs5Pyla7ZJj,"Cash Money Records/Young Money Ent./Universal Rec.",USCM51300742,yes
395,"From Time","Drake, Jhené Aiko",94,12A,49,2026-08-08,05:22,65,"rap, r&b","R&B, Hip Hop","Nothing Was The Same",2013-01-01,74,63,0,45,40,10,-10,C♯/D♭ minor,4,0GaBIpyHvytM1UBYmqXu08,"Cash Money Records/Young Money Ent./Universal Rec.",USCM51300744,yes
396,"The Language","Drake",120,3B,65,2026-08-08,03:44,51,"rap","Hip Hop","Nothing Was The Same",2013-01-01,83,1,0,50,40,0,-8,C♯/D♭,4,3IQgeOgdHIag6mu0mgKRgQ,"Cash Money Records/Young Money Ent./Universal Rec.",USCM51300748,yes
397,"Too Much","Drake, Sampha",141,2B,57,2026-08-08,04:21,58,"rap, indie soul","R&B, Hip Hop","Nothing Was The Same",2013-01-01,68,17,0,15,50,10,-6,F#/G♭,4,6UgxOrbHWJeqHvh0ost7Aa,"Cash Money Records/Young Money Ent./Universal Rec.",USCM51300752,yes
398,"All Me","Drake, 2 Chainz, Big Sean",122,3B,52,2026-08-08,04:31,61,"rap, southern hip hop, detroit hip hop, hip hop, pop rap, r&b, trap","Hip Hop, Pop, R&B","Nothing Was The Same (Deluxe)",2013-01-01,67,7,0,43,40,20,-7,C♯/D♭,4,5ngydCLbzCEdtu8SEOXhPU,"Cash Money Records/Young Money Ent./Universal Rec.",USCM51300758,yes
399,"Star67","Drake",92,5B,39,2026-08-08,04:54,66,"rap","Hip Hop","If You're Reading This It's Too Late",2015-02-12,52,75,0,17,10,20,-8,D#/E♭,4,2mmUoyPxzbxehpfm1TpTRK,"Cash Money Records/Young Money Ent./Universal Rec.",USCM51500023,yes
400,"6 Man","Drake",84,12B,54,2026-08-08,02:47,61,"rap","Hip Hop","If You're Reading This It's Too Late",2015-02-12,57,22,0,33,50,10,-9,E,4,4kdfjhj9xNkYU0R8xlDy8k,"Cash Money Records/Young Money Ent./Universal Rec.",USCM51500029,yes
401,"Jungle","Drake",100,9B,24,2026-08-08,05:20,76,"rap","Hip Hop","If You're Reading This It's Too Late",2015-02-12,70,62,0,38,0,10,-9,G,4,7JXZq0JgG2zTrSOAgY8VMC,"Cash Money Records/Young Money Ent./Universal Rec.",USCM51500037,yes
402,"6PM In New York","Drake",128,7B,85,2026-08-08,04:43,65,"rap","Hip Hop","If You're Reading This It's Too Late",2015-02-12,55,11,0,38,20,10,-4,F,3,5mZJwWdxAOR4xUvSGZvvMU,"Cash Money Records/Young Money Ent./Universal Rec.",USCM51500039,yes
403,"Diamonds Dancing","Drake, Future",136,3B,36,2026-08-08,05:14,64,"rap, trap","Hip Hop","What A Time To Be Alive",2015-09-20,51,13,0,17,0,10,-11,C♯/D♭,4,2AGottAzfC8bHzF7kEJ3Wa,"Cash Money Records Inc.",USCM51500294,yes
404,"Scholarships","Drake, Future",109,5A,42,2026-08-08,03:29,64,"rap, trap","Hip Hop","What A Time To Be Alive",2015-09-20,74,10,0,26,20,10,-9,C minor,4,0B5OTb36fzLayn6XQHg5A1,"Cash Money Records Inc.",USCM51500296,yes
405,"Come and See Me (feat. Drake)","PARTYNEXTDOOR, Drake",85,10B,35,2026-08-08,03:55,54,"dark r&b, r&b, trap soul, rap","R&B, Hip Hop","Come and See Me (feat. Drake)",2016-03-23,77,5,0,6,0,0,-10,D,4,3eGWxMyTyTmH3dHbJeWWv6,"OVO Sound",USWB11600360,yes
406,"Pop Style","Drake, The Throne",133,9A,49,2026-08-08,03:29,49,"rap","Hip Hop","Pop Style",2016-04-04,79,18,0,6,20,10,-9,E minor,4,23NWj2izXAJ4yL6Nah73wf,"Cash Money Records/Young Money Ent./Universal Rec.",USCM51600032,yes
407,"Hype","Drake",130,9A,64,2026-08-08,03:29,62,"rap","Hip Hop","Views",2016-05-06,79,3,0,24,10,30,-8,E minor,4,5NFYuqu8V6QXc6mzcLImd6,"Cash Money Records/Young Money Ent./Universal Rec.",USCM51600069,yes
408,"With You","Drake, PARTYNEXTDOOR",128,3B,41,2026-08-08,03:15,65,"rap, dark r&b, r&b, trap soul","R&B, Hip Hop","Views",2016-05-06,88,13,0,78,20,10,-10,C♯/D♭,4,3aJkV6DUTSCqOwVwaBDG9B,"Cash Money Records/Young Money Ent./Universal Rec.",USCM51600074,yes
409,"Faithful","Drake, dvsn, Pimp C",100,3B,45,2026-08-08,04:50,60,"rap, trap soul, southern hip hop, crunk","Hip Hop","Views",2016-05-06,54,11,0,17,10,20,-10,C♯/D♭,4,2qLcJOLrh6Djda4uLbldSA,"Cash Money Records/Young Money Ent./Universal Rec.",USCM51600076,yes
410,"Grammys","Drake, Future",146,3B,43,2026-08-08,03:40,62,"rap, trap","Hip Hop","Views",2016-05-06,68,0,0,12,50,0,-10,C♯/D♭,4,5e574bhjycX1eH2l4Auage,"Cash Money Records/Young Money Ent./Universal Rec.",USCM51600082,yes
411,"Too Good","Drake, Rihanna",118,9B,65,2026-08-08,04:23,77,"rap, barbadian pop, pop, urban contemporary","Pop, Hip Hop, R&B","Views",2016-05-06,79,5,0,40,10,10,-8,G,4,3BtuIIrQlkujKPuWF2B85z,"Cash Money Records/Young Money Ent./Universal Rec.",USCM51600088,yes
412,"Wanna Know Remix (feat. Drake)","Dave, Drake",100,9A,51,2026-08-08,03:19,62,"grime, uk grime, uk drill, drill, rap","Hip Hop","Wanna Know Remix (feat. Drake)",2016-10-28,72,7,0,20,0,20,-9,E minor,4,7wNpJcBDJlIVWCX8NYBKQj,"OVO Sound",USWB11602117,yes
413,"No Frauds","Nicki Minaj, Drake, Lil Wayne",139,3B,56,2026-08-08,04:32,56,"hip pop, pop, queens hip hop, rap, hip hop","Hip Hop, Pop","No Frauds",2017-03-10,87,9,0,43,20,50,-7,C♯/D♭,4,7KcGEssn7BnJdTgildK5y0,"Nicki Minaj/Cash Money",USCM51700014,yes
414,"Free Smoke","Drake",142,3A,49,2026-08-08,03:38,64,"rap","Hip Hop","More Life",2017-03-18,74,7,0,20,40,50,-7,A#/B♭ minor,4,05KOgYg8PGeJyyWBPi5ja8,"Cash Money Records/Young Money Ent./Universal Rec.",USCM51700056,yes
415,"Madiba Riddim","Drake",106,9B,52,2026-08-08,03:25,66,"rap","Hip Hop","More Life",2017-03-18,84,25,1,33,10,60,-10,G,4,76gUmNLXGQVOsGhfcshkFP,"Cash Money Records/Young Money Ent./Universal Rec.",USCM51700053,no
416,"Gyalchester","Drake",131,3B,39,2026-08-08,03:09,69,"rap","Hip Hop","More Life",2017-03-18,88,3,0,12,0,0,-8,C♯/D♭,4,6UjfByV1lDLW0SOVQA4NAi,"Cash Money Records/Young Money Ent./Universal Rec.",USCM51700046,yes
417,"Skepta Interlude","Drake",87,9B,82,2026-08-08,02:23,57,"rap","Hip Hop","More Life",2017-03-18,75,1,0,42,20,10,-6,G,5,2dfqS3MRtbLZSZA1IL8xY5,"Cash Money Records/Young Money Ent./Universal Rec.",USCM51700087,yes
418,"Sacrifices","Drake, 2 Chainz, Young Thug",139,4B,44,2026-08-08,05:07,61,"rap, southern hip hop, melodic rap, trap","Hip Hop","More Life",2017-03-18,90,4,0,53,40,10,-12,G#/A♭,4,0xl1w2q4VLojeXp4JfazPL,"Cash Money Records/Young Money Ent./Universal Rec.",USCM51700067,yes
419,"あまのじゃく","物語シリーズ",122,7B,41,2026-08-08,01:35,12,"anime, j-pop","Pop","Nekomonogatari (Kuro) Gekihanongakushu [Original Soundtrack]",2018-11-02,82,99,96,97,10,10,-21,F,1,5VOlnPOf3n6CUvLqev6Pl2,"Aniplex Inc.",JPE301300083,no
420,"Nothings Into Somethings","Drake",97,10A,23,2026-08-08,02:33,67,"rap","Hip Hop","More Life",2017-03-18,77,33,0,26,10,30,-8,B minor,4,6MbH1QiphMCPTqVEVC7UYi,"Cash Money Records/Young Money Ent./Universal Rec.",USCM51700074,no
421,"KMT","Drake, Giggs",120,3B,60,2026-08-08,02:42,62,"rap, grime, uk grime, uk drill","Hip Hop","More Life",2017-03-18,88,2,1,9,0,10,-7,C♯/D♭,4,2jTujnt0y344ai1rNOywgr,"Cash Money Records/Young Money Ent./Universal Rec.",USCM51700063,yes
422,"Fake Love","Drake",134,8A,48,2026-08-08,03:30,72,"rap","Hip Hop","More Life",2017-03-18,93,11,0,61,20,10,-9,A minor,4,343YBumqHu19cGoGARUTsd,"Cash Money Records/Young Money Ent./Universal Rec.",USCM51700084,yes
423,"Ice Melts","Drake, Young Thug",125,11A,55,2026-08-08,04:10,61,"rap, melodic rap, trap","Hip Hop","More Life",2017-03-18,81,8,0,60,30,30,-8,F#/G♭ minor,4,7bJ4mu7MHa3rHiNyKjOoSl,"Cash Money Records/Young Money Ent./Universal Rec.",USCM51700085,yes
424,"Do Not Disturb","Drake",171,6A,69,2026-08-08,04:43,79,"rap","Hip Hop","More Life",2017-03-18,62,25,0,45,40,10,-6,G minor,4,2KvHC9z14GSl4YpkNMX384,"Cash Money Records/Young Money Ent./Universal Rec.",USCM51700049,yes
425,"Signs","Drake",107,8B,74,2026-08-08,03:54,72,"rap","Hip Hop","Signs",2017-06-23,79,11,1,22,0,10,-4,C,4,6Na5uKk5SsqZimk0hAWo8y,"Cash Money Records/Young Money Ent./Universal Rec.",USCM51700269,no
426,"Emotionless","Drake",173,3B,68,2026-08-08,05:02,69,"rap","Hip Hop","Scorpion",2018-06-29,41,2,0,9,20,0,-5,C♯/D♭,4,5Psnhdkyanjpgc2P8A5TSM,"Cash Money/Drake LP6",USCM51800199,yes
427,"I'm Upset","Drake",150,10A,59,2026-08-08,03:34,66,"rap","Hip Hop","Scorpion",2018-06-29,90,28,0,49,30,0,-8,B minor,4,3qN5qMTKyEEmiTZD38BNTT,"Cash Money/Drake LP6",USCM51800121,yes
428,"8 Out Of 10","Drake",171,10B,69,2026-08-08,03:15,64,"rap","Hip Hop","Scorpion",2018-06-29,53,16,0,31,70,50,-8,D,4,0zqy3ss4CwD6u4QPksS0nI,"Cash Money/Drake LP6",USCM51800202,yes
429,"Sandra’s Rose","Drake",152,3B,85,2026-08-08,03:36,67,"rap","Hip Hop","Scorpion",2018-06-29,49,5,0,52,20,10,-5,C♯/D♭,4,6cblRiEGDRNZgowcm951R3,"Cash Money/Drake LP6",USCM51800218,yes
430,"Jaded","Drake",116,8B,27,2026-08-08,04:22,75,"rap","Hip Hop","Scorpion",2018-06-29,76,4,0,4,0,10,-6,C,4,4c2xt1trwYZpMqPWY35Xi9,"Cash Money/Drake LP6",USCM51800227,yes
431,"Finesse","Drake",95,5A,32,2026-08-08,03:02,74,"rap","Hip Hop","Scorpion",2018-06-29,81,13,0,30,0,10,-8,C minor,4,2WP8G2pdddDmnh1xbfKBOI,"Cash Money/Drake LP6",USCM51800225,no
432,"That’s How You Feel","Drake",85,3A,47,2026-08-08,02:37,67,"rap","Hip Hop","Scorpion",2018-06-29,85,12,1,38,20,10,-6,A#/B♭ minor,4,41a7dZcq30Ss5kPMayWRV0,"Cash Money/Drake LP6",USCM51800195,yes
433,"Don’t Matter To Me (with Michael Jackson)","Drake, Michael Jackson",103,6B,32,2026-08-08,04:05,78,"rap, r&b, soul","R&B, Hip Hop, Blues","Scorpion",2018-06-29,82,49,1,14,0,10,-12,A#/B♭,4,6G8kHiVZ1jW7vHMPVRNZU0,"Cash Money/Drake LP6",USCM51800208,no
434,"After Dark (feat. Static Major & Ty Dolla $ign)","Drake, Static Major, Ty Dolla $ign",142,10B,43,2026-08-08,04:49,59,"rap, trap soul","Hip Hop","Scorpion",2018-06-29,69,4,0,34,10,10,-13,D,4,3mvYQKm8h6M5K5h0nVPY9S,"Cash Money/Drake LP6",USCM51800213,yes
435,"MIA (feat. Drake)","Bad Bunny, Drake",97,11A,54,2026-08-08,03:30,72,"reggaeton, trap latino, latin, urbano latino, rap","Hip Hop","MIA (feat. Drake)",2018-10-11,82,1,0,16,0,10,-6,F#/G♭ minor,4,3Ueq2zboxwAbsvHrOjdEqz,"OVO Sound",USWB11802236,no
436,"The Motion","Drake",158,10A,72,2026-08-08,04:01,68,"rap","Hip Hop","Nothing Was The Same (Deluxe)",2013-01-01,68,29,0,56,0,10,-8,B minor,4,3t8pnImpBpOwxdtYBpKvA9,"Cash Money Records/Young Money Ent./Universal Rec.",USCM51300760,yes
437,"How Bout Now","Drake",122,3B,40,2026-08-08,03:55,67,"rap","Hip Hop","Care Package",2019-08-02,79,21,0,47,20,20,-8,C♯/D♭,4,4n4BflhWjCHIxrI4v7Xt9s,"OVO",USUG11902745,yes
438,"4pm in Calabasas","Drake",192,9A,66,2026-08-08,04:00,58,"rap","Hip Hop","Care Package",2019-08-02,74,12,0,55,40,10,-5,E minor,4,6C9SwoZ5OrxcvkntgA5t8s,"OVO",USUG11902749,yes
439,"5 Am in Toronto","Drake",87,10A,88,2026-08-08,03:25,63,"rap","Hip Hop","Care Package",2019-08-02,56,7,0,39,20,0,-4,B minor,4,0FnxK9FEAQyPJ284QcieNb,"OVO",USUG11902750,yes
440,"Girls Love Beyoncé (feat. James Fauntleroy)","Drake, James Fauntleroy",126,10A,49,2026-08-08,03:45,61,"rap","Hip Hop","Care Package",2019-08-02,62,78,0,33,40,10,-11,B minor,4,56NDFbD0tCUawnqeU2wcvv,"OVO",USUG11902757,yes
441,"Ya lo sabemos","Árbol, Sebastián Teysera",108,11B,87,2026-08-08,02:37,23,"argentine rock, murga, candombe","Rock, Latin, Traditional Music","Ya lo sabemos",2024-09-27,47,1,0,85,10,10,-5,A,4,2IAERyyXkVlVB2y5fCyMEC,"árbol",ARN732400001,no
442,"Lobo solitario","Árbol",98,9A,78,2026-08-08,03:18,20,"argentine rock","Rock","Atemporal",2026-07-24,58,12,0,50,0,30,-7,E minor,4,6arZ477bNkEKlVmxWeGOWj,"árbol",ARN732600010,no
443,"Ela É do Tipo (feat. Drake) [Remix]","MC Kevin o Chris, Drake",99,2B,52,2026-08-08,03:32,52,"brazilian funk, funk carioca, brega funk, rap","Hip Hop","Ela É do Tipo (feat. Drake) [Remix]",2019-11-06,58,89,0,72,20,10,-5,F#/G♭,3,5Wcvle7c2jTMh5FFimP6Dw,"OVO Sound",USWB11902983,yes
444,"When To Say When","Drake",171,3B,82,2026-08-08,03:43,61,"rap","Hip Hop","Dark Lane Demo Tapes",2020-05-01,41,25,0,53,50,50,-7,C♯/D♭,4,5TCBWmEBrin7etRa4Lswr1,"OVO",USUG12001405,yes
445,"Time Flies","Drake",86,6B,48,2026-08-08,03:12,78,"rap","Hip Hop","Dark Lane Demo Tapes",2020-05-01,86,20,0,50,20,10,-6,A#/B♭,4,5H4mXWKcicuLKDn4Jy0sK7,"OVO",USUG12001728,yes
446,"Landed","Drake",164,9B,64,2026-08-08,02:32,60,"rap","Hip Hop","Dark Lane Demo Tapes",2020-05-01,88,1,0,72,20,10,-5,G,4,3KixNgUEaDtrKJVzdqjU5q,"OVO",USUG12001730,yes
447,"D4L","Future, Drake, Young Thug",170,3B,71,2026-08-08,03:09,60,"rap, trap, melodic rap","Hip Hop","Dark Lane Demo Tapes",2020-05-01,72,1,0,82,0,30,-6,C♯/D♭,4,5fHrHoJKfCgBd35zwIBmUK,"OVO",USSM12002338,yes
448,"Losses","Drake",86,12A,57,2026-08-08,04:31,60,"rap","Hip Hop","Dark Lane Demo Tapes",2020-05-01,55,28,0,51,30,40,-7,C♯/D♭ minor,4,6fLVTVaHWaEfVKfEgbkf4D,"OVO",USUG12001736,yes
449,"Demons (feat. Fivio Foreign & Sosa Geek)","Drake, Fivio Foreign, Sosa Geek",107,5A,77,2026-08-08,03:24,57,"rap, brooklyn drill, new york drill, drill, uk drill","Hip Hop","Dark Lane Demo Tapes",2020-05-01,54,42,0,73,30,10,-3,C minor,3,05aZ9sAU1YXndHv0FMi9iW,"OVO",USUG12001740,yes
450,"Laugh Now Cry Later (feat. Lil Durk)","Drake, Lil Durk",134,8B,52,2026-08-08,04:21,79,"rap, chicago drill, drill","Hip Hop","Laugh Now Cry Later (feat. Lil Durk)",2020-08-14,76,24,0,52,10,10,-9,C,4,2SAqBLGA283SUiwJ3xOUVI,"OVO",USUG12001748,yes
451,"Seeing Green (with Drake & Lil Wayne)","Nicki Minaj, Drake, Lil Wayne",72,4A,86,2026-08-08,05:39,42,"hip pop, pop, queens hip hop, rap, hip hop","Hip Hop, Pop","Seeing Green",2021-05-14,47,8,0,21,20,30,-3,F minor,4,7gNB9Xa5NBY2Y8tFmpOlwk,"Republic Records",USUM72108453,no
452,"Over The Top (feat. Drake)","Smiley, Drake",140,3A,50,2026-08-08,02:33,66,"canadian hip hop, rap","Hip Hop","Over The Top (feat. Drake)",2021-07-23,83,5,0,26,10,10,-5,A#/B♭ minor,4,1aQjCPrIvQm5cfY7FhAOhq,"OVO Sound",USWB12102367,yes
453,"Champagne Poetry","Drake",87,11A,67,2026-08-08,05:36,73,"rap","Hip Hop","Certified Lover Boy",2021-09-03,42,76,0,50,30,20,-7,F#/G♭ minor,4,2HSmyk2qMN8WQjuGhaQgCk,"OVO",USUG12104397,yes
454,"Pipe Down","Drake",78,11B,69,2026-08-08,03:25,77,"rap","Hip Hop","Certified Lover Boy",2021-09-03,52,13,0,59,10,10,-6,A,4,11pEKMLmavDu8fxOB5QjbQ,"OVO",USUG12104406,yes
455,"Yebba’s Heartbreak","Drake, Yebba",120,1A,16,2026-08-08,02:13,80,"rap, pop soul","Hip Hop","Certified Lover Boy",2021-09-03,48,97,4,9,0,10,-12,G#/A♭ minor,4,1PDP7mLiAMwhfmgIwzhOm2,"OVO",USUG12104407,yes
456,"Knife Talk (with 21 Savage ft. Project Pat)","Drake, 21 Savage, Project Pat",146,4A,42,2026-08-08,04:02,76,"rap, atl hip hop, hip hop, southern hip hop, crunk, gangster rap","Hip Hop","Certified Lover Boy",2021-09-03,85,6,0,15,30,0,-10,F minor,4,2BcMwX1MPV6ZHP4tUT9uq6,"OVO",USUG12104409,yes
457,"Fountains (with Tems)","Drake, Tems",100,3A,49,2026-08-08,03:12,72,"rap, afrobeats, afro r&b, alté, afrobeat","Hip Hop","Certified Lover Boy",2021-09-03,84,18,7,69,20,10,-9,A#/B♭ minor,4,08XWh5c0BMyD1nKVxxl91z,"OVO",USUG12104412,yes
458,"You Only Live Twice (with Lil Wayne & Rick Ross)","Drake, Lil Wayne, Rick Ross",124,9B,85,2026-08-08,03:33,67,"rap, hip hop, southern hip hop","Hip Hop","Certified Lover Boy",2021-09-03,52,12,0,71,20,10,-6,G,5,50ceCGZ3oD3U5caQV5bP6f,"OVO",USUG12104438,yes
459,"Intro","Drake",126,5A,2,2026-08-08,00:36,58,"rap","Hip Hop","Honestly, Nevermind",2022-06-17,19,96,88,21,0,10,-31,C minor,3,1kNdtonJXHorsVpWerK8C2,"OVO",USUG12204899,no
460,"Falling Back","Drake",119,6B,76,2026-08-08,04:26,64,"rap","Hip Hop","Honestly, Nevermind",2022-06-17,72,24,1,35,0,10,-8,A#/B♭,4,1vbn9fEyw1IYhqgZJdu9ZB,"OVO",USUG12204881,no
461,"Texts Go Green","Drake",119,8B,63,2026-08-08,05:08,67,"rap","Hip Hop","Honestly, Nevermind",2022-06-17,77,0,20,54,0,0,-5,C,4,4FIgHqXd4KkOwxrGeLDYM2,"OVO",USUG12204882,no
462,"A Keeper","Drake",122,3B,48,2026-08-08,02:53,72,"rap","Hip Hop","Honestly, Nevermind",2022-06-17,60,51,0,32,0,10,-12,C♯/D♭,4,0nAZGkBGKQCXyaoSJfRhC1,"OVO",USUG12204884,yes
463,"Massive","Drake",125,9A,67,2026-08-08,05:36,75,"rap","Hip Hop","Honestly, Nevermind",2022-06-17,50,11,2,6,0,10,-7,E minor,3,28JBD8p18xNuOfyV7Cotdn,"OVO",USUG12204890,no
464,"Jimmy Cooks (feat. 21 Savage)","Drake, 21 Savage",166,8B,67,2026-08-08,03:38,82,"rap, atl hip hop, hip hop","Hip Hop","Honestly, Nevermind",2022-06-17,53,0,0,37,10,0,-5,C,4,3F5CgOj3wFlRv51JsHbxhe,"OVO",USUG12204897,yes