#,Song,Artist,Popularity,BPM,Genres,Album,Album Date,Time,Dance,Energy,Acoustic,Instrumental,Happy,Speech,Live,Loud (Db),Key,Time Signature,Added At,Spotify Track Id,Camelot,ISRC
1,"3AM","Matchbox Twenty",73,108,"post-grunge","Yourself or Someone Like You",1996-10-01,03:45,52,67,1,0,54,0,10,-9,G#/A♭ Major,4,2020-08-19,5vYA1mW9g2Coh1HUFUSmlb,4B,USAT29600038
2,"Damn","Matchbox Twenty",47,80,"post-grunge","Yourself or Someone Like You",1996-10-01,03:20,55,51,2,0,68,0,0,-8,G Major,4,2020-08-19,2HXDYLKetrIFjHhHAABnoM,9B,USAT29600051
3,"Kody","Matchbox Twenty",45,95,"post-grunge","Yourself or Someone Like You",1996-10-01,04:03,52,64,0,0,55,0,10,-9,G#/A♭ Major,4,2020-08-19,3T4XoaK3RZ3XTEDgeZRV1T,4B,USAT29600053
4,"Argue","Matchbox Twenty",44,115,"post-grunge","Yourself or Someone Like You",1996-10-01,02:57,56,71,0,0,81,0,30,-8,C Major,4,2020-08-19,3DrzeqjTR3O9zCBdeSRoYu,8B,USAT29600052
5,"Crutch","Matchbox Twenty",35,121,"post-grunge","Mad Season",2000-05-23,03:25,47,88,5,0,65,0,10,-5,G Minor,4,2020-08-19,3DIlvJmohom4hpIxp7JC1I,6A,USAT20001324
6,"Rest Stop","Matchbox Twenty",22,144,"post-grunge","Mad Season (Deluxe Edition)",2000-05-23,04:29,45,68,49,0,49,0,10,-7,G Major,4,2020-08-19,3ggW0Z5F362TvR26NpTQxh,9B,USAT22003210
7,"Leave","Matchbox Twenty",39,81,"post-grunge","Mad Season",2000-05-23,04:33,44,56,19,0,49,0,20,-7,F#/G♭ Minor,4,2020-08-19,4irfl7MbuIPJB0OU8mPs88,11A,USAT20001331
8,"You & I & I","Matchbox Twenty",33,104,"post-grunge","Mad Season (Deluxe Edition)",2000-05-23,03:28,50,92,0,0,58,0,0,-4,F#/G♭ Minor,4,2020-08-19,6OkWDfAjjqKu7htJL5Mr0k,11A,USAT22003219
9,"Unwell","Matchbox Twenty",71,81,"post-grunge","More Than You Think You Are",2002-11-01,03:48,26,79,3,0,43,0,70,-5,F#/G♭ Minor,4,2020-08-20,6Bm6qUCSatPAqkQllFL7oA,11A,USAT20202656
10,"Hand Me Down","Matchbox Twenty",49,134,"post-grunge","More Than You Think You Are",2002-11-01,05:02,50,79,37,0,24,0,10,-5,C♯/D♭ Major,4,2020-08-20,2Iak5hADjGS4hNgJGm8Q2I,3B,USAT20202659
11,"You're so Real","Matchbox Twenty",31,133,"post-grunge","More Than You Think You Are",2002-11-01,02:58,45,88,0,0,85,0,10,-4,B Major,4,2020-08-20,09VxMdg6MikgAHmnNeiAJ8,1B,USAT20202663
12,"The Difference","Matchbox Twenty",38,102,"post-grunge","More Than You Think You Are",2002-11-01,04:09,50,81,2,0,35,0,10,-5,G Major,4,2020-08-20,0BQp2g79dvZwnoJooY3XmT,9B,USAT20202678
13,"She's so Mean","Matchbox Twenty",63,118,"post-grunge","North (Deluxe Edition)",2012-08-28,03:52,67,88,1,0,68,0,20,-4,C Major,4,2020-08-20,2toY6JyyfKy9TwNk3Ou2XG,8B,USAT21202561
14,"Overjoyed","Matchbox Twenty",51,186,"post-grunge","North (Deluxe Edition)",2012-08-28,03:06,44,69,6,0,59,0,0,-5,C Major,4,2020-08-20,62DbMz6liR4GuxvMT9vjc4,8B,USAT21202741
15,"Our Song","Matchbox Twenty",46,160,"post-grunge","North (Deluxe Edition)",2012-08-28,03:00,57,96,2,0,91,0,10,-4,G Major,4,2020-08-20,7p7rK9Iuef2LZzZt7hkP6S,9B,USAT21202743
16,"I Will","Matchbox Twenty",40,92,"post-grunge","North (Deluxe Edition)",2012-08-28,04:03,59,25,85,0,45,0,10,-13,A Major,4,2020-08-20,6DbaSQH1RA006JJBssB3Fl,11B,USAT21202744
17,"Sleeping at the Wheel","Matchbox Twenty",39,112,"post-grunge","North (Deluxe Edition)",2012-08-28,03:48,64,57,10,0,35,0,10,-10,B Major,4,2020-08-20,5WnNUwPQgpMxdCuuU15TSX,1B,USAT21202750
18,"I Believe in Everything","Matchbox Twenty",29,118,"post-grunge","North (Deluxe Edition)",2012-08-28,03:38,62,84,4,0,59,0,20,-5,A Major,4,2020-08-20,4z1blY379lFYYxas54BKcs,11B,USAT21202947
19,"How Far We've Come","Matchbox Twenty",43,83,"post-grunge","Exile on Mainstream (International)",2007-09-29,03:30,58,86,1,0,81,0,10,-7,C Major,4,2020-08-20,3k2Zv2luPZHpxfFjGpr4Mm,8B,USAT20703843
20,"Come Dancing","Matchbox Twenty",15,147,"post-grunge","Exile on Mainstream (International)",2007-09-29,03:38,59,86,19,0,95,0,10,-5,G Major,4,2020-08-20,7G0UP9XS0bOocqT9hLap3Y,9B,USAT20704694
21,"Empty Sky","Elton John",26,131,"","Empty Sky",1969-06-06,08:29,59,72,29,63,74,0,0,-10,A Major,4,2020-08-20,58JTecMx60zODpZ134FC79,11B,GBAMB9500027
22,"The Scaffold","Elton John",18,68,"","Empty Sky",1969-06-06,03:18,58,38,82,0,61,0,10,-11,F#/G♭ Major,4,2020-08-20,3RiHICh0pAvLGTluo12D5V,2B,GBAMB9500033
23,"It's Me That You Need","Elton John",21,147,"","Empty Sky",1969-06-06,04:04,35,47,40,0,35,0,10,-9,C Major,3,2020-08-20,6fprMrT0pdkqjmuWQsMqDo,8B,GBAMB9500038
24,"First Episode At Hienton","Elton John",26,133,"","Elton John",1970-04-10,04:46,42,11,95,0,13,0,10,-13,G Minor,4,2020-08-20,0Q3YxRlzru7yKT0Rwjv5xM,6A,GBAMB9500076
25,"The Cage","Elton John",25,126,"","Elton John",1970-04-10,03:26,60,79,14,0,62,0,30,-7,F Minor,4,2020-08-20,0DCyXrySuYSRIVDIuLPzdd,4A,GBAMB9500080
26,"I'm Going Home - Piano Demo","Elton John",16,70,"","Elton John",1970-04-10,03:03,61,54,91,1,64,0,10,-7,G Major,4,2020-08-21,3JGVQbfKChxILPc1xJw9HT,9B,GBUM70711442
27,"Bad Side Of The Moon","Elton John",18,82,"","Elton John",1970-04-10,03:11,60,57,10,0,82,0,40,-10,C Major,4,2020-08-21,6oocc0TEjmAqAdUUCFZEoJ,8B,GBUM70711444
28,"Son Of Your Father","Elton John",22,159,"","Tumbleweed Connection",1970-10-30,03:48,54,72,27,0,77,0,10,-10,G#/A♭ Major,4,2020-08-21,2MhJw7FL6dmx4za6f5eLSF,4B,GBAMB9500018
29,"My Father's Gun","Elton John",24,119,"","Tumbleweed Connection",1970-10-30,06:20,44,43,51,0,22,0,10,-11,D#/E♭ Major,4,2020-08-21,2AgMTn4RyRrI1uc3iXx4Xq,5B,GBAMB9500019
30,"Talking Old Soldiers","Elton John",20,71,"","Tumbleweed Connection",1970-10-30,04:06,56,11,84,0,8,0,10,-14,G#/A♭ Major,3,2020-08-21,4t4Mgdy6VxmFmrRzk4OWf5,4B,GBAMB9500023
31,"Burn Down The Mission","Elton John",25,120,"","Tumbleweed Connection",1970-10-30,06:21,43,65,8,4,54,0,10,-10,C Major,4,2020-08-21,0mkkiEW5JdjKTQMTcbevTy,8B,GBAMB9500024
32,"Levon","Elton John",57,146,"","Madman Across The Water",1971-11-05,05:22,31,59,15,0,43,0,30,-10,F Major,4,2020-08-22,0aJfFLl0grcQS7euiIp0ni,7B,GBAMB7100002
33,"Indian Sunset","Elton John",37,140,"","Madman Across The Water",1971-11-05,06:46,40,28,79,0,32,0,10,-14,G Major,4,2020-08-23,3gAeszu600Qs0plQegthLX,9B,GBAMB7100086
34,"Rotten Peaches","Elton John",31,145,"","Madman Across The Water",1971-11-05,04:58,35,65,33,0,64,0,0,-11,D Major,4,2020-08-23,1JhwFgtWL1CB1qrjRO62wg,10B,GBAMB7100088
35,"Susie (Dramas)","Elton John",38,143,"","Honky Chateau",1972-05-19,03:24,64,75,2,0,97,0,0,-7,A Minor,4,2020-08-23,5iFujkF6DJlRhOyxYl4zjE,8A,GBAMB7200005
36,"Slave","Elton John",32,118,"","Honky Chateau",1972-05-19,04:22,63,51,4,0,71,0,0,-10,G Major,4,2020-08-23,41UXf5Tt4FShNileQJyubw,9B,GBAMB7200008
37,"Daniel","Elton John",70,132,"","Don't Shoot Me I'm Only The Piano Player",1973-01-22,03:54,69,48,38,0,90,0,0,-12,C Major,4,2020-08-23,1BvJmtaXsqtH438BcDPeBb,8B,GBAMB9500001
38,"Blues For Baby And Me","Elton John",32,135,"","Don't Shoot Me I'm Only The Piano Player",1973-01-22,05:38,57,57,33,0,65,0,10,-10,G Major,4,2020-08-24,2MaW82qnGVIVTDi4KeA4Y8,9B,GBAMB9500004
39,"I'm Going To Be A Teenage Idol","Elton John",29,147,"","Don't Shoot Me I'm Only The Piano Player",1973-01-22,03:55,60,72,24,0,87,0,0,-8,A Minor,4,2020-08-25,6bZ4nYreRpdPikggxXbzc6,8A,GBAMB9500007
40,"Screw You (Young Man's Blues)","Elton John",25,141,"","Don't Shoot Me I'm Only The Piano Player",1973-01-22,04:42,43,73,9,0,73,0,0,-6,C Major,4,2020-08-27,4gmr318z7KJV353bJ5QujN,8B,GBAMB9500014
41,"Jack Rabbit - Single Version","Elton John",28,108,"","Don't Shoot Me I'm Only The Piano Player",1973-01-22,01:49,70,76,11,0,97,0,10,-10,G Major,4,2020-08-27,2FXtoMPJJkxCcQbFjwuZJa,9B,GBAMB9500012
42,"Whenever You're Ready (We'll Go Steady Again) - Single Version","Elton John",24,75,"","Don't Shoot Me I'm Only The Piano Player",1973-01-22,02:51,48,90,7,0,92,0,10,-6,C Major,4,2020-08-27,73RheFMmYGLht3xAnnTVZH,8B,GBAMB9500013
43,"Jamaica Jerk-Off - Remastered 2014","Elton John",0,134,"","Goodbye Yellow Brick Road (Remastered / Deluxe Edition)",1973-10-05,03:38,75,73,0,0,95,0,0,-9,D#/E♭ Minor,4,2020-08-31,5dvGbMSVrQdf5Yjpw1afww,2A,GBUM71304959
44,"Sweet Painted Lady - Remastered 2014","Elton John",0,117,"","Goodbye Yellow Brick Road (Remastered / Deluxe Edition)",1973-10-05,03:54,61,38,36,0,55,0,60,-12,G Major,4,2020-08-31,5ZMyJoZiCZeg7MxRoGl1yu,9B,GBUM71304961
45,"All The Girls Love Alice - Remastered 2014","Elton John",0,89,"","Goodbye Yellow Brick Road (Remastered / Deluxe Edition)",1973-10-05,05:08,53,83,2,0,53,0,30,-9,A#/B♭ Minor,4,2020-09-06,3CBW9DKwd4LbqsiEONhne7,3A,GBUM71304964
46,"Saturday Night’s Alright (For Fighting) - Remastered 2014","Elton John",0,153,"","Goodbye Yellow Brick Road (Remastered / Deluxe Edition)",1973-10-05,04:55,51,98,2,10,94,0,0,-6,C Major,4,2020-09-06,0LHItNoPqjxWcbvQzw9NIv,8B,GBUM71304966
47,"Harmony - Remastered 2014","Elton John",0,133,"","Goodbye Yellow Brick Road (Remastered / Deluxe Edition)",1973-10-05,02:44,57,47,19,0,43,0,10,-9,D#/E♭ Major,4,2020-09-07,6sCesp5DUtzzxpjJpy8slx,5B,GBUM71304969
48,"The Bitch Is Back - Remastered 1995","Elton John",56,133,"","Caribou (Remastered 1995)",1974-06-28,03:44,59,86,4,0,94,0,10,-7,C♯/D♭ Major,4,2020-09-07,40tnCfx2mTtHozyaRDcYC5,3B,GBAMB9500040
49,"Sick City - Remastered 1995","Elton John",23,97,"","Caribou (Remastered 1995)",1974-06-28,05:23,65,78,23,0,83,0,0,-7,E Major,4,2020-09-07,1CMOQ9HhIJGDGcKyf295zg,12B,GBAMB9500049
50,"Captain Fantastic And The Brown Dirt Cowboy","Elton John",43,81,"","Captain Fantastic And The Brown Dirt Cowboy",1975-05-19,05:46,54,48,10,0,65,0,10,-13,G Major,4,2020-09-09,6dix9mJZambkCkDOlXQTwG,9B,GBAMB7500001
51,"Tower Of Babel","Elton John",36,158,"","Captain Fantastic And The Brown Dirt Cowboy",1975-05-19,04:28,53,49,18,0,31,0,0,-10,C Minor,4,2020-09-09,4uvehZNI8BxnmBOlG9wmVn,5A,GBAMB7500002
52,"(Gotta Get A) Meal Ticket","Elton John",16,139,"","Captain Fantastic And The Brown Dirt Cowboy (Deluxe Edition)",1975-05-19,04:01,69,86,1,0,75,0,0,-7,F Major,4,2020-09-09,30tWMxzdRReFk4quQsV0Su,7B,GBAMB7500006
53,"We All Fall In Love Sometimes","Elton John",21,127,"","Captain Fantastic And The Brown Dirt Cowboy (Deluxe Edition)",1975-05-19,04:11,60,20,51,0,21,0,40,-12,G Minor,4,2020-09-10,7G66QboAoXiEyj7lGoIzwn,6A,GBAMB7500009
54,"Lucy In The Sky With Diamonds","Elton John",20,163,"","Captain Fantastic And The Brown Dirt Cowboy (Deluxe Edition)",1975-05-19,06:18,40,54,6,0,54,0,0,-9,C Major,4,2020-09-10,7qm8CNevYm6vX5tadKzPip,8B,GBAMB7500011
55,"One Day At A Time","Elton John",13,97,"","Captain Fantastic And The Brown Dirt Cowboy (Deluxe Edition)",1975-05-19,03:49,48,37,43,0,37,0,10,-10,G Major,4,2020-09-10,7cnjONRYj6ZJSFpuqSecTp,9B,GBAMB7500012
56,"Medley: Yell Help / Wednesday Night / Ugly","Elton John",26,87,"","Rock Of The Westies",1975-10-24,06:15,45,77,22,0,54,0,20,-11,B Minor,4,2020-09-10,1wDOwrbOEQOrcSldtK2riK,10A,GBAMB7500014
57,"Feed Me","Elton John",23,93,"","Rock Of The Westies",1975-10-24,04:00,57,81,20,0,64,0,10,-10,C Major,4,2020-09-11,4qUAs5fOf9rGEGq4MTSFDD,8B,GBAMB7500021
58,"One Horse Town","Elton John",23,144,"","Blue Moves",1976-01-01,05:56,40,78,4,16,35,0,50,-7,F#/G♭ Minor,4,2020-09-12,4LYF3uIlrEYF2aIYIa2iBO,11A,GBALX7600010
59,"Chameleon","Elton John",26,122,"","Blue Moves",1976-01-01,05:27,53,46,12,0,39,0,20,-11,G Major,4,2020-09-12,1IfpQHeRaTBLiS9Kcs7H7Y,9B,GBALX7600011
60,"Crazy Water","Elton John",23,139,"","Blue Moves",1976-01-01,05:42,64,64,12,0,39,0,0,-10,A#/B♭ Major,4,2020-09-13,3QapUPFJkO7bMjn5BF1Jlz,6B,GBALX7600014
61,"Out Of The Blue","Elton John",22,162,"","Blue Moves",1976-01-01,06:14,42,85,1,80,92,0,30,-11,E Major,4,2020-09-13,179G71G6qY3k5Fei5SXuZJ,12B,GBALX7600017
62,"Between Seventeen And Twenty","Elton John",20,117,"","Blue Moves",1976-01-01,05:17,70,66,10,0,80,0,30,-8,D Major,4,2020-09-13,33vpBgjk5jRZbUdvYRaOFL,10B,GBALX7600018
63,"Someone's Final Song","Elton John",21,142,"","Blue Moves",1976-01-01,04:10,34,13,85,0,9,0,0,-13,C♯/D♭ Major,4,2020-09-13,3QdlvHfmW90PliKafSvNPf,3B,GBALX7600020
64,"If There's A God In Heaven (What's He Waiting For?)","Elton John",19,160,"","Blue Moves",1976-01-01,04:25,57,75,9,0,68,0,20,-8,A Major,4,2020-09-13,0jfP8jD5xZBWXUJ0H36UKz,11B,GBALX7600022
65,"Idol","Elton John",23,120,"","Blue Moves",1976-01-01,04:08,55,29,35,0,16,0,20,-14,G Major,4,2020-09-13,5GUnAGqaPX4xxVXjhKvVlS,9B,GBALX7600023
66,"Bite Your Lip (Get Up And Dance!)","Elton John",21,142,"","Blue Moves",1976-01-01,06:43,56,96,1,0,53,0,10,-7,F Major,4,2020-09-13,3ABQtGJcxZHdMyqPbHTD95,7B,GBALX7600025
67,"Part-Time Love","Elton John",41,138,"","A Single Man",1978-10-01,03:16,72,68,4,0,84,0,0,-10,C♯/D♭ Major,4,2020-09-14,7fOCk5J3V7rC914y1seAvs,3B,GBAMS7800123
68,"Song For Guy","Elton John",52,123,"","A Single Man",1978-10-01,06:53,46,17,2,0,12,0,0,-16,C Major,4,2020-09-15,71zJRiAG1f817v9R9tYMvg,8B,GBAMS7800133
69,"Ego","Elton John",20,152,"","A Single Man",1978-10-01,04:00,56,58,30,0,46,0,10,-9,C Major,4,2020-09-15,6QNrmIiwwsvkL0GFkV2Cfq,8B,GBAMS7800129
70,"Flinstone Boy","Elton John",15,126,"","A Single Man",1978-10-01,04:13,77,36,8,0,52,0,10,-13,A Major,4,2020-09-15,7KPwwzMF2VqRLgtPKP2KVh,11B,GBAMS7800132
71,"Lovesick","Elton John",15,140,"","A Single Man",1978-10-01,03:59,66,74,3,0,65,0,0,-10,F Major,4,2020-09-15,18s5u73IeszmNilFtAZ27U,7B,GBAMS7800131
72,"Born Bad","Elton John",14,127,"","Victim Of Love",1979-10-13,05:12,86,85,0,5,96,0,0,-11,G Major,4,2020-09-15,4RdQ9J8PrxWodB1IwBVS5h,9B,GBAMB0080024
73,"Thunder In The Night","Elton John",15,127,"","Victim Of Love",1979-10-13,04:40,72,79,0,1,94,0,0,-11,A Minor,4,2020-09-15,2HC7LSI7fe1cekMlD9j0tV,8A,GBAMB0080025
74,"Spotlight","Elton John",12,127,"","Victim Of Love",1979-10-13,04:23,83,80,0,3,97,0,0,-11,C Major,4,2020-09-15,4p4UIGwxoET2aW2BXJeCL8,8B,GBAMB0000026
75,"Victim Of Love","Elton John",30,126,"","Victim Of Love",1979-10-13,04:55,87,74,1,0,96,0,10,-11,D#/E♭ Minor,4,2020-09-16,1zxyBNzJSzhdWXrws0p3xV,2A,GBAMB0000028
76,"Little Jeannie","Elton John",56,144,"","21 At 33",1980-05-13,05:13,62,44,46,0,76,0,0,-14,A#/B♭ Major,4,2020-09-16,19Kf8FxBJ5a1Bb8uKCrIIe,6B,GBA098000020
77,"White Lady White Powder","Elton John",21,131,"","21 At 33",1980-05-13,04:32,73,57,7,0,85,0,10,-12,F Major,4,2020-09-16,1AC2yaxIO68p1h5gSeKsTO,7B,GBA098000050
78,"Never Gonna Fall In Love Again","Elton John",19,117,"","21 At 33",1980-05-13,04:08,64,23,55,0,30,0,10,-16,D Major,4,2020-09-16,2jTObRM0ckTs6naKA7r7P6,10B,GBA098000070
79,"Take Me Back","Elton John",17,109,"","21 At 33",1980-05-13,03:51,72,34,15,0,66,0,10,-13,D#/E♭ Major,4,2020-09-16,0uuY1ugGRma1cHJicmi6Ja,5B,GBA098000080
80,"Heart In The Right Place - Remastered 2003","Elton John",15,114,"","The Fox",1981-01-01,05:14,65,54,5,0,44,0,20,-11,D Minor,1,2020-09-16,4L4Bs8mRMrjf1RC12ZQ1Lx,7A,GBA098100020
81,"Just Like Belgium - Remastered 2003","Elton John",23,144,"","The Fox",1981-01-01,04:09,59,81,8,0,86,0,10,-10,G Major,4,2020-09-16,0g04hQLDBQGedUIRDp1mmn,9B,GBA098100030
82,"Fascist Faces - Remastered 2003","Elton John",15,82,"","The Fox",1981-01-01,05:11,53,75,16,0,49,0,10,-10,F Major,4,2020-09-17,2byAwZoNnmSKGMdPo7hyS9,7B,GBA098100050
83,"Carla/Etude - Fanfare - Chloe - Remastered 2003","Elton John",21,141,"","The Fox",1981-01-01,10:51,39,15,75,0,6,0,10,-16,D Minor,4,2020-09-17,231kvu5STQGcqzuRDX9S9C,7A,GBA098100060
84,"Heels Of The Wind - Remastered 2003","Elton John",16,149,"","The Fox",1981-01-01,03:34,62,82,15,0,96,0,10,-11,C Major,4,2020-09-17,2dZc2bJf1qdWrMNOoV4xuE,8B,GBA098100080
85,"The Fox - Remastered 2003","Elton John",20,138,"","The Fox",1981-01-01,05:20,65,50,72,0,60,0,0,-12,C♯/D♭ Major,4,2020-09-17,6lOCElinpBuk7uwvSEdaGo,3B,GBA098100100
86,"Ball & Chain - Remastered 2003","Elton John",18,158,"","Jump Up!",1982-01-01,03:28,73,83,4,0,92,0,0,-10,A#/B♭ Major,4,2020-09-18,78KPKXdYxbt2pSu2WdXSjS,6B,GBA098200030
87,"Empty Garden (Hey Hey Johnny) - Remastered 2003","Elton John",53,109,"","Jump Up!",1982-01-01,05:08,67,36,14,0,22,0,40,-13,E Major,4,2020-09-18,01PjrDX13iIjeHc5iJZmb3,12B,GBA098200070
88,"Princess - Remastered 2003","Elton John",31,82,"","Jump Up!",1982-01-01,04:55,60,50,50,2,53,0,0,-12,D Minor,4,2020-09-18,4CXqTPvtAyxH7YnRvxloDr,7A,GBA098200080
89,"Where Have All The Good Times Gone - Remastered 2003","Elton John",24,132,"","Jump Up!",1982-01-01,04:01,73,64,22,0,73,0,0,-13,C Major,4,2020-09-18,3qe4VBx2tsMcnXp66Puf2w,8B,GBA098200090
90,"Too Low For Zero","Elton John",38,137,"","Too Low For Zero",1983-05-30,05:46,68,67,44,1,72,0,20,-8,F Major,4,2020-09-19,45pcawfb1hdBjq69krZpMZ,7B,GBALX8300191
91,"Crystal","Elton John",32,164,"","Too Low For Zero",1983-05-30,05:05,63,71,37,0,84,0,0,-9,C Minor,4,2020-09-19,4bpNHxM2QdnG4p7ZtUb86M,5A,GBALX8300193
92,"Whipping Boy","Elton John",28,173,"","Too Low For Zero",1983-05-30,03:44,47,91,21,0,61,0,50,-7,C♯/D♭ Major,4,2020-09-19,0DEMdhqWg1drmkprEHVsYU,3B,GBALX8300195
93,"One More Arrow","Elton John",31,77,"","Too Low For Zero",1983-05-30,03:47,41,28,63,0,19,0,10,-11,D#/E♭ Major,4,2020-09-20,06TZGqGlFbXRapJ60wfswv,5B,GBALX8300197
94,"Dreamboat","Elton John",26,94,"","Too Low For Zero",1983-05-30,07:34,57,51,25,0,84,0,10,-9,G Major,4,2020-09-20,44Ow6QD0WKNDXKa7V7gmcB,9B,GBAMS8300002
95,"Slow Down Georgie (She's Poison)","Elton John",18,137,"","Breaking Hearts",1984-07-09,04:09,67,67,21,0,65,0,0,-11,G Major,4,2020-09-21,5KwePD7DfNdGs9EpFTiuCW,9B,GBALX0080002
96,"Who Wears These Shoes?","Elton John",38,169,"","Breaking Hearts",1984-07-09,04:03,62,75,21,0,96,0,60,-10,D Major,4,2020-09-21,6mGOqiCzOhzG08qtFdoYHw,10B,GBF088490142
97,"In Neon","Elton John",26,144,"","Breaking Hearts",1984-07-09,04:19,58,39,65,0,21,0,10,-13,G#/A♭ Major,3,2020-09-21,7lt7Ln4T1msZFAOyuLvs1I,4B,GBALX0080006
98,"Did He Shoot Her?","Elton John",17,119,"","Breaking Hearts",1984-07-09,03:20,68,73,1,0,62,0,0,-11,D#/E♭ Major,4,2020-09-21,4zc43tuPonqY5IJTrOVo6z,5B,GBALX0080008
99,"Sad Songs (Say So Much)","Elton John",58,107,"","Breaking Hearts",1984-07-09,04:55,76,74,9,0,94,0,0,-11,C Major,4,2020-09-21,2LAgzgp3kmBG6uOqwms3eR,8B,GBF080300708
100,"Cry To Heaven","Elton John",26,141,"","Ice On Fire",1985-11-07,04:16,52,39,9,0,22,0,30,-14,A Minor,4,2020-09-22,6XOoAqdkeebLjIy2b8zTvG,8A,GBAMS8500190
101,"Satellite","Elton John",17,158,"","Ice On Fire",1985-11-07,04:37,74,73,9,0,90,0,0,-10,E Major,4,2020-09-23,6Xj6fvQHPBCQvLX4Z4lBl5,12B,GBAMS8500194
102,"The Man Who Never Died - 1985 Remix","Elton John,Gus Dudgeon",18,157,"","Ice On Fire",1985-11-07,05:12,54,36,1,74,74,0,0,-19,C♯/D♭ Major,4,2020-09-23,08NXR7KxhL0ZcfI09qvN0E,3B,GBAMS8500202
103,"Leather Jackets","Elton John",15,137,"","Leather Jackets",1986-10-15,04:13,76,85,3,2,97,0,0,-15,C Major,4,2020-09-24,5YmezG79BP11qaR5vhemoL,8B,GBALX0080009
104,"Hoop Of Fire","Elton John",14,169,"","Leather Jackets",1986-10-15,04:15,55,40,12,0,26,0,30,-18,G Major,4,2020-09-24,5E77V6ErhqNdoEsDumSFeT,9B,GBALX0080010
105,"Gypsy Heart","Elton John",14,154,"","Leather Jackets",1986-10-15,04:45,55,32,25,0,25,0,0,-16,F Major,3,2020-09-24,2UetIVN5j3he2NN74senIA,7B,GBALX0080013
106,"Heartache All Over The World","Elton John",29,141,"","Leather Jackets",1986-10-15,04:17,66,58,3,0,84,0,0,-14,C♯/D♭ Major,4,2020-09-24,0KQbn6gKpKdLlugDfxaF7r,3B,GBALX0080015
107,"Angeline","Elton John",12,150,"","Leather Jackets",1986-10-15,03:54,71,68,3,0,88,0,0,-15,A Major,4,2020-09-24,3NyugY2aJZ8Bmqj7AENE7A,11B,GBALX0080016
108,"A Word In Spanish","Elton John",33,162,"","Reg Strikes Back",1988-06-24,04:39,63,68,9,0,60,0,20,-11,C Major,4,2020-09-25,1EsN2D481Q3E8vz68nkNoA,8B,GBAMS8800002
109,"Town Of Plenty","Elton John",17,128,"","Reg Strikes Back",1988-06-24,03:40,72,92,10,0,97,0,20,-8,D#/E♭ Major,4,2020-09-25,6BOLPwc8rJmTpEmMhK8Pjc,5B,GBAMS8800001
110,"Heavy Traffic","Elton John",14,102,"","Reg Strikes Back",1988-06-24,03:30,72,83,19,0,95,0,0,-9,D Major,4,2020-10-14,60JiM6XyjGjXvdEcZ49tTZ,10B,GBAMS8800008
111,"Are You Ready For Love","Elton John",35,117,"","The Complete Thom Bell Sessions",1989-02,08:15,77,55,53,0,80,0,70,-13,D Major,4,2020-10-20,5mS7wVmg0zioSaMrMZ1fZf,10B,GBF087900795
112,"Three Way Love Affair","Elton John",15,115,"","The Complete Thom Bell Sessions",1989-02,04:59,80,46,63,0,76,0,0,-14,A Major,4,2020-11-14,1fhEw1GELCC0d9xF70lNBi,11B,GBF087900796
113,"Club At The End Of The Street","Elton John",42,125,"","Sleeping With The Past (Remastered with bonus tracks)",1989-08-29,04:52,65,76,0,1,78,0,30,-10,D Major,4,2020-11-15,3spWfMlB39jSkstIslYnvG,10B,GBALX8900105
114,"I Never Knew Her Name","Elton John",30,137,"","Sleeping With The Past (Remastered with bonus tracks)",1989-08-29,03:28,61,72,0,0,68,0,10,-10,A#/B♭ Major,3,2020-11-18,5t9gKY2Y0y3M0bs8J9V2e3,6B,GBALX8900108
115,"The One","Elton John",62,76,"","The One",1992-06-22,05:53,43,65,2,0,31,0,10,-8,A#/B♭ Major,4,2020-11-24,2stzPKoUdtHcA4LlEu2ayw,6B,GBALX9200088
116,"Sweat It Out","Elton John",27,101,"","The One",1992-06-22,06:38,58,85,0,38,50,0,30,-8,A Minor,4,2020-12-15,7tuP0f0jiZT7fHg3VyDDrJ,8A,GBALX9200191
117,"Runaway Train","Elton John,Eric Clapton",38,109,"blues, blues rock, classic rock","The One",1992-06-22,05:22,55,88,2,5,72,0,0,-8,A#/B♭ Major,4,2020-12-15,1relIAfP5Dn2cihAHv1efL,6B,GBALX9200192
118,"Whitewash Country","Elton John",25,134,"","The One",1992-06-22,05:30,54,91,1,12,96,0,30,-6,G Major,4,2020-12-15,6Ind1AWnuYb1pSKwnJgRWh,9B,GBALX9200193
119,"Emily","Elton John",28,99,"","The One",1992-06-22,04:58,58,66,0,0,36,0,0,-9,F Major,4,2020-12-15,2eIfNoVHmo3LGI5IZB5Nv2,7B,GBALX9200196
120,"Suit Of Wolves","Elton John",24,82,"","The One",1992-06-22,05:48,46,73,0,0,22,0,10,-8,F Major,4,2020-12-16,7mvK7JHc1fOVs7HLVP3fwV,7B,GBAMS9200002
121,"I've Been Loving You","Elton John",20,97,"","Rare Masters",1992-10-20,03:17,43,53,65,0,57,0,10,-11,A#/B♭ Major,4,2020-12-16,7pXAV1MkJRTpYlNtBh8SDe,6B,GBAMB0080035
122,"Here's To The Next Time","Elton John",8,138,"","Rare Masters",1992-10-20,03:08,50,46,46,3,44,0,10,-12,F Minor,3,2020-12-16,3xoL8qk2B7m1IB3j1Z4rRr,4A,GBAMB0080036
123,"Friends - From “Friends” Soundtrack","Elton John",23,149,"","Rare Masters",1992-10-20,02:23,34,41,30,0,41,0,10,-15,A#/B♭ Major,4,2020-12-17,2Lp8OBz55UR4zF92AT7Qsi,6B,GBAMB7100191
124,"Can I Put You On","Elton John",14,149,"","Rare Masters",1992-10-20,05:57,39,62,3,0,79,0,0,-14,C Major,4,2020-12-26,5xex2rbXQuutvv5Vdsj5b7,8B,GBAMB0080034
125,"Honey Roll - From “Friends” Soundtrack","Elton John",15,79,"","Rare Masters",1992-10-20,03:07,55,50,7,0,93,0,10,-17,A#/B♭ Major,4,2020-12-26,3gAZbNS5QMbRvYRFEqyLQE,6B,GBAMB0080030
126,"Variation On Friends - From “Friends” Soundtrack","Elton John",13,76,"","Rare Masters",1992-10-20,01:42,17,6,98,88,15,0,10,-26,A#/B♭ Major,4,2020-12-26,7anBBLCJRptoZEQMzM4EXc,6B,GBAMB0080040
127,"Step Into Christmas","Elton John",20,140,"","Rare Masters",1992-10-20,04:29,55,81,9,0,87,0,10,-11,D Major,4,2020-12-28,3z1Z6MPU4w1rNMOCbgDx6H,10B,GBAMB9500053
128,"Ho! Ho! Ho! (Who'd Be A Turkey At Christmas)","Elton John",9,144,"","Rare Masters",1992-10-20,04:03,69,52,48,0,94,0,90,-14,C Major,4,2020-12-28,7rs6BMGuc9eBGKMOPfuSn3,8B,GBAMB9500054
129,"The Power","Elton John,Little Richard",24,94,"rockabilly, rock and roll, doo-wop, boogie-woogie","Duets",1993-11-22,06:24,66,74,2,0,89,0,0,-8,A#/B♭ Minor,4,2020-12-28,4Rwhsr1QuY8gKgNF1Z9x6T,3A,GBALX9390096
130,"Shakey Ground","Elton John,Don Henley",25,93,"yacht rock","Duets",1993-11-22,03:50,75,67,6,0,93,0,20,-7,D Major,4,2020-12-28,2KCrp7O8yf3Aa2yJGioxYU,10B,GBALX9390097
131,"True Love","Elton John,Kiki Dee",41,105,"","Duets",1993-11-22,03:33,59,42,32,0,21,0,10,-10,F#/G♭ Major,3,2020-12-28,01qYEGYCRYzMSNOj8idCmk,2B,GBALX9390098
132,"If You Were Me","Elton John,Chris Rea",46,96,"christmas","Duets",1993-11-22,04:24,71,59,18,0,41,0,10,-11,C Major,4,2020-12-28,3eyNuN5x2oYRVUB6xgapWb,8B,GBALX9390099
133,"Go On And On","Elton John,Gladys Knight",16,136,"","Duets",1993-11-22,05:50,79,72,5,0,82,0,0,-10,D#/E♭ Minor,4,2020-12-28,6HWQqdtoWpxgdGyWiuMfIa,2A,GBALX9390102
134,"Love Letters","Elton John,Bonnie Raitt",34,120,"blues","Duets",1993-11-22,04:00,50,46,33,1,23,0,10,-10,C Major,3,2020-12-29,6pqNafE84udPaoFLGffd7E,8B,GBALX9390106
135,"Made In England","Elton John",40,139,"","Made In England",1995-03-17,05:08,61,89,4,1,67,0,40,-8,C Major,4,2020-12-29,6VmxhbNRCURgu8d5pEPRb8,8B,GBAMS9400003
136,"House","Elton John",31,124,"","Made In England",1995-03-17,04:27,55,33,5,0,19,0,20,-12,C Major,3,2020-12-29,18TTjRnZaLPB7h5qzp8GKu,8B,GBAMS9400004
137,"Pain","Elton John",27,130,"","Made In England",1995-03-17,03:49,60,90,1,1,77,0,10,-7,D#/E♭ Major,4,2020-12-30,2n3k300vERaQqhZfeX4SFn,5B,GBAMS9400006
138,"Latitude","Elton John",27,143,"","Made In England",1995-03-17,03:34,52,48,21,0,58,0,30,-11,G Major,3,2020-12-30,0A61XPHSbMtlNn7A6ejWcu,9B,GBAMS9400008
139,"Please","Elton John",35,120,"","Made In England",1995-03-17,03:52,64,82,5,0,79,0,30,-9,E Major,4,2020-12-30,0XliZLlXoSSv2f6A3Xz1e3,12B,GBAMS9400009
140,"Lies","Elton John",27,126,"","Made In England",1995-03-17,04:26,70,74,11,0,84,0,10,-8,G Minor,4,2020-12-30,2lIkaxlhbqzNwQCE8PHKYp,6A,GBAMS9400011
141,"Long Way From Happiness","Elton John",27,170,"","The Big Picture",1997-09-22,04:46,46,44,38,2,11,0,30,-15,D Minor,4,2020-12-31,1RrUfClcLFugXnTUrw8erj,7A,GBAMS9700007
142,"The End Will Come","Elton John",24,132,"","The Big Picture",1997-09-22,04:52,60,59,19,0,26,0,10,-8,F Major,4,2020-12-31,2xRCTZzmuPFnXwzGfFkvwL,7B,GBAMS9700010
143,"If The River Can Bend","Elton John",25,83,"","The Big Picture",1997-09-22,05:21,55,84,13,0,68,0,20,-9,F Major,4,2020-12-31,1ZjjErIZeYuwsy6GzdVttX,7B,GBAMS9700008
144,"Something About The Way You Look Tonight","Elton John",51,144,"","The Big Picture",1997-09-22,05:08,48,52,21,0,51,0,0,-10,F#/G♭ Major,4,2020-12-31,4l4mSq8IKgCMz0q9KFZ7tK,2B,GBAMS9700006
145,"The Big Picture","Elton John",24,140,"","The Big Picture",1997-09-22,03:45,52,49,23,0,25,0,10,-10,D#/E♭ Major,4,2020-12-31,0OURN33X5feSViWhu73SSZ,5B,GBAMS9700004
146,"January","Elton John",18,116,"","The Big Picture",1997-09-22,03:59,69,65,11,0,49,0,10,-8,C Major,4,2020-12-31,3iiDK7xLc1gHFYb2GeiSHl,8B,GBAMS9700005
147,"Wicked Dreams","Elton John",22,123,"","The Big Picture",1997-09-22,04:39,59,92,0,15,86,0,20,-8,C Major,4,2020-12-31,65njIUOttrk8Q6XRlLP4Mw,8B,GBAMS9700011
148,"Without Question - From  The Road To El Dorado  Soundtrack","Elton John",34,93,"","The Road To El Dorado (Original Motion Picture Soundtrack)",2000-01-01,04:47,63,50,42,0,15,0,10,-8,C Major,4,2021-01-01,0hwUYkDNvJDEwbbFh5SiFw,8B,USDW10021669
149,"Someday Out Of The Blue (Theme From El Dorado) - From  The Road To El Dorado  Soundtrack","Elton John",37,160,"","The Road To El Dorado (Original Motion Picture Soundtrack)",2000-01-01,04:47,57,83,27,0,48,0,0,-7,A#/B♭ Major,4,2021-01-01,1MtLyoONKfK41bQONcARsn,6B,USDW10021668
150,"The Trail We Blaze - From  The Road To El Dorado  Soundtrack","Elton John",40,162,"","The Road To El Dorado (Original Motion Picture Soundtrack)",2000-01-01,03:53,56,74,22,0,47,0,10,-9,C Major,4,2021-01-01,0ethI8X4VfWjOOPhPCJ2zk,8B,USDW10021671
151,"Trust Me - From  The Road To El Dorado  Soundtrack","Elton John",20,116,"","The Road To El Dorado (Original Motion Picture Soundtrack)",2000-01-01,04:45,67,77,5,3,67,0,40,-8,D#/E♭ Major,4,2021-01-01,0xRI7YqTGf3VuFe6YqrY46,5B,USDW10021675
152,"My Heart Dances - From  The Road To El Dorado  Soundtrack","Elton John",20,99,"","The Road To El Dorado (Original Motion Picture Soundtrack)",2000-01-01,04:51,54,51,80,0,33,0,10,-10,D Minor,4,2021-01-01,79TcSmbYhqqZBHskcui5oN,7A,USDW10021676
153,"Queen Of Cities - From  The Road To El Dorado  Soundtrack","Elton John",19,140,"","The Road To El Dorado (Original Motion Picture Soundtrack)",2000-01-01,03:54,53,53,66,0,35,0,10,-8,F Major,4,2021-01-01,72O82V1EopNTdV2X7kRsHb,7B,USDW10021677
154,"The Brig - From  The Road To El Dorado  Soundtrack","Hans Zimmer,Triology",20,163,"soundtrack, score, ","The Road To El Dorado (Original Motion Picture Soundtrack)",2000-01-01,02:58,50,17,92,92,49,0,10,-19,A Minor,3,2021-01-01,3AET0JWjt40A2uN0eubJyj,8A,USDW10021679
155,"Wonders Of The New World - From  The Road To El Dorado  Soundtrack","Hans Zimmer,Elton John",22,120,"soundtrack, score, ","The Road To El Dorado (Original Motion Picture Soundtrack)",2000-01-01,05:55,38,66,20,24,39,0,20,-10,G Major,4,2021-01-01,2n3gnyg5dHNoDINgyHIQJP,9B,USDW10021680
156,"The Emperor's New Clothes","Elton John",25,144,"","Songs From The West Coast (Expanded Edition)",2001-10-01,04:28,65,63,34,0,39,0,10,-7,C Major,4,2021-01-04,4iQbhtTEwrM2qfbaJlUe7I,8B,GBF080100325
157,"Look Ma, No Hands","Elton John",23,88,"","Songs From The West Coast (Expanded Edition)",2001-10-01,04:22,58,77,3,0,61,0,10,-6,E Major,4,2021-01-04,07p0uEk2UznuI56V5Xly3B,12B,GBF080100326
158,"Birds","Elton John",18,90,"","Songs From The West Coast (Expanded Edition)",2001-10-01,03:52,56,88,28,0,73,0,0,-6,C Major,4,2021-01-04,6wUgJcub5RD3PXGsmR53Uv,8B,GBF080100328
159,"I Want Love","Elton John",52,143,"","Songs From The West Coast (Expanded Edition)",2001-10-01,04:35,44,70,7,0,36,0,30,-6,A Major,4,2021-01-04,5rnMgctZxjKDNdqrVqg7Bm,11B,GBF080100297
160,"Mansfield","Elton John",17,134,"","Songs From The West Coast (Expanded Edition)",2001-10-01,04:53,61,63,5,0,54,0,0,-7,A#/B♭ Major,4,2021-01-04,3I0Cw8Qy3vB1gy1W76GPyv,6B,GBF080100330
161,"Weight Of The World","Elton John",24,128,"","Peachtree Road (Expanded Edition)",2004-11-07,03:58,65,52,82,0,28,0,30,-9,G Major,4,2021-01-05,0zoWR9ChfiAMb1MMFOFW7J,9B,GBF080400427
162,"Answer In The Sky","Elton John",32,111,"","Peachtree Road (Expanded Edition)",2004-11-07,04:03,70,61,75,3,51,0,10,-8,A#/B♭ Major,4,2021-01-05,18ZZAnK7fpLVaXsRw9RwT4,6B,GBF080400434
163,"My Elusive Drug","Elton John",21,121,"","Peachtree Road (Expanded Edition)",2004-11-07,04:12,61,41,83,0,24,0,10,-9,F Major,4,2021-01-05,4quVhM2f0bt6DpIYUJRbhY,7B,GBF080400429
164,"They Call Her The Cat","Elton John",16,138,"","Peachtree Road (Expanded Edition)",2004-11-07,04:27,76,90,50,2,90,0,10,-7,F Major,4,2021-01-05,6jOCw3rPbxQTG3nuxaaX3A,7B,GBF080400426
165,"Too Many Tears","Elton John",14,78,"","Peachtree Road (Expanded Edition)",2004-11-07,04:14,56,55,76,8,33,0,10,-9,A Major,4,2021-01-05,6NaTklchYJQzaPdWiinSim,11B,GBF080400425
166,"The Letter - Bonus Track","Elton John",15,120,"","Peachtree Road (Expanded Edition)",2004-11-07,02:30,69,36,70,0,26,0,10,-8,D#/E♭ Major,4,2021-01-05,1l3pQggnZWxBCG1lreZ6KZ,5B,GBF080500158
167,"Merry Christmas Maggie Thatcher - Bonus Track","Elton John",40,82,"","Peachtree Road (Expanded Edition)",2004-11-07,03:35,70,69,22,0,51,0,10,-5,C Major,4,2021-01-05,0dM6Wr1Hhvfcic5ilTL6gH,8B,GBF080500157
168,"Postcards From Richard Nixon","Elton John",18,164,"","The Captain and The Kid",2006-09-15,05:15,39,76,63,1,42,0,10,-7,C Major,4,2021-01-05,7L8zxqQAWBUea5CGpRo8OM,8B,GBUM70602621
169,"Tinderbox","Elton John",25,73,"","The Captain and The Kid",2006-09-15,04:25,56,61,45,1,32,0,10,-7,A Major,4,2021-01-06,3mNIFeQhmtyZHCxjGNc2IL,11B,GBUM70602625
170,"And The House Fell Down","Elton John",18,172,"","The Captain and The Kid",2006-09-15,04:48,57,66,21,12,60,0,10,-7,C Minor,4,2021-01-06,1232dpQqtpxSs6IXaLOum3,5A,GBUM70602616
171,"Blues Never Fade Away","Elton John",22,118,"","The Captain and The Kid",2006-09-15,04:45,68,49,64,0,38,0,10,-8,D#/E♭ Major,4,2021-01-06,4gdH8mfTgmEgFyts0eq2a6,5B,GBUM70602617
172,"Old 67","Elton John",15,138,"","The Captain and The Kid",2006-09-15,04:01,57,67,66,0,68,0,10,-6,C Major,4,2021-01-06,6oovsNtmQPIKcvEbfVpTmA,8B,GBUM70602620
173,"The Captain and The Kid","Elton John",25,82,"","The Captain and The Kid",2006-09-15,05:01,60,70,28,1,62,0,10,-7,F Major,4,2021-01-06,1dUO9PDSYxb1UERmWYycPi,7B,GBUM70602624
174,"Eight Hundred Dollar Shoes","Elton John,Leon Russell",17,93,"outlaw country","The Union",2010-01-01,03:22,52,36,92,11,14,0,0,-11,D#/E♭ Major,3,2021-01-06,0JzLcxaETEOha4njGktAJl,5B,GBUM71025891
175,"Hey Ahab","Elton John,Leon Russell",21,110,"outlaw country","The Union",2010-01-01,05:39,56,77,6,51,22,0,10,-8,F Minor,4,2021-01-06,3x8Cv7Mf7zufMptbs1s09o,4A,GBUM71025894
176,"Monkey Suit","Elton John,Leon Russell",17,119,"outlaw country","The Union",2010-01-01,04:46,64,81,23,70,86,0,10,-7,A Minor,4,2021-01-07,61yqjD6DUuFNyylhDuhswl,8A,GBUM71025902
177,"The Best Part Of The Day","Elton John,Leon Russell",17,139,"outlaw country","The Union",2010-01-01,04:45,59,50,73,12,36,0,10,-10,G Major,4,2021-01-07,6312UcXTyVUSHD74UcxNun,9B,GBUM71026488
178,"When Love Is Dying","Elton John,Leon Russell",28,125,"outlaw country","The Union",2010-01-01,04:50,45,46,71,51,29,0,0,-9,A#/B♭ Major,4,2021-01-08,5iA3x3XYbVeVa3ZOt87mHC,6B,GBUM71026489
179,"Hearts Have Turned To Stone","Elton John,Leon Russell",13,95,"outlaw country","The Union",2010-01-01,03:46,68,72,30,77,71,0,0,-8,B Minor,4,2021-01-08,20MsV3Lg7ho9t0hOn5femD,10A,GBUM71025893
180,"In The Hands Of Angels","Elton John,Leon Russell",13,93,"outlaw country","The Union",2010-01-01,04:43,43,28,90,14,25,0,10,-11,D Major,3,2021-01-08,43HjNdGLxA1RF2XTyFQJzo,10B,GBUM71025889
181,"Oceans Away","Elton John",19,136,"","The Diving Board (Deluxe Version)",2013-09-16,03:57,50,22,94,0,20,0,10,-12,D#/E♭ Major,4,2021-01-08,2TrBfsNw80beXSkWyV3g9t,5B,GBUM71303430
182,"A Town Called Jubilee","Elton John",15,74,"","The Diving Board (Deluxe Version)",2013-09-16,04:29,54,67,52,11,48,0,10,-7,G Major,4,2021-01-08,57W2BnuNqMEHA8d6StLeVZ,9B,GBUM71303457
183,"The Ballad Of Blind Tom","Elton John",15,87,"","The Diving Board (Deluxe Version)",2013-09-16,04:12,56,72,35,2,44,0,0,-8,C Minor,4,2021-01-08,2dvIMtjCQjsWE1O1YmGYEe,5A,GBUM71303179
184,"Dream # 1","Elton John",10,95,"","The Diving Board (Deluxe Version)",2013-09-16,00:39,40,25,97,90,18,0,10,-16,C Minor,4,2021-01-08,1sgjg2dmL67pVH0qZbq26o,5A,GBUM71303181
185,"Can't Stay Alone Tonight","Elton John",30,87,"","The Diving Board (Deluxe Version)",2013-09-16,04:48,64,57,22,3,50,0,10,-9,D Major,4,2021-01-12,1MSPSJToyk1rMHGDAMjVMM,10B,GBUM71303182
186,"Home Again","Elton John",36,138,"","The Diving Board (Deluxe Version)",2013-09-16,05:01,44,37,89,27,14,0,10,-11,D Minor,4,2021-01-12,5tOe9RlhnwZ4JuymPJDC1h,7A,GBUM71303184
187,"Take This Dirty Water","Elton John",14,86,"","The Diving Board (Deluxe Version)",2013-09-16,04:24,56,63,47,55,58,0,10,-7,G Major,4,2021-01-12,7LzDPiPVJAXwk2gHkwbpTv,9B,GBUM71303186
188,"The Diving Board","Elton John",13,77,"","The Diving Board (Deluxe Version)",2013-09-16,05:59,34,41,59,2,12,0,10,-9,C Minor,4,2021-01-12,0QRKs4JhXJR7BG4E0Zc3Ka,5A,GBUM71303205
189,"In The Name Of You","Elton John",24,81,"","Wonderful Crazy Night (Deluxe)",2016-02-05,04:33,49,82,11,5,58,0,0,-5,G#/A♭ Major,4,2021-01-12,7Fxo33DpdxrWBvlP7qW28m,4B,GBUM71506184
190,"Blue Wonderful","Elton John",24,83,"","Wonderful Crazy Night (Deluxe)",2016-02-05,03:37,46,55,56,0,49,0,0,-6,E Major,4,2021-01-12,5goFdE9LTs1r0JgVvOdMZ8,12B,GBUM71506180
191,"Looking Up","Elton John",36,152,"","Wonderful Crazy Night (Deluxe)",2016-02-05,04:06,46,88,3,33,93,0,10,-5,D Major,4,2021-01-14,5fOsO9KAvay8VY7Wr6p3BY,10B,GBUM71506185
192,"The Open Chord","Elton John",17,82,"","Wonderful Crazy Night (Deluxe)",2016-02-05,04:04,58,69,47,0,64,0,10,-7,C Major,4,2021-01-14,4iW54UaPU3ozjqsCTvuuZt,8B,GBUM71506187
193,"Free And Easy","Elton John",14,126,"","Wonderful Crazy Night (Deluxe)",2016-02-05,03:55,58,50,20,0,43,0,10,-7,G Minor,4,2021-01-14,6gIyWUbkKac0xYSj9sYmYc,6A,GBUM71506216
194,"Hourglass - Band Version","Elton John",0,92,"","Jewel Box",2020-11-13,02:48,51,35,49,0,49,0,10,-12,G Major,4,2021-01-14,1rAjhRA2ggVRhbyIvfo32S,9B,GBUM72003280
195,"Choc Ice Goes Mental","Elton John",0,140,"","Jewel Box",2020-11-13,02:04,20,73,3,89,80,0,30,-12,G Major,3,2021-01-14,7dtvL4L4XFhKXDsBjruVOA,9B,GBUM70711380
196,"Snow Queen","Elton John,Kiki Dee",0,75,"","Jewel Box",2020-11-13,05:55,73,60,17,3,90,0,0,-17,G Major,4,2021-01-18,5cxTVgN1VVl0XgwDhNgyvB,9B,GBF080300181
197,"Cartier","Elton John",0,90,"","Jewel Box",2020-11-13,00:58,56,16,95,0,19,0,10,-18,G Major,4,2021-01-18,5n4PDocRc8OwGGnSbvyxfS,9B,GBALX8000001
198,"White Man Danger","Elton John",0,132,"","Jewel Box",2020-11-13,05:26,74,53,12,0,81,0,0,-12,A Minor,4,2021-01-18,1200kC7vSAoAmEcz9SIT6I,8A,GBUM70708307
199,"Steal Away Child","Elton John",0,94,"","Jewel Box",2020-11-13,03:06,42,13,96,12,7,0,10,-16,A#/B♭ Major,3,2021-01-18,3MdkOokTWLGts5RCSsnBw2,6B,GBUM70708308
200,"Les Aveux","Elton John,France Gall",0,81,"variété française, chanson, french pop, french house","Jewel Box",2020-11-13,04:14,46,33,25,0,23,0,30,-14,A#/B♭ Major,3,2021-01-18,5xXtDYp7Dt7dVLEQFa7vUC,6B,GBUM72003386
201,"Can't Get Over Getting Over Losing You","Elton John",0,98,"","Jewel Box",2020-11-13,04:16,47,38,44,0,31,0,20,-15,G Major,4,2021-01-18,5Wn2U7ymnyPHcTuSKCdW2w,9B,GBUM70708309
202,"Hey Papa Legba","Elton John",0,178,"","Jewel Box",2020-11-13,05:17,47,68,18,0,88,0,0,-10,C Minor,4,2021-01-18,2z6i1Evk0r0OitS7cLVcyc,5A,GBUM70711382
203,"Take Me Down To The Ocean","Elton John",0,138,"","Jewel Box",2020-11-13,04:08,53,84,14,0,96,0,30,-13,A Major,4,2021-01-18,2FQySWeEqadrBgVSucav9r,11B,GBUM70711389
204,"Lonely Boy","Elton John",0,83,"","Jewel Box",2020-11-13,04:50,51,54,12,1,63,0,10,-14,C Major,4,2021-01-27,6w5hVSiNNYOFtGL8LwvZ3h,8B,GBUM70711153
205,"Billy And The Kids","Elton John",0,109,"","Jewel Box",2020-11-13,04:25,81,73,13,0,96,0,0,-13,C Major,4,2021-01-27,7JlJOKmiTqrtGbWh0Xpby1,8B,GBUM70711154
206,"Lord Of The Flies","Elton John",0,156,"","Jewel Box",2020-11-13,04:40,65,50,26,0,88,0,0,-16,D Major,4,2021-02-01,1M3phnRDRhCyIqhy0Mi5z6,10B,GBUM70711155
207,"God Never Came Here","Elton John",0,106,"","Jewel Box",2020-11-13,03:53,66,51,4,0,45,0,30,-11,G Minor,4,2021-02-01,2dxeelGcmylzQ2MagiTkl7,6A,GBF080100339
208,"A Little Peace","Elton John",0,80,"","Jewel Box",2020-11-13,03:59,74,55,78,0,73,10,0,-11,F Major,4,2021-02-01,3EVI6AbIV1pVqd5tq1sJg7,7B,GBF080400568
209,"How's Tomorrow","Elton John",0,67,"","Jewel Box",2020-11-13,05:22,54,48,59,0,34,0,10,-10,G Minor,4,2021-02-01,62OoYbMZgrTaya8EjwFDCc,6A,GBF080500137
210,"Peter's Song","Elton John",0,80,"","Jewel Box",2020-11-13,03:41,61,41,58,0,28,0,10,-12,A Major,4,2021-02-01,6MAjofeiBAS06r6CyrPxEz,11B,GBF080400978
211,"Things Only Get Better With Love","Elton John",0,145,"","Jewel Box",2020-11-13,05:18,46,59,74,0,52,10,10,-8,D#/E♭ Major,4,2021-02-01,2x6I8VYJwVVWhYtVcF8xod,5B,GBF080500136
212,"Lonely This Christmas","Blue",18,202,"","Sorry Seems To Be The Hardest Word",2002-01-01,02:08,44,33,79,0,47,0,10,-10,C Major,3,2021-02-01,3286trFhka9fsnheuz1haP,8B,GBCAD0201784
213,"So Sad The Renegade","Elton John",0,128,"","All That I'm Allowed (I'm Thankful)",2004-01-01,05:02,63,54,29,0,37,0,30,-7,D Major,4,2021-02-01,2DHtVPsu9HxEGFwq5wqDoc,10B,GBF080400569
214,"Keep It A Mystery","Elton John",0,84,"","All That I'm Allowed (I'm Thankful)",2004-01-01,04:13,48,76,69,1,42,0,10,-8,G Minor,4,2021-02-01,53ugkdhuKd6wl1QM2XmlOH,6A,GBF080400570
215,"2 Fingers of Whiskey - Music from The American Epic Sessions","Elton John,Jack White",21,140,"blues rock, garage rock","2 Fingers of Whiskey (Music from The American Epic Sessions)",2017-06-01,02:52,55,51,99,0,81,0,0,-6,G Major,3,2021-02-03,5Yn8WCB4Dqm8snemB5Mu4K,9B,GBGYN0400271
216,"Learn To Fly","Surfaces,Elton John",0,174,"","Learn To Fly (with Elton John)",2020-06-12,03:29,57,54,55,0,66,0,0,-6,C♯/D♭ Major,4,2021-02-03,518miTxc3a15X7HB8FgJUW,3B,QZJ842000301
217,"I Can't Go On Living Without You - Single Mix","Elton John",19,137,"","I Can't Go On Living Without You",2020-11-11,02:57,53,95,61,0,57,0,0,1,D#/E♭ Major,4,2021-02-03,2EJw1iBTmahbeUKlt2CfMf,5B,GBUM72005600
218,"Bye, Bye Baby","Big Brother & The Holding Company,Janis Joplin",39,106,"psychedelic rock, acid rock, classic rock","Big Brother & The Holding Company",1967-00-00,02:39,67,34,18,13,64,0,10,-14,C Major,1,2021-02-05,7E6RJ05OosW2yd7mv3EwpN,8B,USSM16601321
219,"Intruder","Big Brother & The Holding Company,Janis Joplin",21,138,"psychedelic rock, acid rock, classic rock","Big Brother & The Holding Company",1967-00-00,02:29,54,54,26,12,76,0,20,-9,G Major,4,2021-02-05,5EqVOjDUSQwwFSSsoJE4oV,9B,USSM16601323
220,"Coo Coo","Big Brother & The Holding Company,Janis Joplin",34,141,"psychedelic rock, acid rock, classic rock","Big Brother & The Holding Company",1967-00-00,01:58,51,66,27,53,50,0,20,-9,C Major,4,2021-02-11,5PEEbmeELam84bKuxZsoj2,8B,USSM16601329
221,"Caterpillar","Big Brother & The Holding Company,Janis Joplin",19,161,"psychedelic rock, acid rock, classic rock","Big Brother & The Holding Company",1967-00-00,02:19,42,53,44,0,91,0,20,-10,F Major,4,2021-02-11,62e0aOni5RTMihv8k6wjxZ,7B,USSM16601327
222,"Turtle Blues","Big Brother & The Holding Company,Janis Joplin",39,109,"psychedelic rock, acid rock, classic rock","Cheap Thrills",1968-08-12,04:23,54,48,84,0,48,0,50,-10,G Major,4,2021-02-15,1CdEksXQ6gvdr4blQjQdTZ,9B,USSM16801241
223,"Oh, Sweet Mary","Big Brother & The Holding Company,Janis Joplin",31,160,"psychedelic rock, acid rock, classic rock","Cheap Thrills",1968-08-12,04:16,22,53,3,18,53,0,40,-14,F Major,4,2021-02-15,6dK3YqaigUJPxdTZqwhnM7,7B,USSM16801242
224,"Ball and Chain","Big Brother & The Holding Company,Janis Joplin",47,81,"psychedelic rock, acid rock, classic rock","Cheap Thrills",1968-08-12,09:29,39,27,52,2,25,0,20,-15,B Minor,4,2021-02-24,6jXzkgISP6UfMEEaKkxWJw,10A,USSM16801243
225,"Try (Just a Little Bit Harder)","Janis Joplin",49,110,"classic rock, psychedelic rock, acid rock","I Got Dem Ol' Kozmic Blues Again Mama!",1969-09-11,03:57,62,86,37,1,45,10,0,-10,B Minor,4,2021-02-24,5Icqjqizh8TnwHdejZQQGQ,10A,USSM16900397
226,"Maybe","Janis Joplin",59,83,"classic rock, psychedelic rock, acid rock","I Got Dem Ol' Kozmic Blues Again Mama!",1969-09-11,03:41,40,35,23,4,33,0,10,-11,G#/A♭ Major,4,2021-02-24,0xGSeBsG4V8Scc5YqpZQ66,4B,USSM16900947
227,"To Love Somebody","Janis Joplin",44,125,"classic rock, psychedelic rock, acid rock","I Got Dem Ol' Kozmic Blues Again Mama!",1969-09-11,05:16,52,33,43,0,35,0,20,-11,B Minor,4,2021-03-17,1hxrGuTfeq8ayjB7fbIfpN,10A,USSM16900950
228,"気まぐれ","物語シリーズ",7,180,"anime, j-pop","Onimonogatari Gekihanongakushu (Original Soundtrack)",2018-11-02,01:25,21,77,0,95,16,0,10,-6,F Major,4,2021-03-17,6SY8W5VQ6vGEojrwbVPQkQ,7B,JPE301400373
229,"理不尽","物語シリーズ",13,162,"anime, j-pop","Onimonogatari Gekihanongakushu (Original Soundtrack)",2018-11-02,02:39,67,21,97,73,97,10,10,-16,B Minor,3,2021-03-17,7lDawMkUdKGxWR52O25Jxo,10A,JPE301400377
230,"神扱い","物語シリーズ",10,150,"anime, j-pop","Onimonogatari Gekihanongakushu (Original Soundtrack)",2018-11-02,02:33,61,30,35,77,4,0,10,-14,F Major,4,2021-03-18,3ZTPqj4JejckRkWWFs2AGc,7B,JPE301400380
231,"孤独感","物語シリーズ",7,89,"anime, j-pop","Onimonogatari Gekihanongakushu (Original Soundtrack)",2018-11-02,01:32,62,14,99,60,5,0,0,-21,G Minor,4,2021-03-18,4FZpuQNlHjojQ16fYrl2iY,6A,JPE301400383
232,"神隠しの正体","物語シリーズ",8,58,"anime, j-pop","Onimonogatari Gekihanongakushu (Original Soundtrack)",2018-11-02,01:13,49,8,93,94,5,0,10,-16,D Major,4,2021-03-18,5qtA3gP1DUdjealFOdd9nw,10B,JPE301400382
233,"天罰","物語シリーズ",11,136,"anime, j-pop","Onimonogatari Gekihanongakushu (Original Soundtrack)",2018-11-02,04:07,70,28,93,91,5,0,10,-14,A Minor,4,2021-03-18,3pTxukpfpIBmUFhzeLPPHU,8A,JPE301400384
234,"自分の言葉","物語シリーズ",15,118,"anime, j-pop","Onimonogatari Gekihanongakushu (Original Soundtrack)",2018-11-02,02:09,49,7,99,93,15,0,0,-27,D Major,4,2021-03-18,0oqX5CdJT0Hmli9GNsjBRR,10B,JPE301400389
235,"Hi Hi Hazel","The Troggs",23,110,"proto-punk","From Nowhere",1966-07-25,02:46,63,47,46,0,82,0,10,-11,G Major,4,2021-03-18,46stH3Jv8zKcruYGuIi5qk,9B,GBF080300509
236,"I Just Sing","The Troggs",19,119,"proto-punk","From Nowhere",1966-07-25,02:10,63,58,41,14,63,0,10,-14,C Major,4,2021-03-18,09rOT6C4SvKahq1fkTSnOh,8B,GBF086600756
237,"The Yella In Me","The Troggs",13,101,"proto-punk","From Nowhere",1966-07-25,02:40,79,62,41,0,96,0,20,-11,A Major,4,2021-03-18,2EGXZEhD39pX0COd9bynyQ,11B,GBUM71904039
238,"Jaguar And Thunderbird","The Troggs",14,100,"proto-punk","From Nowhere",1966-07-25,02:02,58,65,70,0,95,0,0,-12,E Major,4,2021-03-18,3nN5uzHebXSZ7yreAAHE3j,12B,GBUM71904041
239,"I Can't Control Myself","The Troggs",34,120,"proto-punk","From Nowhere",1966-07-25,03:05,69,61,68,6,84,0,60,-14,F Major,4,2021-03-18,4hmjM2PqV9hZCsB6Z4bGOP,7B,GBF086600005
240,"RAID ON A FORT","Sawano Hiroyuki",2,125,"anime, soundtrack","映画「彼岸島」オリジナル・サウンドトラック",2010-01-06,04:25,57,79,0,82,34,0,10,-9,F Minor,4,2021-03-18,6M0bGioBYm4nroMm1w5jgi,4A,JPTO00902773
241,"Last Vampire","Sawano Hiroyuki",1,67,"anime, soundtrack","映画「彼岸島」オリジナル・サウンドトラック",2010-01-06,01:36,23,38,28,97,4,0,10,-11,B Minor,4,2021-03-19,5C5ByVyCbLPfdTBlYDPX3J,10A,JPTO00902794
242,"The Middle of Starting Over","Sabrina Carpenter",48,92,"pop","Eyes Wide Open",2015-04-10,03:32,49,81,1,0,32,0,30,-6,D Major,4,2021-03-20,5wX5skuafFdeF31vpM6Krl,10B,USHR11435422
243,"Seamless","Sabrina Carpenter",45,77,"pop","Eyes Wide Open",2015-04-10,03:06,61,30,82,0,68,0,0,-9,A#/B♭ Major,4,2021-03-20,75s1b4uRCk6UPOPBLNdDIA,6B,USHR11435919
244,"Best Thing I Got","Sabrina Carpenter",43,130,"pop","Eyes Wide Open",2015-04-10,03:19,67,70,1,0,63,0,30,-6,F#/G♭ Major,4,2021-03-20,66g4mn8jSks0Hu1zEcc81G,2B,USHR11435424
245,"scapegoat","Cö shu Nie",29,101,"anime, j-rock, j-pop","PURE",2019-12-11,02:35,46,89,1,0,48,10,40,-5,F Minor,4,2021-03-21,0jkChGVPNSHHl9g0uuNkZg,4A,JPU901902483
246,"iB","Cö shu Nie",46,96,"anime, j-rock, j-pop","PURE",2019-12-11,02:57,51,64,37,0,45,10,30,-7,D Major,4,2021-03-21,5SXk7a9m3bvvDOQl75K4cF,10B,JPU901902485
247,"gray","Cö shu Nie",32,180,"anime, j-rock, j-pop","PURE",2019-12-11,03:31,36,47,47,0,33,0,20,-6,G#/A♭ Major,3,2021-03-21,5dCNEbSidXIhNgYh0NhZs8,4B,JPU901902487
248,"On Top Of The World","Imagine Dragons",76,100,"","Night Visions",2012-09-04,03:12,63,92,8,0,76,10,0,-6,C Major,4,2021-03-23,213x4gsFDm04hSqIUkg88w,8B,USUM71201073
249,"Amsterdam","Imagine Dragons",56,115,"","Night Visions",2012-09-04,04:01,52,77,1,0,21,0,10,-5,A Major,4,2021-03-23,5gXdinVZqeuDIVxogWzRk0,11B,USUM71208568
250,"Bleeding Out","Imagine Dragons",61,169,"","Night Visions",2012-09-04,03:43,23,76,1,0,33,0,10,-4,F Minor,4,2021-03-23,1oQjPp1I7cwVE24JivbhzT,4A,USUM71208569
251,"Underdog","Imagine Dragons",42,100,"","Night Visions",2012-09-04,03:29,69,83,0,0,57,0,10,-5,G Major,4,2021-03-24,25dAGIi1Psxz5kzlNelPLN,9B,USUM71208577
252,"Tokyo","Imagine Dragons",42,120,"","Night Visions",2012-09-04,03:15,66,69,0,0,72,0,10,-6,C Major,4,2021-03-24,7mwIdlgXiFvwxwAjprW942,8B,USUM71300611
253,"Cry Baby","Janis Joplin",61,83,"classic rock, psychedelic rock, acid rock","Pearl (Legacy Edition)",1971-01-11,03:58,47,42,51,0,50,0,0,-10,C Major,3,2021-03-25,3L60Vu9qmY6fg2QroRIxgi,8B,USSM17000785
254,"Buried Alive In the Blues","Janis Joplin",31,128,"classic rock, psychedelic rock, acid rock","Pearl (Legacy Edition)",1971-01-11,02:27,57,81,1,80,79,0,20,-12,C Major,4,2021-03-25,1irx6ITISFfwiSqZuBGzSf,8B,USSM17000788
255,"Me and Bobby McGee","Janis Joplin",68,93,"classic rock, psychedelic rock, acid rock","Pearl (Legacy Edition)",1971-01-11,04:31,43,46,30,0,66,0,10,-11,D Major,4,2021-03-25,1IqFh00G2kvvMm8pRMpehA,10B,USSM17000790
256,"Me and Bobby McGee - Demo Version","Janis Joplin",30,85,"classic rock, psychedelic rock, acid rock","Pearl (Legacy Edition)",1971-01-11,04:46,56,17,53,0,50,0,20,-13,D Major,4,2021-03-25,24wUUPqDonEJryKo1NclJo,10B,USSM17100178
257,"神原駿河の人生","物語シリーズ",14,172,"anime, j-pop","Hanamonogatari Gekihanongakushu (Original Soundtrack)",2018-11-02,02:42,44,24,84,80,11,0,20,-14,G Major,4,2021-03-27,5H3TQle1I2S2MN0pKT9TAO,9B,JPE301400828
258,"陽気な調子","物語シリーズ",6,98,"anime, j-pop","Hanamonogatari Gekihanongakushu (Original Soundtrack)",2018-11-02,02:42,90,48,81,84,97,0,10,-12,F#/G♭ Major,4,2021-03-27,6nT8Q0C7tEt38IAcP7bHrr,2B,JPE301400831
259,"意地悪クイズ","物語シリーズ",5,110,"anime, j-pop","Hanamonogatari Gekihanongakushu (Original Soundtrack)",2018-11-02,03:20,63,44,73,62,55,0,10,-11,F Major,4,2021-03-30,6NH5c9YO65gfaQoowh8hrP,7B,JPE301400834
260,"ポニーテイル","物語シリーズ",12,110,"anime, j-pop","Hanamonogatari Gekihanongakushu (Original Soundtrack)",2018-11-02,02:38,60,25,93,86,23,0,0,-14,C♯/D♭ Minor,4,2021-03-30,1e94rU0WuIJwZ871efctk5,12A,JPE301400837
261,"ノスタルジィ","物語シリーズ",17,120,"anime, j-pop","Hanamonogatari Gekihanongakushu (Original Soundtrack)",2018-11-02,02:37,69,26,99,92,67,0,10,-18,D#/E♭ Major,3,2021-03-30,2E7QJsUmNBvqAmGtRg90Tb,5B,JPE301400841
262,"タイミングのいい奴","物語シリーズ",10,84,"anime, j-pop","Hanamonogatari Gekihanongakushu (Original Soundtrack)",2018-11-02,03:34,48,23,97,85,7,0,10,-13,C Major,4,2021-03-30,5ZdNLIzTxNNML3gPaIr5op,8B,JPE301401031
263,"I Can Only Give You Everything","The Troggs",15,125,"proto-punk","Trogglodynamite",1967-02-10,03:22,57,93,10,0,78,0,20,-8,D Major,4,2021-03-31,4Vvot2VLNsVpjr5Smsy67t,10B,GBUM71903504
264,"Oh No","The Troggs",4,108,"proto-punk","Trogglodynamite",1967-02-10,02:05,59,81,33,1,93,0,0,-7,E Major,4,2021-03-31,6Zw5yafQq2kxnz3Jwk1JSo,12B,GBUM71905499
265,"I Want You To Come Into My Life","The Troggs",12,116,"proto-punk","Trogglodynamite",1967-02-10,02:24,81,93,16,86,92,0,0,-8,B Minor,4,2021-03-31,7CmeV6JJHzcxd6w5BVApi9,10A,GBUM71905493
266,"You Can't Beat It","The Troggs",3,126,"proto-punk","Trogglodynamite",1967-02-10,02:21,42,88,69,0,60,10,0,-10,G#/A♭ Major,4,2021-03-31,550vtWqFRTYWc5ZFtSpsru,4B,GBUM71905500
267,"It's Over","The Troggs",3,85,"proto-punk","Trogglodynamite",1967-02-10,02:11,72,97,1,64,68,10,0,-6,B Minor,3,2021-03-31,5rSYeIX3v0ZRqUfdoAN2bQ,10A,GBUM71905502
268,"Wild War Dance","Sawano Hiroyuki",24,97,"anime, soundtrack","「戦国BASARA弐」音楽絵巻 弐 ～乱世、再び！～",2010-09-01,03:25,59,99,0,6,49,10,20,-3,C Major,4,2021-04-01,3tRN3UhMG13l0FGUlEgLwW,8B,JPG751000507
269,"WaTER LiGHT [choto-chigau REMIX]","Sawano Hiroyuki",5,152,"anime, soundtrack","「戦国BASARA弐」音楽絵巻 弐 ～乱世、再び！～",2010-09-01,05:06,27,59,2,88,9,0,30,-10,E Minor,4,2021-04-01,6pAznJ7V39gxibP3fhZj5G,9A,JPG751000513
270,"Heaven's Door [ZERO-TWO Ver.]","Sawano Hiroyuki",11,120,"anime, soundtrack","「戦国BASARA弐」音楽絵巻 弐 ～乱世、再び！～",2010-09-01,03:35,56,92,0,79,27,0,10,-5,E Minor,4,2021-04-01,4ViJq9lKsIZgEzSB242Kdy,9A,JPG751000518
271,"BLAZE [ZERO-TWO Ver.]","Sawano Hiroyuki",21,120,"anime, soundtrack","「戦国BASARA弐」音楽絵巻 弐 ～乱世、再び！～",2010-09-01,03:42,54,97,0,75,47,0,60,-3,F Minor,4,2021-04-01,4qNQ5eFRTzpba6V5mCE5A8,4A,JPG751000519
272,"BPM120","Sawano Hiroyuki",5,120,"anime, soundtrack","「戦国BASARA弐」音楽絵巻 弐 ～乱世、再び！～",2010-09-01,03:20,68,95,0,86,63,0,20,-7,A#/B♭ Minor,4,2021-04-19,63VaE1OomDKLo7yjKDFuna,3A,JPG751000523
273,"乱 AgainsT","Sawano Hiroyuki",5,81,"anime, soundtrack","「戦国BASARA弐」音楽絵巻 弐 ～乱世、再び！～",2010-09-01,02:24,51,84,30,71,68,0,10,-7,E Major,4,2021-04-21,6CxZtgpqPaEueljKm3FjSi,12B,JPG751000526
274,"On Purpose","Sabrina Carpenter",56,100,"pop","EVOLution",2016-10-14,03:58,60,78,3,0,25,0,0,-4,D Minor,4,2021-04-21,1Xmjr9Cft2ZdiGVZPxhqCs,7A,USHR11637281
275,"No Words","Sabrina Carpenter",44,95,"pop","EVOLution",2016-10-14,03:32,72,80,3,0,65,0,30,-4,C♯/D♭ Major,4,2021-05-05,7gnUZFwdWMCaLNPDbGaq0Y,3B,USHR11637547
276,"Shadows","Sabrina Carpenter",47,125,"pop","EVOLution",2016-10-14,02:52,53,56,58,0,29,0,0,-3,C Minor,4,2021-05-08,65RTUeyKsXuiIocxEzYhMY,5A,USHR11637551
277,"supercell","Cö shu Nie",30,155,"anime, j-rock, j-pop","OVERKILL",2018-00-00,03:11,44,97,2,0,43,20,30,-2,D Major,4,2021-06-02,3FcTv3awVyYUUh23J0RFqf,10B,JPU901803195
278,"My Fault","Imagine Dragons",41,109,"","Night Visions (Deluxe)",2012-09-04,02:55,60,81,11,2,52,0,10,-6,G Major,4,2021-06-11,4uHNzoh5OW1oWHLYVZjGMk,9B,USUM71201072
279,"Selene","Imagine Dragons",41,95,"","Night Visions (Deluxe)",2012-09-04,03:59,57,69,0,0,56,0,10,-5,C Major,4,2021-06-11,6D1ZLhvp4c4WrT9InJ2qjc,8B,USUM71208574
280,"Cover Up","Imagine Dragons",38,135,"","Night Visions (Deluxe)",2012-09-04,04:18,55,72,0,0,16,0,10,-5,C Major,4,2021-06-11,4ZJcaZjgmy5W59MOrPQhV8,8B,USUM71300181
281,"帰り道","物語シリーズ",30,175,"anime, j-pop","Bakemonogatari Gekihanongakushu (Original Soundtrack)",2018-11-02,04:06,54,99,0,57,78,0,0,-4,C♯/D♭ Major,4,2021-06-15,7Lrlrt1WYfAtge84kr92T0,3B,JPE300901941
282,"序章","物語シリーズ",16,92,"anime, j-pop","Bakemonogatari Gekihanongakushu (Original Soundtrack)",2018-11-02,01:16,22,41,3,86,4,0,20,-9,C♯/D♭ Major,3,2021-06-15,2iFEvrJIejzaGim00Plexp,3B,JPE301000043
283,"街談巷説","物語シリーズ",24,120,"anime, j-pop","Bakemonogatari Gekihanongakushu (Original Soundtrack)",2018-11-02,02:46,81,52,86,87,98,10,10,-13,C Major,4,2021-06-16,6OQtKnnRAyWe0hEhQW49m2,8B,JPE301000044
284,"廃墟","物語シリーズ",16,120,"anime, j-pop","Bakemonogatari Gekihanongakushu (Original Soundtrack)",2018-11-02,02:16,81,40,67,87,45,0,10,-9,A Major,1,2021-06-16,7voNdTnyUTxhqbP8RLiu0F,11B,JPE301000049
285,"以下、回想","物語シリーズ",20,144,"anime, j-pop","Bakemonogatari Gekihanongakushu (Original Soundtrack)",2018-11-02,01:50,67,66,65,93,55,0,20,-11,D Minor,1,2021-06-20,4luj1ao6DZKHrfFC9aidbc,7A,JPE301000052
286,"言葉の暴力","物語シリーズ",11,186,"anime, j-pop","Bakemonogatari Gekihanongakushu (Original Soundtrack)",2018-11-02,01:19,40,59,8,95,40,0,10,-11,C Major,3,2021-06-20,6HDNTAWGyXBkA8nuI6wIri,8B,JPE301103672
287,"人畜","物語シリーズ",22,120,"anime, j-pop","Bakemonogatari Gekihanongakushu (Original Soundtrack)",2018-11-02,02:28,81,36,95,91,62,10,0,-17,D Minor,4,2021-06-21,7AiFhaz7CuvFtmhGsj5JGx,7A,JPE301000047
288,"八九寺真宵の場合","物語シリーズ",10,160,"anime, j-pop","Bakemonogatari Gekihanongakushu (Original Soundtrack)",2018-11-02,01:30,74,96,0,84,96,20,0,-10,B Minor,1,2021-06-21,6Eh7jEoUu8AwI67259Jeu9,10A,JPE301103684
289,"殺風景","物語シリーズ",22,137,"anime, j-pop","Bakemonogatari Gekihanongakushu (Original Soundtrack)",2018-11-02,02:37,72,29,100,91,34,0,10,-14,D Major,3,2021-06-21,7DMGc3urNl6OXPNy2G9fjo,10B,JPE301103686
290,"ファーストタッチ","物語シリーズ",9,134,"anime, j-pop","Bakemonogatari Gekihanongakushu (Original Soundtrack)",2018-11-02,01:46,31,46,23,92,18,0,0,-8,E Minor,5,2021-06-22,0apb4MUKeB3ofAeqckZguH,9A,JPE301103688
291,"神原駿河の場合〜全裸","物語シリーズ",10,128,"anime, j-pop","Bakemonogatari Gekihanongakushu (Original Soundtrack)",2018-11-02,00:58,95,22,23,69,67,10,10,-9,E Major,1,2021-06-29,2rLX8atJqFZJPMwz9ZVt8G,12B,JPE301103693
292,"次回、するがモンキー","物語シリーズ",8,87,"anime, j-pop","Bakemonogatari Gekihanongakushu (Original Soundtrack)",2018-11-02,00:53,60,33,43,57,86,10,10,-8,C♯/D♭ Major,4,2021-07-01,5leENn9Gyb1uzl6CAyz0tU,3B,JPE301103697
293,"「暦お兄ちゃん」","物語シリーズ",18,80,"anime, j-pop","Bakemonogatari Gekihanongakushu (Original Soundtrack)",2018-11-02,01:18,70,36,93,88,83,0,10,-12,E Major,4,2021-07-01,34z46TeZisrbzTEcSnMF2i,12B,JPE301103699
294,"星空","物語シリーズ",15,88,"anime, j-pop","Bakemonogatari Gekihanongakushu (Original Soundtrack)",2018-11-02,01:35,59,2,99,95,34,0,10,-19,D#/E♭ Major,4,2021-07-01,61TtLfrApTSCHmuASbmI0Z,5B,JPE301103703
295,"翌朝","物語シリーズ",20,65,"anime, j-pop","Bakemonogatari Gekihanongakushu (Original Soundtrack)",2018-11-02,01:50,49,7,100,91,22,0,10,-23,D Major,3,2021-07-01,06ns8oMYxEPAkXFRllbySg,10B,JPE301103707
296,"デート","物語シリーズ",30,130,"anime, j-pop","Bakemonogatari Gekihanongakushu (Original Soundtrack)",2018-11-02,01:29,76,56,89,87,96,0,10,-12,G Major,4,2021-07-01,3VYBXZHyTcHxCRPMTeQG9j,9B,JPE301103709
297,"We Rode Through the Night","The Troggs",1,127,"proto-punk","The Trogg Tapes",1976-04-08,03:41,76,66,0,62,92,10,0,-10,B Minor,4,2021-07-02,6FYLTWG4yonbQOmw57Y0AG,10A,QM6MZ2175740
298,"A Different Me","The Troggs",1,79,"proto-punk","The Trogg Tapes",1976-04-08,03:33,56,83,10,82,66,10,40,-10,D Major,4,2021-07-06,4Ougf34RmmLvrwKCmwrsL5,10B,QM6MZ2175741
299,"Mineva","Sawano Hiroyuki",21,110,"anime, soundtrack","MOBILE SUIT GUNDAM UNICORN Original Motion Picture Soundtrack 1",2010-09-09,02:05,60,63,24,53,55,0,10,-12,G#/A♭ Major,4,2021-07-07,0EnuLKOAs50ImBtBhKrh4U,4B,JPP301000064
300,"Infernal Affairs","Sawano Hiroyuki",18,180,"anime, soundtrack","MOBILE SUIT GUNDAM UNICORN Original Motion Picture Soundtrack 1",2010-09-09,01:58,52,49,3,90,52,0,10,-14,F Minor,3,2021-07-07,5TJLZ2btmFyg180Ta6ZlKP,4A,JPP301000069
301,"Piano to Anna","Sawano Hiroyuki",17,79,"anime, soundtrack","MOBILE SUIT GUNDAM UNICORN Original Motion Picture Soundtrack 1",2010-09-09,02:41,40,14,98,92,16,0,10,-24,D Minor,1,2021-07-07,6U9bBFqD5JnsFBzlQVdP8L,7A,JPP301000071
302,"Life & Death","Sawano Hiroyuki",22,134,"anime, soundtrack","MOBILE SUIT GUNDAM UNICORN Original Motion Picture Soundtrack 1",2010-09-09,02:26,44,71,0,93,16,10,10,-13,C Minor,4,2021-07-07,5fCZiLyn8TLeJ0ZkvIagml,5A,JPP301000077
303,"Bad Time","Sabrina Carpenter",47,83,"pop","Singular Act I",2018-11-09,03:04,67,54,24,0,69,0,50,-7,C Major,4,2021-07-08,1YqPDOmooQQIXsRSdbRrwI,8B,USHR11838874
304,"最終列車","Cö shu Nie",17,132,"anime, j-rock, j-pop","asphyxia",2018-06-01,02:48,31,92,0,0,49,20,20,-3,G#/A♭ Major,3,2021-07-09,4wtQnPTqGy81zkQ8UyqDOe,4B,JPU901801199
305,"絶体絶命 (Instrumental)","Cö shu Nie",9,143,"anime, j-rock, j-pop","絶体絶命 / Lamp",2019-03-13,02:30,33,95,0,91,37,10,0,-6,D#/E♭ Minor,4,2021-07-11,6AcLs4xb5UKaGGDSEYtLGn,2A,JPU901900242
306,"絶体絶命 (micoon remix)","Cö shu Nie",14,143,"anime, j-rock, j-pop","絶体絶命 (micoon remix)",2019-04-24,02:29,35,79,2,0,47,10,40,-7,C♯/D♭ Major,4,2021-07-11,7K8gqdw3f7OXsxumV98n8I,3B,JPU901900910
307,"FLARE - English version","Cö shu Nie",13,93,"anime, j-rock, j-pop","FLARE (English version)",2020-08-28,02:34,28,96,0,0,25,0,20,-3,F#/G♭ Major,4,2021-07-11,75m3eFU38VqdnL25zbnlhS,2B,JPU902001986
308,"miracle","Cö shu Nie",20,67,"anime, j-rock, j-pop","give it back",2021-03-10,06:11,22,20,95,0,18,0,10,-13,C Major,3,2021-07-13,5KJLq0Wtr41nqyUuKuBNiQ,8B,JPU902100281
309,"give it back - Instrumental","Cö shu Nie",19,100,"anime, j-rock, j-pop","give it back",2021-03-10,03:34,52,56,21,34,19,0,0,-10,A#/B♭ Minor,4,2021-07-13,7IZmBCGgZH7GBGeZDu2iIY,3A,JPU902100279
310,"Shots","Imagine Dragons",58,105,"","Smoke + Mirrors (Deluxe)",2015-10-23,03:52,55,76,1,1,34,0,30,-7,D Major,4,2021-07-14,2h6HdN3oPr4JijIQV29hv1,10B,USUM71417944
311,"I Bet My Life","Imagine Dragons",49,108,"","Smoke + Mirrors (Deluxe)",2015-10-23,03:12,55,66,37,0,60,0,40,-8,C♯/D♭ Major,4,2021-07-15,0h9SUGpAofhus8HUgNXVwW,3B,USUM71415785
312,"Polaroid","Imagine Dragons",46,155,"","Smoke + Mirrors (Deluxe)",2015-10-23,03:50,42,60,52,0,26,0,20,-7,C♯/D♭ Major,4,2021-07-15,2Mi65Ygq54y5O4vSxBNWkV,3B,USUM71417932
313,"It Comes Back To You","Imagine Dragons",41,100,"","Smoke + Mirrors (Deluxe)",2015-10-23,03:37,63,75,8,2,49,0,0,-8,C Major,4,2021-07-23,1iQbbaCHErMsmP6eUQyVvf,8B,USUM71417934
314,"Trouble","Imagine Dragons",43,160,"","Smoke + Mirrors (Deluxe)",2015-10-23,03:11,39,89,31,0,33,10,10,-5,D#/E♭ Major,4,2021-07-23,7HfILFCt8XErcfd25feE6A,5B,USUM71417937
315,"Hopeless Opus","Imagine Dragons",40,140,"","Smoke + Mirrors (Deluxe)",2015-10-23,03:58,63,66,1,0,59,0,20,-6,D#/E♭ Major,4,2021-07-24,6LNRspXRgIXWVpjVXpnLBm,5B,USUM71417938
316,"Thief","Imagine Dragons",42,150,"","Smoke + Mirrors (Deluxe)",2015-10-23,03:47,42,72,0,0,13,0,10,-6,C Major,4,2021-07-24,4iHCodolxdaRL2rTvZNGwS,8B,USUM71417941
317,"Who We Are","Imagine Dragons",49,174,"","Smoke + Mirrors (Deluxe)",2015-10-23,04:09,41,65,1,26,39,0,30,-7,F#/G♭ Minor,4,2021-07-24,1YvKsn3ID4XvpwSSiqu1Jc,11A,USUM71515411
318,"トリビア","物語シリーズ",14,74,"anime, j-pop","Kabukimonogatari Gekihanongakushu (Original Soundtrack)",2018-11-02,01:52,50,9,99,88,22,0,10,-14,A#/B♭ Major,4,2021-07-26,2Vyq2uu2pcUt7ze4HPlX4u,6B,JPE301303006
319,"詠唱","物語シリーズ",5,102,"anime, j-pop","Kabukimonogatari Gekihanongakushu (Original Soundtrack)",2018-11-02,03:11,71,48,30,51,4,0,0,-11,A Major,4,2021-07-28,2jvF0bxJR5zg7KuZMjEhxX,11B,JPE301303009
320,"十一年後の姿","物語シリーズ",11,146,"anime, j-pop","Kabukimonogatari Gekihanongakushu (Original Soundtrack)",2018-11-02,01:23,51,4,96,90,16,0,10,-14,F Major,4,2021-07-28,0kAM7MKIeRfxPb7qJFPQbk,7B,JPE301303013
321,"「わたしは阿良々木さんと会えたんですから」","物語シリーズ",25,181,"anime, j-pop","Kabukimonogatari Gekihanongakushu (Original Soundtrack)",2018-11-02,01:30,26,9,83,96,10,0,10,-21,A#/B♭ Major,4,2021-07-28,3Y36MUfs6XwyU0z1GMHXbE,6B,JPE301303019
322,"次回、まよいキョンシー","物語シリーズ",6,140,"anime, j-pop","Kabukimonogatari Gekihanongakushu (Original Soundtrack)",2018-11-02,00:53,67,53,41,66,79,0,20,-10,G Minor,4,2021-07-28,0rnfOGcBm5xcYBBXku1GYd,6A,JPE301303020
323,"Strange movies","The Troggs",1,103,"proto-punk","Au",1989-00-00,03:28,63,63,27,19,84,0,10,-13,B Minor,4,2021-07-28,0Ev7x2KR9n8rydgDcOtqIP,10A,DESK99290202
324,"Me & Creed <Lite-Tone-Happy部 3:な>","Sawano Hiroyuki",21,80,"anime, soundtrack","青の祓魔師 Plugless",2011-00-00,03:26,59,90,5,11,44,0,0,-4,E Minor,4,2021-07-29,5UR8SprTqrH9HnLTknoLBy,9A,JPE301301935
325,"KEKKAI <闘質30%CUT>","Sawano Hiroyuki",12,150,"anime, soundtrack","青の祓魔師 Plugless",2011-00-00,04:22,51,63,16,17,17,0,10,-8,C Major,4,2021-07-29,1Cntqiw9gB8AtqJG1dhBiO,8B,JPE301301937
326,"f <pfs>","Sawano Hiroyuki",23,129,"anime, soundtrack","青の祓魔師 Plugless",2011-00-00,03:49,52,8,98,92,29,0,0,-20,D Major,4,2021-07-29,7L8KV3FlPJx9tnsS33uMen,10B,JPE301301941
327,"U & Cloud <simpledess>","Sawano Hiroyuki",24,100,"anime, soundtrack","青の祓魔師 Plugless",2011-00-00,03:44,52,79,13,91,28,0,10,-5,F Minor,4,2021-07-29,4L9wtEEyjFF4XmsEe142Go,4A,JPE301301942
328,"Battle Scars","Sawano Hiroyuki",19,100,"anime, soundtrack","青の祓魔師 Plugless",2011-00-00,04:05,60,99,0,0,45,10,60,-5,D#/E♭ Minor,4,2021-07-30,0DVC1sCLvUY49odLrE5hKn,2A,JPE301203023
329,"祓魔師強奏曲　第一楽章: Me & Creed","Sawano Hiroyuki",35,160,"anime, soundtrack","青の祓魔師 Plugless",2011-00-00,03:21,29,88,6,1,23,10,20,-6,G Major,4,2021-07-30,0t0u4H9AgnS0fQUvQwj6hd,9B,JPE301101081
330,"アッシャー幻saw曲　第一楽章: Call me later","Sawano Hiroyuki",26,133,"anime, soundtrack","青の祓魔師 Plugless",2011-00-00,03:19,63,52,82,0,57,0,30,-8,D Major,3,2021-07-31,4Ubtpg1kZYDfc2S2UhwW54,10B,JPE301101096
331,"Exhale","Sabrina Carpenter",60,74,"pop","Singular Act II",2019-07-19,02:44,51,27,88,0,28,0,10,-11,G Major,4,2021-07-31,6CagMrZXJUdGGIw6Eaepos,9B,USHR11939159
332,"Take You Back","Sabrina Carpenter",44,200,"pop","Singular Act II",2019-07-19,02:49,63,70,8,0,52,10,10,-4,C Major,4,2021-07-31,1NF9ux53nctr5Rjb3c8i7D,8B,USHR11838870
333,"Looking at Me","Sabrina Carpenter",76,106,"pop","Singular Act II",2019-07-19,03:01,68,80,0,0,52,0,0,-4,D Major,4,2021-07-31,59tskctgqUmjCWAwhzYAFm,10B,USHR11838865
334,"Whatever It Takes","Imagine Dragons",83,135,"","Evolve",2017-06-23,03:21,67,66,4,0,56,0,10,-5,A#/B♭ Minor,4,2021-08-01,6Qn5zhYkTa37e91HC1D7lb,3A,USUM71703515
335,"Walking The Wire","Imagine Dragons",73,100,"","Evolve",2017-06-23,03:52,54,76,2,0,15,0,0,-5,E Major,4,2021-08-02,1y3bE5i57eUm3hfLAc7h08,12B,USUM71704648
336,"Yesterday","Imagine Dragons",54,156,"","Evolve",2017-06-23,03:25,57,65,25,0,54,0,40,-6,E Major,3,2021-08-02,2SJf7W18D1AEpr8L9ATu0c,12B,USUM71704651
337,"Thunder","Imagine Dragons",85,168,"","Evolve",2017-06-23,03:07,60,82,1,13,29,0,10,-5,C Major,4,2021-08-02,1zB4vmk8tFRmM9UULNzbLB,8B,USUM71704167
338,"腹芸","物語シリーズ",8,116,"anime, j-pop","Koimonogatari Gekihanongakushu (Original Soundtrack)",2018-11-02,02:04,86,47,55,66,86,0,0,-15,F Major,4,2021-08-03,1hdOYNOjYZG3AB8fL4zAo8,7B,JPE301400438
339,"老婆心","物語シリーズ",7,122,"anime, j-pop","Koimonogatari Gekihanongakushu (Original Soundtrack)",2018-11-02,02:53,89,23,84,89,59,0,10,-14,F Major,4,2021-08-03,0n5p0E6dq9lJKfbkcUOyXD,7B,JPE301400439
340,"把握","物語シリーズ",7,118,"anime, j-pop","Koimonogatari Gekihanongakushu (Original Soundtrack)",2018-11-02,01:22,53,1,96,21,9,0,20,-10,G Major,3,2021-08-03,4dnbZBi1xBxQuFhntxYikD,9B,JPE301400443
341,"地獄の沙汰も金次第","物語シリーズ",10,151,"anime, j-pop","Koimonogatari Gekihanongakushu (Original Soundtrack)",2018-11-02,01:17,17,5,93,86,8,0,10,-23,A#/B♭ Major,1,2021-08-04,7BBTqRRh4Qf9aCx5s58zLY,6B,JPE301400447
342,"次回、ひたぎエンド","物語シリーズ",8,131,"anime, j-pop","Koimonogatari Gekihanongakushu (Original Soundtrack)",2018-11-02,01:24,72,27,64,76,34,0,10,-13,D#/E♭ Minor,4,2021-08-04,6MQDULv3GoeNupQYBjjBM1,2A,JPE301400448
343,"You're Lyin'","The Troggs",10,121,"proto-punk","Hit Single Anthology",1991-04-29,02:22,65,91,25,0,50,10,10,-10,D Minor,4,2021-08-05,27RImjbArKQIqTs5yKOgBO,7A,GBF080300503
344,"Little Girl","The Troggs",24,108,"proto-punk","Hit Single Anthology",1991-04-29,02:58,58,46,52,54,48,0,20,-12,D Major,4,2021-08-06,2AYbmEyJdvigEd2KwwYS4L,10B,GBF080300507
345,"BOMB BEE MEN!","Sawano Hiroyuki",0,130,"anime, soundtrack","日本テレビ系火曜ドラマ「貧乏男子」オリジナル・サウンドトラック",2008-02-27,02:35,69,94,1,90,75,0,10,-7,A#/B♭ Minor,4,2021-08-07,3aJS1gLWBCJDWEzLHfL9mh,3A,JPVP00801602
346,"friends","Sawano Hiroyuki",0,116,"anime, soundtrack","日本テレビ系火曜ドラマ「貧乏男子」オリジナル・サウンドトラック",2008-02-27,04:40,29,11,8,74,6,0,10,-12,G Major,4,2021-08-07,6KozhjOIsHu5oYPtY07sI6,9B,JPVP00801603
347,"OmuOmu-Blues","Sawano Hiroyuki",0,113,"anime, soundtrack","日本テレビ系火曜ドラマ「貧乏男子」オリジナル・サウンドトラック",2008-02-27,03:43,83,28,42,27,29,0,10,-11,D Major,3,2021-08-07,6d0CoeQRqU3SsElGY5Y8sv,10B,JPVP00801608
348,"debt","Sawano Hiroyuki",0,140,"anime, soundtrack","日本テレビ系火曜ドラマ「貧乏男子」オリジナル・サウンドトラック",2008-02-27,03:02,55,65,49,6,35,0,50,-7,C Minor,4,2021-08-07,6RSSLGPE6HKb93WyLqPvDc,5A,JPVP00801615
349,"life's tapestry <piano version>","Sawano Hiroyuki",0,108,"anime, soundtrack","日本テレビ系火曜ドラマ「貧乏男子」オリジナル・サウンドトラック",2008-02-27,03:44,60,7,99,96,18,0,10,-13,D Minor,4,2021-08-07,2eDRFw0wmBgnHZ4tWY7CKI,7A,JPVP00801618
350,"Blueberries","Sabrina Carpenter",33,178,"pop","CLOUDS (Music From The Disney+ Original Movie)",2020-10-16,02:22,60,36,82,0,48,0,0,-8,G#/A♭ Major,4,2021-08-08,6b2WZQaW8BWRCY7AMHaMP1,4B,USUG12003841
351,"Boomerang","Imagine Dragons",56,100,"","Origins (Deluxe)",2018-11-09,03:07,43,56,14,1,34,10,10,-7,D Major,4,2021-08-09,2B1fuWoWaYnCXbjYp1gXg5,10B,USUM71816158
352,"Bad Liar","Imagine Dragons",82,89,"","Origins (Deluxe)",2018-11-09,04:20,31,64,7,0,8,0,30,-7,D#/E♭ Major,4,2021-08-09,2RSHsoi04658QL5xgQVov3,5B,USUM71816161
353,"West Coast","Imagine Dragons",65,105,"","Origins (Deluxe)",2018-11-09,03:37,67,72,58,0,68,0,10,-6,C Major,4,2021-08-09,2nkoWsTZa8LKPNGdjI5uxj,8B,USUM71816162
354,"Love","Imagine Dragons",56,82,"","Origins (Deluxe)",2018-11-09,02:46,70,51,5,0,38,0,0,-6,G#/A♭ Major,4,2021-08-10,5d41vXH0zvpwUrHrmqKqDc,4B,USUM71816167
355,"Real Life","Imagine Dragons",51,196,"","Origins (Deluxe)",2018-11-09,04:07,26,56,1,1,12,0,10,-8,C Major,4,2021-08-10,7JAzAyjbJFPznEFdqpa1Si,8B,USUM71816170
356,"あまのじゃく","物語シリーズ",10,122,"anime, j-pop","Nekomonogatari (Kuro) Gekihanongakushu [Original Soundtrack]",2018-11-02,01:35,82,41,99,96,97,10,10,-21,F Major,1,2021-08-12,5VOlnPOf3n6CUvLqev6Pl2,7B,JPE301300083
357,"ゴールデンウィーク","物語シリーズ",13,80,"anime, j-pop","Nekomonogatari (Kuro) Gekihanongakushu [Original Soundtrack]",2018-11-02,01:28,62,1,88,85,11,0,10,-18,D Major,3,2021-08-12,2bOVYPPvPGkzYpxb2DpwDJ,10B,JPE301300088
358,"最低の男","物語シリーズ",7,115,"anime, j-pop","Nekomonogatari (Kuro) Gekihanongakushu [Original Soundtrack]",2018-11-02,01:57,80,62,2,58,51,0,0,-8,D Major,4,2021-08-13,3AQhTtrpGczHtaVNeKeIJu,10B,JPE301300091
359,"言えないこと以外のこと","物語シリーズ",9,156,"anime, j-pop","Nekomonogatari (Kuro) Gekihanongakushu [Original Soundtrack]",2018-11-02,00:52,72,33,100,93,98,0,10,-20,G Minor,4,2021-08-13,1qkV79EiHlCwgAwvzmkeYL,6A,JPE301300094
360,"オールドファッション","物語シリーズ",6,172,"anime, j-pop","Nekomonogatari (Kuro) Gekihanongakushu [Original Soundtrack]",2018-11-02,01:35,69,35,83,92,69,10,0,-12,B Minor,4,2021-08-13,1mWGfTz3q3MwOqECoB81Wb,10A,JPE301300096
361,"後日談","物語シリーズ",9,124,"anime, j-pop","Nekomonogatari (Kuro) Gekihanongakushu [Original Soundtrack]",2018-11-02,02:59,45,36,19,82,6,0,10,-9,B Major,3,2021-08-13,06i4pdmXx40DXnNFDEQhZX,1B,JPE301300102
362,"次回、つばさファミリー","物語シリーズ",7,80,"anime, j-pop","Nekomonogatari (Kuro) Gekihanongakushu [Original Soundtrack]",2018-11-02,00:49,85,27,36,83,67,10,0,-13,A Major,4,2021-08-13,519GIBRLryomrTkRjFyrvl,11B,JPE301300104
363,"Tuned into Love","The Troggs",1,140,"proto-punk","Athens Andover",1992-00-00,03:39,59,80,2,0,93,0,0,-10,E Major,4,2021-08-14,5CcIKuwuOIEJrWE5qG8mQB,12B,DESK99290003
364,"Dust Bowl","The Troggs",4,118,"proto-punk","Athens Andover",1992-00-00,03:26,75,78,36,0,33,0,30,-10,C Major,4,2021-08-14,3fmGBhIIE117peRGS7oaBM,8B,DESK99290006
365,"BLUe-eXOSUiTe-toKYOto-志","Sawano Hiroyuki",10,144,"anime, soundtrack","青の祓魔師 京都不浄王篇 オリジナル・サウンドトラック",2011-00-00,02:00,24,44,8,96,12,0,0,-10,D Major,4,2021-08-15,0aos6sQf3iqdJXHb655LTN,10B,JPE301601180
366,"BLUe-eXOSUiTe-toKYOto-吾","Sawano Hiroyuki",7,100,"anime, soundtrack","青の祓魔師 京都不浄王篇 オリジナル・サウンドトラック",2011-00-00,03:15,55,80,0,82,25,0,30,-7,E Minor,4,2021-08-15,0hgq4c1kIcXTCUXlAyb0XR,9A,JPE301601181
367,"BPF2","Sawano Hiroyuki",11,120,"anime, soundtrack","青の祓魔師 京都不浄王篇 オリジナル・サウンドトラック",2011-00-00,03:47,61,1,99,91,11,0,0,-25,D Major,5,2021-08-15,0JNoWGYyZGER2JDWj80Zmx,10B,JPE301601183
368,"f-m/byeK’s-ymbook","Sawano Hiroyuki",4,130,"anime, soundtrack","青の祓魔師 京都不浄王篇 オリジナル・サウンドトラック",2011-00-00,03:53,65,79,72,93,98,0,30,-10,E Minor,4,2021-08-15,2UNceU9GEIGSxfddLb0hUH,9A,JPE301601188
369,"Fall Apart","Sabrina Carpenter",0,172,"pop","Fall Apart",2011-01-17,03:52,37,49,30,0,16,0,20,-6,G Major,4,2021-08-17,4NABjkeijhrxBay3vpnU3j,9B,uscgh1106895
370,"Safe and Sound","Sabrina Carpenter",0,143,"pop","Safe and Sound",2012-07-21,03:36,36,24,66,0,10,0,10,-9,E Major,4,2021-08-17,7z8gUtoF2MRcO07eweOA6u,12B,ushm81209696
371,"Sign of the Times","Jasmine Thompson,Sabrina Carpenter",41,131,"pop","Sign of the Times",2017-06-02,04:13,52,12,97,0,25,0,0,-13,F Major,4,2021-08-17,3h0RJYaohnvXg5SmWD1dZF,7B,USAT21701510
372,"Why - Acoustic","Sabrina Carpenter",35,93,"pop","Why (Acoustic)",2017-11-03,03:04,62,45,59,0,72,0,10,-5,A#/B♭ Minor,4,2021-08-19,5XdU66WYiYmqe1mBPepVAQ,3A,USHR11738275
373,"Alien","Sabrina Carpenter,Jonas Blue",52,106,"pop, tropical house","Alien",2018-03-16,02:54,72,66,6,0,57,0,0,-5,A#/B♭ Minor,4,2021-08-20,0RUTnY2B3s05fZuCHsNaUP,3A,USHR11838415
374,"Almost Love - Acoustic","Sabrina Carpenter",31,104,"pop","Almost Love",2018-08-24,03:47,55,38,76,0,59,0,70,-8,A Minor,4,2021-08-20,08qOK7vtuiypjql1M4dFnU,8A,USHR11838890
375,"On My Way","Alan Walker,Sabrina Carpenter,Farruko",75,170,"pop, reggaeton, trap latino","On My Way",2019-03-21,03:13,51,69,2,0,30,10,30,-5,C♯/D♭ Minor,4,2021-08-20,4n7jnSxVLd8QioibtTDBDq,12A,NOG841901010
376,"Skin","Sabrina Carpenter",64,106,"pop","Skin",2021-01-22,02:57,56,46,43,0,33,0,0,-5,G Major,4,2021-08-20,03B2SfXuvDh1m9F4tqrX07,9B,USUM72100805
377,"私の物語","物語シリーズ",20,113,"anime, j-pop","Nekomonogatari (Shiro) Gekihanongakushu [Original Soundtrack]",2018-11-02,03:09,32,54,67,96,42,0,0,-12,D Major,5,2021-08-21,59U0YJUC0UXF8tEnof88tH,10B,JPE301302803
378,"下心","物語シリーズ",16,180,"anime, j-pop","Nekomonogatari (Shiro) Gekihanongakushu [Original Soundtrack]",2018-11-02,03:27,71,16,99,95,18,30,0,-18,A Minor,4,2021-08-21,61SR4J0dnUlxcLRSASo5J0,8A,JPE301302809
379,"告白","物語シリーズ",11,54,"anime, j-pop","Nekomonogatari (Shiro) Gekihanongakushu [Original Soundtrack]",2018-11-02,04:31,42,4,99,94,7,0,10,-23,F Minor,4,2021-08-22,4ZFIKRFufgeHvC82u21qoE,4A,JPE301302817
380,"次回、つばさタイガー","物語シリーズ",6,162,"anime, j-pop","Nekomonogatari (Shiro) Gekihanongakushu [Original Soundtrack]",2018-11-02,00:53,57,43,13,88,22,10,20,-11,D Minor,4,2021-08-22,2mmB30oUMcwwLGF4P15lwt,7A,JPE301302819
381,"Liquor Store Blues (feat. Damian Marley)","Bruno Mars,Damian Marley",59,76,"reggae, ragga, roots reggae","Doo-Wops & Hooligans",2010-05-11,03:49,69,83,11,0,68,0,30,-4,C♯/D♭ Minor,4,2021-08-26,1ewMCmw7qCb5a9ttqiyemu,12A,USAT21001881
382,"Count on Me","Bruno Mars",71,89,"","Doo-Wops & Hooligans",2010-05-11,03:17,59,39,85,0,50,0,0,-6,C Major,4,2021-08-26,3B5UbSndRz907IZhhmUfLi,8B,USEE11000168
383,"The Other Side (feat. CeeLo Green and B.o.B)","Bruno Mars,B.o.B,CeeLo Green",56,140,"","Doo-Wops & Hooligans",2010-05-11,03:48,56,81,10,0,52,0,10,-4,F Minor,4,2021-08-26,78Z199FfQHt4VpnJzlYaIe,4A,USEE11000167
384,"Somewhere in Brooklyn","Bruno Mars",56,130,"","Doo-Wops & Hooligans",2010-05-11,03:01,70,58,57,0,36,0,20,-6,A#/B♭ Major,4,2021-08-26,3P4v70V3Zt804r2c9dZivK,6B,USEE11000166
385,"MARKS","Sawano Hiroyuki",22,137,"anime, soundtrack","連続ドラマW「マークスの山」オリジナルサウンドトラック",2011-01-05,04:04,61,82,9,75,12,10,10,-11,D Major,3,2021-08-27,4x5zk43mjWdpf1n5izgGkm,10B,JPZ921011312
386,"INSANITY","Sawano Hiroyuki",8,177,"anime, soundtrack","連続ドラマW「マークスの山」オリジナルサウンドトラック",2011-01-05,02:11,36,3,99,92,24,0,10,-21,G#/A♭ Minor,3,2021-08-30,7JK3rQpVveOMMZ4n6h5B29,1A,JPZ921011323
387,"DESTINY <VC&PF VER.>","Sawano Hiroyuki",5,123,"anime, soundtrack","連続ドラマW「マークスの山」オリジナルサウンドトラック",2011-01-05,02:37,29,22,97,45,11,0,10,-13,G Minor,4,2021-08-30,23M0YZfmxyIDbKbymHBUTo,6A,JPZ921011328
388,"INSANITY LOVE","Sawano Hiroyuki",9,114,"anime, soundtrack","連続ドラマW「マークスの山」オリジナルサウンドトラック",2011-01-05,03:46,68,74,78,0,50,0,10,-7,G#/A♭ Minor,4,2021-08-30,6YL4qc6NHKAfssMTVMqieS,1A,JPZ921011329
389,"Radioactive","Imagine Dragons,Kendrick Lamar",61,140,"hip hop, west coast hip hop","Radioactive",2014-01-01,04:36,48,89,4,0,28,20,20,-4,A Major,4,2021-09-01,69yfbpvmkIaB10msnKT7Q5,11B,USUM71400693
390,"I Bet My Life - Bastille Remix","Imagine Dragons",23,108,"","I Bet My Life (Remixes)",2015-01-26,03:56,66,70,20,0,56,0,10,-9,C♯/D♭ Major,4,2021-09-01,07StfwrWJqEC1GA31tY8h0,3B,USUM71500269
391,"Roots","Imagine Dragons",64,158,"","Roots",2015-08-27,02:54,64,89,71,0,60,20,30,-5,G Minor,4,2021-09-03,4GITtbZtRCQXhWLMXrWXHt,6A,USUM71512947
392,"I Was Me","Imagine Dragons",41,145,"","I Was Me",2015-10-12,03:16,58,45,61,0,15,0,10,-7,A Major,4,2021-09-03,27eKJ4RlK36novSUJQXlVH,11B,USUM71516354
393,"Thunder / Young Dumb & Broke (with Khalid) - Medley","Imagine Dragons,Khalid",61,168,"","Thunder / Young Dumb & Broke (with Khalid) [Medley]",2017-12-20,04:11,44,68,10,0,30,10,40,-6,C Major,4,2021-09-04,7ER7vcy7u2ajg5IV45WBFw,8B,USUM71713887
394,"Born To Be Yours","Kygo,Imagine Dragons",68,114,"tropical house, ","Born To Be Yours",2018-06-15,03:13,69,69,30,0,45,0,10,-6,D#/E♭ Major,4,2021-09-04,0kHyKhJMukHEPfeh8s7rdM,5B,SEBGA1802355
395,"Bad Liar – Stripped","Imagine Dragons",56,88,"","Bad Liar – Stripped",2019-05-31,04:13,32,37,37,0,17,0,0,-10,G#/A♭ Major,4,2021-09-04,6hFi0gXP8KItwMqfBgf44b,4B,USUM71909988
396,"Birds (feat. Elisa)","Imagine Dragons,Elisa",57,120,"italian singer-songwriter","Birds",2019-06-20,03:39,63,53,2,0,29,0,10,-7,C♯/D♭ Minor,4,2021-09-04,2uZVfvOK7MTjBTRICYmpso,12A,USUM71911107
397,"Follow You","Imagine Dragons",62,125,"","Follow You / Cutthroat",2021-03-12,02:55,54,73,0,0,49,0,50,-6,A Major,4,2021-09-04,7FdUvDkaE24o3FPIWTvzv2,11B,USUM72102981
398,"Follow You - Summer ’21 Version","Imagine Dragons",40,125,"","Follow You (Summer ’21 Version)",2021-06-04,02:52,62,74,0,0,63,0,10,-6,A Major,4,2021-09-04,1ek5GzoAX8EsM75zHB2grh,11B,USUM72109158
399,"High For This","The Weeknd",68,75,"","House Of Balloons (Original)",2011-03-21,04:09,47,40,59,0,10,0,10,-10,E Minor,4,2021-09-07,2ye9iWj5V4g6k6HFeTTAKa,9A,USUM72104128
400,"Coming Down","The Weeknd",79,121,"","House Of Balloons (Original)",2011-03-21,04:55,69,65,30,0,34,0,20,-5,D Minor,4,2021-09-07,3mHO1J6kfiArjBo1zhLFGP,7A,USUM72104142
401,"Loft Music","The Weeknd",62,78,"","House Of Balloons (Original)",2011-03-21,06:03,26,44,49,0,11,0,20,-10,F#/G♭ Minor,4,2021-09-07,2yBz1hupoOBncorzuKcJ2z,11A,USUM72104143
402,"妹達","物語シリーズ",9,118,"anime, j-pop","Nisemonogatari Gekihanongakushu (Original Soundtrack)",2018-11-02,01:57,78,63,10,61,38,0,10,-11,E Major,4,2021-09-09,4CYfDSEOEqhqdHH4hGyTO7,12B,JPE301201206
403,"誘惑","物語シリーズ",30,0,"anime, j-pop","Nisemonogatari Gekihanongakushu (Original Soundtrack)",2018-11-02,02:01,0,29,75,31,0,0,10,-11,C Minor,0,2021-09-09,15iR8YLIiaoJlyw13ytzo7,5A,JPE301201207
404,"大人","物語シリーズ",18,96,"anime, j-pop","Nisemonogatari Gekihanongakushu (Original Soundtrack)",2018-11-02,02:49,66,41,95,90,49,0,10,-12,A Major,4,2021-09-09,2BT5iO1Z6fJ2EXLiIqMqz0,11B,JPE301201208
405,"勇気","物語シリーズ",8,100,"anime, j-pop","Nisemonogatari Gekihanongakushu (Original Soundtrack)",2018-11-02,01:42,87,55,8,51,35,0,0,-9,D Major,4,2021-09-11,6DTSyMngqs01LaVoV9ZQGx,10B,JPE301201213
406,"「怒られるのは怖いですからね」","物語シリーズ",18,79,"anime, j-pop","Nisemonogatari Gekihanongakushu (Original Soundtrack)",2018-11-02,01:45,78,15,98,88,13,10,10,-15,A#/B♭ Major,4,2021-09-11,0OzPtbsLCnuiuzZZPLXMy6,6B,JPE301201214
407,"全裸","物語シリーズ",7,120,"anime, j-pop","Nisemonogatari Gekihanongakushu (Original Soundtrack)",2018-11-02,01:50,87,68,20,81,14,0,0,-9,A#/B♭ Minor,4,2021-09-11,4yebnrINWnq2Q7Kyua72og,3A,JPE301201482
408,"ブレスレット","物語シリーズ",7,107,"anime, j-pop","Nisemonogatari Gekihanongakushu (Original Soundtrack)",2018-11-02,02:14,75,61,5,63,96,0,0,-11,D Major,4,2021-09-11,1FGZNXDcRQkJHdgzEvzPJ9,10B,JPE301201484
409,"愛人関係","物語シリーズ",17,67,"anime, j-pop","Nisemonogatari Gekihanongakushu (Original Soundtrack)",2018-11-02,01:45,65,66,66,91,96,0,10,-12,A#/B♭ Minor,5,2021-09-15,6MNgyno0lgNVpTGQ99yUqB,3A,JPE301201485
410,"動揺","物語シリーズ",6,140,"anime, j-pop","Nisemonogatari Gekihanongakushu (Original Soundtrack)",2018-11-02,02:03,79,49,78,85,17,0,0,-11,G Minor,4,2021-09-15,3NceIrVQfpei1uec27EXej,6A,JPE301201488
411,"尊大","物語シリーズ",10,120,"anime, j-pop","Nisemonogatari Gekihanongakushu (Original Soundtrack)",2018-11-02,02:10,87,48,43,88,80,0,10,-7,A#/B♭ Major,4,2021-09-15,5OTqkhHFisgTrzffwWvB77,6B,JPE301201489
412,"次回、かれんビー（阿良々木火憐ver.）","物語シリーズ",12,80,"anime, j-pop","Nisemonogatari Gekihanongakushu (Original Soundtrack)",2018-11-02,00:41,56,40,34,90,39,0,20,-11,F#/G♭ Minor,4,2021-09-15,5M6DvvYAG5Mjjoii1fs6my,11A,JPE301201493
413,"快楽","物語シリーズ",9,151,"anime, j-pop","Nisemonogatari Gekihanongakushu (Original Soundtrack)",2018-11-02,04:41,33,17,92,87,18,0,10,-9,G Major,3,2021-09-17,213OVrcCrSiQ04QiRofmrZ,9B,JPE301201668
414,"夏休み","物語シリーズ",6,120,"anime, j-pop","Nisemonogatari Gekihanongakushu (Original Soundtrack)",2018-11-02,01:35,84,57,1,91,37,0,10,-8,C Major,4,2021-09-18,2yq31D1Ab8FgqybOLqQfGo,8B,JPE301202026
415,"しでの鳥","物語シリーズ",24,140,"anime, j-pop","Nisemonogatari Gekihanongakushu (Original Soundtrack)",2018-11-02,02:12,44,34,74,1,17,0,20,-9,E Minor,4,2021-09-18,1q6Jd1PULwOEXOZHYDA8tZ,9A,JPE301202029
416,"兄妹","物語シリーズ",14,91,"anime, j-pop","Nisemonogatari Gekihanongakushu (Original Soundtrack)",2018-11-02,02:36,34,56,50,87,7,0,0,-8,C Major,4,2021-09-18,6OU2YD8GUnv8uh2Wm8Xra7,8B,JPE301202030
417,"人為","物語シリーズ",13,81,"anime, j-pop","Nisemonogatari Gekihanongakushu (Original Soundtrack)",2018-11-02,04:13,78,28,97,91,19,0,0,-9,A Minor,4,2021-09-18,3W40plHAeSHqXBEfUWIHsg,8A,JPE301202032
418,"次回、つきひフェニックス","物語シリーズ",7,117,"anime, j-pop","Nisemonogatari Gekihanongakushu (Original Soundtrack)",2018-11-02,00:52,91,39,15,86,96,0,10,-11,E Major,4,2021-09-18,2BlwXoHJjcPSyz6Qfjm8su,12B,JPE301202034
419,"Natalie","Bruno Mars",63,112,"","Unorthodox Jukebox",2012-12-07,03:45,76,73,15,0,61,0,0,-7,G Major,4,2021-09-19,0inMKhbKWOTDA9UBUAKoU6,9B,USAT21206910
420,"If I Knew","Bruno Mars",71,176,"","Unorthodox Jukebox",2012-12-07,02:12,52,41,72,0,49,0,0,-6,D#/E♭ Major,3,2021-09-19,7lXOqE38eCr979gp27O5wr,5B,USAT21206913
421,"Auf Wiedersehen","Sawano Hiroyuki",1,129,"anime, soundtrack","My Girl original soundtrack",2009-11-25,03:55,47,13,96,91,12,0,0,-21,A Minor,4,2021-09-20,5W7DvxeyrakxW7lUmJrhWr,8A,JPCO00927260
422,"kalte Tränen","Sawano Hiroyuki",1,60,"anime, soundtrack","My Girl original soundtrack",2009-11-25,04:15,54,9,90,91,4,0,10,-21,A Minor,4,2021-09-20,1O3bcWJv83xg3RIvC7xMTe,8A,JPCO00927300
423,"Love Is All Around (Rerecorded)","The Troggs",1,204,"proto-punk","Wild Thing - The Best of the Troggs (Rerecorded Version)",2002-03-01,02:42,44,38,67,1,94,0,10,-14,D Major,4,2021-09-21,5Um0ONfFujd5Rk45LHaSY7,10B,USDEI8305122
424,"The Zone","The Weeknd,Drake",64,140,"rap","Thursday (Original)",2011-08-18,06:58,65,38,13,0,27,0,10,-10,D#/E♭ Minor,4,2021-09-22,53qYItjefG5SUf62428dIw,2A,USUM72111952
425,"The Birds Pt. 1","The Weeknd",63,128,"","Thursday (Original)",2011-08-18,03:34,56,59,0,0,17,0,0,-7,C Minor,4,2021-09-24,5SF1kcOiOmtZFUIQNGC4TC,5A,USUM72111953
426,"クチナワ","物語シリーズ",10,154,"anime, j-pop","Otorimonogatari Gekihanongakushu (Original Soundtrack)",2018-11-02,02:16,84,6,100,68,51,0,10,-15,E Major,4,2021-09-28,3AZw0tV4mVs82cvZ9PRTCd,12B,JPE301400160
427,"無理な相談","物語シリーズ",20,132,"anime, j-pop","Otorimonogatari Gekihanongakushu (Original Soundtrack)",2018-11-02,02:45,53,41,94,94,31,0,10,-14,B Minor,3,2021-09-28,1fEipOX8Ftf1HAw0NLZvJi,10A,JPE301400161
428,"中学生ライフ","物語シリーズ",16,154,"anime, j-pop","Otorimonogatari Gekihanongakushu (Original Soundtrack)",2018-11-02,02:51,56,23,97,91,26,0,10,-16,D Major,4,2021-09-28,3DbHcIiWSk9DuQCkQ5pzXl,10B,JPE301400162
429,"ダウジング","物語シリーズ",11,150,"anime, j-pop","Otorimonogatari Gekihanongakushu (Original Soundtrack)",2018-11-02,01:59,54,54,30,93,96,0,30,-13,D Major,4,2021-09-28,3DJ1CO0mOHeDEBvHM1ZLGg,10B,JPE301400164
430,"「ようこそ暦お兄ちゃん。可愛がってあげるね。」","物語シリーズ",11,135,"anime, j-pop","Otorimonogatari Gekihanongakushu (Original Soundtrack)",2018-11-02,01:57,43,29,63,88,25,0,10,-9,A Minor,3,2021-09-28,7CwTwPhOL0yszS7EkuVjym,8A,JPE301400168
431,"次回、なでこメドゥーサ","物語シリーズ",8,101,"anime, j-pop","Otorimonogatari Gekihanongakushu (Original Soundtrack)",2018-11-02,00:59,58,56,11,56,88,0,30,-8,A Major,4,2021-09-28,0dvvEulozFsliXVSKZuLr8,11B,JPE301400169
432,"That's What I Like","Bruno Mars",90,134,"","24K Magic",2016-11-17,03:26,85,56,1,0,86,0,0,-5,C♯/D♭ Major,4,2021-10-01,0KKkJNfGyhkQ5aFogxQAPU,3B,USAT21602948
433,"Finesse","Bruno Mars",77,105,"","24K Magic",2016-11-17,03:11,74,80,1,0,94,0,0,-5,F Minor,4,2021-10-01,5XMkENs3GfeRza8MfVAhjK,4A,USAT21602952
434,"Symphonic Suite [SENGOKU]　　1st-Mov. : S","Sawano Hiroyuki",5,96,"anime, soundtrack","「劇場版 戦国BASARA -The Last Party-」音楽絵巻 ～さらば、宿敵（とも）よ～",2011-06-08,05:06,50,78,2,90,20,0,0,-10,G#/A♭ Major,4,2021-10-02,2bidpCdpbyn5nXSl0udotX,4B,JPG751100179
435,"Symphonic Suite [SENGOKU]　　7th-Mov. : U","Sawano Hiroyuki",10,120,"anime, soundtrack","「劇場版 戦国BASARA -The Last Party-」音楽絵巻 ～さらば、宿敵（とも）よ～",2011-06-08,06:02,28,54,1,82,6,0,10,-12,E Minor,4,2021-10-02,7b0mIsh9YV7MLWWITXZQmh,9A,JPG751100185
436,"OMAKE-SUITE　　BLAZE <Final Ver.>","Sawano Hiroyuki",18,120,"anime, soundtrack","「劇場版 戦国BASARA -The Last Party-」音楽絵巻 ～さらば、宿敵（とも）よ～",2011-06-08,03:40,54,93,0,53,45,10,30,-7,F Minor,4,2021-10-02,431vCMc9nAFEcXTdGPX4eb,4A,JPG751100187
437,"OMAKE-SUITE　　Maou <Final Ver.>","Sawano Hiroyuki",7,140,"anime, soundtrack","「劇場版 戦国BASARA -The Last Party-」音楽絵巻 ～さらば、宿敵（とも）よ～",2011-06-08,04:05,52,92,0,91,18,0,30,-7,C Minor,4,2021-10-02,7GzoKA1wlOXYZp1aCted5j,5A,JPG751100188
438,"OMAKE-SUITE　　Outtake弐-01","Sawano Hiroyuki",2,120,"anime, soundtrack","「劇場版 戦国BASARA -The Last Party-」音楽絵巻 ～さらば、宿敵（とも）よ～",2011-06-08,02:08,64,72,1,82,62,0,0,-9,G Minor,4,2021-10-02,1RjrktyTblmlIbkzM8pWUB,6A,JPG751100190
439,"OMAKE-SUITE　　Outtake弐-02","Sawano Hiroyuki",4,63,"anime, soundtrack","「劇場版 戦国BASARA -The Last Party-」音楽絵巻 ～さらば、宿敵（とも）よ～",2011-06-08,01:41,69,6,99,92,39,0,0,-18,C Major,4,2021-10-02,2rejO68izJh4B2Ovk8QKNe,8B,JPG751100192
440,"OMAKE-SUITE　　Outtake弐-03","Sawano Hiroyuki",1,154,"anime, soundtrack","「劇場版 戦国BASARA -The Last Party-」音楽絵巻 ～さらば、宿敵（とも）よ～",2011-06-08,01:47,48,89,2,2,76,0,30,-6,D Major,4,2021-10-02,6f0TiWSLM6aFkyoFdpSQrF,10B,JPG751100193
441,"Wild War Dance","Sawano Hiroyuki",9,97,"anime, soundtrack","「劇場版 戦国BASARA -The Last Party-」音楽絵巻 ～さらば、宿敵（とも）よ～",2011-06-08,03:25,59,99,0,10,50,10,30,-3,C Major,4,2021-10-02,7f055rLN9Fg6p0S8caLE2s,8B,JPG751000507
442,"Little Pretty Thing (Rerecorded)","The Troggs",0,130,"proto-punk","20 of Their Best (Rerecorded Version)",2009-09-11,02:59,53,19,0,13,13,20,20,-23,B Minor,4,2021-10-03,4yUCJibKeNa1fq5wCXCQnE,10A,USG290601509
443,"I Love You Baby (Rerecorded)","The Troggs",0,105,"proto-punk","20 of Their Best (Rerecorded Version)",2009-09-11,04:19,70,22,0,84,37,0,10,-20,G Major,4,2021-10-03,5HsBAgJTPtrbdConp3jLHU,9B,USG290601507
444,"Save the Last Dance for Me (Rerecorded)","The Troggs",0,143,"proto-punk","20 of Their Best (Rerecorded Version)",2009-09-11,02:29,59,63,0,51,90,0,0,-12,G Major,4,2021-10-03,0yt1oUZf3Dz3qNavbd0OaA,9B,USG290601512
445,"Twenty Eight","The Weeknd",63,130,"","Trilogy",2012-11-13,04:18,64,63,57,0,24,0,10,-7,D#/E♭ Minor,4,2021-10-05,1FJrsh1NbV9eRw5JQt3M4e,2A,USUM71212147
446,"Same Old Song","The Weeknd,Juicy J",47,110,"crunk","Trilogy",2012-11-13,05:12,77,56,42,0,39,0,50,-6,F Minor,4,2021-10-05,3Dt75NjLThmoBTp5wQC7g7,4A,USUM71212143
447,"Next","The Weeknd",50,112,"","Trilogy",2012-11-13,06:00,63,68,72,0,39,0,10,-7,F#/G♭ Major,4,2021-10-05,4m0KaNb0ClCOvgThd2Gv2b,2B,USUM71212145
448,"The Fall","The Weeknd",44,150,"","Trilogy",2012-11-13,05:45,41,69,25,0,18,0,60,-7,C♯/D♭ Major,4,2021-10-05,0cAHXlLhQjSKDN6vjc4LD6,3B,USUM71212144
449,"decent black","物語シリーズ",29,140,"anime, j-pop","Owarimonogatari Gekihanongakushu (Original Soundtrack)",2018-11-02,04:35,60,84,39,0,25,0,50,-5,D#/E♭ Minor,4,2021-10-07,54DwM8DsqdLcZG6Ua2Bomw,2A,JPE301501269
450,"Grenade - Acoustic","Bruno Mars",63,98,"","The Grenade Sessions",2011-02-08,04:09,64,39,82,0,36,0,0,-6,D Minor,4,2021-10-08,7Cj2tT0m2SBeIO1PsGfk8A,7A,USAT21100012
451,"It Will Rain","Bruno Mars",86,150,"","It Will Rain",2011-09-28,04:17,58,84,34,0,48,0,0,-7,D Major,4,2021-10-08,0M3HkE321xpCbCYqVKzr1q,10B,USAT21102075
452,"That's What I Like - BLVK JVCK Remix","Bruno Mars,BLVK JVCK",39,134,"dubstep","That's What I Like (BLVK JVCK Remix)",2017-04-18,03:45,76,74,2,0,88,0,20,-5,C♯/D♭ Major,4,2021-10-08,4YS0JF9kSLe15ggwOQqQit,3B,USAT21701041
453,"Finesse - Remix; feat. Cardi B","Bruno Mars,Cardi B",51,105,"","Finesse (Remix) [feat. Cardi B]",2018-03-23,03:37,70,86,2,0,93,10,0,-5,F Minor,4,2021-10-08,02iXInevQEAlihE3IPF0eh,4A,USAT21705441
454,"BLOW (with Chris Stapleton & Bruno Mars)","Ed Sheeran,Chris Stapleton,Bruno Mars",54,92,"soft pop, country, outlaw country, ","BLOW (with Chris Stapleton & Bruno Mars)",2019-07-05,03:29,63,80,0,1,60,0,30,-5,C♯/D♭ Major,4,2021-10-09,6EbduYTr62sSzvl36wWiFM,3B,GBAHS1900940
455,"AOE組曲　第二楽章: 5P＋3P","Sawano Hiroyuki",12,105,"anime, soundtrack","青の祓魔師 オリジナル・サウンドトラック I",2011-06-22,03:06,56,92,61,36,97,0,0,-8,C Minor,4,2021-10-09,5fBWGCOJIM6y0hRrOT0bFX,5A,JPE301101090
456,"AOE組曲　第三楽章: i9","Sawano Hiroyuki",11,119,"anime, soundtrack","青の祓魔師 オリジナル・サウンドトラック I",2011-06-22,04:59,46,70,1,65,82,0,0,-8,A Major,4,2021-10-09,4JnJMiVakuVsjscE5bKbcg,11B,JPE301101091
457,"Little Pretty Things","The Troggs",0,130,"proto-punk","The Complete Troggs",2016-03-18,03:04,62,32,0,71,54,0,20,-18,B Minor,4,2021-10-10,0mqIusmF3bfNBW39cwiewi,10A,UKDNQ1506805
458,"Love In The Sky","The Weeknd",55,115,"","Kiss Land",2013-09-10,04:27,65,74,16,0,35,0,60,-7,A Minor,4,2021-10-11,3WKYPmiPpJas9j5Aari5iK,8A,USUM71309545
459,"Live For","The Weeknd,Drake",56,76,"rap","Kiss Land",2013-09-10,03:42,62,68,52,0,23,10,10,-8,C Major,4,2021-10-11,3kgqHVqfiabABjaFi9Tnhn,8B,USUM71310344
460,"Wanderlust","The Weeknd",56,116,"","Kiss Land",2013-09-10,05:06,64,65,7,18,7,0,0,-5,C♯/D♭ Minor,4,2021-10-11,6V9TlCdwLeQes4FX5zxz3f,12A,USUM71310345
461,"交響$weet 3rd-Mov.：call ME","Sawano Hiroyuki",18,132,"anime, soundtrack","青の祓魔師 オリジナル・サウンドトラック II",2011-09-28,03:19,28,53,78,91,38,0,20,-10,D Major,3,2021-10-16,0xBESqq4QUh9LxB3wFJK73,10B,JPE301102635
462,"墜落 / 上昇","BURNOUT SYNDROMES",13,176,"anime, j-rock, j-pop","世界一美しい世界一美しい世界",2015-01-28,04:27,48,85,1,0,58,0,0,-6,C Major,4,2021-10-21,1AvNJkQ4Mbbq9lUurRkFcv,8B,JPZ921405496
463,"リフレインはもう鳴らない","BURNOUT SYNDROMES",13,172,"anime, j-rock, j-pop","世界一美しい世界一美しい世界",2015-01-28,03:43,49,86,9,0,75,0,40,-5,F Major,4,2021-10-21,3VYpqqVlbSMxGA136eVHWj,7B,JPZ921405497
464,"東名高速道路清水JCTを時速二〇〇キロメートル超で駆け抜けるのさ","BURNOUT SYNDROMES",11,180,"anime, j-rock, j-pop","世界一美しい世界一美しい世界",2015-01-28,04:27,45,92,2,0,48,10,30,-5,G Major,4,2021-10-21,63a1YLCRZkwQb7GYeSKOlY,9B,JPZ921405503
465,"βios","Sawano Hiroyuki,Mika Kobayashi",45,97,"anime, soundtrack","GUILTY CROWN COMPLETE SOUNDTRACK",2012-00-00,04:33,50,93,0,0,38,20,50,-5,C Major,4,2021-10-23,30XxVjgbzt3BhaZIRIriaE,8B,JPE301103961
466,"Home～this corner～","Sawano Hiroyuki",26,78,"anime, soundtrack","GUILTY CROWN COMPLETE SOUNDTRACK",2012-00-00,03:48,64,39,56,0,19,0,10,-9,G#/A♭ Minor,4,2021-10-23,7MneQqXIpqE8SNfdfKN7ap,1A,JPE301103976
467,"Release My Soul","Sawano Hiroyuki",40,128,"anime, soundtrack","GUILTY CROWN COMPLETE SOUNDTRACK",2012-00-00,04:35,57,43,44,0,17,0,10,-8,D Minor,4,2021-10-23,7g1s0mXRlrQui2MKr2PGr8,7A,JPE301103972
468,"pF-AdLibⅡ","Sawano Hiroyuki",23,67,"anime, soundtrack","GUILTY CROWN COMPLETE SOUNDTRACK",2012-00-00,03:50,45,8,99,93,7,0,0,-21,G#/A♭ Major,4,2021-10-23,331llYTUNNMnQcTWMb2VHO,4B,JPE301200663
469,"kEっ1000","Sawano Hiroyuki",12,80,"anime, soundtrack","GUILTY CROWN COMPLETE SOUNDTRACK",2012-00-00,03:52,38,68,7,90,19,0,10,-9,C Minor,4,2021-10-23,4PQNBmyX6V9wo2F2JqXGTF,5A,JPE301200061
470,"fUE＋p@D＋hArP→pF","Sawano Hiroyuki",14,57,"anime, soundtrack","GUILTY CROWN COMPLETE SOUNDTRACK",2012-00-00,05:37,18,13,98,91,4,0,0,-15,F Major,4,2021-10-23,1ec8c5ZSCasZ3HMSw8rhqq,7B,JPE301200664
471,"π","Sawano Hiroyuki",11,110,"anime, soundtrack","GUILTY CROWN COMPLETE SOUNDTRACK",2012-00-00,03:58,51,76,26,89,62,0,0,-10,A#/B♭ Minor,4,2021-10-23,1h2kttMmM6m5SJ25KtesEj,3A,JPE301103971
472,"κrOnё","Sawano Hiroyuki",37,140,"anime, soundtrack","GUILTY CROWN COMPLETE SOUNDTRACK",2012-00-00,05:33,36,40,66,88,14,0,0,-13,C Minor,4,2021-10-24,3ym7sbDogA5weRHqFfCSbV,5A,JPE301103973
473,"Egg","Sawano Hiroyuki",19,140,"anime, soundtrack","GUILTY CROWN COMPLETE SOUNDTRACK",2012-00-00,03:20,44,4,99,93,12,0,0,-22,C Minor,3,2021-10-24,08fiTWqxi4nGEnPP1y1JCw,5A,JPE301202201
474,"pF-AdLibⅠ","Sawano Hiroyuki",8,93,"anime, soundtrack","GUILTY CROWN COMPLETE SOUNDTRACK",2012-00-00,01:55,68,53,55,85,55,0,0,-11,C Major,4,2021-10-24,6F1PxhTRBZ4qKvGVXB2yx6,8B,JPE301200661
475,"gT→pF","Sawano Hiroyuki",15,121,"anime, soundtrack","GUILTY CROWN COMPLETE SOUNDTRACK",2012-00-00,04:22,36,28,96,97,4,0,0,-16,A Major,4,2021-10-24,5Kc5i1mU28osSVOHR8pK5X,11B,JPE301200662
476,"βιοζ-δ","Sawano Hiroyuki,Mika Kobayashi",32,132,"anime, soundtrack","GUILTY CROWN COMPLETE SOUNDTRACK",2012-00-00,02:35,36,5,96,0,37,0,10,-13,A#/B♭ Major,4,2021-10-24,0qWWJGJmgUKAHzZbMflcBj,6B,JPE301103978
477,"If You Hadn't But You Did from Two On the Aisle, 1951 - Vocal","Kristin Chenoweth",27,121,"musicals","Let Yourself Go",2001-01-31,03:56,57,43,77,0,37,10,30,-5,D#/E♭ Minor,4,2021-10-30,1OYCN2DSo2EwUMZroEZSPh,2A,USSM10018384
478,"Hangin' Around With You from Strike Up the Band, 1930 - Vocal","Kristin Chenoweth",5,146,"musicals","Let Yourself Go",2001-01-31,03:24,56,47,83,0,73,0,10,-6,F Major,4,2021-10-30,7h5JAI5bj8oWlK5WPnlWMN,7B,USSM10018387
479,"Let's Drink a Toast - Studio","The Troggs",5,168,"proto-punk","Lets Drink a Toast",2019-10-08,03:04,40,47,31,0,38,0,10,-12,C Major,3,2021-11-05,1lnExaCpEuPRSM6qOHWHdf,8B,QMBZ91926541
480,"Tell Your Friends","The Weeknd",68,75,"","Beauty Behind The Madness",2015-08-28,05:34,58,45,27,0,31,0,10,-11,C♯/D♭ Minor,4,2021-11-07,1mhVXWduD8ReDwusfaHNwU,12A,USUG11500917
481,"Often","The Weeknd",81,134,"","Beauty Behind The Madness",2015-08-28,04:09,57,63,22,0,7,0,10,-10,G Minor,4,2021-11-07,4PhsKqMdgMEUSstTDAmMpg,6A,USUG11401323
482,"Acquainted","The Weeknd",74,101,"","Beauty Behind The Madness",2015-08-28,05:48,37,48,48,0,25,0,0,-10,G Minor,4,2021-11-07,7uJH0YdSZL6psjxI6Xy08b,6A,USUG11500919
483,"Shameless","The Weeknd",68,100,"","Beauty Behind The Madness",2015-08-28,04:13,60,56,15,0,23,0,10,-8,F#/G♭ Major,4,2021-11-08,6C6fHTuFUxVtJpBOOaMvJr,2B,USUG11500921
484,"Prisoner","The Weeknd,Lana Del Rey",66,135,"","Beauty Behind The Madness",2015-08-28,04:34,55,41,44,0,34,0,10,-13,C Minor,4,2021-11-08,1gZADNt16Oh23jWyMYRk4p,5A,USUG11500932
485,"文學少女","BURNOUT SYNDROMES",19,88,"anime, j-rock, j-pop","文學少女",2015-05-13,04:52,31,95,0,0,45,10,0,-3,D Major,4,2021-11-09,7bKAqv993W20MHpa3f0kYL,10B,JPZ921502767
486,"セツナヒコウキ","BURNOUT SYNDROMES",21,95,"anime, j-rock, j-pop","文學少女",2015-05-13,04:40,51,96,5,0,46,0,30,-3,E Minor,4,2021-11-09,2JIhLdnMFttbpSCXi0UJXF,9A,JPZ921502768
487,"ザ・ワールド・イズ・マイン","BURNOUT SYNDROMES",11,120,"anime, j-rock, j-pop","文學少女",2015-05-13,05:09,60,87,25,0,68,0,0,-4,B Minor,4,2021-11-09,0gplREV33sbZbubXyy7aq2,10A,JPZ921502770
488,"月光サンタクロース","BURNOUT SYNDROMES",11,94,"anime, j-rock, j-pop","文學少女",2015-05-13,04:20,43,96,0,0,39,0,30,-2,D Major,4,2021-11-09,1FCZiGl74aD2bDPnAR6kWr,10B,JPZ921502772
489,"Khamosh","Ghezaal Enayat",0,200,"","Bangri",2020-07-23,03:39,42,74,38,0,79,20,40,-5,C Major,1,2021-11-11,7Aw6nafD8jJf5Wovq1Bdhy,8B,DEXM82104027
490,"It Will Be Me","Gordon Kennedy,Wayne Kirkpatrick,Kristin Chenoweth",6,134,"musicals","As I Am",2005-03-28,03:57,61,50,7,2,40,0,20,-9,F#/G♭ Major,4,2021-11-12,4RSW2AVrgbiqDygEIDx6uu,2B,USSM10500770
491,"Abide In Me","Jerry Wise,Kristin Chenoweth",4,78,"christian pop, musicals","As I Am",2005-03-28,05:09,48,37,72,11,14,0,0,-11,A#/B♭ Major,4,2021-11-12,2y403RoKHvf831TyGpI3xO,6B,USSM10500767
492,"Poor, Wayfaring Stranger","Traditional,Kristin Chenoweth",3,115,"bhajan, early music, gregorian chant, devotional, musicals","As I Am",2005-03-28,05:09,54,43,52,1,32,0,10,-10,F Major,4,2021-11-12,03Ppt3INWkoITpACzZaySJ,7B,USSM10500769
493,"Joyful, Joyful","Ludwig van Beethoven,Kristin Chenoweth,Tom Howard",9,114,"classical, classical piano, chamber music, musicals, spoken word","As I Am",2005-03-28,03:29,31,45,70,0,20,0,10,-8,C Major,4,2021-11-12,4ZdVmN9ivtdrnBJFUAiamh,8B,USSM10500774
494,"Taylor, the Latte Boy","Zina Goldrich,Marcy Allison Heisler,Kristin Chenoweth",31,99,"musicals","As I Am",2005-03-28,04:05,48,30,82,0,34,0,0,-9,A#/B♭ Major,4,2021-11-12,3SVKoJwCerDXLspcEoDR9b,6B,USSM10500777
495,"False Alarm","The Weeknd",64,174,"","Starboy",2016-11-25,03:40,52,68,3,0,19,0,10,-6,G#/A♭ Minor,4,2021-11-14,4oeaIftdpT3JuZLcCkKmVE,1A,USUG11600975
496,"Love To Lay","The Weeknd",59,117,"","Starboy",2016-11-25,03:43,71,81,5,0,70,0,20,-5,G Minor,4,2021-11-14,27BgDmciSjoxTG0almHTpZ,6A,USUG11601005
497,"Die For You","The Weeknd",80,134,"","Starboy",2016-11-25,04:20,59,53,11,0,51,0,10,-7,C♯/D♭ Minor,4,2021-11-14,2Ch7LmS7r2Gy2kc64wv3Bz,12A,USUG11601011
498,"I Feel It Coming","The Weeknd,Daft Punk",78,93,"french house, electronic, electro","Starboy",2016-11-25,04:29,77,82,43,0,59,10,0,-6,C Minor,4,2021-11-14,3dhjNA0jGA8vHBQ1VdD6vV,5A,USUG11601012
499,"Bottle Ship Boys","BURNOUT SYNDROMES",21,124,"anime, j-rock, j-pop","檸檬",2016-11-09,04:08,46,95,2,0,32,0,30,-2,B Major,4,2021-11-15,3j3hcREacbtIYKiZae7A03,1B,JPU901602729
500,"人工衛星","BURNOUT SYNDROMES",26,88,"anime, j-rock, j-pop","檸檬",2016-11-09,04:33,38,98,2,0,32,10,40,-2,E Major,4,2021-11-15,7DMVvql2M26K2gMe0hRgac,12B,JPU901602737
501,"エアギターガール","BURNOUT SYNDROMES",17,94,"anime, j-rock, j-pop","檸檬",2016-11-09,04:02,39,87,0,0,36,0,30,-3,F Minor,4,2021-11-15,61Zty03fPjm60QvrdBPmy1,4A,JPU901503547
502,"タイムカプセルに青空を","BURNOUT SYNDROMES",14,133,"anime, j-rock, j-pop","檸檬",2016-11-09,03:45,55,92,2,0,65,0,30,-3,D Major,4,2021-11-15,4IgfCTztxB390QewZMW7QX,10B,JPU901602733
503,"Faramosh","Ghezaal Enayat",2,100,"","فراموش",2020-10-12,03:32,59,57,28,0,63,0,10,-9,D Minor,4,2021-11-20,3L4W94pDQBo27kpioRyAOd,7A,DEXM82104000
504,"Dida_Nadidi","Ghezaal Enayat",2,172,"","فراموش",2020-10-12,03:56,48,80,53,0,82,20,30,-4,A#/B♭ Minor,3,2021-11-20,0HspGkWTVhN3K0rAMkPh9r,3A,DEXM82104001
505,"Chup_Chup","Ghezaal Enayat",1,98,"","فراموش",2020-10-12,03:56,74,84,55,1,95,0,0,-8,B Minor,4,2021-11-20,2ofVAtKZ0jAmu24mZC8jMu,10A,DEXM82104007
506,"More...","Sawano Hiroyuki",18,124,"anime, soundtrack","MOBILE SUIT GUNDAM UNICORN Original Motion Picture Soundtrack 2",2012-05-08,02:32,19,6,92,93,8,0,0,-23,A Minor,4,2021-11-21,79Q7dJaT9rowKrds9DpalM,8A,JPP301101503
507,"The Battle","Sawano Hiroyuki",17,83,"anime, soundtrack","MOBILE SUIT GUNDAM UNICORN Original Motion Picture Soundtrack 2",2012-05-08,04:51,25,71,10,88,18,20,0,-13,A#/B♭ Minor,3,2021-11-21,1PUzB7bg7757VGkk3QHZrM,3A,JPP301101505
508,"OYM-PF","Sawano Hiroyuki",19,117,"anime, soundtrack","MOBILE SUIT GUNDAM UNICORN Original Motion Picture Soundtrack 2",2012-05-08,02:42,49,6,98,91,18,0,0,-24,D Major,4,2021-11-21,5InyYtw4e1me8HTHAxRLcp,10B,JPP301101511
509,"Mobile Suit - W-Rec Mix","Sawano Hiroyuki",26,90,"anime, soundtrack","MOBILE SUIT GUNDAM UNICORN Original Motion Picture Soundtrack 2",2012-05-08,04:10,45,89,3,85,37,0,20,-11,E Minor,4,2021-11-21,6BQuE8qkTkC2tC4yLqRlui,9A,JPP301101515
510,"Mobile Armor","Sawano Hiroyuki",25,100,"anime, soundtrack","MOBILE SUIT GUNDAM UNICORN Original Motion Picture Soundtrack 2",2012-05-08,06:46,22,54,8,91,8,0,10,-14,F Major,3,2021-11-21,2zXH9yon70BEPLJ2akb0Lp,7B,JPP301101516
511,"Piano UC-No.1","Sawano Hiroyuki",15,126,"anime, soundtrack","MOBILE SUIT GUNDAM UNICORN Original Motion Picture Soundtrack 3",2012-11-08,03:53,49,5,98,87,11,0,0,-25,C Major,4,2021-11-28,5qcRvjvExlVP44TDsivNGc,8B,JPP301200151
512,"Piano UC-No.3","Sawano Hiroyuki",17,95,"anime, soundtrack","MOBILE SUIT GUNDAM UNICORN Original Motion Picture Soundtrack 3",2012-11-08,03:18,32,13,97,88,10,0,10,-22,E Minor,4,2021-11-28,7I9EtR2lhqIl9jqAZvX8gs,9A,JPP301200153
513,"I'll Be Home For Christmas","Kristin Chenoweth",13,125,"musicals","A Lovely Way to Spend Christmas",2008-10-17,03:28,30,27,84,0,5,0,10,-9,G#/A♭ Major,4,2021-11-29,5feZkDntw3iua8SibflNtd,4B,USSM10802906
514,"Christmas Island","Kristin Chenoweth",13,128,"musicals","A Lovely Way to Spend Christmas",2008-10-17,03:11,66,45,56,0,46,0,40,-10,F Major,4,2021-11-29,4tbmWd9ZS0Ck3v582jw7Ny,7B,USSM10802907
515,"Sleigh Ride/Marshmallow World (with John Pizzarelli)","Kristin Chenoweth,John Pizzarelli",14,132,"musicals, vocal jazz, jazz","A Lovely Way to Spend Christmas",2008-10-17,03:38,69,45,57,0,58,0,0,-10,A#/B♭ Minor,4,2021-11-29,2SS8vLNAL16hHFmuxcExI5,3A,USSM10802910
516,"Call Out My Name","The Weeknd",86,134,"","My Dear Melancholy,",2018-03-30,03:48,46,59,17,0,17,0,30,-5,C♯/D♭ Major,3,2021-11-30,09mEdoA6zrmBPgTEN5qXmN,3B,USUG11800560
517,"I Was Never There","The Weeknd,Gesaffelstein",83,113,"","My Dear Melancholy,",2018-03-30,04:01,32,74,14,0,16,0,10,-4,A#/B♭ Major,4,2021-11-30,1cKHdTo9u0ZymJdPGSh6nq,6B,USUG11800570
518,"ヨロコビノウタ","BURNOUT SYNDROMES",12,178,"anime, j-rock, j-pop","孔雀",2018-02-21,04:31,24,81,2,0,30,0,10,-3,F Major,4,2021-12-02,1EEaCM14IV77XzUlLYdcAI,7B,JPU901704118
519,"吾輩は猫である","BURNOUT SYNDROMES",18,90,"anime, j-rock, j-pop","孔雀",2018-02-21,04:43,57,56,29,0,43,0,0,-6,C♯/D♭ Major,4,2021-12-02,6WevRmxUAvUHsCH64Lq5JA,3B,JPU901704120
520,"20121228","Sawano Hiroyuki",6,119,"anime, soundtrack","青の祓魔師 劇場版 オリジナル・サウンドトラック",2012-12-19,05:44,37,52,10,74,28,0,10,-10,G#/A♭ Major,4,2021-12-06,0I2piBBFnvn0wUqi3hyjcg,4B,JPE301203026
521,"Change","Kristin Chenoweth",4,116,"musicals","Some Lessons Learned",2011-09-09,03:16,44,32,86,0,28,0,10,-5,B Major,4,2021-12-07,3htwMJDEkm069zexVR3PN2,1B,USSM11103787
522,"I Didn't","Kristin Chenoweth",6,172,"musicals","Some Lessons Learned",2011-09-09,02:43,40,90,18,0,68,0,50,-2,G Major,4,2021-12-07,4zOaMgnHnhSup6LdSoSOXr,9B,USSM11103784
523,"Mine to Love","Kristin Chenoweth",5,164,"musicals","Some Lessons Learned",2011-09-09,04:11,45,87,2,0,48,0,40,-3,C♯/D♭ Major,4,2021-12-07,2zWWxQkV94hxFovIccowUj,3B,USSM11103786
524,"Lessons Learned","Kristin Chenoweth",7,96,"musicals","Some Lessons Learned",2011-09-09,04:16,36,82,8,0,33,0,10,-4,G#/A♭ Major,4,2021-12-07,0UCmqs83WZGCvfM5rnUoFd,4B,USSM11103779
525,"Scared To Live","The Weeknd",64,87,"","After Hours",2020-03-20,03:11,49,50,13,0,20,0,0,-8,C Major,4,2021-12-08,4BGZF4oLbTL0pWm7C18pbv,8B,USUG12000653
526,"Blinding Lights","The Weeknd",91,171,"","After Hours",2020-03-20,03:20,51,73,0,0,33,0,0,-6,C♯/D♭ Major,4,2021-12-08,0VjIjW4GlUZAMYd2vXMi3b,3B,USUG11904206
527,"Save Your Tears","The Weeknd",87,118,"","After Hours",2020-03-20,03:35,68,83,2,0,64,0,50,-5,C Major,4,2021-12-08,5QO79kh1waicV47BqGRL3g,8B,USUG12000658
528,"Repeat After Me (Interlude)","The Weeknd",63,95,"","After Hours",2020-03-20,03:15,56,62,3,0,14,0,0,-8,C Major,4,2021-12-08,40U8d12pC5UHqmHwXjHjjl,8B,USUG12000659
529,"世界を回せ","BURNOUT SYNDROMES",15,180,"anime, j-rock, j-pop","明星",2019-02-20,04:24,33,93,0,0,63,0,10,-3,C Major,4,2021-12-13,0hE9ZaIa2uut97ZngIHZtP,8B,JPU901802226
530,"星の王子さま-Fin-","BURNOUT SYNDROMES",7,121,"anime, j-rock, j-pop","明星",2019-02-20,04:47,46,66,43,0,33,0,0,-6,G#/A♭ Major,4,2021-12-13,4Wjigo0SDbaWsOCgbGF7QT,4B,JPU901804387
531,"Tapoosuna","Ghezaal Enayat",0,112,"","Attan",2021-05-26,03:28,79,60,45,0,85,10,10,-10,G#/A♭ Major,4,2021-12-16,2sV9yRqaq1HuqHIZ3U5C6w,4B,USJ3V2069054
532,"Tol Omr","Ghezaal Enayat",0,105,"","Attan",2021-05-26,04:09,68,73,70,0,92,0,50,-11,F#/G♭ Minor,4,2021-12-16,5OIVGqNPz7ikzBNVwTFYpe,11A,USJ3V2069056
533,"Eye-Water","Sawano Hiroyuki",53,120,"anime, soundtrack","TV Anime  Attack on Titan  Original Soundtrack",2013-00-00,03:01,59,34,66,89,4,0,10,-14,A Minor,4,2021-12-17,1EmEUcSo4TNbxR84er0edj,8A,JPPC01301133
534,"Army-Attack","Sawano Hiroyuki",42,135,"anime, soundtrack","TV Anime  Attack on Titan  Original Soundtrack",2013-00-00,03:26,59,79,12,81,33,0,10,-10,G#/A♭ Major,4,2021-12-17,0x0kiJ0XSLQ4uOJI9uEBzd,4B,JPPC01301146
535,"DOA","Sawano Hiroyuki",53,138,"anime, soundtrack","TV Anime  Attack on Titan  Original Soundtrack",2013-00-00,03:26,57,88,0,0,54,10,30,-5,D Minor,4,2021-12-17,3oID0W8xzgfMWD5KFop4xA,7A,JPPC01301137
536,"Bauklotze","Sawano Hiroyuki",62,90,"anime, soundtrack","TV Anime  Attack on Titan  Original Soundtrack",2013-00-00,03:56,55,71,8,0,23,0,40,-6,B Minor,4,2021-12-17,6oh6pyBUaJWZbhQKsq0iAm,10A,JPPC01301148
537,"Omake-Pfadlib","Sawano Hiroyuki",48,169,"anime, soundtrack","TV Anime  Attack on Titan  Original Soundtrack",2013-00-00,03:31,32,13,98,91,11,0,0,-22,C Minor,4,2021-12-17,0HxoynruEEEo4DF0axOFNj,5A,JPPC01301150
538,"Zing! Went The Strings Of My Heart","Kristin Chenoweth",13,136,"musicals","The Art Of Elegance",2016-09-23,03:22,64,41,79,0,36,0,10,-8,G Major,4,2021-12-20,2GtsQwa03Y4666WryuJL4i,9B,USC4R1605342
539,"A House Is Not A Home","Kristin Chenoweth",23,128,"musicals","The Art Of Elegance",2016-09-23,04:05,28,28,91,0,18,0,10,-9,D#/E♭ Major,4,2021-12-20,3iG7ldddtaKeYMWUAhb4WQ,5B,USC4R1605345
540,"Missed You - Bonus Track","The Weeknd",51,152,"","After Hours (Deluxe)",2020-04-03,02:24,69,37,12,0,32,0,10,-10,F Minor,4,2021-12-22,38uNCW1do0LKfMIt4MDkPo,4A,USUG11904289
541,"Dream On!!","BURNOUT SYNDROMES",30,128,"anime, j-rock, j-pop","BURNOUT SYNDROMEZ",2020-03-24,03:45,30,97,6,0,61,10,20,-1,C♯/D♭ Major,3,2021-12-23,3sY7mzJc3NxSmFFipnhC7C,3B,JPU902000431
542,"Good Morning World!","BURNOUT SYNDROMES",58,96,"anime, j-rock, j-pop","BURNOUT SYNDROMEZ",2020-03-24,04:09,49,95,5,0,60,0,10,-2,C Major,4,2021-12-23,6bfDSsy4wnpn6B0de8Qrbx,8B,JPU901901394
543,"Mazigar Raza Raza","Ghezaal Enayat",11,119,"","Mazigar Raza Raza",2020-10-12,03:36,63,82,42,0,75,10,30,-5,F#/G♭ Minor,4,2021-12-24,5FlxegA5yZSbdhJM5GfOiB,11A,DEXM82104368
544,"Mast Remix","Ghezaal Enayat",0,72,"","Mast Remix",2021-01-03,06:08,59,77,45,0,79,10,40,-5,B Minor,4,2021-12-24,2W9qiqBNFGh9W2zcoChtIT,10A,TCAFK2100828
545,"Nafas Nafas","Ghezaal Enayat",0,192,"","Nafas Nafas",2021-02-24,04:27,67,75,45,0,94,0,0,-6,G Minor,4,2021-12-24,10pjHPGjfLUjhE8qPl4B0j,6A,FR2X42133367
546,"Blumenkranz","Sawano Hiroyuki",42,160,"anime, soundtrack","キルラキル コンプリートサウンドトラック",2013-00-00,04:18,63,67,3,0,61,0,30,-7,F Minor,4,2021-12-27,1KvWQVn90Zfa1KdSuZXYxV,4A,JPE301302908
547,"Light your heart up","Sawano Hiroyuki",30,100,"anime, soundtrack","キルラキル コンプリートサウンドトラック",2013-00-00,03:56,72,84,1,0,72,0,0,-6,A#/B♭ Major,4,2021-12-27,41YM2pydam66rmeowEskcP,6B,JPE301302915
548,"劇伴特化型1☆極★服","Sawano Hiroyuki",29,119,"anime, soundtrack","キルラキル コンプリートサウンドトラック",2013-00-00,03:24,40,71,0,1,40,0,20,-8,B Major,4,2021-12-28,6E9f8SeaMbq0eCeHkyKB1q,1B,JPE301400323
549,"リズム強化型2☆極★服","Sawano Hiroyuki",19,120,"anime, soundtrack","キルラキル コンプリートサウンドトラック",2013-00-00,04:12,34,84,0,74,37,0,60,-9,G Major,4,2021-12-28,7ePFtoUBDVYE7BZsnklyGP,9B,JPE301400324
550,"Before my body is dry<空OK>","Sawano Hiroyuki",22,120,"anime, soundtrack","キルラキル コンプリートサウンドトラック",2013-00-00,04:08,41,69,1,83,30,0,0,-10,D#/E♭ Minor,4,2021-12-28,0HwGh1BIv3IozB77lthuNk,2A,JPE301400335
551,"Suck your blood<空OK>","Sawano Hiroyuki",13,75,"anime, soundtrack","キルラキル コンプリートサウンドトラック",2013-00-00,03:41,50,92,0,87,76,10,20,-8,D Major,4,2021-12-28,3UAmwD0MQu7jwUAUSBFFOU,10B,JPE301400336
552,"I want to know<空OK>","Sawano Hiroyuki",13,168,"anime, soundtrack","キルラキル コンプリートサウンドトラック",2013-00-00,04:06,49,26,38,85,14,0,10,-13,G Minor,3,2021-12-28,1YgGQ5e04ShPjEHpsCFxT6,6A,JPE301400339
553,"Before my body is dry:[nZk] ver.","Sawano Hiroyuki",26,106,"anime, soundtrack","キルラキル コンプリートサウンドトラック",2013-00-00,04:36,63,55,3,0,32,0,20,-8,D#/E♭ Minor,4,2021-12-29,5nCdT6f1jK5J8bLcWmwjIE,2A,JPE301302976
554,"Suck your blood:[nZk]ver.","Sawano Hiroyuki",15,150,"anime, soundtrack","キルラキル コンプリートサウンドトラック",2013-00-00,03:44,57,76,0,0,60,10,30,-9,D Major,4,2021-12-29,0FmVhHaNo6lf8G0gUDlWxk,10B,JPE301302978
555,"Light your heart up:[nZk]ver.","Sawano Hiroyuki",18,200,"anime, soundtrack","キルラキル コンプリートサウンドトラック",2013-00-00,03:54,39,78,1,0,70,0,20,-7,A#/B♭ Major,4,2021-12-29,2kWVMKTacBQboTkUxivghZ,6B,JPE301302979
556,"Light your heart up:[nZk]ver.〈INST〉","Sawano Hiroyuki",10,100,"anime, soundtrack","キルラキル コンプリートサウンドトラック",2013-00-00,03:54,52,71,0,95,76,0,20,-10,F Minor,4,2021-12-29,0SD9LQ63QXwQyj4WXLWg4C,4A,JPE301302984
557,"I'm A Woman (Feat. Jennifer Hudson & Reba McEntire)","Kristin Chenoweth,Jennifer Hudson,Reba McEntire",16,98,"musicals, country, classic country","For The Girls",2019-09-27,03:26,53,55,51,0,51,10,30,-6,A Major,4,2021-12-30,1Eqb0KQtFdGeeR54r1VSFl,11B,USC4R1907018
558,"Will You Love Me Tomorrow","Kristin Chenoweth",12,95,"musicals","For The Girls",2019-09-27,03:33,53,45,73,0,25,0,10,-7,A Major,4,2021-12-30,7wuwUN5NbeFvVOM2qQGylm,11B,USC4R1907019
559,"Wanderlust - Steve Pitron & Max Sanna Club Mix","The Weeknd",22,123,"","Wanderlust (Remixes)",2014-05-19,06:38,73,70,0,11,55,0,0,-6,C♯/D♭ Minor,4,2021-12-31,4R3Pi77fc7MB54wj1gqSt2,12A,USUG11400418
560,"The Hills - Remix","The Weeknd,Eminem",63,111,"rap, hip hop","The Hills Remixes",2015-10-11,04:23,46,63,7,0,35,20,0,-7,C Minor,4,2021-12-31,7iTloMifzZo9ZNZKEe4V2V,5A,USUG11501524
561,"Blinding Lights - Major Lazer Remix","The Weeknd,Major Lazer",42,112,"moombahton","Blinding Lights (Major Lazer Remix)",2020-03-31,03:17,68,73,36,0,68,10,50,-5,C Minor,5,2021-12-31,68kQQv6idXUcXIf1n59Y3i,5A,USUG12001402
562,"In Your Eyes (feat. Kenny G) - Remix","The Weeknd,Kenny G",49,100,"smooth jazz, christmas","In Your Eyes (Remix)",2020-10-16,04:16,61,79,0,0,53,0,0,-4,G Minor,4,2021-12-31,1SySkCqhEG6Z68o2n07Bsr,6A,USUG12003955
563,"Blinding Lights (with ROSALÍA) - Remix","The Weeknd,ROSALÍA",61,171,"latin","Blinding Lights (Remix)",2020-12-04,03:36,49,69,1,0,25,0,0,-6,F Minor,4,2022-01-01,7MXgrcOQAJ5VwSNUL0lDd3,4A,USUG12004507
564,"Hurricane","Kanye West,The Weeknd,Lil Baby",60,78,"rap, ","Hurricane",2021-08-27,03:58,48,57,3,0,36,20,10,-7,C Major,4,2022-01-01,44I7sqKYCAa7bQdVywkShO,8B,USUM72118369
565,"Where You Belong - SOHN Remix (From Fifty Shades Of Grey Remixed)","The Weeknd",34,120,"","Fifty Shades Of Grey Remixed",2015-05-04,03:59,62,53,47,0,25,0,0,-6,A Minor,4,2022-01-01,0BtbyPxZeaDqSNM7Vazp0R,8A,USUG11500574
566,"Nocturnal","Disclosure,The Weeknd",59,103,"house, ","Caracal (Deluxe)",2015-09-25,06:44,67,68,2,0,27,0,10,-6,D Minor,4,2022-01-01,2ZbqLzPVJxwJ5KPVXb3KaL,7A,GBUM71503564
567,"Poison","Aaliyah,The Weeknd",42,90,"r&b, contemporary r&b, ","Poison (feat. The Weeknd)",2021-12-17,02:42,60,55,57,0,43,10,10,-7,C♯/D♭ Major,4,2022-01-01,7M4fSXTAUQih72cf0FbMgA,3B,USUYG1403560
568,"Lost in the Fire (feat. The Weeknd)","Gesaffelstein,The Weeknd",82,101,"","Hyperion",2019-03-08,03:22,66,67,9,0,17,0,10,-12,D Major,4,2022-01-02,2vXKRlJBXyOcvZYTdNeckS,10B,USQX91803314
569,"LA FAMA (with The Weeknd)","ROSALÍA,The Weeknd",1,136,"latin, ","LA FAMA (with The Weeknd)",2021-11-11,03:08,77,30,95,0,82,0,10,-8,C Minor,4,2022-01-02,6dmXZ9B5HdFAyzHeTneYBK,5A,USSM12107750
570,"ロザリオをはずして","BURNOUT SYNDROMES",17,182,"anime, j-rock, j-pop","TOKYO",2021-06-23,04:00,40,86,1,0,47,10,30,-5,C♯/D♭ Minor,4,2022-01-03,46YMeVyGdmTArXaHqKb5UI,12A,JPU902101275
571,"世界は愛で満ちている","BURNOUT SYNDROMES",10,129,"anime, j-rock, j-pop","TOKYO",2021-06-23,04:21,65,62,15,0,37,0,0,-6,C Major,4,2022-01-03,0BQHFRzMxRxR3almzXw4kB,8B,JPU902101277
572,"逢いたい逢えない","BURNOUT SYNDROMES,CHiCO",15,124,"anime, j-rock, j-pop","TOKYO",2021-06-23,04:39,55,44,54,0,30,0,10,-8,B Major,4,2022-01-03,1RmwPcbTWkI3WIh4xZGV58,1B,JPU902101280
573,"庭球行進曲","BURNOUT SYNDROMES",16,128,"anime, j-rock, j-pop","TOKYO",2021-06-23,02:33,59,75,1,0,78,0,0,-5,B Minor,4,2022-01-03,0uyx7saxvyO4uPmiC9Anjq,10A,JPU902101283
574,"Mos em le","Nora Istrefi",0,130,"","Mos em le",2014-05-09,03:23,66,82,17,0,69,0,30,-6,A Minor,4,2022-01-04,1XvBO2RsUc4BCH5tSovmvo,8A,FRX871589854
575,"13","Era Istrefi",0,90,"","13",2014-12-12,03:39,66,70,8,0,65,0,30,-8,F#/G♭ Minor,4,2022-01-04,7whasGQTFSZgkF0Nvj3NBH,11A,QZES71800267
576,"The Moment of Dreams","Sawano Hiroyuki",18,140,"anime, soundtrack","澤野弘之　NHK WORKS",2013-02-27,04:44,47,51,42,0,59,0,10,-8,A Minor,4,2022-01-05,0GQUPkQxs42P8PdPC2kqA0,8A,JPS001300074
577,"Black & Blue Room ＜TV Edit＞","Sawano Hiroyuki",10,168,"anime, soundtrack","澤野弘之　NHK WORKS",2013-02-27,02:49,40,56,31,27,55,0,20,-11,D Major,4,2022-01-05,0fsqyUUw7A1UqD5BqmNU5e,10B,JPS001300076
578,"サイエンスZERO2012 オープニングテーマ","Sawano Hiroyuki",4,125,"anime, soundtrack","澤野弘之　NHK WORKS",2013-02-27,02:44,57,88,1,50,83,0,0,-9,G Major,4,2022-01-13,3QTNb5JdAdvWVdtj2Ju9Pl,9B,JPS001300079
579,"itsuka","Sawano Hiroyuki",13,124,"anime, soundtrack","澤野弘之　NHK WORKS",2013-02-27,05:33,29,14,80,62,12,0,0,-15,F#/G♭ Minor,4,2022-01-13,65bfRJuYlmMZgKMFKrvgAa,11A,JPS001300082
580,"Happiness (Is Christmas) / Christmas Time Is Here - Medley","Kristin Chenoweth",31,103,"musicals","HAPPINESS is…Christmas!",2021-10-22,04:25,37,31,82,0,15,0,10,-8,D Major,4,2022-01-13,6KkaVflH2WXEa6m4lweJ1q,10B,USRO22102652
581,"Santa, I've Got A Bone To Pick With You!","Kristin Chenoweth",22,128,"musicals","HAPPINESS is…Christmas!",2021-10-22,03:59,72,57,38,0,65,0,0,-5,C Major,4,2022-01-13,2aXbmaMp1dVU45EgIfOzmY,8B,USRO22102661
582,"Big Lie","Post Malone",34,171,"","Stoney",2016-12-09,03:27,44,68,19,0,22,10,0,-5,F#/G♭ Minor,4,2022-01-14,4Bio0KwSl8xq7ge5qGGIHv,11A,USUM71614468
583,"Deja Vu","Post Malone,Justin Bieber",38,134,"","Stoney",2016-12-09,03:54,62,69,9,0,33,0,10,-7,G Major,4,2022-01-14,04rxhNRD9t4SxNVWHqEO8u,9B,USUM71608604
584,"White Iverson","Post Malone",42,130,"","Stoney",2016-12-09,04:16,68,56,23,0,31,0,0,-8,G Major,4,2022-01-14,5kaOnQI5luApBdnahM3V2N,9B,USUM71511528
585,"Patient","Post Malone",34,90,"","Stoney",2016-12-09,03:14,74,66,56,0,55,10,10,-6,F Minor,4,2022-01-14,0GgQouk3XBQVBRpJyW25Nn,4A,USUM71614477
586,"ヒカリアレ-Moonlight Version-","BURNOUT SYNDROMES",37,79,"anime, j-rock, j-pop","PHOENIX",2020-02-12,05:10,58,39,74,0,38,0,10,-7,F Major,4,2022-01-17,2FZkvqjMrGyPhemA4Pxo3Z,7B,JPU901903380
587,"PHOENIX (Instrumental)","BURNOUT SYNDROMES",8,137,"anime, j-rock, j-pop","PHOENIX",2020-02-12,04:05,46,97,0,83,51,0,10,-3,C Major,4,2022-01-17,22SZHqY1um6HpuX6GNaF5h,8B,JPU901903381
588,"銀世界 - Instrumental","BURNOUT SYNDROMES",2,92,"anime, j-rock, j-pop","BLIZZARD / 銀世界",2021-05-19,03:40,47,95,0,79,41,0,0,-4,B Major,4,2022-01-17,6hl6odzlxNMBF02TOtCgXF,1B,JPU902100895
589,"BLIZZARD (Outr3ach Remix) - SACRA BEATS Singles","BURNOUT SYNDROMES,Outr3ach",16,146,"anime, j-rock, j-pop, future bass","BLIZZARD (Outr3ach Remix) - SACRA BEATS Singles",2021-07-16,03:00,51,76,3,0,60,0,30,-5,B Minor,4,2022-01-17,1AcvBbuuPLCidxzgsxEhb8,10A,JPU902101676
590,"PHOENIX - From THE FIRST TAKE","BURNOUT SYNDROMES",26,137,"anime, j-rock, j-pop","PHOENIX - From THE FIRST TAKE",2021-11-16,04:23,53,82,13,0,82,0,10,-4,B Major,4,2022-01-17,4bmHARpfMiQNBY26QuEaTG,1B,JPU902104609
591,"itsuka-Gt","Sawano Hiroyuki",7,134,"anime, soundtrack","澤野弘之　NHK WORKS",2013-02-27,03:27,57,19,92,66,18,0,10,-16,F#/G♭ Minor,4,2022-01-20,3XGsAGtwcRMM31TFVCMXNR,11A,JPS001300083
592,"WiLL:piano","Sawano Hiroyuki",8,139,"anime, soundtrack","澤野弘之　NHK WORKS",2013-02-27,03:02,49,2,98,90,31,0,10,-24,G Major,4,2022-01-20,5kdwuDKZ5hb3m2VmYJ3nGz,9B,JPS001300086
593,"ScienceZero ＜Piano Arrange＞","Sawano Hiroyuki",5,72,"anime, soundtrack","澤野弘之　NHK WORKS",2013-02-27,03:53,42,4,99,95,17,0,0,-25,F Major,4,2022-01-20,1HtLN28OPV6wZlyBgunMXA,7B,JPS001300087
594,"銅鑼Gong4N <X9>","Sawano Hiroyuki",27,133,"anime, soundtrack","劇場版 七つの大罪 天空の囚われ人　オリジナル・サウンドトラック",2014-00-00,03:02,56,88,0,82,46,0,30,-7,D Major,4,2022-01-20,7aH5AjhLNSHjLHtavJxROa,10B,JPE301800674
595,"7角: the1 <X9>","Sawano Hiroyuki",20,91,"anime, soundtrack","劇場版 七つの大罪 天空の囚われ人　オリジナル・サウンドトラック",2014-00-00,02:42,47,89,1,90,54,0,30,-7,D Major,3,2022-01-20,0QdIpJo5S9QLEGLkQqevwE,10B,JPE301800679
596,"2血上-BiGsIn","Sawano Hiroyuki",11,113,"anime, soundtrack","劇場版 七つの大罪 天空の囚われ人　オリジナル・サウンドトラック",2014-00-00,04:07,64,81,0,72,85,0,10,-7,D Major,4,2022-01-20,6tnTSDz8WjKGuToLDFFIUw,10B,JPE301800682
597,"銅鑼Gong4N <X9-Orch>","Sawano Hiroyuki",21,133,"anime, soundtrack","劇場版 七つの大罪 天空の囚われ人　オリジナル・サウンドトラック",2014-00-00,02:46,22,49,9,81,22,0,10,-10,A Minor,4,2022-01-20,5QRym9QgpgAZcN7k78t8um,8A,JPE301800683
598,"Jesus Take the Wheel","Kristin Chenoweth",2,77,"musicals","Jesus Take The Wheel",2012-03-18,03:48,30,27,84,0,7,0,20,-6,G#/A♭ Major,4,2022-01-21,5yuqE0kwMOhW2irKC8zN7F,4B,USWB11200442
599,"THE BUNGY","NICO Touches the Walls",23,142,"anime, j-rock, j-pop","Who are you?",2008-09-24,03:35,41,95,0,0,54,10,0,-3,E Minor,4,2022-01-24,2VklGMPSjnhW8HwAWN9Q3f,9A,JPKS00800841
600,"バニーガールとダニーボーイ","NICO Touches the Walls",11,162,"anime, j-rock, j-pop","Who are you?",2008-09-24,04:24,43,93,0,0,46,0,10,-2,E Minor,4,2022-01-24,5NpZmrhjF7BMEvOY2rEiaG,9A,JPKS00701902
601,"有言不実行成仏","NICO Touches the Walls",9,104,"anime, j-rock, j-pop","Who are you?",2008-09-24,04:38,29,82,0,0,55,0,0,-4,G Major,4,2022-01-24,1UdJtBGKOqaTnJNYDUigqg,9B,JPKS00801684
602,"Up There","Post Malone",32,73,"","Stoney",2016-12-09,03:14,65,38,37,0,44,0,10,-8,F Minor,4,2022-01-25,1ptIfvfmXFt9zW7mxUOQwZ,4A,USUM71614489
603,"No Maybes","Ilkay Sencan,Era Istrefi,Arash",33,105,"slap house, afro house","No Maybes",2020-03-27,02:38,71,72,0,0,62,0,10,-3,G#/A♭ Major,4,2022-02-07,1nYbbqZEses2erZhEuwJu0,4B,DEE862000369
604,"Let’s Get Married","Yellow Claw,Offset,Era Istrefi",25,75,"edm, edm trap, ","Let's Get Married",2019-09-20,03:53,60,65,0,0,52,0,30,-6,C♯/D♭ Minor,4,2022-02-07,3glubFVIvA6KIkqCTvcnQV,12A,QMJMT1902268
605,"104EYES-piano2","Sawano Hiroyuki",11,117,"anime, soundtrack","劇場版 七つの大罪 天空の囚われ人　オリジナル・サウンドトラック",2014-00-00,03:05,38,9,97,86,7,0,10,-24,D Minor,4,2022-02-08,0DDSFYOrtDwXwLFcuWr6fs,7A,JPE301800252
606,"No differences","Sawano Hiroyuki",40,128,"anime, soundtrack","アルドノア・ゼロ オリジナル・サウンドトラック",2014-09-10,04:37,70,80,1,0,51,0,0,-6,C♯/D♭ Minor,4,2022-02-08,5NR9N6ryJTCdjgFVHHfSDu,12A,JPE301400782
607,"I'm Going in for Love","Kristin Chenoweth",3,91,"musicals","Cole Porter's You Never Know (World Premiere Cast Recording)",2017-10-06,02:43,30,46,74,0,35,0,0,-7,D#/E♭ Major,3,2022-02-09,6GzVz91Fk34wEVdTwnkXq3,5B,USSK31781919
608,"かけら〜総べての想いたちへ〜","NICO Touches the Walls",25,113,"anime, j-rock, j-pop","オーロラ",2009-11-25,04:32,52,85,0,0,60,0,10,-3,C♯/D♭ Minor,4,2022-02-10,2OJyRyvdVhADmRcDv7vVQr,12A,JPKS00902381
609,"Deja Vu - Instrumental","Post Malone",25,134,"","Stoney (Complete Edition)",2016-12-09,03:56,71,56,1,63,31,0,10,-12,C Major,4,2022-02-11,4pQKjAbWS5jywKhDoz86Jw,8B,USUM72121903
610,"アZ-Kat","Sawano Hiroyuki",21,111,"anime, soundtrack","アルドノア・ゼロ オリジナル・サウンドトラック",2014-09-10,03:58,53,68,0,85,4,0,10,-10,A#/B♭ Major,4,2022-02-27,3XigLcV00K2M4Pj3yPar8x,6B,JPE301400787
611,"悲scene","Sawano Hiroyuki",20,67,"anime, soundtrack","アルドノア・ゼロ オリジナル・サウンドトラック",2014-09-10,03:54,9,22,31,96,4,0,0,-14,B Minor,4,2022-02-27,2OnBS3hf7nspzxymSm3CzZ,10A,JPE301400788
612,"AL℃-＠","Sawano Hiroyuki",29,80,"anime, soundtrack","アルドノア・ゼロ オリジナル・サウンドトラック",2014-09-10,02:33,56,72,12,2,40,0,30,-8,A#/B♭ Major,4,2022-02-27,1vJF1EOvxyvOKBj7xBYiBr,6B,JPE301400790
613,"SiTE-n0w1","Sawano Hiroyuki",20,130,"anime, soundtrack","アルドノア・ゼロ オリジナル・サウンドトラック",2014-09-10,03:57,64,78,13,46,55,0,0,-10,G Major,4,2022-02-27,2OtilXjteupoda1lV24sdS,9B,JPE301400795
614,"Veronique","Kristin Chenoweth,Peter Gallagher,Rick Faugno,Richard Riaz Yoder,Phillip Attmore,Drew King",12,131,"musicals, ","On the Twentieth Century (New Broadway Cast Recording)",2015-05-19,05:47,60,36,72,0,47,10,10,-10,A Major,4,2022-02-28,3V2R1HzyKB0uaac2eUBiL0,11B,USB961553210
615,"Never","Kristin Chenoweth,Michael McGrath,Mark Linn-Baker",11,87,"musicals","On the Twentieth Century (New Broadway Cast Recording)",2015-05-19,02:53,42,39,81,0,47,10,50,-9,D Major,3,2022-02-28,1JUICerWHNSR4Trp1eNygj,10B,USB961553214
616,"We Need a Little Christmas","The Tabernacle Choir at Temple Square,Orchestra at Temple Square,Kristin Chenoweth",0,113,"hymns, choral, christmas, musicals","Angels Among Us",2019-10-18,02:40,54,57,57,0,52,0,20,-12,D Major,4,2022-03-01,6i0ojesiel5YRBrsoQ1tBz,10B,US23M1900036
617,"Prologue: Prologue: Calamari","William Finn,Malcolm Gets,Liz Larsen,Kristin Chenoweth,Chip Zien,Ted Sperling",11,76,"musicals","A New Brain (Original Off-Broadway Cast Recording)",1995-12-31,03:40,53,43,80,0,58,10,20,-11,G Major,4,2022-03-10,5Gj5ZqVCFi4BE4MEDtnxuf,9B,USBC19801853
618,"Family History","William Finn,Kristin Chenoweth,Michael Mandell,Penny Fuller,Ted Sperling",9,80,"musicals","A New Brain (Original Off-Broadway Cast Recording)",1995-12-31,00:50,70,22,79,0,73,10,70,-14,G Major,4,2022-03-10,01X0st8OtHsURPwtuIKf3l,9B,USBC19801859
619,"And They're Off","William Finn,Malcolm Gets,Kristin Chenoweth,John Jellison,Keith Byron Kirk,Liz Larsen,Michael Mandell,Mary Testa,Ted Sperling",15,114,"musicals","A New Brain (Original Off-Broadway Cast Recording)",1995-12-31,03:42,45,44,86,0,53,0,10,-9,C Major,3,2022-03-13,0uapNjkgHYES3lmJ0yKKro,8B,USBC19801861
620,"Eating Myself Up Alive","William Finn,Michael Mandell,Kristin Chenoweth,John Jellison,Keith Byron Kirk,Mary Testa,Ted Sperling",8,117,"musicals","A New Brain (Original Off-Broadway Cast Recording)",1995-12-31,02:17,55,63,72,0,83,0,20,-6,F Minor,4,2022-03-13,15kOHwNKQqGQXhz74niolf,4A,USBC19801873
621,"I'll Never Fall In Love Again","Kristin Chenoweth,Sean Hayes",20,117,"musicals","Promises, Promises (New Broadway Cast Recording (2010))",2010-06-21,03:16,61,9,84,0,26,0,10,-16,C Major,4,2022-03-13,3e7CZGtg3ViBeksYv2TukD,8B,USSM11001598
622,"Love Is Strange","Kristin Chenoweth",36,108,"musicals","Strange Magic (Original Motion Picture Soundtrack)",2015-01-01,02:53,40,86,40,0,43,0,30,-5,B Major,4,2022-03-14,6Of7iAR18VXl2431zRp1kB,1B,USR1B1421639
623,"Poisonous Love","Kristin Chenoweth,Jermaine Clement,Jemaine Clement",0,93,"musicals, comedy","Rio 2 Music From The Motion Picture",2014-03-17,03:30,38,33,83,0,15,0,40,-11,C Major,4,2022-03-14,4HS4OGJQFHrPrYcUykgmdt,8B,USAT21400685
624,"Velma's Revenge","Kristin Chenoweth",20,134,"musicals","Hairspray LIVE! Original Soundtrack of the NBC Television Event",2016-12-02,00:59,48,58,69,0,68,0,10,-5,C♯/D♭ Major,4,2022-03-14,4ea69rZxGlnAYSaaR3fpVv,3B,USQX91602486
625,"Raise Your Glass (Glee Cast Season 5 Version) (feat. Kristin Chenoweth)","Glee Cast,Kristin Chenoweth",27,122,"musicals","Glee: The Music - Celebrating 100 Episodes",2014-03-25,03:25,64,75,0,0,53,0,0,-5,G Major,4,2022-03-14,6Ci4vm8On0FzhIII8Bm2uZ,9B,USQX91400185
626,"Quiet Moments [Feat. Kristin Chenoweth]","Keb' Mo',Kristin Chenoweth",14,132,"blues, modern blues, country blues, blues rock, classic blues, musicals","Good To Be...",2022-01-21,03:54,48,26,50,0,32,0,10,-10,G Major,4,2022-03-14,1llPStHyvKvYFLHiBCe2Yu,9B,USRO22102770
627,"Dreams (feat. Kristin Chenoweth)","Glee Cast,Kristin Chenoweth",29,121,"musicals","Glee: The Music, Volume 6",2011-05-23,04:16,82,56,12,0,80,0,10,-6,C Major,4,2022-03-14,0sTyPK3qbH0u7dFJsEHQYm,8B,USQX91100395
628,"Fire (Glee Cast Version) (feat. Kristin Chenoweth)","Glee Cast,Kristin Chenoweth",31,118,"musicals","Glee: The Music, The Complete Season One",2010-09-14,03:24,80,54,15,0,49,0,10,-6,F Major,4,2022-03-14,06SiZAfeYY3rDYRFc4Dlek,7B,USQX91000292
629,"[Symphonic-Mobile Suite  UC ] 6thMob. :Unicorn Gundam","Sawano Hiroyuki",29,106,"anime, soundtrack","MOBILE SUIT GUNDAM UNICORN Original Motion Picture Soundtrack 4",2014-11-20,05:25,56,51,0,89,25,0,20,-13,A Minor,4,2022-03-21,1LAYGHTcDsqB7aWCoBRmWW,8A,JPP301400070
630,"[Symphonic-Mobile Suite  UC ] 7thMob. :20140517","Sawano Hiroyuki",21,120,"anime, soundtrack","MOBILE SUIT GUNDAM UNICORN Original Motion Picture Soundtrack 4",2014-11-20,05:05,22,24,21,91,4,0,10,-16,G#/A♭ Major,3,2022-03-21,02ex38xxGgY1pNZeaB8E0m,4B,JPP301400071
631,"8thMob. :Beginning[Symphonic-Mobile Suite  UC ] - Orch Ver.","Sawano Hiroyuki",21,73,"anime, soundtrack","MOBILE SUIT GUNDAM UNICORN Original Motion Picture Soundtrack 4",2014-11-20,01:51,27,60,4,79,17,0,10,-15,D Major,4,2022-03-21,0AkuLZQOGzYkmQuTCrXqpQ,10B,JPP301400072
632,"[Symphonic-Mobile Suite  UC ] 9thMob. :Ryuuseino Namida - Orch Ver.","Sawano Hiroyuki",21,118,"anime, soundtrack","MOBILE SUIT GUNDAM UNICORN Original Motion Picture Soundtrack 4",2014-11-20,03:15,37,29,1,52,21,0,10,-12,D Major,4,2022-03-21,2p9VdaNkvRz29RPmNqtHLo,10B,JPP301400073
633,"Ego - nZk Ver.","Sawano Hiroyuki",28,90,"anime, soundtrack","MOBILE SUIT GUNDAM UNICORN Original Motion Picture Soundtrack 4",2014-11-20,03:14,42,21,53,0,31,0,10,-13,E Minor,4,2022-03-21,3KIV1WpEL1WPEcI1PHVPTo,9A,JPP301400074
634,"レオ","NICO Touches the Walls",10,148,"anime, j-rock, j-pop","オーロラ",2009-11-25,05:06,49,87,0,0,16,0,0,-5,C♯/D♭ Minor,4,2022-03-27,1SJyvMELhFoYOfDyIhoGHv,12A,JPKS00902568
635,"Leave - Instrumental","Post Malone",24,90,"","Stoney (Complete Edition)",2016-12-09,05:25,73,51,10,88,66,0,10,-9,F#/G♭ Minor,4,2022-03-28,2dnAlwEWCLxzI4VGuZ0PxO,11A,USUM72121934
636,"I Thash Asaj","Yll Limani",0,135,"","I Thash Asaj",2015-10-17,02:46,55,63,73,0,50,0,10,-5,A#/B♭ Major,4,2022-04-14,6mVyZ4EkzajCYMxJlHF15x,6B,ALA091800042
637,"Ke Pi Sonte Shume","Yll Limani",0,122,"","Ke Pi Sonte Shume",2017-04-05,02:39,44,32,77,0,27,0,0,-10,A Minor,4,2022-04-14,2If6rBgv8s8ugzbKLZJYgC,8A,ALA091800046
638,"Friday Night","Cricket,Yll Limani",0,188,"","Friday Night",2018-12-28,02:50,73,49,27,0,62,20,0,-5,B Major,4,2022-04-24,1a2GqDi8PwTdWzHpNwIiDb,1B,USL4R1830292
639,"Nuk po kalojka","Yll Limani",0,94,"","Nuk po kalojka",2019-07-08,03:10,75,72,72,0,84,10,10,-3,A#/B♭ Minor,4,2022-04-24,0v6xKorNrpqt5qvWjW1rZv,3A,ALA091900165
640,"I kom kall","Yll Limani",0,95,"","I kom kall",2020-06-11,02:27,80,64,26,0,85,10,0,-6,A#/B♭ Minor,4,2022-04-24,6Esk8TQTaaBkco5Tw3WA0C,3A,ALA092000078
641,"Buzët e kuqe","Yll Limani",40,155,"","Buzët e kuqe",2020-09-24,03:36,56,88,7,0,44,0,0,-4,E Minor,4,2022-04-25,0P2kOVEITLXzZBd3fMP3o5,9A,ALA092000135
642,"Losing Grip","Avril Lavigne",62,158,"","Let Go",2002-06-04,03:53,53,89,0,0,58,10,0,-5,G#/A♭ Minor,4,2022-05-10,2LA4v20vokK9Uaj7WEEMaf,1A,USAR10200222
643,"Anything but Ordinary","Avril Lavigne",55,123,"","Let Go",2002-06-04,04:11,65,67,4,0,64,0,0,-6,A Minor,4,2022-05-10,6STHWwMa2vbr1nKArQH7hd,8A,USAR10200231
644,"サドンデスゲーム","NICO Touches the Walls",9,170,"anime, j-rock, j-pop","サドンデスゲーム",2010-08-11,05:26,34,98,0,0,30,10,30,-2,E Minor,4,2022-05-26,6h43S3KtURolnulKOvsSOH,9A,JPKS01001601
645,"Rich & Sad","Post Malone",65,152,"","beerbongs & bentleys",2018-04-27,03:26,60,57,20,0,28,0,10,-5,D Major,4,2022-05-28,2VdT56BGpdqNHUgOe1j5vc,10B,USUM71805166
646,"Over Now","Post Malone",67,164,"","beerbongs & bentleys",2018-04-27,04:06,57,78,14,0,18,0,10,-4,E Minor,4,2022-05-28,09IOPhEh1OMe0HD9b36FJk,9A,USUM71805169
647,"Ball For Me (feat. Nicki Minaj)","Post Malone,Nicki Minaj",64,134,"","beerbongs & bentleys",2018-04-27,03:26,77,55,51,0,54,30,0,-4,F#/G♭ Minor,4,2022-05-28,6IaieqiCVvsNvEt6Y7yOFa,11A,USUM71710834
648,"Jonestown (Interlude)","Post Malone",51,78,"","beerbongs & bentleys",2018-04-27,01:52,38,45,76,62,29,0,20,-10,C Minor,4,2022-05-28,0R6Jlsq25eZB3Wftpxi3oF,5A,USUM71805175
649,"92 Explorer","Post Malone",66,146,"","beerbongs & bentleys",2018-04-27,03:31,80,73,27,0,86,0,10,-5,G Minor,4,2022-05-28,1D2L6MefbXon28PzIk9I3r,6A,USUM71805176
650,"Jakup Ferri","Korab Shaqiri,Ermal Fejzullahu,Yll Limani,Shemi Iliret",6,135,"","Jakup Ferri",2020-04-26,03:06,65,82,36,0,57,0,0,-3,D Minor,4,2022-05-29,5KAmQyKKABCcejee99bGdU,7A,QZES62079483
651,"Kenge Moj","Korab Shaqiri,Ermal Fejzullahu,Yll Limani,Drilon Shala,Shemi Iliret",11,141,"","Kenge Moj",2020-04-26,03:51,64,69,65,0,46,0,0,-6,A Minor,3,2022-05-29,2ueVuSdqIISiqsGJ0BcwxB,8A,QZES62078382
652,"S’ki me m’pa","ROW,Yll Limani",0,100,"","S’ki me m’pa",2021-12-30,03:00,74,56,1,1,61,0,20,-9,D Major,4,2022-05-29,30Zz5cMyAH5tIGgnc6aiJJ,10B,QZTAU2159895
653,"A Don Hala","Tuna,Yll Limani",0,154,"","Fortuna",2019-03-18,03:24,45,44,82,0,44,0,10,-8,F Minor,4,2022-05-29,7qMBAVaFmr57q4HbArLUhF,4A,ALA091900055
654,"He Wasn't","Avril Lavigne",53,173,"","Under My Skin",2004-00-00,02:59,41,86,0,0,66,0,0,-4,G Major,4,2022-07-03,0VRxqpFICUHJKuWx9sQrm6,9B,USAR10400484
655,"Who Knows","Avril Lavigne",47,162,"","Under My Skin",2004-00-00,03:29,45,81,0,0,37,0,10,-3,G Major,4,2022-07-03,6lUIEm45AdsmH3tpjRmqpU,9B,USAR10400489
656,"Take What You Want (feat. Ozzy Osbourne & Travis Scott)","Post Malone,Ozzy Osbourne,Travis Scott",80,140,"metal, glam metal, heavy metal, hard rock, rap","Hollywood's Bleeding",2019-09-06,03:49,50,80,9,0,27,0,10,-3,C♯/D♭ Minor,4,2022-07-03,7CZyCXKG6d5ALeq41sLzbw,12A,USUM71915731
657,"Goodbyes (feat. Young Thug)","Post Malone,Young Thug",77,150,"rap, melodic rap, trap","Hollywood's Bleeding",2019-09-06,02:54,55,65,46,0,16,0,10,-4,F Major,4,2022-07-04,0t3ZvGKlmYmVsDzBJAXK8C,7B,USUM71912330
658,"Myself","Post Malone",59,82,"","Hollywood's Bleeding",2019-09-06,02:38,55,70,10,0,40,0,20,-4,C Major,4,2022-07-04,2cvOfKHOHgwQlLiuLKP2xR,8B,USUM71915734
659,"PT-2:罪","Sawano Hiroyuki",18,113,"anime, soundtrack","七つの大罪 オリジナル・サウンドトラック 2",2015-04-08,01:49,57,65,0,8,43,0,10,-9,E Minor,4,2022-07-04,58QFxv6cY8A4qr4tJFJjq0,9A,JPE301500193
660,"9雷&セ2内-4:罪","Sawano Hiroyuki",16,140,"anime, soundtrack","七つの大罪 オリジナル・サウンドトラック 2",2015-04-08,03:53,41,33,84,91,6,0,10,-15,C Major,4,2022-07-04,0wikKTKv5B7nKn79GwxUYX,8B,JPE301500195
661,"pfAD-6:罪","Sawano Hiroyuki",23,74,"anime, soundtrack","七つの大罪 オリジナル・サウンドトラック 2",2015-04-08,02:40,46,6,99,89,20,0,0,-22,D Major,3,2022-07-04,1uiRFhgUowFnSi5cqdr6CT,10B,JPE301500197
662,"K&B-8:罪","Sawano Hiroyuki",10,130,"anime, soundtrack","七つの大罪 オリジナル・サウンドトラック 2",2015-04-08,04:46,50,67,54,80,6,0,0,-12,G Major,4,2022-07-04,3PX89zEHBtA1lQ31mLoqNb,9B,JPE301500199
663,"pfAD-10:罪","Sawano Hiroyuki",28,84,"anime, soundtrack","七つの大罪 オリジナル・サウンドトラック 2",2015-04-08,02:12,29,10,99,96,8,0,10,-20,G#/A♭ Major,4,2022-07-04,3a3yOY5NhZV9msnSMC1T5e,4B,JPE301500201
664,"PT&E0$-12:罪","Sawano Hiroyuki",14,160,"anime, soundtrack","七つの大罪 オリジナル・サウンドトラック 2",2015-04-08,04:00,46,51,60,22,12,10,10,-12,E Minor,4,2022-07-04,1Tg7hiZdfty2p6Yxvw0xYC,9A,JPE301500203
665,"E0$-17:罪","Sawano Hiroyuki",26,63,"anime, soundtrack","七つの大罪 オリジナル・サウンドトラック 2",2015-04-08,02:08,13,48,7,81,42,0,10,-11,G Major,4,2022-07-04,4aoODyyJWzIZ4RX2mcsHqt,9B,JPE301500208
666,"ロデオ","NICO Touches the Walls",10,150,"anime, j-rock, j-pop","PASSENGER",2011-04-06,04:05,39,94,0,0,43,30,0,-3,F#/G♭ Major,4,2022-07-05,51FI9qt9d5plpeUO8yJF6a,2B,JPKS01100661
667,"妄想隊員A","NICO Touches the Walls",28,168,"anime, j-rock, j-pop","PASSENGER",2011-04-06,04:19,39,95,0,0,65,0,0,-3,C Major,4,2022-07-05,4eeuGnfma4Wt4sTIULVQzr,8B,JPKS01100662
668,"Girlfriend - The Submarines' Time Warp '66 Mix - English","Avril Lavigne,The Submarines",33,164,"disco house","The Best Damn Thing (Expanded Edition)",2007-04-17,03:10,55,98,1,1,84,20,30,-4,D Major,4,2022-07-22,4TOX8K8H3tJaKU6mXqiPN0,10B,USRC10700418
669,"Girlfriend (feat. Lil Mama) - Dr. Luke Mix","Avril Lavigne,Lil Mama,Dr. Luke",48,82,"","The Best Damn Thing (Expanded Edition)",2007-04-17,03:24,77,84,4,0,84,10,30,-4,B Major,4,2022-07-22,1wwt0TvrGY3lnvTAVIx8mO,1B,USRC10700379
670,"Crazy Rhythm (with Gene Nelson & The Page Cavanaugh Trio)","Doris Day,Gene Nelson,The Page Cavanaugh Trio",12,96,"adult standards, big band, musicals, vocal jazz","Golden Girl (The Columbia Recordings 1944-1966)",1945-00-00,02:27,75,37,89,0,50,30,0,-17,C♯/D♭ Major,4,2022-07-27,3BoclVjVj0jDtr3jq3j020,3B,USSM15000128
671,"(Why Did I Tell You I Was Going To) Shanghai","Doris Day",15,150,"adult standards, big band","Golden Girl (The Columbia Recordings 1944-1966)",1945-00-00,02:20,65,26,79,0,89,0,10,-13,G#/A♭ Major,4,2022-07-27,38kOgUnzuvYTK6njzUvzkD,4B,USSM15100211
672,"S_TEAM","Sawano Hiroyuki",37,119,"anime, soundtrack","甲鉄城のカバネリ COMPLETE SOUNDTRACK",2019-04-24,03:58,66,85,0,0,44,0,30,-4,G#/A♭ Major,4,2022-07-27,01oCO0CvwQLlbq3aHOvJOZ,4B,JPE301900373
673,"ninelie(Lv)","Sawano Hiroyuki",33,172,"anime, soundtrack","甲鉄城のカバネリ COMPLETE SOUNDTRACK",2019-04-24,04:22,45,80,2,0,24,0,0,-6,F#/G♭ Minor,4,2022-07-27,5D5orl4O4lXOCmUGNurb1l,11A,JPE301900374
674,"1coma","Sawano Hiroyuki",24,186,"anime, soundtrack","甲鉄城のカバネリ COMPLETE SOUNDTRACK",2019-04-24,05:33,26,84,9,66,28,0,10,-7,B Minor,4,2022-07-28,3OWEUMx9frkmUk48zjARzq,10A,JPE301600277
675,"Next of Kin<MODv>","Sawano Hiroyuki",12,96,"anime, soundtrack","甲鉄城のカバネリ COMPLETE SOUNDTRACK",2019-04-24,03:26,71,82,19,0,87,0,20,-5,C Major,4,2022-07-28,4PxUQEe2dIecp0I3iRVUga,8B,JPE301600436
676,"KK12b","Sawano Hiroyuki",8,68,"anime, soundtrack","甲鉄城のカバネリ COMPLETE SOUNDTRACK",2019-04-24,03:05,60,6,98,91,7,10,10,-20,D#/E♭ Major,4,2022-07-28,0zJb2bwuBWsVxFyq1XmNsF,5B,JPE301600444
677,"KK12d","Sawano Hiroyuki",8,75,"anime, soundtrack","甲鉄城のカバネリ COMPLETE SOUNDTRACK",2019-04-24,03:47,43,1,99,94,7,10,0,-24,E Minor,4,2022-07-28,0tMXnYMchR9ROK5qRJJZXc,9A,JPE301600445
678,"Warcry(Instrumental)","Sawano Hiroyuki",11,123,"anime, soundtrack","甲鉄城のカバネリ COMPLETE SOUNDTRACK",2019-04-24,04:15,52,91,1,88,87,0,20,-9,A#/B♭ Minor,4,2022-07-28,7v8JVOX3aX9PpX4I5EysTG,3A,JPE301600446
679,"カルーセル","NICO Touches the Walls",17,136,"anime, j-rock, j-pop","HUMANIA",2011-12-07,04:26,50,84,0,0,60,0,10,-4,D Major,4,2022-07-28,0l05Ug4SOOlMYw5s003gL7,10B,JPKS01102783
680,"極東ID","NICO Touches the Walls",11,106,"anime, j-rock, j-pop","HUMANIA",2011-12-07,04:08,52,80,0,0,86,0,0,-5,D Minor,4,2022-07-28,5Nv7qS1eSu1fVMAZxg1ohI,7A,JPKS01102784
681,"demon (is there?)","NICO Touches the Walls",11,156,"anime, j-rock, j-pop","HUMANIA",2011-12-07,05:35,34,82,2,0,61,0,10,-4,A Major,4,2022-07-29,5GipMyTiB5zFyj5naI8J9a,11B,JPKS01102788
682,"手をたたけ","NICO Touches the Walls",38,154,"anime, j-rock, j-pop","HUMANIA",2011-12-07,04:18,45,85,0,0,65,0,30,-3,A Major,4,2022-07-29,6FkHwNRaTmmKk6yvr5y8Vl,11B,JPKS01102789
683,"手をたたけ（NICO edition）","NICO Touches the Walls",14,77,"anime, j-rock, j-pop","HUMANIA",2011-12-07,04:28,47,86,0,0,67,0,0,-3,A Major,4,2022-07-29,4EDRxv5K5O3v7J4766ohAX,11B,JPKS01102790
684,"Cooped Up (with Roddy Ricch)","Post Malone,Roddy Ricch",47,94,"melodic rap","Twelve Carat Toothache (Deluxe)",2022-06-07,03:05,67,77,4,0,38,10,10,-6,C Major,4,2022-07-29,3RSNYrTfBFBv4NTRfKNp2M,8B,USUM72208020
685,"Euthanasia","Post Malone",42,142,"","Twelve Carat Toothache (Deluxe)",2022-06-07,02:25,30,30,18,3,4,0,10,-12,E Major,4,2022-07-30,0AARQZvYkMgdATBz79AuVO,12B,USUM72208028
686,"One Right Now (with The Weeknd)","Post Malone,The Weeknd",45,97,"","Twelve Carat Toothache (Deluxe)",2022-06-07,03:12,68,76,4,0,70,0,10,-5,C♯/D♭ Major,4,2022-07-30,0UGyZR7RmVoYT0DBJCxTPy,3B,USUM72120404
687,"Waiting For Never","Post Malone",66,152,"","Twelve Carat Toothache (Deluxe)",2022-06-07,03:16,59,83,12,0,56,0,10,-4,A#/B♭ Major,4,2022-07-30,753lkDSNs2u188xbl8Vrnx,6B,USUM72210887
688,"Black Star","Avril Lavigne",39,128,"","Goodbye Lullaby (Expanded Edition)",2011-03-08,01:34,54,33,61,0,20,0,10,-9,C Major,3,2022-08-17,7gIYjJU2XSN4uj0ByHffKL,8B,USRC11000161
689,"Push","Avril Lavigne",43,184,"","Goodbye Lullaby (Expanded Edition)",2011-03-08,03:01,52,68,1,0,47,0,0,-5,A#/B♭ Major,4,2022-08-17,76cpzhcgUVMW7FHp9kkald,6B,USRC11100009
690,"I Love You","Avril Lavigne",52,107,"","Goodbye Lullaby (Expanded Edition)",2011-03-08,04:02,60,80,2,0,51,0,30,-4,C Major,4,2022-08-17,1Tl0YVT3Br2AIqYT3VlEdo,8B,USRC11100013
691,"Remember When","Avril Lavigne",42,148,"","Goodbye Lullaby (Expanded Edition)",2011-03-08,03:29,43,53,3,0,17,0,0,-6,C Major,4,2022-08-17,5cMVLP0tC0uXA9MgkNmd32,8B,USRC11100018
692,"Push - Acoustic Version","Avril Lavigne",33,92,"","Goodbye Lullaby (Expanded Edition)",2011-03-08,02:46,50,59,7,0,16,0,30,-5,A#/B♭ Major,4,2022-08-17,7LXyRvXtO4ybWeKtMhjuko,6B,USRC11100026
693,"Bad Reputation","Avril Lavigne",49,103,"","Goodbye Lullaby (Expanded Edition)",2011-03-08,02:42,47,99,0,0,93,0,10,-3,F#/G♭ Major,3,2022-08-17,58ZYHG6xGz1Lx25FsvVH1A,2B,USRC11000927
694,"Let It Snow! Let It Snow! Let It Snow!","Doris Day",34,86,"adult standards, big band","Personal Christmas Collection",1994-08-23,03:12,23,16,93,0,12,0,10,-18,A#/B♭ Major,4,2022-08-19,3qqCUDTPBKR8wTsoVl0sjV,6B,USSM10018223
695,"show-no-feel","Sawano Hiroyuki",15,102,"anime, soundtrack","Thunderbolt Fantasy 東離劍遊紀　オリジナルサウンドトラック",2016-08-24,04:37,57,91,0,78,71,0,40,-7,G Major,4,2022-08-19,0Z29m57qp1Tigy8tCgzcFh,9B,JPE301600617
696,"tfpf1","Sawano Hiroyuki",11,84,"anime, soundtrack","Thunderbolt Fantasy 東離劍遊紀　オリジナルサウンドトラック",2016-08-24,02:57,34,3,96,61,5,0,0,-26,A Minor,3,2022-08-19,0vMseaKjzbLdfl62kwjjn6,8A,JPE301600620
697,"from either way","Sawano Hiroyuki",8,108,"anime, soundtrack","Thunderbolt Fantasy 東離劍遊紀　オリジナルサウンドトラック",2016-08-24,04:54,37,78,0,75,22,0,0,-10,E Major,4,2022-08-19,5ClkYh2MNKXy8T1IYiY4Jk,12B,JPE301600624
698,"tfpf3","Sawano Hiroyuki",12,75,"anime, soundtrack","Thunderbolt Fantasy 東離劍遊紀　オリジナルサウンドトラック",2016-08-24,02:42,50,8,99,78,8,0,0,-23,A#/B♭ Minor,4,2022-08-19,5FH4arwPa6REBUm1Oo14t5,3A,JPE301600633
699,"ランナー","NICO Touches the Walls",16,126,"anime, j-rock, j-pop","Shout to the Walls!",2013-04-24,03:50,62,79,3,0,46,0,10,-4,D Major,4,2022-08-24,69T6CCouFsbopicVCYLU3k,10B,JPKS01202523
700,"Mｒ.ECHO","NICO Touches the Walls",22,140,"anime, j-rock, j-pop","Shout to the Walls!",2013-04-24,04:49,55,84,0,0,45,0,30,-4,C Major,4,2022-08-24,3apCeSUSxwX4dvDYcvRO9e,8B,JPKS01300690
701,"Only Wanna Be With You - Pokémon 25 Version","Post Malone",61,98,"","Only Wanna Be With You (Pokémon 25 Version)",2021-02-25,04:01,47,71,0,0,25,0,30,-5,G Major,4,2022-08-25,3SawmGBjjq8EOYZJV11cJm,9B,USUM72102513
702,"ローハイド","NICO Touches the Walls",20,91,"anime, j-rock, j-pop","ニコ タッチズ ザ ウォールズ ノ ベスト",2014-02-05,04:45,39,96,0,0,38,0,0,-3,D Major,4,2022-10-17,4UVO99EMvjDOi7Wayo4y0K,10B,JPKS01302039
703,"マトリョーシカ-best ver.-","NICO Touches the Walls",24,168,"anime, j-rock, j-pop","ニコ タッチズ ザ ウォールズ ノ ベスト",2014-02-05,04:20,31,90,0,0,42,0,10,-4,A Minor,4,2022-10-17,0EcRs0IVTseNEVwGjl6KeT,8A,JPKS01302062
704,"口笛吹いて、こんにちは","NICO Touches the Walls",9,116,"anime, j-rock, j-pop","Howdy!! We are ACO Touches the Walls",2015-02-04,03:40,69,87,17,0,85,0,0,-4,A Major,4,2022-10-17,0UXscaSurMaB0BkpmReT69,11B,JPU901402679
705,"手をたたけ　(Acoustic)","NICO Touches the Walls",9,147,"anime, j-rock, j-pop","Howdy!! We are ACO Touches the Walls",2015-02-04,04:28,74,98,17,0,62,10,0,-4,A Major,4,2022-10-17,7s5Z3KjHuIl7lNiLtknUpb,11B,JPU901402680
706,"THE BUNGY　(Acoustic)","NICO Touches the Walls",10,142,"anime, j-rock, j-pop","Howdy!! We are ACO Touches the Walls",2015-02-04,04:26,61,95,6,0,71,0,20,-4,C Major,4,2022-10-17,6XPfTVXNabaR6BsVDUknJD,8B,JPU901402681
707,"天地ガエシ　(Acoustic)","NICO Touches the Walls",9,105,"anime, j-rock, j-pop","Howdy!! We are ACO Touches the Walls",2015-02-04,05:19,62,84,17,0,85,0,10,-6,D Major,4,2022-10-17,6yqYleBGzMtosGY0eWtEWB,10B,JPU901402682
708,"Diver　(Acoustic)","NICO Touches the Walls",20,145,"anime, j-rock, j-pop","Howdy!! We are ACO Touches the Walls",2015-02-04,04:30,62,88,8,0,77,0,0,-6,D Major,4,2022-10-17,2YQtnIYwXA41FH2nW8IATV,10B,JPU901402686
709,"エーキューライセンス","NICO Touches the Walls",22,150,"anime, j-rock, j-pop","勇気も愛もないなんて",2016-03-16,04:09,60,88,2,0,89,0,30,-3,E Major,4,2022-10-17,7bfVyix1NyZv0XG00uzOCn,12B,JPU901600299
710,"ブギウギルティ","NICO Touches the Walls",9,112,"anime, j-rock, j-pop","勇気も愛もないなんて",2016-03-16,04:10,75,84,20,0,52,10,10,-5,A Major,4,2022-10-17,7GKCWOb2CmSnGlzIkQ8x0a,11B,JPU901600300
711,"18?","NICO Touches the Walls",20,100,"anime, j-rock, j-pop","QUIZMASTER",2019-06-05,04:15,67,65,14,0,64,0,0,-5,B Minor,4,2022-10-18,3CefRkYyMZCcpUVj1etwJu,10A,JPU901901241
712,"別腹?","NICO Touches the Walls",10,80,"anime, j-rock, j-pop","QUIZMASTER",2019-06-05,03:37,63,46,10,0,52,0,10,-8,C Major,4,2022-10-18,716Zfq6EisvyokvayUQvmD,8B,JPU901901248
713,"mujina (Acoustic ver.)","NICO Touches the Walls",8,158,"anime, j-rock, j-pop","Howdy!! We are ACO Touches the Walls 〜STAR SERIES〜",2019-06-12,04:31,74,87,2,0,70,10,10,-8,G Major,4,2022-10-18,5MuJFViLG6xIkE6l46vTkt,9B,JPU901703533
714,"来世で逢いましょう(Acoustic ver.）","NICO Touches the Walls",6,148,"anime, j-rock, j-pop","Howdy!! We are ACO Touches the Walls 〜STAR SERIES〜",2019-06-12,04:00,62,94,1,0,65,0,30,-4,D Major,4,2022-10-18,6WjXIJ6iiVWzteOHklqvoX,10B,JPU901801920
715,"サラダノンオイリーガール? (Acoustic ver.)","NICO Touches the Walls",6,162,"anime, j-rock, j-pop","Howdy!! We are ACO Touches the Walls 〜STAR SERIES〜",2019-06-12,03:32,66,82,7,0,96,0,0,-6,B Minor,4,2022-10-18,0A0jkxMrzxjCYXTSxS7QmQ,10A,JPU901901255
716,"MIDNIGHT BLACK HOLE? (Acoustic ver.)","NICO Touches the Walls",5,117,"anime, j-rock, j-pop","Howdy!! We are ACO Touches the Walls 〜STAR SERIES〜",2019-06-12,02:57,74,41,51,0,62,0,10,-9,F Major,4,2022-10-18,67maIKkdzmzYY8mtLDrWE5,7B,JPU901901256
717,"April","NICO Touches the Walls",18,155,"anime, j-rock, j-pop","夜の果て",2008-00-00,05:04,46,75,2,0,65,0,0,-8,A Minor,4,2022-10-18,7fBbI5hAiT7BbK3Dfipz2T,8A,JPKS00701903
718,"決戦は金曜日","NICO Touches the Walls",25,140,"anime, j-rock, j-pop","夢1号",2012-12-19,04:20,68,86,3,0,92,0,10,-4,G#/A♭ Minor,4,2022-10-19,7buDywP4katTHvLXFyU01U,1A,JPKS01202202
719,"SWEET MEMORIES","NICO Touches the Walls",7,160,"anime, j-rock, j-pop","Mr.ECHO",2013-03-27,04:04,59,86,22,0,67,0,0,-5,A Major,4,2022-10-19,171FhiAoU8liQr906o2HtY,11B,JPKS01300163
720,"TOKYO Dreamer　Tvsize","NICO Touches the Walls",4,138,"anime, j-rock, j-pop","TOKYO Dreamer　Tvsize",2014-08-13,01:33,62,69,17,0,88,0,30,-7,B Major,4,2022-10-19,1j1JzgvtKo4NrEZhUoo7BO,1B,JPU901400595
721,"僕は30になるけれど","NICO Touches the Walls",5,108,"anime, j-rock, j-pop","渦と渦",2015-09-02,03:24,69,75,6,0,84,0,10,-5,A Major,4,2022-10-20,7rX3iyCwPWMOHxpvErWiao,11B,JPU901502271
722,"Let Me Go (feat. Chad Kroeger)","Avril Lavigne,Chad Kroeger",56,164,"","Avril Lavigne (Expanded Edition)",2013-11-01,04:27,39,65,21,0,13,0,10,-7,E Major,3,2022-12-07,2o0V0AATmWmCmMOAFWDuEV,12B,USSM11304489
723,"Bad Girl (feat. Marilyn Manson)","Avril Lavigne,Marilyn Manson",54,158,"industrial metal, industrial rock, industrial, metal, nu metal","Avril Lavigne (Expanded Edition)",2013-11-01,02:54,43,94,0,0,34,10,40,-3,C Major,4,2022-12-07,1HiV8vDg7l9eKp6abjvA7P,8B,USSM11304487
724,"You Ain't Seen Nothin' Yet","Avril Lavigne",38,145,"","Avril Lavigne (Expanded Edition)",2013-11-01,03:13,56,90,0,0,67,0,0,-4,B Major,4,2022-12-07,18Hy6EhFmVetbECEGR7tGS,1B,USSM11304493
725,"Birdie","Avril Lavigne",40,156,"","Head Above Water",2019-02-15,03:35,55,82,27,0,45,0,20,-4,A#/B♭ Major,4,2022-12-12,0LFzQCGWwX1GKQhlHVrG92,6B,QMRSZ1801850
726,"Tell Me It's Over","Avril Lavigne",44,92,"","Head Above Water",2019-02-15,03:08,55,74,4,0,30,0,10,-4,A Major,3,2022-12-12,0aeZzfSoZAcETjba8MCvco,11B,QMRSZ1801852
727,"Bigger Wow","Avril Lavigne",36,103,"","Head Above Water",2019-02-15,02:55,75,68,7,0,85,0,0,-5,F#/G♭ Major,4,2022-12-12,30O2LILRUDHmfLa9scND3k,2B,QMRSZ1801858
728,"Bite Me","Avril Lavigne",63,170,"","Love Sux",2022-02-25,02:39,49,79,0,0,74,0,30,-4,G#/A♭ Major,4,2022-12-12,6dfwRetlyLPBoQzdufbOWj,4B,USAT22107181
729,"Kiss Me Like The World Is Ending","Avril Lavigne",44,93,"","Love Sux",2022-02-25,02:50,60,93,0,0,67,0,30,-5,F#/G♭ Major,4,2022-12-12,7rYRIG2g3zW0ERcVTenxra,2B,USAT22108157
730,"Déjà vu","Avril Lavigne",41,148,"","Love Sux",2022-02-25,03:23,63,82,0,1,67,0,0,-5,F#/G♭ Major,4,2022-12-14,4vd56Py0MOzKqrm8Tm8Lvo,2B,USAT22108159
731,"All I Wanted (feat. Mark Hoppus)","Avril Lavigne,Mark Hoppus",42,105,"","Love Sux",2022-02-25,02:32,61,94,1,0,53,0,40,-4,E Major,4,2022-12-14,476vlwkWs75pQ9D2lm7pwT,12B,USAT22108161
732,"Falling Down - from the Sweet Home Alabama Original Soundtrack","Avril Lavigne",37,117,"","Let Go (20th Anniversary Edition)",2022-06-03,03:57,65,87,0,17,62,0,20,-4,G Major,4,2022-12-14,2Mf1pIrXMaLyA453olDGyB,9B,USAR10201012
733,"I Don't Give - from the American Wedding Original Soundtrack","Avril Lavigne",38,127,"","Let Go (20th Anniversary Edition)",2022-06-03,03:39,60,80,0,0,75,0,0,-6,G#/A♭ Major,4,2022-12-14,3CBcW92ksj33KqTMqldMam,4B,USAR10200639
734,"Mercury In Retrograde","Avril Lavigne",41,130,"","Love Sux (Deluxe)",2022-11-25,02:09,72,69,0,0,69,0,10,-5,G Major,4,2022-12-14,5myAAZYPPELEl2aiGoW0sx,9B,USAT22221156
735,"Bite Me - Acoustic","Avril Lavigne",41,74,"","Love Sux (Deluxe)",2022-11-25,03:09,56,49,43,0,47,0,10,-6,D#/E♭ Major,4,2022-12-14,0tooLMhjLCJ4Cmb8cDdraJ,5B,USAT22107615
736,"Pity Party","Avril Lavigne",36,95,"","Love Sux (Deluxe)",2022-11-25,01:54,61,89,1,0,62,0,10,-4,A Major,4,2022-12-14,5x2O4CvNMyexkI4Wd9luUF,11B,USAT22221158
737,"Girlfriend - German Version - Clean","Avril Lavigne",17,164,"","Girlfriend EP",2007-02-27,03:38,56,96,0,0,67,0,20,-2,G Major,4,2022-12-16,295dtzENTwADedpBHGqUQ8,9B,USRC10700144
738,"Girlfriend - Italian Version - Clean","Avril Lavigne",16,164,"","Girlfriend EP",2007-02-27,03:38,55,96,0,0,64,0,20,-2,G Major,4,2022-12-16,653jpRrOP9LC7DqDAQzUgO,9B,USRC10700145
739,"We Are Warriors","Avril Lavigne",0,141,"","We Are Warriors",2020-04-24,03:45,30,65,38,0,32,0,10,-5,C♯/D♭ Minor,4,2022-12-16,15fb3LJiJbuc5s272jXdUq,12A,QMRSZ2000915
740,"Flames (feat. Avril Lavigne) [Acoustic]","MOD SUN,Avril Lavigne",34,165,"pop punk, ","Flames (feat. Avril Lavigne) [Acoustic]",2021-04-16,02:27,48,53,60,0,48,0,0,-4,D#/E♭ Major,4,2022-12-16,6bHO3zGU6RarIsp62su2DI,5B,USA2P2113252
741,"Hello – Spotify Singles","Avril Lavigne",46,165,"","Spotify Singles",2022-06-24,04:06,41,50,21,0,21,0,10,-9,G#/A♭ Major,4,2022-12-16,2yN5ip7YyR19rmFSygnrOD,4B,USAT22207721
742,"The Brave","Sawano Hiroyuki",25,108,"anime, soundtrack","「CRISIS 公安機動捜査隊特捜班」ORIGINAL SOUNDTRACK/BONUS TRACK",2017-05-24,03:36,60,93,1,0,44,0,30,-4,F Minor,4,2022-12-19,2TFdqDXm2cCCrEyFsz5IcQ,4A,JPP301700129
743,"Call of Silence","Sawano Hiroyuki",63,124,"anime, soundtrack","TV Anime  Attack on Titan Season 2  (Original Soundtrack)",2017-06-07,02:58,50,38,64,86,5,0,0,-12,F#/G♭ Minor,4,2022-12-21,7k1HoUdskuBhyWvm7hPctM,11A,JPPC01700991
744,"Attack on D","Sawano Hiroyuki",53,117,"anime, soundtrack","TV Anime  Attack on Titan Season 2  (Original Soundtrack)",2017-06-07,04:44,24,26,21,84,4,0,10,-13,C Minor,4,2022-12-21,5JplicqqzvRQKrSE7PiAUE,5A,JPPC01700997
745,"The Reluctant Heroes (Modv)","Sawano Hiroyuki",37,127,"anime, soundtrack","TV Anime  Attack on Titan Season 2  (Original Soundtrack)",2017-06-07,04:29,60,76,4,0,49,0,10,-8,B Minor,4,2022-12-21,0WNdWq6oddwzHza78L1EP1,10A,JPPC01402211
746,"Shingeki Vn - Pf 20130524 Kyojin","Sawano Hiroyuki",39,120,"anime, soundtrack","TV Anime  Attack on Titan Season 2  (Original Soundtrack)",2017-06-07,03:21,34,28,6,92,10,0,10,-15,G Major,4,2022-12-23,6BuwLTCG4pBEp1hyQy8cPP,9B,JPPC01301495
747,"Yamanaiame (Fmv)","Sawano Hiroyuki",34,92,"anime, soundtrack","TV Anime  Attack on Titan Season 2  (Original Soundtrack)",2017-06-07,04:27,59,90,0,0,62,0,20,-6,A Minor,4,2022-12-23,3XsmSXppaXvF7sEfMO8Hrg,8A,JPPC01501319
748,"Aots2m #3","Sawano Hiroyuki",36,80,"anime, soundtrack","TV Anime  Attack on Titan Season 2  (Original Soundtrack)",2017-06-07,03:25,24,4,98,86,4,0,0,-26,D Minor,3,2022-12-23,6zbUQwx5fqRErljvyxDMq9,7A,JPPC01700995
749,"Layers","Sawano Hiroyuki",42,124,"anime, soundtrack","Re:CREATORS Original Soundtrack",2017-06-14,03:46,63,96,2,0,64,0,40,-4,F Minor,4,2023-02-01,3tRUffeJekqgXvaM0YKT6t,4A,JPE301700414
750,"re:pianohi1tars","Sawano Hiroyuki",14,136,"anime, soundtrack","Re:CREATORS Original Soundtrack",2017-06-14,03:27,18,21,97,94,7,0,0,-23,A Minor,4,2023-02-01,4map6z7TCvwhhQgv0hwuc5,8A,JPE301700415
751,"BRAVE THE OCEAN","Sawano Hiroyuki",33,135,"anime, soundtrack","Re:CREATORS Original Soundtrack",2017-06-14,04:24,55,94,0,0,56,0,40,-5,C Major,4,2023-02-04,0hmk2Wp5zmsH4tRpgGG61b,8B,JPE301700420
752,"Pf:CreatorsⅣ","Sawano Hiroyuki",9,122,"anime, soundtrack","Re:CREATORS Original Soundtrack",2017-06-14,02:58,33,2,99,91,7,0,0,-27,F Major,3,2023-02-04,3uSf7vQY9RGFduzpjz3Kxn,7B,JPE301700426
753,"Pf:CreatorsⅤ","Sawano Hiroyuki",10,60,"anime, soundtrack","Re:CREATORS Original Soundtrack",2017-06-14,02:11,48,3,99,90,15,0,0,-24,B Minor,4,2023-02-04,3koEFDQznE2VG346mkOwaP,10A,JPE301700428
754,"○DA-world2HEN火90","Sawano Hiroyuki",6,66,"anime, soundtrack","Re:CREATORS Original Soundtrack",2017-06-14,01:38,42,2,97,86,21,0,10,-28,G Major,4,2023-02-04,5nUn5j4uhkUBPsgbayyzg3,9B,JPE301700432
755,"Vigilante","Sawano Hiroyuki",40,130,"anime, soundtrack","MOBILE SUIT GUNDAM NT (Narrative) Original Motion Picture Soundtrack",2018-11-28,03:44,54,83,0,0,36,0,30,-7,F Minor,4,2023-02-05,56gXhLZNBqY3tlHjrYMFRG,4A,JPP301800588
756,"Barricades - Movie Ver.","Sawano Hiroyuki",44,105,"anime, soundtrack"," Attack on Titan  Season 3 Original Soundtrack",2019-08-26,04:17,39,86,3,0,45,0,10,-5,G Major,4,2023-02-10,3ACa8DImXMFWsa44oEUKr1,9B,JPPC01800871
757,"A 1 G U","Sawano Hiroyuki",34,138,"anime, soundtrack"," Attack on Titan  Season 3 Original Soundtrack",2019-08-26,03:20,57,94,0,13,58,10,30,-5,D Minor,4,2023-02-10,4vGLUdqeQdLIQBryrASK2L,7A,JPPC01900874
758,"72-:THE1/KG-GR-3","Sawano Hiroyuki",0,130,"anime, soundtrack","The Seven Deadly Sins：Imperial Wrath of the Gods ORIGINAL SOUNDTRACK",2020-08-06,02:23,57,92,0,91,49,0,10,-6,G Minor,4,2023-02-11,6yjjlrCC1faPlNI0JjIZ44,6A,JPVP01911612
759,"Möbius","Sawano Hiroyuki",42,142,"anime, soundtrack","Mobile Suit Gundam Hathaway Original Motion Picture Soundtrack",2021-06-11,03:53,58,54,5,0,14,0,20,-8,D#/E♭ Minor,4,2023-02-11,3FgvBg0X20xbF0Dfq0N01E,2A,JPG532102611
760,"kdk-GT","Sawano Hiroyuki",18,120,"anime, soundtrack","Mobile Suit Gundam Hathaway Original Motion Picture Soundtrack",2021-06-11,01:58,58,4,98,94,37,0,10,-23,A Minor,4,2023-02-13,0v7wQBRUZzSXA6RTpQAyGT,8A,JPG532102625
761,"KINGDOM - pf1","Sawano Hiroyuki",20,165,"anime, soundtrack","TVアニメ「キングダム」 -合従軍編- Original Sound Track",2021-07-21,02:02,38,2,95,85,30,0,10,-25,A Minor,5,2023-02-15,3KwAXq5QjymIsnucVEzmQx,8A,JPT552100766
762,"Blue Dragon","Sawano Hiroyuki",33,114,"anime, soundtrack","scene",2021-12-22,03:17,54,6,98,92,10,0,10,-20,E Minor,4,2023-02-16,66eGzEIvhPkmX6tGXJslrx,9A,JPU902104561
763,"MOBILE SUIT GUNDAM UC-medley","Sawano Hiroyuki",20,111,"anime, soundtrack","scene",2021-12-22,03:42,39,19,98,90,15,0,10,-19,E Minor,1,2023-02-16,0hDnIEP2yryHEIAOkFozqO,9A,JPU902104562
764,"IRYU Team Medical Dragon-medley","Sawano Hiroyuki",23,96,"anime, soundtrack","scene",2021-12-22,03:04,33,15,96,86,11,0,0,-22,C Major,3,2023-02-16,5Sl0jsYYHsHAY09Uvrc7nf,8B,JPU902104566
765,"RE:I AM MARIE","Sawano Hiroyuki",19,129,"anime, soundtrack","scene",2021-12-22,02:45,40,9,99,89,10,0,10,-22,G Major,4,2023-02-17,3lKVXS4qr5JrIUeOnMNBGB,9B,JPU902104569
766,"pianoBLUE","Sawano Hiroyuki",17,77,"anime, soundtrack","scene",2021-12-22,07:31,37,8,97,88,7,0,10,-20,D#/E♭ Major,4,2023-02-17,6zua6KseYAVNWnwT4RE8ZX,5B,JPU902104577
767,"UTAtoHIBIKI","Sawano Hiroyuki",43,126,"anime, soundtrack","「バブル」オリジナル・サウンドトラック (Extra Track ver.)",2022-05-11,01:32,65,37,69,18,27,0,0,-9,C Major,4,2023-02-20,4J0HFeMb5uY7DnHJ74fGlb,8B,JPTF02213008
768,"BUBBLE-outtake3","Sawano Hiroyuki",12,142,"anime, soundtrack","「バブル」オリジナル・サウンドトラック (Extra Track ver.)",2022-05-11,01:29,91,66,14,87,87,0,0,-9,A Minor,3,2023-02-22,2KYAEs8IZJPnjZn9TTFClf,8A,JPTF02213104
769,"BUBBLE-outtake8","Sawano Hiroyuki",14,83,"anime, soundtrack","「バブル」オリジナル・サウンドトラック (Extra Track ver.)",2022-05-11,00:36,44,99,4,92,7,10,20,-6,G Major,4,2023-02-22,3lc2HqOtAioeN9F7NWz6gD,9B,JPTF02213109
770,"Fanfare of Adolescence","Sawano Hiroyuki",23,132,"anime, soundtrack","群青のファンファーレ オリジナル・サウンドトラック",2022-06-08,05:54,29,57,8,86,16,0,10,-9,F Major,4,2023-02-22,1sKltygOQPxYakUJ0E5YwC,7B,JPE302200586
771,"RUSH","Sawano Hiroyuki",26,125,"anime, soundtrack","群青のファンファーレ オリジナル・サウンドトラック",2022-06-08,03:46,65,94,0,0,39,0,0,-4,B Minor,4,2023-02-22,48nABFC2qoSCtNA8FOJ0vo,10A,JPE302200587
772,"Blue[3-6]","Sawano Hiroyuki",20,148,"anime, soundtrack","群青のファンファーレ オリジナル・サウンドトラック",2022-06-08,04:06,33,68,32,53,22,0,10,-11,A#/B♭ Minor,4,2023-02-22,0aox5lwy0hKZ6sdNVGoRkO,3A,JPE302200592
773,"RUSH <verBand>","Sawano Hiroyuki",9,125,"anime, soundtrack","群青のファンファーレ オリジナル・サウンドトラック",2022-06-08,01:17,75,94,3,0,32,0,20,-5,G Major,4,2023-02-23,5z1QKDYuVj8b7JWfLLDzKI,9B,JPE302200601
774,"GF-PF2","Sawano Hiroyuki",23,74,"anime, soundtrack","群青のファンファーレ オリジナル・サウンドトラック",2022-06-08,01:25,38,21,97,94,21,0,10,-19,A Major,4,2023-02-23,0ZqH4AK9RAXlhj2QaBRPXW,11B,JPE302200603
775,"GF-PF3","Sawano Hiroyuki",12,59,"anime, soundtrack","群青のファンファーレ オリジナル・サウンドトラック",2022-06-08,02:43,40,4,98,91,18,0,0,-24,G Minor,4,2023-02-23,1AXOxekBX9pxxDzS4r7U91,6A,JPE302200604
776,"ELO","Sawano Hiroyuki",35,141,"anime, soundtrack","Attack On Titan The Final Season Original Soundtrack 02",2022-06-22,04:41,17,41,1,90,13,0,10,-11,E Minor,4,2023-02-23,5udbUimtsff6w1Ekx6sMCN,9A,JPPC02211251
777,"奥州筆頭　伊達政宗　推して参る！（Heaven`s Door より）","Sawano Hiroyuki",3,81,"anime, soundtrack","「戦国BASARA」Director's Special Edition",2013-07-02,00:37,14,65,0,85,21,0,20,-10,F Major,1,2023-02-25,0dqKHocA182XHcazU1i4zi,7B,JPG750900459
778,"勝機（水光に映る徒夢　より）","Sawano Hiroyuki",2,120,"anime, soundtrack","「戦国BASARA」Director's Special Edition",2013-07-02,00:47,43,64,0,71,23,0,50,-13,G Major,4,2023-02-25,4vpZgHIuAL2rs2ozYC09zd,9B,JPG750900461
779,"信長　立つ！　（第六天魔王　より）","Sawano Hiroyuki",2,120,"anime, soundtrack","「戦国BASARA」Director's Special Edition 2",2013-07-02,00:36,57,86,3,66,5,0,30,-6,D Major,4,2023-02-25,0wkpWDGVK2XvI6IX4eAfwk,10B,JPG750900482
780,"aLIEz (From  Aldnoah Zero ) - Ending","Sawano Hiroyuki,AVIAND",0,198,"anime, soundtrack","aLIEz (From  Aldnoah Zero ) [Ending]",2019-04-27,02:08,44,72,1,90,33,0,10,-7,E Minor,4,2023-02-25,5LuXFXGvMf8sCnocn1nQv6,9A,QZ22B2099456
781,"By the Light of the Silv'ry Moon (with Paul Weston & His Orchestra & The Norman Luboff Choir)","Doris Day,Paul Weston And His Orchestra,The Norman Luboff Choir",16,130,"adult standards, big band, ","With A Smile And A Song",2012-03-30,02:49,57,24,89,0,58,0,10,-12,D#/E♭ Major,4,2023-02-27,7MKqUmJ1URWZLITYgY7ce8,5B,USSM11200231
782,"There They Are","Doris Day",15,68,"adult standards, big band","With A Smile And A Song",2012-03-30,03:05,37,17,78,0,23,0,0,-15,G#/A♭ Major,4,2023-03-19,4wrjHChJ2vUo96DPjig1HV,4B,USSM16601050
783,"Oh Me! Oh My! Oh You! (with Gene Nelson & The Page Cavanaugh Trio)","Doris Day,Gene Nelson,The Page Cavanaugh Trio",5,90,"adult standards, big band, musicals, vocal jazz","Tea For Two (with Gene Nelson, Axel Stordahl & His Orchestra & The Page Cavanaugh Trio)",1950-04-01,02:26,77,15,62,0,66,20,30,-17,F Minor,4,2023-03-19,5XV30UsxroDlaRLwA1YuTD,4A,USSM11602495
784,"Love Ya (with Paul Weston & His Orchestra & The Norman Luboff Choir)","Doris Day,Paul Weston And His Orchestra,The Norman Luboff Choir",8,170,"adult standards, big band, ","On Moonlight Bay (with Paul Weston & His Orchestra & The Norman Luboff Choir)",1951-07-01,02:14,57,32,85,0,84,10,0,-11,D#/E♭ Major,4,2023-04-13,7HluB1XLykCQjKlF3Zn9CV,5B,USSM10400650
785,"Nobody's Sweetheart (with Paul Weston & His Orchestra & The Norman Luboff Choir)","Doris Day,Paul Weston And His Orchestra,The Norman Luboff Choir",2,109,"adult standards, big band, ","I'll See You In My Dreams (Songs from the Warner Bros. Production) (with Paul Weston & His Orchestra)",1951-12-06,02:39,71,34,89,0,81,0,20,-9,F Minor,4,2023-04-13,0cJNZ4y755vQDnWMn8alEE,4A,USSM11102111
786,"That's What Makes Paris Paree (with Paul Weston & His Orchestra & The Norman Luboff Choir)","Doris Day,Paul Weston And His Orchestra,The Norman Luboff Choir",1,141,"adult standards, big band, ","April In Paris (Expanded Edition)",1952-06-01,02:59,62,51,80,0,88,0,30,-10,A Minor,4,2023-04-13,57Kblro4im5z61fxvOk6hJ,8A,USSM11602107
787,"Love You Dearly (with Leith Stevens & His Orchestra)","Doris Day,Leith Stevens And His Orchestra",1,102,"adult standards, big band, ","April In Paris (Expanded Edition)",1952-06-01,02:40,30,17,90,0,19,0,20,-12,G#/A♭ Major,4,2023-04-13,2KvJUEmZh5lYwPab4Aewbc,4B,USSM11602111
788,"I Can Do Without You","Doris Day,Howard Keel",28,93,"adult standards, big band, ","Calamity Jane",1953-11-09,01:44,77,39,82,0,84,10,30,-11,D Minor,4,2023-04-29,2JatxywL67zhKIwP1nJx5O,7A,USSM10019607
789,"Sam, The Old Accordian Man","Doris Day",4,100,"adult standards, big band","Love Me Or Leave Me",1955-05-02,02:06,67,30,76,0,79,0,50,-14,D Major,4,2023-05-19,3wqSPrB2vVyqDHiZVG6BA9,10B,USSM10023404
790,"I Speak To The Stars (with Leith Stevens & His Orchestra) - Session 1","Doris Day,Leith Stevens And His Orchestra",12,87,"adult standards, big band, ","Golden Girl (The Columbia Recordings 1944-1966)",1945-00-00,03:01,32,14,88,0,15,0,10,-13,C Major,4,2023-06-15,2Q1W8xOaSnxROAg2FNLG68,8B,USSM15300149
791,"Dream a Little Dream of Me (with Paul Weston & His Music From Hollywood)","Doris Day,Paul Weston And His Orchestra",59,148,"adult standards, big band","Day By Night (with Paul Weston & His Music From Hollywood)",1957-11-11,03:43,39,13,92,0,25,0,0,-18,C Major,4,2023-07-11,2HyPrPSANTIPkR6CfiytwY,8B,USSM19907730
792,"Me Too (Ho-Ho! Ha-Ha!) (with Frank DeVol & His Orchestra)","Doris Day,Frank DeVol & His Orchestra",2,118,"adult standards, big band, ","Cuttin' Capers (with Frank DeVol & His Orchestra)",1959-03-09,02:41,75,24,47,0,47,0,30,-13,G Major,4,2023-08-14,26IyOJSmdVLUMWwZwcg98q,9B,USSM10306906
793,"My Kinda Love","Doris Day",1,89,"adult standards, big band","What Every Girl Should Know",1960-04-01,02:43,67,10,87,0,33,0,10,-16,C Minor,4,2023-09-02,1oQKFep55LaAw6GRF66Itg,5A,USSM15901076
794,"A Wonderful Guy","Doris Day",6,104,"adult standards, big band","Show Time",1960-07-11,02:14,69,29,85,0,72,0,40,-12,A Major,1,2023-10-12,6PgXSeYUtnKIFEyUO3rPli,11B,USSM19924448
795,"High Hopes (with Jimmy Joyce & His Children's Chorus)","Doris Day,Jimmy Joyce & His Children's Chorus",19,77,"adult standards, big band, ","With A Smile And A Song",1960-07-11,02:16,47,40,79,0,88,0,40,-11,C Major,4,2023-10-12,4B9pvVKyno3R0pll7gCd75,8B,USSM19924478
796,"Do-Re-Mi (with Jimmy Joyce & His Children's Chorus)","Doris Day,Jimmy Joyce & His Children's Chorus",3,119,"adult standards, big band, ","With A Smile And A Song",1960-07-11,02:20,62,29,85,0,64,0,0,-13,G#/A♭ Major,4,2023-10-12,2NthvqspVRwlEvaJzzvx8q,4B,USSM10301664
797,"Gotta Feelin' (with Neal Hefti & His Orchestra)","Doris Day,Neal Hefti & His Orchestra",1,137,"adult standards, big band, exotica","Bright & Shiny (with Neal Hefti & His Orchestra)",1961-03-20,02:12,56,20,71,0,78,0,0,-15,C Major,3,2023-10-12,6YKdIGK2PGDSvNekBluRZ7,8B,USSM10307535
798,"Lover Come Back (with Frank DeVol & His Orchestra) - Mono","Doris Day,Frank DeVol & His Orchestra",2,121,"adult standards, big band, ","Wonderful Day (Bonus Track Version)",1961-11-21,02:14,68,40,79,0,82,0,10,-8,G#/A♭ Major,4,2023-10-20,5ml4U2hweg5tJ235b6gEA1,4B,USSM16101038
799,"Pillow Talk","Doris Day",2,100,"adult standards, big band","Wonderful Day (Bonus Track Version)",1961-11-21,02:09,57,53,72,0,77,0,10,-8,C Major,4,2023-10-20,0rZKTMfHxaOqOUNniN2CVq,8B,USSM15900909
800,"Deck the Hall With Boughs of Holly (with Frank DeVol & His Orchestra)","Doris Day,Frank DeVol & His Orchestra",40,145,"adult standards, big band, ","The Doris Day Christmas Album",1964-09-14,01:36,61,43,60,0,84,0,0,-6,A#/B♭ Major,4,2023-11-12,3VCFXRHZuq0CLS8LH30Xxk,6B,USSM15901083
801,"Fly Me to the Moon (In Other Words)","Doris Day",44,104,"adult standards, big band","Latin For Lovers",1965-03-22,02:33,41,17,79,0,37,0,20,-16,F Major,4,2023-11-12,1G292BuX8Wralypd8T0ZDQ,7B,USSM10000088
802,"Por Favor","Doris Day",28,202,"adult standards, big band","Latin For Lovers",1965-03-22,02:21,33,42,79,0,77,0,10,-11,C♯/D♭ Major,4,2023-11-18,7gKgXckA9GNin80A9sC1bw,3B,USSM10309945
803,"No Two People (feat. Paul Weston & His Orchestra & Donald O'Connor)","Doris Day,Paul Weston And His Orchestra,Donald O'Connor",0,111,"adult standards, big band, musicals","Doris Day - 41 Hollywood Greats",2002-04-04,02:29,76,40,88,0,50,0,30,-8,D Major,4,2023-12-07,19gzxlrvGofemaGgCw8RyJ,10B,USSM19927321
804,"Any Way The Wind Blows","Doris Day",2,103,"adult standards, big band","Doris Day: Her Life In Music",2004-04-01,02:20,83,47,22,0,60,0,10,-11,C Major,4,2023-12-13,2DybSr1Vjgy2bucaKD0RuQ,8B,USSM10313535
805,"Mourning","Post Malone",49,74,"","AUSTIN (Bonus)",2023-08-02,02:27,60,66,8,0,24,0,20,-5,A Major,4,2023-12-14,5NsdWdkHR3AScw6EKj51CA,11B,USUM72306015
806,"Reminds Me Of You - Piano Demo","Elton John",0,117,"","Jewel Box",2020-11-13,02:50,45,26,93,0,38,0,10,-14,C Major,3,2023-12-19,3vooULrbaHd68Lqg5MXSdR,8B,GBUM72003288
807,"Hold My Breath","Post Malone",45,120,"","AUSTIN (Bonus)",2023-08-02,03:28,42,29,53,0,17,0,10,-7,D#/E♭ Major,3,2023-12-19,0HS8nptHdSq4SB1tAHcDQF,5B,USUM72306018
808,"Buyer Beware","Post Malone",45,120,"","AUSTIN (Bonus)",2023-08-02,02:53,64,82,3,0,41,0,10,-4,G Minor,4,2023-12-19,3ImFFwUPvzvqh9A00FRpAE,6A,USUM72306023
809,"Burning Man","WATT,Post Malone",49,158,"","Burning Man",2017-01-18,03:17,57,88,1,0,50,0,0,-3,D Major,4,2023-12-21,6REbB4VXol3q3iiCjvojL5,10B,USUM71615363
810,"Homemade Dynamite (Feat. Khalid, Post Malone & SZA) - REMIX","Lorde,Khalid,Post Malone,SZA",66,107,"r&b","Homemade Dynamite (Feat. Khalid, Post Malone & SZA) [REMIX]",2017-09-14,03:34,78,55,23,0,18,0,10,-5,C Minor,4,2023-12-21,7rdUtXasA973gmrr2Xxh3E,5A,NZUM71700468
811,"Pickup Man","HIXTAPE,Joe Diffie,Post Malone",55,141,"country, classic country, ","HIXTAPE: Vol 3: DIFFTAPE (Small Batch)",2023-11-09,03:36,56,87,16,0,84,0,10,-4,G Major,4,2023-12-21,4MXqpnu9lAqqkjSHVlBVoZ,9B,USUG12305726
812,"Up All Night","Mac Miller",36,100,"","Blue Slide Park",2011-11-08,03:29,66,94,1,0,57,10,30,-5,E Minor,4,2023-12-28,702H8F0beVNi8cYpRRaU57,9A,USQY51145584
813,"Diamonds & Gold","Mac Miller",38,176,"","Blue Slide Park",2011-11-08,03:17,44,79,11,0,46,30,20,-7,F Minor,4,2023-12-28,27aXMJmHL1HbNciQKdQgXU,4A,USQY51145587
814,"The Mourning After","Mac Miller",49,80,"","Macadelic",2012-03-23,03:08,59,63,87,0,40,30,40,-10,G Major,4,2024-01-01,0xppJmfnjIQnMbMOez9bwT,9B,USA2P1829657
815,"Objects in the Mirror","Mac Miller",56,77,"","Watching Movies with the Sound Off",2013-06-18,04:19,65,66,62,0,19,0,10,-7,C♯/D♭ Major,4,2024-01-03,4O0xktTx6zrClJ7OPzMpDT,3B,USQY51374457
816,"In The Morning (feat. Thundercat & Syd)","Mac Miller,Thundercat,Syd",24,192,"alternative r&b","Live From Space",2013-12-17,04:25,55,64,4,0,12,40,10,-9,E Major,4,2024-01-03,7LgS0qb2LD0uqhNvVApDWd,12B,USQY51401791
817,"In the Bag","Mac Miller",50,144,"","GO:OD AM",2015-09-18,04:35,72,63,30,0,56,40,40,-7,C♯/D♭ Major,4,2024-01-04,7odIekt1GqLVEAAWdnd9mJ,3B,USWB11508645
818,"Perfect Circle / God Speed","Mac Miller",58,85,"","GO:OD AM",2015-09-18,07:55,46,56,47,0,35,20,10,-7,A#/B♭ Major,4,2024-01-04,4TlN2LSHn3DzauUe77l0ib,6B,USWB11508646
819,"When in Rome","Mac Miller",52,124,"","GO:OD AM",2015-09-18,03:43,84,70,5,0,22,0,20,-4,A#/B♭ Minor,4,2024-01-04,4lIVN4LUJCmweoGJmk6hK9,3A,USWB11508647
820,"ROS","Mac Miller",68,121,"","GO:OD AM",2015-09-18,05:43,54,45,60,0,28,10,30,-9,C♯/D♭ Minor,4,2024-01-04,388jD8ko9cvFM9cd9TYDrl,12A,USWB11508648
821,"Gjuje","Yll Limani",36,150,"","Tjetër",2023-12-21,02:26,69,53,48,0,64,20,10,-12,B Minor,4,2024-01-05,5LZ4LF5W6am4gGaWFokoJS,10A,DGA0Q2368206
822,"Get Up","Mac Miller",37,91,"","Best Day Ever (5th Anniversary Remastered Edition)",2016-06-03,02:38,44,86,1,0,38,0,20,-5,E Major,4,2024-01-10,3ky7tlvMhj4xwpvOzb10lz,12B,USQY51566134
823,"Snooze","Mac Miller",33,102,"","Best Day Ever (5th Anniversary Remastered Edition)",2016-06-03,02:49,68,84,6,0,29,10,30,-4,A Major,4,2024-01-10,2TYVucVlsRz0Yp2VBUz6zp,11B,QZ3GT1600011
824,"Believe","Elton John",51,138,"","Made In England",1995-03-17,04:55,50,52,19,0,19,0,10,-9,C Minor,4,2024-01-15,0mh3kdiViRyeH8JzVL61Hw,5A,GBAMS9400002
825,"Come Back to Earth","Mac Miller",80,84,"","Swimming",2018-08-03,02:41,27,24,89,1,12,0,20,-12,D Minor,4,2024-01-16,01z2fBGB8Hl3Jd3zXe4IXR,7A,USWB11801211
826,"Self Care","Mac Miller",76,142,"","Swimming",2018-08-03,05:45,52,54,37,0,18,20,10,-8,C♯/D♭ Major,4,2024-01-16,5bJ1DrEM4hNCafcDd1oxHx,3B,USWB11801215
827,"Small Worlds","Mac Miller",75,78,"","Swimming",2018-08-03,04:31,52,55,81,0,52,20,10,-9,F Major,4,2024-01-16,4gT3mNJA8lnlkYFqGZ8IA2,7B,USWB11801087
828,"Dunno","Mac Miller",67,82,"","Swimming",2018-08-03,03:57,62,23,77,1,10,0,10,-11,C♯/D♭ Major,4,2024-01-16,3YnwIp2b99p3e5dsFTXIIx,3B,USWB11801219
829,"Circles","Mac Miller",50,152,"","Circles (Deluxe)",2020-03-19,02:50,61,3,90,0,37,0,10,-15,A Major,4,2024-01-22,0xE4LEFzSNGsz1F6kvXsHU,11B,USWB11801010
830,"Everybody","Mac Miller",46,152,"","Circles (Deluxe)",2020-03-19,04:16,88,60,3,1,11,10,10,-9,A Minor,4,2024-01-22,50ZbunKRxPbTa9sVu1iukc,8A,USWB11801012
831,"That's On Me","Mac Miller",45,155,"","Circles (Deluxe)",2020-03-19,03:37,58,50,59,1,34,0,30,-10,A#/B♭ Major,3,2024-01-22,3hCM4lvTf8q0z4R4WXDnb0,6B,USWB11801013
832,"Diablo","Mac Miller",65,160,"","Faces",2021-10-15,03:18,60,62,4,0,46,30,60,-4,C♯/D♭ Major,4,2024-01-24,3BDpkLMkgrtrM3HckrVIXr,3B,USWB12100096
833,"Insomniak (feat. Rick Ross)","Mac Miller,Rick Ross",49,120,"southern hip hop","Faces",2021-10-15,03:59,70,66,9,0,31,10,0,-6,C♯/D♭ Major,4,2024-01-24,0qdSK9Nr5OAvWzPA5OHxw7,3B,USWB12103323
834,"I Believed It (feat. Mac Miller)","dvsn,Ty Dolla $ign,Mac Miller",29,145,"trap soul, alternative r&b, ","I Believed It (feat. Mac Miller)",2021-07-01,04:06,52,70,30,0,70,0,70,-6,C♯/D♭ Minor,4,2024-02-06,47dc7fsSfI70ML6wRedq6W,12A,USWB12101519
835,"Learn How to Watch (feat. Mac Miller & MadeinTYO)","Carnage,Mac Miller,MadeinTYO",40,130,"","Learn How to Watch (feat. Mac Miller & MadeinTYO)",2018-01-12,02:01,56,77,32,0,37,30,10,-5,G Major,4,2024-02-06,310Qd5lOzFStXKZB3zWCtE,9B,USA2P1800260
836,"82 92 (feat. Mac Miller)","Statik Selektah,Termanology,Mac Miller",55,180,"boom bap, underground hip hop, ","82 92 (feat. Mac Miller)",2011-03-30,03:37,53,92,19,0,70,30,0,-5,B Minor,4,2024-02-08,69j08WaoJKaho4gKOj1rwt,10A,TCACL1642548
837,"The Way","Ariana Grande,Mac Miller",38,82,"pop, ","Yours Truly (LatAm Version)",2013-01-01,03:47,65,88,29,0,86,10,0,-3,F Minor,4,2024-02-08,5FhVKyPvQ2rnimFwNAxu2C,4A,USUM71302939
838,"Cascara Mascara","Árbol",26,156,"argentine rock","Chapusong",2002-01-01,03:21,75,61,60,0,71,10,10,-7,A Minor,3,2024-02-12,2M8GMBPYcuXOTwwZaxL3sC,8A,ARF140200092
839,"Enes","Árbol",34,139,"argentine rock","Chapusong",2002-01-01,03:14,68,74,1,0,59,0,10,-4,A Major,4,2024-02-12,0bGIiqXgKcQ2zvGc5PVnXc,11B,ARF140200093
840,"Ya Lo Sabemos","Árbol",44,137,"argentine rock","Chapusong",2002-01-01,03:17,34,63,7,0,47,0,20,-6,D Major,5,2024-02-12,0yi098OFF7nbfA6R1edWXt,10B,ARF140200095
841,"Ya Se","Árbol",22,97,"argentine rock","Chapusong",2002-01-01,02:53,59,98,1,0,83,0,30,-3,C Major,4,2024-02-12,2lddyB3Zi6deovPeFAxRFz,8B,ARF140200097
842,"Trenes, Camiones Y Tractores","Árbol",54,147,"argentine rock","GUAU!",2005-01-01,03:31,72,64,44,0,73,0,10,-4,G Major,4,2024-02-13,3tM9FUE7ETqnMQJMnCKLBw,9B,USUM70506575
843,"Soy La Zoila","Árbol",33,135,"argentine rock","GUAU!",2005-01-01,02:39,65,64,72,0,91,30,10,-4,G Major,4,2024-02-13,5mtX7qSwGoo6Jbc96Ri2Hu,9B,USUM70506647
844,"Soy Vos","Árbol",32,166,"argentine rock","Hormigas",2007-11-11,03:08,56,90,1,0,62,0,0,-4,C Major,4,2024-02-15,7dkZMguZGB1L67Me5p4UYq,8B,ARF470700316
845,"Adentro Del Mar","Árbol",19,132,"argentine rock","Hormigas",2007-11-11,02:55,62,92,0,0,57,0,20,-4,G Major,4,2024-02-15,42LlH2KuYXQSoCetmKhuBt,9B,ARF470700323
846,"La Mudanza","Árbol",10,128,"argentine rock","Hormigas",2007-11-11,04:41,76,46,21,7,62,0,10,-9,C Major,3,2024-02-15,4Q4caVGyFVG78lIBpJoLOf,8B,ARF470700329
847,"Slowly","TISSLE,Yll Limani",0,118,"","Slowly",2024-02-03,03:42,85,67,5,0,59,0,10,-7,C Major,4,2024-02-16,4wwCxyBHpK5R2LFn6tFYUG,8B,QZDA62446923
848,"Volveré a mi barrio","Árbol",20,116,"argentine rock","No Me Etiquetes",2010-12-03,04:23,72,47,4,5,55,0,10,-4,C Major,4,2024-02-18,1Ot10GbIUOdEtJbBbQaBKY,8B,ARF470900176
849,"Lobo Solitario","Árbol,Quique Rangel,Gustavo Santaolalla,Torreblanca,Celso Piña",14,192,"argentine rock, soundtrack, mexican indie, latin indie, latin alternative, latin folk, cumbia, cumbia sonidera, electrocumbia","Hongo",2022-09-23,03:21,37,75,9,0,43,0,20,-7,E Minor,4,2024-02-25,3yQAbOhQDLFi0VdQriNU19,9A,ARN732200003
850,"Motor","Árbol",7,166,"argentine rock","Hongo",2022-09-23,03:14,52,80,0,0,77,0,20,-4,G Major,4,2024-02-25,6Q4dJPcM0J2uBYrRv4AL8B,9B,ARN732200006
851,"Ya Nadie Quiere","Árbol",7,120,"argentine rock","Hongo",2022-09-23,03:20,61,72,0,0,24,0,20,-7,C Major,4,2024-02-25,5gwrWpaS7KjJeLXxtW8DDY,8B,ARN732200009
852,"Sentir","Árbol",9,124,"argentine rock","Hongo",2022-09-23,03:33,64,86,1,0,93,0,20,-5,F Major,4,2024-02-25,4k3RSSJ6JEcSjAKyMZvPUl,7B,ARN732200007
853,"Azul","Árbol,Nunca Rodrigo",15,190,"argentine rock, ","Azul",2020-12-18,03:43,34,55,3,0,39,0,10,-6,F Major,3,2024-02-26,53IB5XWuUBjZjYfCYQ8LFC,7B,QZNJX2052240
854,"Creyente","Árbol",7,180,"argentine rock","Creyente",2024-01-05,02:22,61,55,66,0,68,10,10,-10,A Major,3,2024-02-26,5eCI8hvvvqm5WeiDm9Pk9G,11B,ARN732300006
855,"Sudamerica, O el Regreso a la Aurora","Lito Vitale,Árbol",0,92,"argentine rock, folklore argentino, tango, nueva trova, latin folk","Escúchame Entre el Ruido, Vol. 1",2006-05-05,03:30,56,83,22,0,78,0,20,-5,G Major,4,2024-03-01,2O5bMaiN1ReTnkGlpm80je,9B,US6R21218941
856,"Incognito","Céline Dion",30,134,"variété française","Incognito",1987-04-02,04:39,73,69,46,0,96,0,0,-13,A Major,4,2024-03-09,6Jfd5c2iOPkphlCX9nt0GJ,11B,CAC228700026
857,"On traverse un miroir","Céline Dion",25,148,"variété française","Incognito",1987-04-02,04:40,60,39,71,0,38,0,0,-15,G#/A♭ Minor,4,2024-03-09,0t4AuNimvJGbj51sDOLxw0,1A,CAC228700020
858,"Jours De Fièvre","Céline Dion",17,117,"variété française","Incognito",1987-04-02,05:12,68,78,22,0,93,0,0,-12,A Major,4,2024-03-09,2V5auNIRFKLuhU8iiaPTiS,11B,CAC228700022
859,"Runaway","Avril Lavigne",49,135,"","The Best Damn Thing (Expanded Edition)",2007-04-17,03:47,57,94,0,31,68,0,10,-2,C Major,4,2024-03-09,3lxrdos6O9eZit1KMfz9A1,8B,USRC10700079
860,"(If There Was) Any Other Way","Céline Dion",29,124,"variété française","Unison",1990-04-02,04:00,67,78,24,0,90,0,10,-9,G Minor,4,2024-03-16,5yh5RqpOXYN3iiJe07mNNf,6A,CAC229000012
861,"The Last to Know","Céline Dion",27,146,"variété française","Unison",1990-04-02,04:35,54,57,48,0,46,0,0,-11,F#/G♭ Minor,4,2024-03-16,3JyILYEokYb4vAYP9MuyfV,11A,CAC229000016
862,"Love By Another Name","Céline Dion",20,100,"variété française","Unison",1990-04-02,04:51,73,88,2,1,82,0,10,-10,A#/B♭ Minor,4,2024-03-16,7H6UuEQl6LP0xjSSLku8n9,3A,CAC229000008
863,"Unison","Céline Dion",29,124,"variété française","Unison",1990-04-02,04:12,70,72,4,0,92,0,0,-9,C♯/D♭ Minor,4,2024-03-16,5poKsdUqzHa1RmcMBkA3RA,12A,CAC229000015
864,"Le Fils de Superman","Céline Dion",18,77,"variété française","Des mots qui sonnent",1991-11-04,04:32,43,41,52,0,19,0,10,-14,C♯/D♭ Major,4,2024-03-23,4HuVzKbAC1F2XMGPywjEHI,3B,CAC229100010
865,"Piaf chanterait du rock","Céline Dion",16,129,"variété française","Des mots qui sonnent",1991-11-04,03:22,63,63,46,0,63,0,10,-9,F#/G♭ Minor,4,2024-03-23,6Ji1O7OxMY8Id1ynj1Pc8O,11A,CAC229100013
866,"Quelqu'un que j'aime, quelqu'un qui m'aime","Céline Dion",16,91,"variété française","Des mots qui sonnent",1991-11-04,03:40,67,55,42,0,83,0,10,-13,F Major,4,2024-03-23,7vFMJnSIEy8zhhnW5TSeun,7B,CAC229100003
867,"Les uns contre les autres","Céline Dion",18,102,"variété française","Des mots qui sonnent",1991-11-04,03:09,61,32,64,0,35,0,10,-12,G Minor,3,2024-03-23,2s7VXVa2OXZKGPOthZZ66X,6A,CAC229100004
868,"Did You Give Enough Love","Céline Dion",24,188,"variété française","Celine Dion",1992-03-30,04:20,51,84,28,0,89,0,20,-11,F Minor,4,2024-03-30,7KJMwty8aJ085Vm8cQcNf3,4A,CAC229800194
869,"I Love You Goodbye","Céline Dion",48,126,"variété française","Celine Dion",1992-03-30,03:33,37,28,61,0,15,0,10,-13,A Major,4,2024-03-30,54OvU2GG8ic8x6p0UqWIpt,11B,CAC229800196
870,"Little Bit Of Love","Céline Dion",24,192,"variété française","Celine Dion",1992-03-30,04:26,53,71,6,0,89,0,10,-12,F Minor,4,2024-03-30,4SMMxy8T9aQ23zULZkLuH8,4A,CAC229800197
871,"With This Tear","Céline Dion",27,123,"variété française","Celine Dion",1992-03-30,04:12,36,34,66,0,16,0,10,-14,D Major,4,2024-03-30,40wCJBVGDSSGymvS1Tg380,10B,CAC229200003
872,"Nothing Broken But My Heart","Céline Dion",36,172,"variété française","Celine Dion",1992-03-30,05:55,49,37,22,0,12,0,20,-14,C♯/D♭ Minor,4,2024-03-30,03xpqxQ2tCUuDAKNLThmGO,12A,CAC229200024
873,"Misled","Céline Dion",40,110,"variété française","The Colour Of My Love",1993-11-09,03:30,71,93,9,0,89,0,10,-6,F Minor,4,2024-04-01,5FktSmCnJGqX1QdIJNAlr7,4A,CAC220003049
874,"Everybody's Talkin' My Baby Down","Céline Dion",37,101,"variété française","The Colour Of My Love",1993-11-09,04:01,66,88,9,0,71,0,40,-6,G Major,4,2024-04-01,5gn1umLoYH5m8Eh9QlV0Gp,9B,CAC220003062
875,"When I Fall In Love (feat. Clive Griffin) - from the TriStar film, Sleepless In Seattle","Céline Dion,Clive Griffin",46,68,"variété française, ","The Colour Of My Love",1993-11-09,04:20,19,24,58,0,11,0,10,-13,G#/A♭ Major,4,2024-04-01,5kqmgfPEUWtDGWOvop4sP2,4B,USSM19303694
876,"Love Doesn't Ask Why","Céline Dion",54,140,"variété française","The Colour Of My Love",1993-11-09,04:08,47,44,45,0,22,0,20,-10,C Minor,4,2024-04-01,3ypgdnPnb8KxSLsBlTLxI7,5A,CAC220003033
877,"Refuse to Dance","Céline Dion",31,104,"variété française","The Colour Of My Love",1993-11-09,04:21,62,72,10,0,59,0,0,-9,G Major,4,2024-04-01,2o2y4njklm517JSiWVEHA2,9B,CAC220003048
878,"Just Walk Away - Bonus Track","Céline Dion",52,146,"variété française","The Colour Of My Love",1993-11-09,04:58,27,50,74,0,12,0,10,-9,F#/G♭ Minor,4,2024-04-01,1SCsL0vE4W3N7n9HiG4q2r,11A,CAC229800151
879,"Miedo","Árbol",15,109,"argentine rock","Miedo",2024-04-12,03:56,71,61,9,0,87,0,0,-7,A Major,3,2024-04-13,05UGQrcv8Aq4eYweOr1iPw,11B,ARN732300011
880,"J'irai où tu iras (with Jean-Jacques Goldman)","Céline Dion,Jean-Jacques Goldman",59,175,"variété française, chanson, french pop, french house","D'Eux",1995-03-27,03:25,60,96,27,0,70,0,30,-6,G Major,4,2024-04-14,17LZKLjQxH2w67xMa8mWML,9B,CAC229500010
881,"Because You Loved Me (Theme from  Up Close and Personal )","Céline Dion",77,120,"variété française","Falling into You",1996-03-11,04:33,62,47,31,0,18,0,10,-10,C♯/D♭ Major,4,2024-04-28,28UMiBhn383n9S7GL4tsxD,3B,CAC229600025
882,"Eyes Closed (feat. J Balvin)","Imagine Dragons,J Balvin",2,174,"reggaeton, latin","Eyes Closed (feat. J Balvin)",2024-05-03,03:20,61,69,7,0,54,10,0,-7,A#/B♭ Minor,4,2024-05-04,78EfhCsgEi8cEJXib3BFqL,3A,USUM72404023
883,"Immortality (feat. Bee Gees)","Céline Dion,Bee Gees",65,83,"variété française, disco","Let's Talk About Love",1997-11-14,04:10,55,32,60,0,8,0,0,-11,D Major,4,2024-05-04,0HuNPrWCyZpCx59pu9ON99,10B,CAC229700105
884,"Why Oh Why","Céline Dion",36,173,"variété française","Let's Talk About Love",1997-11-14,04:50,67,50,21,0,54,0,0,-9,A#/B♭ Minor,4,2024-05-04,4QwmDFf3FjC7N87vyKnMJr,3A,CAC229700118
885,"Amar haciendo el amor","Céline Dion",35,92,"variété française","Let's Talk About Love",1997-11-14,04:10,64,62,43,0,58,10,0,-9,C Minor,4,2024-05-04,5VszaZq9Kbhpqqp0oYmlc1,5A,CAC229700125
886,"Just a Little Bit of Love","Céline Dion",34,122,"variété française","Let's Talk About Love",1997-11-14,04:06,77,75,9,0,82,0,10,-8,A#/B♭ Major,4,2024-05-04,1BsyshTKcPKYti5O4nNBWE,6B,CAC229700112
887,"My Heart Will Go On - Love Theme from  Titanic ","Céline Dion",76,99,"variété française","Let's Talk About Love",1997-11-14,04:40,43,28,73,0,4,0,10,-12,E Major,1,2024-05-04,33LC84JgLvK2KuW43MfaNq,12B,CAC229700120
888,"I Hate You Then I Love You (Duet with Luciano Pavarotti)","Céline Dion,Luciano Pavarotti",45,140,"variété française, opera, classical, canzone napoletana, classical crossover","Let's Talk About Love",1997-11-14,04:42,34,40,43,0,12,0,10,-9,D Major,4,2024-05-04,3GeU6SjrKEjCRpXCCFthaG,10B,CAC229700124
889,"I Meant To Do My Work Today (A Day In The Country) - From “Friends” Soundtrack","Elton John",11,78,"","Rare Masters",1992-10-20,01:36,37,10,90,0,28,0,0,-22,F Major,4,2024-05-06,4ZjhN087uZotBPLepaJpFI,7B,GBAMB0080041
890,"Je chanterai","Céline Dion",32,117,"variété française","S'il Suffisait D'aimer",1998-09-07,04:09,55,26,79,0,13,0,20,-11,C Major,4,2024-05-26,5vvLO24PyYZvRGhU5Ln6di,8B,CAC229800093
891,"Terre","Céline Dion",33,100,"variété française","S'il Suffisait D'aimer",1998-09-07,04:16,71,67,6,0,72,0,0,-9,D Major,4,2024-05-26,2bVsQXY2ek3OKgCToJ54Ux,10B,CAC229800091
892,"L'abandon","Céline Dion",31,144,"variété française","S'il Suffisait D'aimer",1998-09-07,04:27,73,48,49,0,73,0,10,-11,D Major,4,2024-05-26,1M9BG6DgooWVwcVQcfFWjz,10B,CAC229800090
893,"Christmas Eve","Céline Dion",64,126,"variété française","These are Special Times",1998-10-30,04:16,64,78,47,0,54,0,20,-5,C♯/D♭ Minor,4,2024-06-03,4u3p9G8NEyF37rfQ0OHS4T,12A,CAC229800217
894,"Feliz Navidad","Céline Dion,The Dion Family",59,140,"variété française, christmas","These are Special Times",1998-10-30,03:40,72,78,55,0,83,0,70,-6,A Major,4,2024-06-03,64Sd1Sg0dwXBwGd5dBVhj2,11B,CAC229800220
895,"Right In Front of You","Céline Dion",42,100,"variété française","A New Day Has Come",2002-03-22,04:13,61,60,26,0,38,0,10,-5,G Major,4,2024-07-21,2BoLCHXNjxIiMV7ggkrlDQ,9B,CAC220200032
896,"Rain, Tax (It's Inevitable)","Céline Dion",41,89,"variété française","A New Day Has Come",2002-03-22,03:25,70,75,17,0,51,0,0,-5,E Minor,4,2024-07-21,1GogGZvclZS19tsPmEvcgo,9A,CAC220200008
897,"Ten Days","Céline Dion",36,105,"variété française","A New Day Has Come",2002-03-22,03:37,76,66,43,0,47,0,30,-5,C♯/D♭ Minor,4,2024-07-21,43brHHiqOPZkCei4FHQQLw,12A,CAC220200028
898,"Coulda Woulda Shoulda","Céline Dion",39,100,"variété française","One Heart",2003-03-24,03:25,68,88,13,0,82,0,10,-3,C Major,4,2024-07-28,6dN9RiWvy4gbUc86YzUVCh,8B,CAC220200026
899,"Tout l'or des hommes","Céline Dion",27,118,"variété française","1 fille & 4 types",2003-10-13,02:59,66,56,29,0,36,0,10,-6,C Major,5,2024-07-28,7xdl4L1FxjQC8xG7DPD3CT,8B,CAC220300084
900,"Ne bouge pas","Céline Dion",14,87,"variété française","1 fille & 4 types",2003-10-13,04:23,45,69,24,0,68,0,10,-7,C Major,4,2024-07-28,26XgUiYYl8OoTqNXGqkARj,8B,CAC220300080
901,"Je lui dirai","Céline Dion",22,133,"variété française","1 fille & 4 types",2003-10-13,03:57,60,70,9,0,48,0,20,-6,F Major,4,2024-07-31,4vs7HGN7wLdy46VEXGeSaF,7B,CAC220300075
902,"Des milliers de baisers","Céline Dion",13,152,"variété française","1 fille & 4 types",2003-10-13,03:46,45,30,72,0,22,0,10,-14,D#/E♭ Minor,4,2024-07-31,5JY6A9CW8ABFNpVkfPuw6j,2A,CAC220300071
903,"Sleep Tight","Céline Dion",29,124,"variété française","Miracle",2004-10-11,04:39,70,32,78,0,38,0,10,-12,A#/B♭ Major,4,2024-08-01,7oNxsa677Od7bS1dYZ8hG5,6B,CAC220400141
904,"Le loup, la biche et le chevalier (une chanson douce)","Céline Dion",29,120,"variété française","Miracle",2004-10-11,03:13,67,35,70,0,47,0,10,-13,G Major,4,2024-08-02,1BZja2azZEiekwNydX3CUn,9B,CAC220400146
905,"Beautiful Boy","Céline Dion",32,111,"variété française","Miracle",2004-10-11,03:53,73,45,61,0,60,0,30,-11,G Major,4,2024-08-02,2m38CRsnoR5XZit5yEV7Eb,9B,CAC220400147
906,"Et s'il n'en restait qu'une (je serais celle-là)","Céline Dion",36,81,"variété française","D'elles",2007-00-00,03:29,50,49,70,0,26,0,10,-9,G#/A♭ Major,4,2024-08-02,36iDS16zqQK3eN6NlaE8TN,4B,CAC220700002
907,"A cause","Céline Dion",30,144,"variété française","D'elles",2007-00-00,03:13,60,72,20,0,60,0,10,-7,G Minor,4,2024-08-02,2lGFNFrU0AODBL0hpUP5lt,6A,CAC220700011
908,"Femme comme chacune","Céline Dion",24,182,"variété française","D'elles",2007-00-00,03:39,55,71,13,0,71,0,0,-7,F#/G♭ Major,4,2024-08-02,30ybvzbQvtvodqDfMk6p7s,2B,CAC220700015
909,"Je ne suis pas celle","Céline Dion",24,112,"variété française","D'elles",2007-00-00,04:11,52,27,90,0,15,0,20,-12,A Minor,4,2024-08-02,6Vpzt6WmL9oc3IR5DoAQbb,8A,CAC220700017
910,"Le temps qui compte","Céline Dion",24,126,"variété française","D'elles",2007-00-00,02:54,70,53,48,0,37,0,0,-8,F#/G♭ Minor,4,2024-08-02,5C73CwJiocbxkNmKpUzmzw,11A,CAC220700018
911,"Eyes On Me","Céline Dion",43,180,"variété française","Taking Chances (Deluxe Edition)",2007-11-07,03:53,56,79,17,0,73,0,10,-5,E Minor,4,2024-08-02,4H00gR8qrY0xKsrM9xcfnF,9A,CAC220700031
912,"My Love","Céline Dion",37,79,"variété française","Taking Chances (Deluxe Edition)",2007-11-07,04:08,53,45,8,0,27,0,0,-7,G#/A♭ Major,4,2024-08-02,36ZIRnejTEQN7b17Icn7kF,4B,CAC220700039
913,"This Time","Céline Dion",33,77,"variété française","Taking Chances (Deluxe Edition)",2007-11-07,03:47,55,57,39,0,14,0,10,-6,G Minor,4,2024-08-03,5g1ZsNnpOMqLMgJncGjtAh,6A,CAC220700030
914,"Right Next To The Right One","Céline Dion",24,101,"variété française","Taking Chances (Deluxe Edition)",2007-11-07,04:09,56,44,39,0,40,0,10,-6,F Major,3,2024-08-03,1mzWgeQ5jkwoVGyEudJhaj,7B,CAC220700037
915,"Taking Chances - i-Soul Extended Remix","Céline Dion,Vince Maria,Steve Fernandez",28,127,"variété française, ","Taking Chances (Deluxe Edition)",2007-11-07,07:30,75,72,0,22,79,0,60,-8,D Major,4,2024-08-03,3CHiMttEGp85Kfe8Zu0sUu,10B,CAC220700044
916,"Qui peut vivre sans amour?","Céline Dion",28,82,"variété française","Sans attendre",2012-11-02,03:26,53,88,16,0,27,10,20,-3,A Minor,4,2024-08-03,2DiO5t4by9iQKHyc8ux8gv,8A,CAC221200014
917,"Ne me quitte pas","Céline Dion",37,125,"variété française","Sans attendre",2012-11-02,04:14,47,25,86,0,32,0,10,-11,G Minor,3,2024-08-03,2LTsMWvkzisfOjwlWo8KZE,6A,CAC221200018
918,"Les jours comme ça","Céline Dion",24,123,"variété française","Sans attendre",2012-11-02,03:04,67,75,36,0,52,0,30,-4,A Minor,4,2024-08-03,5zcd7kIuCcXlwpYzmXGkKO,8A,CAC221200011
919,"Thankful","Céline Dion",35,109,"variété française","Loved Me Back to Life",2013-11-01,03:55,54,50,49,0,11,0,10,-5,G Minor,3,2024-08-05,53vwzpZMKR9T9JXWvmxnaa,6A,CAC221300018
920,"At Seventeen","Céline Dion",30,114,"variété française","Loved Me Back to Life",2013-11-01,04:28,75,49,57,0,33,0,0,-8,C Major,4,2024-08-05,1h3KH1ClrhqP3kr4O1qIIN,8B,CAC221300012
921,"Nobody's Watching","Céline Dion",30,79,"variété française","Courage (Deluxe Edition)",2019-11-15,03:12,53,57,24,0,65,30,10,-8,F#/G♭ Minor,4,2024-08-11,7dVNZOaE01cuKYtt6bwshE,11A,CAC221900073
922,"How Did You Get Here","Céline Dion",29,97,"variété française","Courage (Deluxe Edition)",2019-11-15,04:21,62,56,20,0,30,0,10,-5,G Major,3,2024-08-12,10EKspzFS9IGVjDEoA3ONl,9B,CAC221900078
923,"Look at Us Now","Céline Dion",32,86,"variété française","Courage (Deluxe Edition)",2019-11-15,03:18,66,55,6,0,17,0,30,-5,A#/B♭ Major,4,2024-08-12,0u8yYdOuMq7KyslQ4Chi5z,6B,CAC221900079
924,"Best of All","Céline Dion",28,164,"variété française","Courage (Deluxe Edition)",2019-11-15,03:23,62,43,58,0,38,10,10,-7,C Major,4,2024-08-12,5txDnkMDRHCqIqevISyFBW,8B,CAC221900081
925,"I'll Be","Céline Dion",40,123,"variété française","Love Again (Soundtrack from the Motion Picture)",2023-05-12,03:03,56,66,16,0,19,0,10,-6,G#/A♭ Major,4,2024-08-12,0Ke17Xm0lk1flqdkFW3bqs,4B,CAC222300003
926,"The Gift","Céline Dion",36,170,"variété française","Love Again (Soundtrack from the Motion Picture)",2023-05-12,03:24,58,66,3,0,39,0,30,-7,F#/G♭ Major,4,2024-08-16,6eiJiRI1RNHniYBF4evk3a,2B,CAC222300005
927,"I Want You to Need Me","Céline Dion",41,130,"variété française","I Want You To Need Me",2000-06-12,04:33,52,49,64,0,14,0,10,-6,A#/B♭ Major,4,2024-08-17,1J6CgGxelGF144IW7BXXRB,6B,CAC229900133
928,"Sous Le Vent - Version chorale","Céline Dion",23,141,"variété française","Je Ne Vous Oublie Pas",2005-00-00,03:32,35,70,45,0,26,0,0,-4,B Major,4,2024-08-17,6th3irXU9YR4ucwwKVJIe7,1B,CAC220500113
929,"The Show Must Go On (feat. Lindsey Stirling)","Céline Dion,Lindsey Stirling",46,85,"variété française, classical crossover, christmas","The Show Must Go On (feat. Lindsey Stirling)",2016-05-20,04:25,50,54,38,0,28,0,10,-8,B Minor,4,2024-08-17,6xYL3iE2Blpy6Desa0nsf2,10A,CAC221600006
930,"Encore un soir - Radio Edit","Céline Dion",43,103,"variété française","Encore un soir (Radio Edit)",2016-05-24,03:52,54,49,46,0,20,0,0,-9,G#/A♭ Minor,4,2024-08-17,45QLImQY3jSTItHxbsDI7R,1A,CAC221600004
931,"Wicked Game - Recorded at Electric Lady Studios, NYC (feat. Chris Isaak)","Céline Dion,Chris Isaak",46,112,"variété française, ","Spotify Singles",2020-02-26,04:51,50,48,50,0,26,0,10,-9,B Major,4,2024-08-17,7rSSVVqC2sqDhmt1LfWm3J,1B,CAC222000002
932,"Wishful Thinking","Dan Hill,Céline Dion",26,135,"variété française","Real Love",1989-05-01,04:06,53,35,71,0,20,0,30,-12,D Major,4,2024-08-18,753wDfyZjoUhq6Ehmh12SH,10B,USSM19924311
933,"Something So Right","Miss Piggy,Kermit,Céline Dion,The Muppets",32,78,"christmas, variété française","Muppets Most Wanted (Original Motion Picture Soundtrack)",2014-01-01,03:11,58,43,74,0,23,0,10,-7,D#/E♭ Major,4,2024-08-19,6AlH5fTZD3HpEqxTD5znB4,5B,USWD11467073
934,"Voler","Michel Sardou,Céline Dion",30,78,"variété française, chanson, french pop","L'album de sa vie 100 titres",2019-10-18,03:45,20,59,81,0,14,0,10,-5,D#/E♭ Minor,4,2024-08-19,2zdbzrCNVwZK9Gmi9wBMwe,2A,FRUM71001336
935,"DEAD RIGHT NOW","Lil Nas X",50,128,"","MONTERO",2021-09-17,03:41,69,72,10,0,55,0,20,-6,C Minor,4,2024-08-21,3grVoZ10bm2jUGpo7BxpuF,5A,USSM12105731
936,"INDUSTRY BABY (feat. Jack Harlow)","Lil Nas X,Jack Harlow",75,150,"","MONTERO",2021-09-17,03:32,74,69,2,0,89,0,0,-7,A#/B♭ Minor,4,2024-08-21,5Z9KJZvQzH6PFmb8SNkxuk,3A,USSM12104539
937,"THATS WHAT I WANT","Lil Nas X",74,88,"","MONTERO",2021-09-17,02:23,74,85,1,0,55,20,0,-5,C♯/D♭ Minor,4,2024-08-21,0e8nrvls4Qqv5Rfa2UhqmO,12A,USSM12105732
938,"TALES OF DOMINICA","Lil Nas X",56,115,"","MONTERO",2021-09-17,02:26,74,73,63,0,54,0,0,-6,G#/A♭ Minor,4,2024-08-21,5S4PZ7AuYlYiVIVik3wHUf,1A,USSM12106488
939,"AM I DREAMING (feat. Miley Cyrus)","Lil Nas X,Miley Cyrus",54,94,"","MONTERO",2021-09-17,03:03,63,45,77,0,21,0,30,-7,D#/E♭ Major,4,2024-08-21,6isTQfKXhNO3EyJd9mSxx8,5B,USSM12105739
940,"Right About You","Post Malone",49,172,"","F-1 Trillion: Long Bed",2024-08-16,03:03,44,86,1,0,75,0,10,-5,F Major,4,2024-08-24,5YpGtgrW64ZerAxtxqh0w2,7B,USUM72405605
941,"Please Please Please","Sabrina Carpenter",85,107,"pop","Short n' Sweet",2024-08-23,03:06,68,59,26,0,62,0,10,-6,A Major,4,2024-08-24,2tHwzyyOLoWSFqYNjeVMzj,11B,USUM72404101
942,"Rodeo - feat. Nas","Lil Nas X,Nas",55,140,"old school hip hop, east coast hip hop, hip hop","Rodeo (feat. Nas)",2020-01-27,02:25,65,64,8,0,57,0,50,-6,A Major,4,2024-08-27,7ikRId3U9AXd6tfF2fbItC,11B,USSM11915303
943,"MONTERO (Call Me By Your Name) - But Lil Nas X Makes All The Sounds With His Mouth","Lil Nas X",33,179,"","MONTERO (Call Me By Your Name)",2021-04-23,02:20,58,51,26,0,88,0,30,-9,G#/A♭ Minor,4,2024-08-27,3VdCz72mvOvtT0k4neZ1Sg,1A,USSM12102121
944,"INDUSTRY BABY - EXTENDED","Lil Nas X,Jack Harlow",47,150,"","INDUSTRY BABY 2.0",2021-10-09,03:47,73,71,2,0,88,0,0,-7,A#/B♭ Minor,4,2024-08-27,4BI4iNZigfF4SUq13TcFPh,3A,USSM12108196
945,"あの森で待ってる","Bonjour Suzuki",26,88,"shibuya-kei","THE BEST OF BONJOUR SUZUKI",2017-08-04,04:24,46,76,36,0,46,0,0,-7,D#/E♭ Major,4,2024-09-05,1cAOx1GoYfFXOtmETbzqlC,5B,JPS809918853
946,"No Puedo Verme Mas","La Maquina De Hacer Pájaros",33,140,"argentine rock, progressive rock, latin rock","La Máquina De Hacer Pájaros",1976-04-29,04:10,40,63,2,7,62,0,20,-13,D Major,4,2024-10-08,6mSqnp1KdNAV5mZcYOA92a,10B,ARF100300037
947,"Ah Te Vi Entre Las Luces","La Maquina De Hacer Pájaros",36,112,"argentine rock, progressive rock, latin rock","La Máquina De Hacer Pájaros",1976-04-29,11:10,32,35,1,80,7,0,10,-14,B Minor,4,2024-10-08,3uZfEOQOiAmHXDV02FZM4e,10A,ARF100300039
948,"Take Me to the Beach (feat. Baker Boy)","Imagine Dragons,Baker Boy",50,105,"","Take Me to the Beach (feat. Baker Boy)",2024-10-11,03:05,83,71,4,0,87,10,10,-5,G#/A♭ Major,4,2024-10-11,0VuXOl99YyPwY0EiqP7cS2,4B,USUM72411601
949,"Marilyn, La Cenicienta Y Las Mujeres","La Maquina De Hacer Pájaros",35,121,"argentine rock, progressive rock, latin rock","Peliculas",1977-04-29,04:23,33,38,26,9,27,0,10,-15,A Major,4,2024-10-25,2tG1hIdBRuNw8tvGcSi5tw,11B,ARF100300041
950,"En Las Calles De Costa Rica","La Maquina De Hacer Pájaros",34,133,"argentine rock, progressive rock, latin rock","Peliculas",1977-04-29,03:59,44,69,0,15,55,0,10,-13,C Major,4,2024-10-25,4ZcdYRZsuTaZPkurN3jVl5,8B,ARF100300045
951,"I want to know","Sawano Hiroyuki",32,168,"anime, soundtrack","キルラキル コンプリートサウンドトラック",2013-00-00,04:06,40,28,72,0,13,0,10,-11,G Minor,3,2024-11-04,6DbiIyDz3eZRsVvaK9xtLN,6A,JPE301302919
952,"Take Me to the Beach (feat. Jungeli)","Imagine Dragons,Jungeli",44,105,"french r&b, pop urbaine","Take Me to the Beach (feat. Jungeli)",2024-11-01,02:47,81,65,2,0,91,0,10,-5,F Minor,4,2024-11-15,299bs3nx4r3zcmLD8tRPi3,4A,USUM72411971
953,"I Cried For You","Billie Holiday",27,111,"jazz, vocal jazz","Recital",1956-01-01,02:26,55,35,89,0,67,0,10,-12,F Minor,4,2024-11-30,1ifmy1o9dvzLwOiOHpkHii,4A,USF095601160
954,"I Only Have Eyes For You","Billie Holiday",46,151,"jazz, vocal jazz","Solitude",1956-01-01,02:53,50,32,97,39,53,0,10,-9,G Major,4,2024-12-03,6Y8QG1S14e2o0Tx0rppi0V,9B,USGR10110228
955,"Them There Eyes","Billie Holiday",28,131,"jazz, vocal jazz","The Lady Sings",1956-01-01,02:51,57,31,76,0,81,0,10,-11,G#/A♭ Major,4,2024-12-08,7tFXpD29uEFFs9hhTza7G2,4B,USMC14975204
956,"I'll Get By (As Long As I Have You)","Billie Holiday",34,122,"jazz, vocal jazz","Billie Holiday",1957-01-01,02:57,67,20,97,13,47,0,10,-13,F Major,4,2024-12-17,4PL16UfgqJTpU7hQOnAwWS,7B,USMC14448345
957,"CALL","Sawano Hiroyuki",30,86,"anime, soundtrack","CALL / Blue Echo",2024-12-22,03:06,26,54,62,0,49,0,10,-6,C♯/D♭ Major,1,2024-12-27,6tiRYlOawafTibJQ0YSipQ,3B,JPE302400900
958,"Never Stop (feat. Laco)","Sawano Hiroyuki,Laco",34,100,"anime, soundtrack, ","Never Stop",2021-11-14,04:07,73,73,2,0,65,0,10,-9,C♯/D♭ Minor,4,2024-12-30,4eGXqtce4TB8dtrwfhHabS,12A,TCJPQ2124701
959,"5 Dollar Pony Rides","Mac Miller",61,96,"","Balloonerism",2025-01-17,03:42,74,83,26,1,30,0,10,-6,B Minor,4,2025-01-17,1xKGnsdKOh8jx8pzSZAgXE,10A,USWB12307109
960,"Friendly Hallucinations","Mac Miller",56,82,"","Balloonerism",2025-01-17,04:45,58,51,17,0,40,20,0,-8,C Major,4,2025-01-17,1lw3asU5xp73sdBy0rYsuK,8B,USWB12100110
961,"Funny Papers","Mac Miller",65,169,"","Balloonerism",2025-01-17,04:23,47,65,76,0,22,20,10,-7,C Minor,4,2025-01-17,4pu58kqegTnOxPNJpY3kr9,5A,USWB12001888
962,"Dare U","NLE Choppa,Imagine Dragons",62,100,"","Dare U",2025-01-16,02:21,51,77,7,0,40,10,20,-6,D Major,3,2025-01-17,02FqPcKOjgOBbZRYdpAIhS,10B,USWB12404495
963,"Busy Woman","Sabrina Carpenter",83,117,"pop","Short n' Sweet (Deluxe)",2025-02-14,03:06,73,76,17,0,90,0,10,-5,G Major,4,2025-02-14,0b0Dz0Gi86SVdBxYeiQcCP,9B,USUM72413907
964,"Open Hearts - Single Version","The Weeknd",46,124,"","Open Hearts",2025-01-29,03:31,65,71,0,0,43,0,0,-5,G Minor,4,2025-02-14,72fcuveJcHQ61u25WHQhjw,6A,USUG12501184
965,"São Paulo (feat. Anitta)","The Weeknd,Anitta",86,127,"brazilian pop, funk pop, brazilian funk, funk carioca","Hurry Up Tomorrow",2025-01-31,05:01,54,66,4,0,55,0,50,-7,F Minor,4,2025-02-14,7DY756WOLyOz2Xnhw4EFiC,4A,USUG12405846
966,"Baptized In Fear","The Weeknd",72,124,"","Hurry Up Tomorrow",2025-01-31,03:52,57,52,14,0,46,0,40,-8,G Minor,4,2025-02-14,5rzI6Jnlhx8DgVgsOLorfW,6A,USUG12501132
967,"Never Thought I'd Fall In Love With You","Billy Ray Cyrus",9,140,"","Some Gave All",1992-01-01,03:42,63,54,1,0,90,0,0,-11,C♯/D♭ Major,4,2025-02-16,7KnhdvewvtHRK3E7IOQKkb,3B,USPG19290118
968,"Deja Blue","Billy Ray Cyrus",10,114,"","Storm In The Heartland",1994-01-01,03:36,69,70,20,0,93,0,10,-11,E Major,4,2025-02-18,0mWreAskfl1iwLYhG36Z13,12B,USPR39402491
969,"How Much","Billy Ray Cyrus",6,123,"","Storm In The Heartland",1994-01-01,05:29,65,66,16,0,53,0,10,-10,C Major,4,2025-02-18,4Y2gwirJdO3miginhAn3mF,8B,USPR39402496
970,"Burn Down the Trailer Park","Billy Ray Cyrus",8,111,"","Southern Rain",2000-10-12,03:18,62,71,18,0,62,0,0,-6,D Major,4,2025-02-19,10sPk6AHOasx8CRykQq8X0,10B,USSM10011686
971,"Crazy 'Bout You Baby","Billy Ray Cyrus",17,152,"","Southern Rain",2000-10-12,03:20,61,89,1,0,97,0,30,-5,A Major,4,2025-02-19,492B6gvSBDazGAl8HxADIj,11B,USSM10011381
972,"Brown Eyed Girl","Billy Ray Cyrus",29,143,"","Home At Last",2007-10-09,03:43,63,87,22,0,96,0,20,-5,G Major,4,2025-02-24,5AZERhPXRR42J1GxpXZWaB,9B,USWD10732003
973,"Don't Give Up On Me","Billy Ray Cyrus",6,95,"","Home At Last",2007-10-09,03:22,63,66,8,0,55,0,10,-6,D Major,4,2025-02-24,0UMFU1x2PigQNpzVmF1e5d,10B,USWD10732362
974,"La Güera Salomé","Árbol,El Chavez",19,101,"argentine rock, electrocumbia, latin alternative","La Güera Salomé",2025-02-28,02:59,71,97,7,0,74,0,0,-5,F Minor,4,2025-03-02,3h48tHwebA7poh2s87Ng2D,4A,ARN732500002
975,"Taste","Sabrina Carpenter",62,113,"pop","Short n' Sweet (Deluxe)",2025-02-14,02:37,67,91,11,0,79,0,20,-4,D#/E♭ Major,4,2025-03-04,0lTDxglypMd8e8Q5hnmDnI,5B,USUM72404100
976,"Coincidence","Sabrina Carpenter",61,79,"pop","Short n' Sweet (Deluxe)",2025-02-14,02:44,42,81,40,0,78,10,20,-6,A Major,4,2025-03-04,7wJkgAZNkRMQz1FOMS5z6Y,11B,USUM72405667
977,"15 Minutes","Sabrina Carpenter",76,132,"pop","Short n' Sweet (Deluxe)",2025-02-14,03:11,58,89,1,0,73,0,30,-4,G Major,4,2025-03-04,1zhvxTuSha22nsUT5Nw8gE,9B,USUM72413904
978,"Please Please Please (feat. Dolly Parton)","Sabrina Carpenter,Dolly Parton",59,107,"pop, country, classic country","Short n' Sweet (Deluxe)",2025-02-14,03:04,58,75,50,0,46,0,20,-5,A Major,4,2025-03-04,6nrSo5ZWhsai0oeX257rRF,11B,USUM72413905
979,"Hillbilly Heart","Billy Ray Cyrus",5,78,"","Change My Mind (Deluxe Edition)",2016-09-09,03:40,46,93,0,0,62,0,20,-2,F Major,4,2025-03-28,6zmV4yhSJg2eC9NRz7Ffxt,7B,QMFMG1590994
980,"Good as Gone","Billy Ray Cyrus",3,125,"","Change My Mind (Deluxe Edition)",2016-09-09,03:23,45,96,0,0,85,0,20,-4,E Major,4,2025-03-28,2kbtqLs2HlbOzFCiFewXhH,12B,QMFMG1590996
981,"Stomp","Billy Ray Cyrus",4,117,"","Change My Mind (Deluxe Edition)",2016-09-09,03:54,61,93,0,0,81,0,10,-3,A Major,4,2025-03-28,6YMylV2jgWWhYnPWkWbX1O,11B,QMFMG1591001
982,"Tulsa Time","Billy Ray Cyrus,Joe Perry",27,108,"","Thin Line",2016-10-07,04:00,69,96,2,0,98,0,20,-4,A Major,4,2025-04-03,4lUjEGK1qyeQx7TAw2UIJy,11B,QMN8G1600007
983,"Going Where the Lonely Go","Billy Ray Cyrus,Braison Cyrus",4,80,"","Thin Line",2016-10-07,04:02,45,65,36,25,35,0,20,-6,G#/A♭ Major,4,2025-04-03,7fJzDx1eNNakOdRBP4q8lk,4B,QMN8G1600014
984,"When I Was Tealby Abbey - Stereo Mix","Elton John",17,164,"","Regimental Sgt. Zippo",2022-07-08,02:36,38,68,9,0,77,0,0,-8,G#/A♭ Major,4,2025-04-10,4NdfWmWp4zLdDu4R7FXwF4,4B,GBUM72100306
985,"Regimental Sgt. Zippo - Stereo Mix","Elton John",17,154,"","Regimental Sgt. Zippo",2022-07-08,04:46,25,62,1,0,48,0,60,-9,E Major,4,2025-04-10,0Uq2RWW0BUjTA10QbGFGje,12B,GBUM72100311
986,"Achy Breaky Heart 25th (feat. Ronnie Milsap) [Muscle Shoals Mix]","Billy Ray Cyrus,Ronnie Milsap",6,113,"classic country, country, traditional country","Set The Record Straight",2017-11-10,04:14,68,88,17,0,82,0,10,-4,E Major,4,2025-04-14,5h7wzbEzlXy5JNZ5xYRSkQ,12B,QMDPP1700547
987,"Bancate ese defecto","Árbol,LUKIAN",17,92,"argentine rock","Bancate ese defecto",2025-04-25,05:19,69,87,14,0,75,10,10,-7,D Major,4,2025-04-26,5VoeA0AKKnAvJBIRoOowDF,10B,ARN732500003
988,"Rё∀L<C＋nZk Version>","Sawano Hiroyuki",24,128,"anime, soundtrack","GUILTY CROWN COMPLETE SOUNDTRACK",2012-00-00,04:11,59,93,1,4,58,10,20,-6,F#/G♭ Major,4,2025-04-28,5jQpXgk7UZsLLeL60mTTca,2B,JPE301600190
989,"F2","Sawano Hiroyuki",10,138,"anime, soundtrack","MOBILE SUIT GUNDAM UNICORN Original Motion Picture Soundtrack 2",2012-05-08,07:02,42,9,99,86,8,0,10,-22,G Major,3,2025-04-28,0GTJFU8BEcrk8YKouPItUj,9B,JPP301101512
990,"I Am…I Said","Billy Ray Cyrus",21,85,"","The Singin’ Hills Sessions, Vol. I Sunset",2020-01-31,04:05,49,59,3,23,35,0,10,-8,A Major,4,2025-05-16,6KAMywqWwC9h6rHic27DwW,11B,QMRSZ2000110
991,"Mama Said Knock You Out","Billy Ray Cyrus",24,95,"","The Singin’ Hills Sessions – Mojave",2020-11-06,02:38,58,68,15,0,76,0,30,-9,C Major,4,2025-05-16,5thhwpPyEBx2fHeRMJCfIG,8B,QMRSZ2002280
992,"A Hard Working Man - feat. Billy Ray Cyrus & Snoop Dogg","Avila Brothers,Billy Ray Cyrus,Snoop Dogg",28,96,"neo soul, g-funk, west coast hip hop, gangster rap, old school hip hop, hip hop, rap","A Hard Working Man (feat. Billy Ray Cyrus & Snoop Dogg)",2022-04-01,02:47,61,81,33,0,68,20,70,-6,B Minor,4,2025-05-16,0xJ1DE4mn3hvsUnwkz2rs8,10A,QMRSZ2200537
993,"A Hard Working Man (feat. Billy Ray Cyrus & Snoop Dogg) (Yellowstone Mix)","Avila Brothers,Billy Ray Cyrus,Snoop Dogg,Travis Kr8ts",12,96,"neo soul, g-funk, west coast hip hop, gangster rap, old school hip hop, hip hop, rap, ","A Hard Working Man (feat. Billy Ray Cyrus & Snoop Dogg) [Yellowstone Mix]",2022-05-27,03:20,70,77,6,0,68,20,10,-7,B Minor,4,2025-05-16,30AGbRi2ymVSQUZO6Gced7,10A,QMRSZ2201238
994,"Wher'm I Gonna Live? (Caribbean Version)","Billy Ray Cyrus",9,127,"","Christmas in Paradise (Original Motion Picture Soundtrack)",2022-12-16,03:22,64,89,2,0,93,0,20,-5,G#/A♭ Major,4,2025-05-16,2KGOO3jF4A0xsQ7jPPKdf1,4B,USA2P2251649
995,"Call Me The Breeze","Artimus Pyle Band,Billy Ray Cyrus",4,193,"southern rock, ","Anthems: Honoring The Music of Lynyrd Skynyrd",2024-02-02,05:41,22,90,3,6,62,0,10,-6,C♯/D♭ Minor,4,2025-05-18,2AUfH0IMop6mJHDfTUB5HQ,12A,QMHCW2361009
996,"Romeo (with Billy Ray Cyrus, Tanya Tucker, Mary Chapin Carpenter, Kathy Mattea & Pam Tillis)","Dolly Parton,Billy Ray Cyrus,Tanya Tucker,Mary Chapin Carpenter,Kathy Mattea,Pam Tillis",0,116,"country, classic country, outlaw country, traditional country","Dolly Parton - Tour Edition",1973-00-00,03:34,69,72,26,0,75,0,10,-10,G Major,4,2025-05-18,1llCDsnSESnVzC9UZ2EWJk,9B,USSM19200056
997,"Banda de Garage","Ciro y los Persas",43,128,"argentine rock","Espejos",2009-01-01,04:14,58,86,0,0,87,0,0,-5,E Major,4,2025-05-23,4GE2NZkv5tU6BLR4c2iDu4,12B,ARG601000062
998,"Blues del Gato Sarnoso","Ciro y los Persas",24,130,"argentine rock","Espejos",2009-01-01,04:38,71,83,14,0,43,0,20,-7,F Major,4,2025-05-23,4WCUbZ3dqr4O6FG7HNtvUl,7B,ARG601000071
999,"Attack on Titan","Sawano Hiroyuki",62,125,"anime, soundtrack","TV Anime  Attack on Titan  Original Soundtrack",2013-00-00,04:16,54,61,0,76,4,0,10,-8,D Major,4,2025-05-26,5IzZpz0vA73IIjqFPpXSXP,10B,JPPC01301131
1000,"Blue Eyes - Remastered 2003","Elton John",56,107,"","Jump Up!",1982-01-01,03:26,52,23,57,0,16,0,10,-17,G Minor,3,2025-05-26,4PFhHd7DsNg0ke9Nmlxms5,6A,GBALX8200008
1001,"Caminando","Ciro y los Persas",59,112,"argentine rock","27",2012-11-19,04:40,67,81,8,0,83,0,10,-5,D Major,4,2025-05-26,2WdUGOhRfNTueQAWpmmyh6,10B,ARG601200678
1002,"Mírenla","Ciro y los Persas",66,161,"argentine rock","27",2012-11-19,04:16,63,72,3,0,83,0,10,-7,D Major,4,2025-05-26,0WuKq2LiraBFney78dzwoc,10B,ARG601200681
1003,"Ciudad Animal","Ciro y los Persas",41,140,"argentine rock","27",2012-11-19,05:14,56,83,28,0,53,0,10,-7,D Major,4,2025-05-26,0I5ONgUb6qjCfQ2cVvlGwK,10B,ARG601200683
1004,"Mi Sol","Ciro y los Persas",29,148,"argentine rock","27",2012-11-19,04:00,48,93,0,30,53,0,10,-6,C Major,4,2025-05-30,2fbTue2FISQVKfeqxjlGVP,8B,ARG601200688
1005,"Juira!","Ciro y los Persas",46,112,"argentine rock","Naranja Persa",2016-09-27,04:40,78,73,12,0,83,0,0,-5,C Major,4,2025-06-02,6zEgStTIh3O2R28nudbLMk,8B,ARG601600247
1006,"HOTBOX","Lil Nas X",51,103,"","Days Before Dreamboy",2025-03-28,03:02,80,62,0,0,53,0,0,-6,B Minor,4,2025-06-02,2UcHKgT00bLP7Cjkni3Itg,10A,USSM12402052
1007,"Estela","Ciro y los Persas",23,124,"argentine rock","Naranja Persa 2",2018-04-14,04:06,71,69,45,0,69,0,10,-5,G Major,4,2025-06-04,73mLhAcX3ENtjPS1zpJYLJ,9B,ARG601800029
1008,"Change","Cö shu Nie",31,137,"anime, j-rock, j-pop","MAISIE",2025-06-11,02:42,59,76,0,0,52,10,0,-5,G#/A♭ Major,4,2025-06-13,2MMOOYqVlsyBZ0RrzE3sKZ,4B,JPU902501844
1009,"Ruleta (Acústico)","Ciro y los Persas",48,110,"argentine rock","Guerras (Un Viaje en el Tiempo)",2020-11-20,05:00,62,63,9,0,19,0,0,-6,C♯/D♭ Major,4,2025-06-11,0TezN9iBj5z9RilApkDRdb,3B,AR3692000046
1010,"Me Gusta (Acústico)","Ciro y los Persas",36,144,"argentine rock","Guerras (Un Viaje en el Tiempo)",2020-11-20,04:24,64,74,20,0,53,0,0,-6,D Major,4,2025-06-11,1Cv81Tk7LCeTgZgQPwKxUe,10B,AR3692000047
1011,"El Farolito (Acústico)","Ciro y los Persas",52,105,"argentine rock","Guerras (Un Viaje en el Tiempo)",2020-11-20,05:02,81,54,26,0,71,0,10,-7,C Minor,4,2025-06-11,75Yc1MhQiQEBGJvyciJQAy,5A,AR3692000045
1012,"Insisto (Acústico)","Ciro y los Persas",36,120,"argentine rock","Guerras (Un Viaje en el Tiempo)",2020-11-20,04:42,70,55,67,0,35,0,10,-7,G#/A♭ Major,4,2025-06-11,2dAoCU0WF6E0F1AVua1F15,4B,AR3692000048
1013,"Vas a Bailar (Acústico)","Ciro y los Persas",40,120,"argentine rock","Guerras (Un Viaje en el Tiempo)",2020-11-20,05:01,74,53,44,0,30,0,10,-8,F#/G♭ Major,4,2025-06-11,0SbZY0dNqRTICfIEdGJrdT,2B,AR3692000052
1014,"MAISIE","Cö shu Nie,HYDE",26,125,"anime, j-rock, j-pop, visual kei","MAISIE",2025-06-11,03:13,59,89,0,0,53,10,30,-4,C♯/D♭ Minor,4,2025-06-20,0bp5J2q1Sog4x2oXmJpI3g,12A,JPU902500964
1015,"Antes y Después (Sinfónico)","Ciro y los Persas,Orquesta Filarmónica de Mendoza",26,156,"argentine rock, ","Sueños (Un Viaje En el Tiempo)",2022-05-27,05:21,41,79,3,0,28,0,10,-6,A Major,4,2025-06-18,1Z5G9LOZBEt0uWhTj3M7t6,11B,AR3692100016
1016,"Vas a Bailar","Ciro y los Persas",62,114,"argentine rock","Espejos",2009-01-01,05:00,67,69,24,0,56,0,10,-7,G Major,4,2025-06-20,6Ew4raE2TqVLWjWspybOFt,9B,ARG601000063
1017,"Slipped Away","Avril Lavigne",52,161,"","Under My Skin",2004-00-00,03:34,45,62,0,0,10,0,10,-4,G Major,3,2025-06-23,5AZhrTm9YUCOiA3Vl2hQji,9B,USAR10400492
1018,"El Farolito","Ciro y los Persas",24,105,"argentine rock","El Farolito",2020-10-27,05:02,81,54,26,0,71,0,10,-7,C Minor,4,2025-06-23,3kXkAAQhcD2zrEO2HHV27K,5A,AR3692000045
1019,"Ama a Quien Llora por Ti","Las Pastillas del Abuelo,Ciro y los Persas",5,138,"argentine rock","¿Quién Sabe?",2023-10-20,04:09,60,89,1,0,86,0,40,-5,G Minor,4,2025-06-23,71vuvCJLKocX5ldWP4Tg5U,6A,ARA502200080
1020,"Nitro","UVERworld",28,114,"anime, j-rock, j-pop","Timeless",2006-02-22,03:34,56,94,0,0,28,10,10,-5,G Major,4,2025-07-04,4m8xJp2eci7l6NG9QCJbKK,9B,JPSR00503486
1021,"D-tecnoLife(Album Version)","UVERworld",22,168,"anime, j-rock, j-pop","Timeless",2006-02-22,04:33,44,92,0,0,38,40,0,-4,C♯/D♭ Minor,4,2025-07-04,159EUTyumKswqIfaTqf9Tw,12A,JPSR00503491
1022,"SHAMROCK","UVERworld",50,85,"anime, j-rock, j-pop","BUGRIGHT",2007-02-21,04:08,51,86,0,0,83,0,40,-6,B Major,4,2025-07-09,5M6hrn7yus9MefXLBnCCVA,1B,JPSR00601761
1023,"Colors of the Heart","UVERworld",53,170,"anime, j-rock, j-pop","BUGRIGHT",2007-02-21,03:52,40,89,0,0,60,0,20,-6,B Minor,4,2025-07-09,7vPKB0XXYhWsTjyZ8DAId8,10A,JPSR00600887
1024,"君の好きなうた","UVERworld",50,168,"anime, j-rock, j-pop","BUGRIGHT",2007-02-21,04:17,41,73,8,0,69,0,30,-7,C♯/D♭ Major,4,2025-07-09,79nCnMMdc114kKQCcHNq3j,3B,JPSR00602908
1025,"LIFEsize","UVERworld",34,84,"anime, j-rock, j-pop","BUGRIGHT",2007-02-21,04:13,38,91,0,0,74,10,20,-4,F#/G♭ Major,4,2025-07-09,0Oc0eUIh7fSvr37Iqs77oW,2B,JPSR00603637
1026,"EMPTY96","UVERworld",31,90,"anime, j-rock, j-pop","BUGRIGHT",2007-02-21,03:33,52,91,0,0,68,10,30,-4,F#/G♭ Major,4,2025-07-09,54dn5B694B8IEmBcKAJs6E,2B,JPSR00603638
1027,"心が指す場所と口癖　そして君がついて来る","UVERworld",22,204,"anime, j-rock, j-pop","PROGLUTION",2008-01-16,05:05,32,63,4,0,62,0,10,-8,C♯/D♭ Major,3,2025-07-20,6FnBFvR6ob8fvoZGMAzpmm,3B,JPSR00703816
1028,"オトノハ","UVERworld",25,74,"anime, j-rock, j-pop","PROGLUTION",2008-01-16,03:05,57,27,83,0,52,0,0,-12,E Major,4,2025-07-20,1RNNDwB1QsLB4xetk0T9tN,12B,JPSR00703817
1029,"放浪者","物語シリーズ",14,95,"anime, j-pop","Bakemonogatari Gekihanongakushu (Original Soundtrack)",2018-11-02,02:37,83,57,1,94,70,0,0,-10,D Major,4,2025-07-21,0rol3qRjAnebnJ9d1NipEi,10B,JPE301001703
1030,"儚くも永久のカナシ","UVERworld",51,94,"anime, j-rock, j-pop","AwakEVE",2009-02-18,04:08,36,96,3,0,55,0,30,-3,C♯/D♭ Major,4,2025-07-24,3nIxNymArWd7kIL4kGb6er,3B,JPSR00803541
1031,"earthy world","UVERworld",30,98,"anime, j-rock, j-pop","AwakEVE",2009-02-18,04:26,51,94,0,0,54,0,10,-5,C♯/D♭ Major,4,2025-07-24,1FuwnfkvIeVvQxhNQStDCi,3B,JPSR00900043
1032,"和音","UVERworld",22,140,"anime, j-rock, j-pop","AwakEVE",2009-02-18,03:09,22,85,0,94,32,10,80,-5,E Major,3,2025-07-24,3s7UHtAEqsybFTR91seFqw,12B,JPSR00900088
1033,"ハルジオン　（2nd-MIX）","UVERworld",22,130,"anime, j-rock, j-pop","AwakEVE",2009-02-18,04:50,57,87,1,0,29,0,0,-6,D Major,4,2025-07-24,7zBFP0InhYai2hG6A3xNcF,10B,JPSR00900089
1034,"Won’t Leave You Behind","Cö shu Nie",38,93,"anime, j-rock, j-pop","Won’t Leave You Behind",2025-07-21,03:07,52,95,0,0,59,10,0,-3,C♯/D♭ Major,4,2025-07-25,3hhQ5qSPv1UK94v3pf9hLW,3B,JPU902502092
1035,"Right Now","Sabrina Carpenter",42,108,"pop","Eyes Wide Open",2015-04-10,03:35,65,68,4,0,53,0,10,-6,D Major,4,2025-07-30,3hqJdqziOPbu422kXaOyII,10B,USHR11435920
1036,"You Came Along","Billy Ray Cyrus",6,76,"","You Came Along",2024-05-24,03:36,48,67,17,0,58,0,10,-8,C Major,4,2025-07-30,53V9CO0YwnqIRIn7OM4X8G,8B,TCAIG2483326
1037,"父親","物語シリーズ",16,0,"anime, j-pop","Bakemonogatari Gekihanongakushu (Original Soundtrack)",2018-11-02,03:01,0,5,99,97,0,0,10,-23,F Major,0,2025-07-30,6x9lBEXrjMVeHswZUhGKQZ,7B,JPE301103702
1038,"D-tecnoRize","UVERworld",26,175,"anime, j-rock, j-pop","Neo SOUND BEST",2009-12-09,04:59,40,94,7,0,52,30,10,-3,C♯/D♭ Minor,4,2025-08-01,1QBTgFhb3UCg39JiYsVylB,12A,JPSR00903561
1039,"world LOST world","UVERworld",31,97,"anime, j-rock, j-pop","LAST",2010-04-14,04:59,40,93,0,0,60,10,0,-3,A Major,4,2025-08-09,4DCjLkXskVac4WlzP2gpNd,11B,JPSR01000661
1040,"哀しみはきっと（album ver.）","UVERworld",24,104,"anime, j-rock, j-pop","LAST",2010-04-14,05:42,31,81,9,0,46,0,10,-4,C♯/D♭ Major,4,2025-08-09,4cEcwKpxoEN5PpR7ahyzqn,3B,JPSR01000767
1041,"いつか必ず死ぬことを忘れるな","UVERworld",34,110,"anime, j-rock, j-pop","LIFE 6 SENSE",2011-06-01,03:48,58,96,1,0,66,20,30,-4,C♯/D♭ Minor,4,2025-08-16,6hMUL6cLiZTIRFMvZYesjP,12A,JPSR01101181
1042,"勝者臆病者","UVERworld",28,130,"anime, j-rock, j-pop","LIFE 6 SENSE",2011-06-01,03:20,55,95,0,0,37,10,0,-5,B Minor,4,2025-08-16,4mZtWsmrSLPnt2EgKcEoxk,10A,JPSR01101187
1043,"LIMITLESS","UVERworld",33,140,"anime, j-rock, j-pop","THE ONE",2012-11-28,04:18,59,91,0,0,67,10,0,-4,D#/E♭ Minor,4,2025-08-24,78UCAcX9SzDUDNqwlx87fA,2A,JPSR01203923
1044,"KINJITO　(LIVE intro ver.)","UVERworld",30,112,"anime, j-rock, j-pop","THE ONE",2012-11-28,05:09,61,96,0,0,48,20,0,-4,C♯/D♭ Major,4,2025-08-24,3vgGK7Zi8yMy4QntlvEvEt,3B,JPSR01203922
1045,"REVERSI","UVERworld",43,112,"anime, j-rock, j-pop","THE ONE",2012-11-28,04:49,57,96,0,0,40,10,20,-4,D Major,4,2025-08-24,7HiAUL9h0px38LjWchaeR2,10B,JPSR01203925
1046,"バーベル〜皇帝の新しい服album ver.〜","UVERworld",26,105,"anime, j-rock, j-pop","THE ONE",2012-11-28,03:20,52,99,0,0,30,10,0,-3,G Major,4,2025-08-24,4iGlYat9VoRnALrHi9d0lw,9B,JPSR01203928
1047,"誰が言った","UVERworld",31,115,"anime, j-rock, j-pop","0 CHOIR",2014-07-02,04:45,56,99,0,0,33,10,30,-3,A Minor,4,2025-08-30,1oMFgh6NwVF7mzfmJwJkTB,8A,JPU901400530
1048,"一滴の影響 (short ver.)","UVERworld",12,92,"anime, j-rock, j-pop","一滴の影響 (Extra Edition)",2017-02-01,01:30,41,92,1,0,69,0,30,-4,D Minor,4,2025-09-06,2ZZ3axmkZlxOvu7TdC4hts,7A,JPU901603858
1049,"Q.E.D.","UVERworld",35,103,"anime, j-rock, j-pop","TYCOON",2017-08-02,03:42,60,96,1,0,83,10,30,-2,F#/G♭ Major,4,2025-09-06,0nZTXNZrXjecUMUqGbGCSc,2B,JPU901702155
1050,"I am the light","Cö shu Nie",36,114,"anime, j-rock, j-pop","I am the light",2025-09-12,03:35,33,95,1,0,41,30,30,-2,F Minor,4,2025-09-12,7GngYrVnBkdVxaojsifwj9,4A,TCJPL2513153
1051,"一滴の影響 (album ver.)","UVERworld",25,95,"anime, j-rock, j-pop","TYCOON",2017-08-02,04:47,54,94,0,0,51,0,30,-3,D Minor,4,2025-09-12,1TW3LjE7iDBgKKkRd4zKle,7A,JPU901702162
1052,"Collide","UVERworld",33,135,"anime, j-rock, j-pop","TYCOON",2017-08-02,03:30,64,87,0,0,60,10,10,-6,D Major,4,2025-09-12,6vEJ6oy3ardFaLYYJFRmEX,10B,JPU901501398
1053,"らゲ-sin","Sawano Hiroyuki",37,95,"anime, soundtrack","七つの大罪 オリジナル・サウンドトラック",2014-12-24,02:29,20,26,65,73,7,0,10,-15,E Minor,3,2025-09-15,3cUm4XaoBC8wBjzunV3N5X,9A,JPE301401290
1054,"境界","UVERworld",31,127,"anime, j-rock, j-pop","UNSER",2019-12-04,02:48,58,89,0,0,49,10,30,-5,B Minor,4,2025-09-21,1GpXEZpGtTtNhOXQFjZTaC,10A,JPU901903012
1055,"First Sight","UVERworld",33,154,"anime, j-rock, j-pop","UNSER",2019-12-04,03:22,49,79,0,0,66,0,10,-5,C♯/D♭ Minor,4,2025-09-21,5RURcUXdfhdthGDjBtsS3w,12A,JPU901903014
1056,"ODD FUTURE","UVERworld",59,128,"anime, j-rock, j-pop","UNSER",2019-12-04,03:46,70,80,2,0,56,0,0,-5,F Minor,4,2025-09-21,5tHp131qFB3T7e01x1xsO2,4A,JPU901801123
1057,"ROB THE FRONTIER","UVERworld",51,110,"anime, j-rock, j-pop","UNSER",2019-12-04,03:52,53,96,0,0,58,0,20,-3,D Minor,4,2025-09-21,0vgQEQxb49LCKEH5Gg7E4z,7A,JPU901902490
1058,"えくぼ","UVERworld",35,87,"anime, j-rock, j-pop","30",2021-12-22,03:03,56,60,3,0,32,0,0,-5,C♯/D♭ Major,4,2025-09-27,1SjtklLoo3b72GS939fLTf,3B,JPU902105250
1059,"OUR ALWAYS","UVERworld",27,150,"anime, j-rock, j-pop","30",2021-12-22,04:23,59,55,1,0,55,0,10,-7,A#/B♭ Major,4,2025-09-27,45fUsf4nyrfbEP9JL0unQ1,6B,JPU902105251
1060,"来鳥江","UVERworld,山田孝之,Aiemu",29,90,"anime, j-rock, j-pop, japanese indie","30",2021-12-22,03:40,48,90,0,0,31,0,10,-4,C♯/D♭ Minor,4,2025-09-27,55N0cy43qqIl0TzMCgbtjX,12A,JPU902102134
1061,"KINJITO - Instrumental","UVERworld",6,112,"anime, j-rock, j-pop","INSTRUMENTALS-∞",2022-07-20,05:02,57,94,0,84,59,0,0,-6,C♯/D♭ Major,4,2025-09-27,0RBVSSAw53baGknnyLRpYm,3B,JPU902202198
1062,"ビタースウィート","UVERworld",39,95,"anime, j-rock, j-pop","ENIGMASIS",2023-07-19,03:30,41,90,0,0,54,10,30,-3,E Major,4,2025-10-04,04kM1N15bkZxI0KlQB4tXb,12B,JPU902302750
1063,"Don't Think.Sing","UVERworld",33,94,"anime, j-rock, j-pop","ENIGMASIS",2023-07-19,03:09,38,91,0,0,48,10,0,-4,E Minor,4,2025-10-07,1VGlwULk8qm64twoc8LceC,9A,JPU902302755
1064,"ANOMALY奏者","UVERworld",25,110,"anime, j-rock, j-pop","ENIGMASIS",2023-07-19,03:38,55,81,0,74,34,0,0,-6,A#/B♭ Major,4,2025-10-07,6nk3nMY01dGMhoZHnCGtBe,6B,JPU902302759
1065,"NO MAP","UVERworld",44,100,"anime, j-rock, j-pop","EPIPHANY",2025-07-02,03:55,55,95,0,0,63,0,0,-4,F Minor,4,2025-10-07,3NM5kbdYzz42SPWqDEUL8b,4A,JPU902502034
1066,"MMH (EPIPHANY ver.)","UVERworld",39,123,"anime, j-rock, j-pop","EPIPHANY",2025-07-02,03:33,55,94,0,0,31,0,0,-4,E Minor,4,2025-10-07,7x09AiBvrGSogNrcbka4up,9A,JPU902502186
1067,"Eye's Sentry","UVERworld",41,118,"anime, j-rock, j-pop","EPIPHANY",2025-07-02,04:11,52,94,0,0,44,0,0,-3,C♯/D♭ Major,4,2025-10-07,5WcjQBU0qvrWVhaMElcFS4,3B,JPU902400607
1068,"MEMORIES of the End","UVERworld",37,81,"anime, j-rock, j-pop","EPIPHANY",2025-07-02,06:18,16,83,0,0,37,0,0,-4,C♯/D♭ Major,4,2025-10-07,766u9gf4W8atNCYJ48hm4B,3B,JPU902401830
1069,"CHANCE!(GAME SIZE)","UVERworld",7,125,"anime, j-rock, j-pop","CHANCE!",2005-00-00,01:44,54,97,9,0,39,10,0,-4,A Minor,4,2025-10-12,7MGy7VLfrikAGCfcMhfkfL,8A,JPSR00502184
1070,"優しさの雫 ＜アコースティック version＞","UVERworld",14,80,"anime, j-rock, j-pop","君の好きなうた",2006-00-00,05:05,62,46,35,0,47,0,10,-10,F Major,4,2025-10-12,1OCBOem0xbFhNzZsHQY3RZ,7B,JPSR00602910
1071,"Rainy","UVERworld",22,160,"anime, j-rock, j-pop","シャカビーチ〜Laka Laka La〜",2007-00-00,04:13,63,58,8,0,53,0,10,-9,C♯/D♭ Minor,4,2025-10-12,1JUqMf0nedqvHK20c1Tu76,12A,JPSR00702161
1072,"KINJITO","UVERworld",35,112,"anime, j-rock, j-pop","BABY BORN & GO/KINJITO",2011-12-14,05:03,56,97,0,0,53,20,0,-5,G#/A♭ Minor,4,2025-10-12,7CYZic0vA1FjLj85zcpJFE,1A,JPSR01103385
1073,"Fight For Liberty","UVERworld",45,100,"anime, j-rock, j-pop","Fight For Liberty / Wizard CLUB",2013-08-14,04:13,57,97,0,0,59,20,0,-4,C♯/D♭ Major,4,2025-10-13,07NMKEDSIgM6W6FvmCIKKa,3B,JPSR01301141
1074,"a LOVELY TONE","UVERworld",31,95,"anime, j-rock, j-pop","Fight For Liberty / Wizard CLUB",2013-08-14,05:15,47,79,12,0,72,0,20,-4,E Major,4,2025-10-13,5Gs5SiMFxR8vwzwV6yCliY,12B,JPSR01301201
1075,"I LOVE THE WORLD-short edition-","UVERworld",3,137,"anime, j-rock, j-pop","I LOVE THE WORLD-short edition-",2015-08-12,01:34,62,76,1,0,74,0,0,-8,C♯/D♭ Major,4,2025-10-13,2P8jfCd2RHtPX6rS0q6I9F,3B,JPU901502433
1076,"ALL ALONE","UVERworld",31,100,"anime, j-rock, j-pop","WE ARE GO/ALL ALONE (Complete Edition)",2016-07-27,05:51,61,94,3,0,55,10,10,-5,F Minor,4,2025-10-13,5zRibiTeiLeRLvosRkLNPG,4A,JPU901601794
1077,"Eye's Sentry(Anime ver.)","UVERworld",30,118,"anime, j-rock, j-pop","Eye's Sentry(Anime ver.)",2024-01-07,01:29,46,87,0,0,70,0,20,-4,F#/G♭ Major,4,2025-10-14,2mpkh5uQygtv1nY0q3Qlps,2B,JPU902305218
1078,"endscape (TV size)","UVERworld",1,88,"anime, j-rock, j-pop","地球へ…　Original Soundtrack Ⅱ",2007-10-03,01:31,43,88,5,0,70,10,0,-6,D#/E♭ Major,4,2025-10-15,6YdmIU2ukTsEhK3T8IeKD6,5B,JPSR00702803
1079,"Heart Half Empty","Ty Herndon,Kristin Chenoweth",20,147,"classic country, country, musicals","THIRTY, Vol. 1",2025-10-17,04:55,42,65,29,0,25,0,10,-3,A#/B♭ Major,4,2025-10-17,6cE5gjGrmKZgU03RTcNXkj,6B,QZJ9L2500073
1080,"Encadenado al Ánima","Invisible",31,116,"argentine rock, progressive rock, latin rock","Durazno Sangrando",1975-05-07,15:33,50,37,29,0,34,0,20,-14,B Minor,3,2025-10-25,7J5bR4jHqT08ynWK8a6W8W,10A,ARF109902858
1081,"ö=PERSON","Cö shu Nie",18,120,"anime, j-rock, j-pop","idola",2012-09-02,03:49,37,60,19,0,12,0,20,-6,A Major,4,2025-11-05,12W9fBSlLhi723nF1LMcWp,11B,TCJPV2327698
1082,"Burning Tank","Cö shu Nie",17,120,"anime, j-rock, j-pop","Org",2013-12-18,02:43,57,82,7,0,62,0,30,-5,C♯/D♭ Major,4,2025-11-05,4AF0imFCgNjXzC2lcvvanC,3B,TCJPV2364929
1083,"絶体絶命 - From THE FIRST TAKE","Cö shu Nie",20,122,"anime, j-rock, j-pop","絶体絶命 - From THE FIRST TAKE",2021-11-16,03:05,33,92,0,0,40,30,10,-4,D#/E♭ Minor,3,2025-11-05,305Bg2oa93WP3EG1PmjnWF,2A,JPU902104389
1084,"黒い砂 - From THE FIRST TAKE","Cö shu Nie",20,100,"anime, j-rock, j-pop","黒い砂 - From THE FIRST TAKE",2021-11-16,02:43,60,58,60,0,32,0,50,-5,E Minor,4,2025-11-05,0WSG1EB9HenB6yCZ1QDdiI,9A,JPU902104390
1085,"SAKURA BURST - TV edit","Cö shu Nie",10,143,"anime, j-rock, j-pop","SAKURA BURST",2022-01-26,01:35,40,57,10,0,40,0,10,-6,C♯/D♭ Major,4,2025-11-05,6hDRZiNzCDKJvmwq5RO5KO,3B,JPU902105324
1086,"fujI","Cö shu Nie",31,115,"anime, j-rock, j-pop","Flos Ex Machina",2022-03-16,03:19,45,55,28,0,29,0,10,-7,G Minor,4,2025-11-05,0IzYiG2dD7IsN0tEdGri6s,6A,JPU902200396
1087,"青春にして已む","Cö shu Nie",36,185,"anime, j-rock, j-pop","Flos Ex Machina",2022-03-16,04:23,36,43,80,0,55,0,50,-6,F#/G♭ Major,3,2025-11-05,2KAlMnALsVwX9tYso7pKdL,2B,JPU902200398
1088,"SAKURA BURST","Cö shu Nie",37,144,"anime, j-rock, j-pop","Flos Ex Machina",2022-03-16,04:25,31,81,1,0,45,0,0,-5,B Minor,4,2025-11-05,6rooVanM9qnDnGh2SgM3xK,10A,JPU902105321
1089,"MAISIE -TV Size-","Cö shu Nie,HYDE",28,125,"anime, j-rock, j-pop, visual kei","MAISIE",2025-06-11,01:58,61,80,0,0,53,0,20,-6,F#/G♭ Minor,4,2025-11-05,21k7UE3rjWNlLOMmjK20ki,11A,JPU902501845
1090,"Forever","Big L,Mac Miller,Pale Jay",68,90,"east coast hip hop, old school hip hop, hardcore hip hop, boom bap, hip hop, retro soul","Harlem's Finest: Return Of The King",2025-10-31,02:35,73,80,33,0,66,20,10,-5,C Major,4,2025-11-07,7lCpzHEIIBf7BQKfRyRP01,8B,QMFMF2506780
1091,"Learn To Fly","Surfaces,Elton John",22,174,"","The Lockdown Sessions",2021-10-22,03:31,56,54,55,0,66,0,0,-6,C♯/D♭ Major,4,2025-11-15,6H6g67KJ2JYtcO7nxh2vLl,3B,GBUM72105887
1092,"It's a sin - global reach mix","Elton John,Olly Alexander (Years & Years)",22,125,"","The Lockdown Sessions",2021-10-22,04:44,62,84,5,0,20,0,20,-6,C Minor,4,2025-11-15,0QhK3mldsMbAFSn6owXYuJ,5A,GBUM72105509
1093,"Swing For The Fences","Elton John,Brandi Carlile",40,142,"folk, americana","Who Believes In Angels?",2025-04-04,03:22,41,94,0,0,61,0,30,-3,E Major,4,2025-11-15,5K1IDBdLzxEb6LYXsRyR6e,12B,GBUM72401777
1094,"The River Man","Elton John,Brandi Carlile",32,146,"folk, americana","Who Believes In Angels?",2025-04-04,04:41,35,93,1,0,39,10,0,-4,G Major,4,2025-11-15,36uzLnaXLVzmCpYUAQaai0,9B,GBUM72401781
1095,"Manchild","Sabrina Carpenter",88,123,"pop","Man’s Best Friend",2025-08-29,03:33,73,69,10,0,84,0,30,-5,G Major,4,2025-11-22,2BwO5K8Q7EPAJSGze3AAh9,9B,USUM72504354
1096,"Tears","Sabrina Carpenter",90,113,"pop","Man’s Best Friend",2025-08-29,02:40,70,88,2,0,49,0,0,-5,C Major,4,2025-11-22,42VUCXerQ5qTr4Qp6PhKo4,8B,USUM72504355
1097,"Never Getting Laid","Sabrina Carpenter",79,92,"pop","Man’s Best Friend",2025-08-29,03:28,57,55,55,0,32,0,10,-6,A Major,4,2025-11-22,1PdUyYYw9sGU0yhLrpeHKt,11B,USUM72504444
1098,"Goodbye","Sabrina Carpenter",81,120,"pop","Man’s Best Friend",2025-08-29,03:45,57,62,19,0,52,0,10,-6,A Major,4,2025-11-22,4tVVmShMF2PYdLqcejrsy2,11B,USUM72504450
1099,"emails i can’t send","Sabrina Carpenter",70,86,"pop","emails i can't send",2022-07-15,01:44,52,39,76,0,41,10,60,-11,G Major,3,2025-11-22,2qLyo5FeWquE7HBUbcVnEy,9B,USUM72210693
1100,"Read your Mind","Sabrina Carpenter",74,120,"pop","emails i can't send",2022-07-15,03:27,67,80,1,0,58,0,0,-5,D#/E♭ Minor,4,2025-11-22,4Wos0h9ECU2Z3oJMTQxpbc,2A,USUM72210694
1101,"Nonsense","Sabrina Carpenter",84,139,"pop","emails i can't send",2022-07-15,02:43,74,70,3,0,73,0,20,-5,G#/A♭ Major,4,2025-11-22,6dgUya35uo964z7GZXM07g,4B,USUM72210708
1102,"Feather","Sabrina Carpenter",83,124,"pop","emails i can’t send fwd:",2023-03-17,03:05,79,69,7,0,83,0,10,-4,F#/G♭ Minor,4,2025-11-23,2Zo1PcszsT9WQ0ANntJbID,11A,USUM72301876
1103,"Lonesome","Sabrina Carpenter",62,111,"pop","emails i can’t send fwd:",2023-03-17,03:07,61,34,38,0,37,0,10,-11,C Major,4,2025-11-23,0HYhOGKAHiOsv8GW4JdMJ8,8B,USUM72301860
1104,"A Nonsense Christmas","Sabrina Carpenter",28,139,"pop","Top Christmas Pop Hits 2025 by Digster Pop",2024-11-08,02:33,71,77,1,0,63,0,10,-4,G#/A♭ Major,4,2025-11-23,4GzRh5JKk2c6ETf87xjCrn,4B,USUM72222808
1105,"Cupid – Twin Ver. (feat. Sabrina Carpenter)","FIFTY FIFTY,Sabrina Carpenter",64,120,"k-pop, pop","Cupid – Twin Ver. (feat. Sabrina Carpenter)",2023-08-18,02:53,76,60,40,0,73,0,20,-6,D Major,4,2025-11-23,6Ft6nfssjDYmgmXF19poJE,10B,KRA252301579
1106,"Rescue Me","Sabrina Carpenter",43,167,"pop","Teen Beach 2 (Original TV Movie Soundtrack)",2015-01-01,02:34,45,32,83,0,61,0,0,-11,C Major,4,2025-11-23,3RCzksvfiHWMCMnvYGUGpU,8B,USWD11570440
1107,"The Life of a Showgirl (feat. Sabrina Carpenter) - Dressing Room Rehearsal Version","Taylor Swift,Sabrina Carpenter",65,148,"pop","The Life of a Showgirl + Acoustic Collection",2025-11-07,03:59,54,28,83,0,42,0,10,-9,C Major,4,2025-11-23,2DF2sUvgHFKJ5TQGjm6n3T,8B,USUG12507334
1108,"Fly As Me","Bruno Mars,Anderson .Paak,Silk Sonic",59,100,"","An Evening With Silk Sonic",2021-11-12,03:39,78,63,1,0,48,10,0,-9,D Major,4,2025-12-03,7suB6D6uKX5DfPukdGaz0W,10B,USAT22106191
1109,"Smokin Out The Window","Bruno Mars,Anderson .Paak,Silk Sonic",64,82,"","An Evening With Silk Sonic",2021-11-12,03:17,63,62,6,0,85,0,30,-9,D Major,4,2025-12-03,1oERlssLrpssCAY6Yqqs6c,10B,USAT22105952
1110,"777","Bruno Mars,Anderson .Paak,Silk Sonic",60,102,"","An Evening With Silk Sonic",2021-11-12,02:45,84,62,0,0,89,0,30,-11,C♯/D♭ Major,4,2025-12-03,2K6vUau7bnZUamjbRSOOvJ,3B,USAT22106194
1111,"Nothin' on You (feat. Bruno Mars)","B.o.B,Bruno Mars",57,104,"","Nothin' on You",2010-05-14,04:28,69,85,39,0,74,0,0,-6,A#/B♭ Major,4,2025-12-03,18zrqdHev7Niaz2MK6P0Rp,6B,USAT20904033
1112,"Young, Wild & Free (feat. Bruno Mars)","Snoop Dogg,Wiz Khalifa,Bruno Mars",64,95,"g-funk, west coast hip hop, gangster rap, old school hip hop, hip hop, rap, ","Mac and Devin Go To High School (Music From and Inspired By The Movie)",2011-12-09,03:27,72,66,5,0,53,10,10,-6,C Major,4,2025-12-03,2g7uRZ68eLtv74XrxgdT2q,8B,USAT21102232
1113,"El Garca","Ciro y los Persas",50,129,"argentine rock","El Garca",2025-12-04,04:54,67,90,20,0,75,0,30,-6,D Major,4,2025-12-05,3qyC8GF9eohAxZlLPynr7W,10B,AR3692500026
1114,"Xross Road","BURNOUT SYNDROMES,CHiCO",13,95,"anime, j-rock, j-pop","ORIGAMI",2024-11-27,03:55,47,94,0,0,51,0,10,-4,E Major,4,2025-12-08,3n8Wkd7GTy2P9JkadU0W9K,12B,JPU902403739
1115,"is it new years yet?","Sabrina Carpenter",73,119,"pop","fruitcake",2023-11-17,02:38,85,68,7,0,79,0,0,-5,C Major,4,2025-12-09,48xGcNwekbGcux5rIjKPQM,8B,USUM72314923
1116,"Please Please Please - A cappella","Sabrina Carpenter",36,83,"pop","Please Please Please",2024-06-18,03:06,45,46,82,0,25,10,10,-8,A Major,4,2025-12-12,0QZQkQ3jbQomTZe9YQYwEq,11B,USUM72407356
1117,"Nonsense (with Coi Leray) - Remix","Sabrina Carpenter,Coi Leray",42,139,"pop, ","Nonsense (Remix)",2023-03-23,02:55,73,78,1,0,49,0,0,-5,G#/A♭ Major,4,2025-12-12,0DD4vkP9qDiej99eUCG4jC,4B,USUM72304436
1118,"El Anillo del Capitán Beto","Invisible",49,106,"argentine rock, progressive rock, latin rock","El Jardin de los Presentes",1976-05-27,05:06,49,51,31,0,29,0,20,-9,A Major,4,2025-12-14,23jMDvKil4frbTA35BVzBY,11B,ARF109902267
1119,"Los Libros de la Buena Memoria","Invisible",50,168,"argentine rock, progressive rock, latin rock","El Jardin de los Presentes",1976-05-27,05:08,41,22,36,0,12,0,20,-13,E Minor,3,2025-12-14,2Xmngyu2TzYsxnleGTHq1D,9A,ARF109902860
1120,"Que Ves el Cielo","Invisible",39,170,"argentine rock, progressive rock, latin rock","El Jardin de los Presentes",1976-05-27,02:04,40,53,19,0,30,0,10,-12,A Major,4,2025-12-14,2G6XFgIRMn0ZdIBao0ggoM,11B,ARF109902861
1121,"Amor de Primavera","Invisible",21,120,"argentine rock, progressive rock, latin rock","Obras Cumbres",2020-09-02,03:34,62,50,0,9,44,0,10,-11,C Minor,4,2025-12-19,6XoyfaS2X22S3IwzYJwPzd,5A,ARF107500329
1122,"Love Child","Diana Ross & The Supremes",34,104,"motown, northern soul, classic soul","Love Child",1968-11-13,02:58,57,56,20,0,67,0,30,-14,A Minor,4,2025-12-26,7oX8MJu78ZCGAC8lADvIWf,8A,USMO16882616
1123,"水の星へ愛をこめて","帝子ボンボン,幾原邦彦,Bonjour Suzuki",2,134,"shibuya-kei","君の青春は輝いているか",2022-06-08,03:48,61,82,16,0,71,0,0,-5,E Minor,4,2025-12-27,22ioussJ4lTt4thuO795TQ,9A,JPB622200422